node1,node2,score,label,layer
1969,9040,0.9102392266268373,1,physics.soc-ph
11093,11095,2.0970299708553384,1,physics.soc-ph
2018,2014,4.235169877178766,1,physics.soc-ph
8253,8254,0.9102392266268373,1,physics.soc-ph
652,8318,1.631586747071319,1,physics.soc-ph
1531,2331,3.0802386426662,1,physics.soc-ph
910,2871,1.4426950408889634,1,physics.soc-ph
8427,8429,0.5581106265512472,1,physics.soc-ph
218,221,2.765352872401608,1,physics.soc-ph
5556,11775,2.0640299754485754,1,physics.soc-ph
7653,7656,1.039008973514235,1,physics.soc-ph
8796,10876,1.4426950408889634,1,physics.soc-ph
2854,3739,1.4426950408889634,1,physics.soc-ph
786,788,3.2434755365594343,1,physics.soc-ph
3637,5523,0.6213349345596119,1,physics.soc-ph
2209,5239,2.164042561333445,1,physics.soc-ph
11350,11356,0.6213349345596119,1,physics.soc-ph
172,14160,0.7213475204444817,1,physics.soc-ph
7658,7660,3.1030389489628103,1,physics.soc-ph
6257,14109,1.179445561110859,1,physics.soc-ph
397,3786,1.4426950408889634,1,physics.soc-ph
153,168,0.5138983423697507,1,physics.soc-ph
1,2,1.8204784532536746,1,physics.soc-ph
2432,9278,0.5138983423697507,1,physics.soc-ph
4061,6262,1.0277966847395015,1,physics.soc-ph
615,3345,0.9102392266268373,1,physics.soc-ph
1128,1173,0.0,1,physics.soc-ph
9862,9863,2.0640299754485754,1,physics.soc-ph
467,1382,0.0,1,physics.soc-ph
2017,10984,0.9102392266268373,1,physics.soc-ph
10761,10764,1.8204784532536746,1,physics.soc-ph
7653,7659,1.5971196000654824,1,physics.soc-ph
799,3878,0.0,1,physics.soc-ph
718,8834,2.8853900817779268,1,physics.soc-ph
8954,8955,1.660343908073847,1,physics.soc-ph
6255,6259,1.5529073158839857,1,physics.soc-ph
396,2561,0.5581106265512472,1,physics.soc-ph
11562,11570,0.9360179602764065,1,physics.soc-ph
4375,4376,0.7213475204444817,1,physics.soc-ph
2047,2052,2.9110448940670484,1,physics.soc-ph
4773,7136,0.5138983423697507,1,physics.soc-ph
3567,3568,0.0,1,physics.soc-ph
3209,6738,0.0,1,physics.soc-ph
8238,8951,1.8235808019670814,1,physics.soc-ph
7261,7262,0.0,1,physics.soc-ph
2046,3360,1.1237771248263264,1,physics.soc-ph
1611,6797,0.9037695876210308,1,physics.soc-ph
38,1743,3.074281787960283,1,physics.soc-ph
13628,13630,2.458903708106588,1,physics.soc-ph
9446,9447,2.658329713365734,1,physics.soc-ph
6613,11703,0.0,1,physics.soc-ph
3720,3722,0.9102392266268373,1,physics.soc-ph
4650,4651,1.631586747071319,1,physics.soc-ph
909,910,1.8204784532536746,1,physics.soc-ph
3720,3721,0.0,1,physics.soc-ph
2048,2051,2.164042561333445,1,physics.soc-ph
220,572,2.704761035761977,1,physics.soc-ph
7710,7711,1.631586747071319,1,physics.soc-ph
1812,1813,1.4426950408889634,1,physics.soc-ph
7943,4479,2.3510361569925404,1,physics.soc-ph
5386,5388,0.7213475204444817,1,physics.soc-ph
8953,8956,0.9947966893327386,1,physics.soc-ph
885,886,0.0,1,physics.soc-ph
2503,5045,0.6213349345596119,1,physics.soc-ph
1711,3619,2.541825973698156,1,physics.soc-ph
9895,9896,0.0,1,physics.soc-ph
9833,10884,0.0,1,physics.soc-ph
636,7035,0.0,1,physics.soc-ph
729,591,0.0,1,physics.soc-ph
11562,11567,2.78227514717965,1,physics.soc-ph
4376,4377,1.2352458628142324,1,physics.soc-ph
1892,10581,1.2426698691192237,1,physics.soc-ph
1669,2000,1.0237645389414565,1,physics.soc-ph
7943,591,0.0,1,physics.soc-ph
6579,9864,2.8853900817779268,1,physics.soc-ph
3445,3446,0.7213475204444817,1,physics.soc-ph
13153,13155,0.0,1,physics.soc-ph
1017,1019,0.9102392266268373,1,physics.soc-ph
11763,11764,0.0,1,physics.soc-ph
1912,1915,2.441813387813286,1,physics.soc-ph
5386,5389,0.0,1,physics.soc-ph
1784,2669,0.9102392266268373,1,physics.soc-ph
2265,5816,1.4426950408889634,1,physics.soc-ph
17,4495,0.0,1,physics.soc-ph
10885,10886,1.4426950408889634,1,physics.soc-ph
1173,6993,1.4426950408889634,1,physics.soc-ph
9434,9439,3.0802386426662,1,physics.soc-ph
7655,7659,1.039008973514235,1,physics.soc-ph
11409,11410,0.0,1,physics.soc-ph
1374,1375,2.541825973698156,1,physics.soc-ph
1953,8423,1.4426950408889634,1,physics.soc-ph
929,7313,0.0,1,physics.soc-ph
1291,7712,0.0,1,physics.soc-ph
7613,10581,1.7235682160822114,1,physics.soc-ph
39,11111,1.4426950408889634,1,physics.soc-ph
10581,10582,0.0,1,physics.soc-ph
1863,1865,0.6213349345596119,1,physics.soc-ph
47,207,0.0,1,physics.soc-ph
5924,8114,1.8204784532536746,1,physics.soc-ph
256,795,2.164042561333445,1,physics.soc-ph
8953,8955,0.48089834696298783,1,physics.soc-ph
12786,12787,0.9102392266268373,1,physics.soc-ph
1599,7712,0.7213475204444817,1,physics.soc-ph
1751,2275,0.0,1,physics.soc-ph
1879,1880,0.9102392266268373,1,physics.soc-ph
1370,7090,0.0,1,physics.soc-ph
148,4297,0.0,1,physics.soc-ph
1746,1747,1.531574161186449,1,physics.soc-ph
814,493,2.0008056674402104,1,physics.soc-ph
11750,11751,2.8853900817779268,1,physics.soc-ph
1810,1812,0.0,1,physics.soc-ph
6613,8098,1.7375561876621062,1,physics.soc-ph
6997,6998,1.4426950408889634,1,physics.soc-ph
1329,3334,1.4426950408889634,1,physics.soc-ph
2717,3911,0.7213475204444817,1,physics.soc-ph
3935,5039,0.0,1,physics.soc-ph
636,1999,1.0237645389414565,1,physics.soc-ph
1784,3214,0.0,1,physics.soc-ph
1521,9324,0.0,1,physics.soc-ph
6781,9298,0.7213475204444817,1,physics.soc-ph
462,464,0.0,1,physics.soc-ph
3444,9359,1.279458146995729,1,physics.soc-ph
8954,8957,1.1022332815225997,1,physics.soc-ph
11762,11764,0.0,1,physics.soc-ph
1865,7352,2.0640299754485754,1,physics.soc-ph
291,293,0.9102392266268373,1,physics.soc-ph
252,382,1.531574161186449,1,physics.soc-ph
1521,9326,0.7213475204444817,1,physics.soc-ph
5274,5275,0.0,1,physics.soc-ph
3098,3099,1.631586747071319,1,physics.soc-ph
1436,6772,0.6213349345596119,1,physics.soc-ph
11746,11751,1.4426950408889634,1,physics.soc-ph
2311,14037,0.0,1,physics.soc-ph
3424,3422,1.4426950408889634,1,physics.soc-ph
220,2172,2.704761035761977,1,physics.soc-ph
10763,10764,1.8204784532536746,1,physics.soc-ph
6578,6581,1.531574161186449,1,physics.soc-ph
1876,5397,1.8640048036788355,1,physics.soc-ph
1599,7710,0.0,1,physics.soc-ph
6257,14106,0.5581106265512472,1,physics.soc-ph
6259,6264,2.624916284804984,1,physics.soc-ph
1034,1289,0.5581106265512472,1,physics.soc-ph
9539,9540,0.9102392266268373,1,physics.soc-ph
9833,10885,0.0,1,physics.soc-ph
3498,3499,0.0,1,physics.soc-ph
6256,6260,1.6933439034806097,1,physics.soc-ph
6020,6021,1.8640048036788355,1,physics.soc-ph
2922,11573,0.9360179602764065,1,physics.soc-ph
6258,6260,2.2072422458503604,1,physics.soc-ph
1237,1238,1.4426950408889634,1,physics.soc-ph
2326,2327,2.319124416992254,1,physics.soc-ph
1211,6215,1.039008973514235,1,physics.soc-ph
13896,13897,2.441813387813286,1,physics.soc-ph
1098,7562,2.0008056674402104,1,physics.soc-ph
2922,11567,1.391137573589825,1,physics.soc-ph
10760,10762,3.263173494142638,1,physics.soc-ph
1649,10293,0.0,1,physics.soc-ph
2953,2954,1.9640173895637054,1,physics.soc-ph
1863,1867,0.0,1,physics.soc-ph
291,294,0.0,1,physics.soc-ph
1900,1902,1.391137573589825,1,physics.soc-ph
2441,5642,1.3426824550040934,1,physics.soc-ph
750,7288,1.6365403493107213,1,physics.soc-ph
2922,7005,0.9102392266268373,1,physics.soc-ph
8953,8954,0.48089834696298783,1,physics.soc-ph
1122,2543,1.039008973514235,1,physics.soc-ph
885,1184,0.0,1,physics.soc-ph
6781,4810,0.7213475204444817,1,physics.soc-ph
929,7314,0.5581106265512472,1,physics.soc-ph
591,4093,2.8853900817779268,1,physics.soc-ph
6255,6264,2.8323654628797144,1,physics.soc-ph
208,4802,0.0,1,physics.soc-ph
4568,4569,1.5186508574843391,1,physics.soc-ph
48,1425,0.9102392266268373,1,physics.soc-ph
362,363,0.5138983423697507,1,physics.soc-ph
11354,11355,2.8853900817779268,1,physics.soc-ph
5976,5978,1.4426950408889634,1,physics.soc-ph
8950,8955,1.660343908073847,1,physics.soc-ph
784,790,1.800780495670471,1,physics.soc-ph
361,363,0.9947966893327386,1,physics.soc-ph
11351,11355,0.7213475204444817,1,physics.soc-ph
13775,14036,1.4426950408889634,1,physics.soc-ph
3336,1329,1.4426950408889634,1,physics.soc-ph
5124,6064,0.9102392266268373,1,physics.soc-ph
6479,6484,0.6213349345596119,1,physics.soc-ph
2952,2953,1.2426698691192237,1,physics.soc-ph
729,11533,1.9640173895637054,1,physics.soc-ph
10487,11535,0.9102392266268373,1,physics.soc-ph
2367,4392,1.8204784532536746,1,physics.soc-ph
5641,8545,0.0,1,physics.soc-ph
8951,8956,2.733820028593919,1,physics.soc-ph
5498,13959,0.0,1,physics.soc-ph
2020,7113,0.9102392266268373,1,physics.soc-ph
8956,8957,1.7161442097772202,1,physics.soc-ph
11479,12060,0.0,1,physics.soc-ph
8891,457,0.0,1,physics.soc-ph
874,14153,0.0,1,physics.soc-ph
909,2870,1.4426950408889634,1,physics.soc-ph
1683,1730,1.4426950408889634,1,physics.soc-ph
153,2396,0.5138983423697507,1,physics.soc-ph
3763,3762,2.0640299754485754,1,physics.soc-ph
615,3344,0.9102392266268373,1,physics.soc-ph
12612,14116,0.0,1,physics.soc-ph
3846,11094,2.2862520990407744,1,physics.soc-ph
259,9185,1.4426950408889634,1,physics.soc-ph
2014,2015,1.072008968920998,1,physics.soc-ph
4367,4369,0.7213475204444817,1,physics.soc-ph
1425,3615,2.1896973736225664,1,physics.soc-ph
578,874,0.5581106265512472,1,physics.soc-ph
39,8428,0.5581106265512472,1,physics.soc-ph
152,2396,0.5138983423697507,1,physics.soc-ph
4099,4100,1.4426950408889634,1,physics.soc-ph
1211,6212,2.4301465471040604,1,physics.soc-ph
3848,9671,2.7671504460037624,1,physics.soc-ph
279,2079,1.4426950408889634,1,physics.soc-ph
1901,12768,2.055593369479003,1,physics.soc-ph
8956,8958,1.2352458628142324,1,physics.soc-ph
14106,14111,1.7375561876621064,1,physics.soc-ph
1714,13137,1.4426950408889634,1,physics.soc-ph
636,1997,1.0237645389414565,1,physics.soc-ph
269,2057,0.7213475204444817,1,physics.soc-ph
774,1375,0.7213475204444817,1,physics.soc-ph
4839,5995,0.0,1,physics.soc-ph
9435,9440,2.358891122221718,1,physics.soc-ph
774,1374,0.7213475204444817,1,physics.soc-ph
955,956,0.0,1,physics.soc-ph
6018,6020,1.8640048036788355,1,physics.soc-ph
3114,9228,0.9102392266268373,1,physics.soc-ph
2606,2608,1.631586747071319,1,physics.soc-ph
294,4422,0.9102392266268373,1,physics.soc-ph
3453,13977,0.0,1,physics.soc-ph
48,251,1.531574161186449,1,physics.soc-ph
358,363,0.9947966893327386,1,physics.soc-ph
1375,14294,0.7213475204444817,1,physics.soc-ph
357,363,0.9947966893327386,1,physics.soc-ph
6255,6262,1.69334390348061,1,physics.soc-ph
11570,11571,2.853228740232578,1,physics.soc-ph
216,4838,0.0,1,physics.soc-ph
1034,6061,0.0,1,physics.soc-ph
4583,5389,0.6213349345596119,1,physics.soc-ph
7280,12061,0.0,1,physics.soc-ph
6052,10131,0.0,1,physics.soc-ph
709,4774,2.8853900817779268,1,physics.soc-ph
7481,7482,0.7213475204444817,1,physics.soc-ph
2197,2201,2.541825973698156,1,physics.soc-ph
1436,6771,0.6213349345596119,1,physics.soc-ph
11562,11565,1.8462571869032436,1,physics.soc-ph
10314,10315,1.8204784532536746,1,physics.soc-ph
8952,8953,1.424137568996588,1,physics.soc-ph
9278,10986,1.2352458628142324,1,physics.soc-ph
10940,13924,1.8204784532536746,1,physics.soc-ph
1286,1288,1.4426950408889634,1,physics.soc-ph
6698,6700,1.8204784532536746,1,physics.soc-ph
358,362,1.072008968920998,1,physics.soc-ph
172,874,1.279458146995729,1,physics.soc-ph
11353,11356,2.252921681630931,1,physics.soc-ph
1196,466,0.9102392266268373,1,physics.soc-ph
1669,1998,1.0237645389414565,1,physics.soc-ph
44,4930,1.8204784532536746,1,physics.soc-ph
689,4024,0.0,1,physics.soc-ph
1521,9325,2.352934267515801,1,physics.soc-ph
12765,12771,2.1630299616688644,1,physics.soc-ph
3846,3848,1.728141472489527,1,physics.soc-ph
2049,2050,2.164042561333445,1,physics.soc-ph
271,9833,0.0,1,physics.soc-ph
3846,10374,1.399682733736476,1,physics.soc-ph
6999,7000,0.9102392266268373,1,physics.soc-ph
6891,6893,0.0,1,physics.soc-ph
13154,13156,0.0,1,physics.soc-ph
551,6674,2.0640299754485754,1,physics.soc-ph
636,10374,1.4290911712359904,1,physics.soc-ph
13775,14037,0.0,1,physics.soc-ph
2321,14231,1.800780495670471,1,physics.soc-ph
9323,9324,0.6213349345596119,1,physics.soc-ph
473,814,1.279458146995729,1,physics.soc-ph
2561,10877,2.8853900817779268,1,physics.soc-ph
153,8231,0.5138983423697507,1,physics.soc-ph
3935,5038,0.9102392266268373,1,physics.soc-ph
6257,6260,1.6933439034806097,1,physics.soc-ph
573,6435,1.4426950408889634,1,physics.soc-ph
1531,13942,0.6213349345596119,1,physics.soc-ph
7176,9671,0.0,1,physics.soc-ph
4445,4446,0.7213475204444817,1,physics.soc-ph
2367,6213,1.660343908073847,1,physics.soc-ph
8850,8851,0.0,1,physics.soc-ph
264,265,0.0,1,physics.soc-ph
14251,5139,1.4426950408889634,1,physics.soc-ph
2196,10582,0.9479818718025272,1,physics.soc-ph
1491,8814,1.279458146995729,1,physics.soc-ph
13230,13233,0.0,1,physics.soc-ph
973,3387,0.0,1,physics.soc-ph
2432,2433,1.4426950408889634,1,physics.soc-ph
10818,10819,2.5871168158851847,1,physics.soc-ph
6892,6893,0.0,1,physics.soc-ph
6257,14110,0.0,1,physics.soc-ph
3793,5204,0.0,1,physics.soc-ph
2326,2330,1.6977894824326425,1,physics.soc-ph
2166,2167,0.0,1,physics.soc-ph
636,2771,0.0,1,physics.soc-ph
2329,2330,2.1926758009755245,1,physics.soc-ph
3426,464,0.0,1,physics.soc-ph
2432,2568,1.2352458628142324,1,physics.soc-ph
209,1867,2.8853900817779268,1,physics.soc-ph
3444,3446,0.7213475204444817,1,physics.soc-ph
466,7710,0.7213475204444817,1,physics.soc-ph
450,14153,0.9751430179754935,1,physics.soc-ph
1329,3352,0.0,1,physics.soc-ph
6479,6482,2.064029975448575,1,physics.soc-ph
479,260,0.9102392266268373,1,physics.soc-ph
120,8766,0.0,1,physics.soc-ph
260,1116,0.9102392266268373,1,physics.soc-ph
10488,10489,1.4426950408889634,1,physics.soc-ph
1784,1785,0.9102392266268373,1,physics.soc-ph
6258,6263,1.6301195954722452,1,physics.soc-ph
9323,9326,1.3426824550040934,1,physics.soc-ph
450,14160,0.7213475204444817,1,physics.soc-ph
2166,2168,0.0,1,physics.soc-ph
636,2772,5.1991965587521864,1,physics.soc-ph
2408,13942,0.6213349345596119,1,physics.soc-ph
36,1747,1.531574161186449,1,physics.soc-ph
578,14160,0.0,1,physics.soc-ph
479,482,0.36926937306885504,1,physics.soc-ph
2017,2014,2.603583130107447,1,physics.soc-ph
4478,10147,1.3426824550040934,1,physics.soc-ph
99,2477,0.9102392266268373,1,physics.soc-ph
3775,3777,0.0,1,physics.soc-ph
7653,7657,2.318467120509964,1,physics.soc-ph
5451,5452,0.7213475204444817,1,physics.soc-ph
615,14044,1.4426950408889634,1,physics.soc-ph
3935,5040,0.9102392266268373,1,physics.soc-ph
2147,6257,1.179445561110859,1,physics.soc-ph
1870,3424,0.0,1,physics.soc-ph
2166,2170,0.0,1,physics.soc-ph
1543,2275,1.4426950408889634,1,physics.soc-ph
480,481,1.8597274323132096,1,physics.soc-ph
129,131,1.8204784532536746,1,physics.soc-ph
2477,480,1.8204784532536746,1,physics.soc-ph
2022,6088,1.3426824550040934,1,physics.soc-ph
11566,11569,3.3525606377274935,1,physics.soc-ph
7656,7660,2.381691428518329,1,physics.soc-ph
3760,3761,1.845124645270808,1,physics.soc-ph
216,13997,1.4426950408889634,1,physics.soc-ph
8953,8957,0.9947966893327386,1,physics.soc-ph
252,1425,0.7213475204444817,1,physics.soc-ph
2326,2328,2.319124416992254,1,physics.soc-ph
718,4322,0.0,1,physics.soc-ph
2057,14327,1.3426824550040934,1,physics.soc-ph
489,3427,1.4426950408889634,1,physics.soc-ph
1089,1090,1.876989522792215,1,physics.soc-ph
6688,6689,1.4426950408889634,1,physics.soc-ph
257,259,1.4426950408889634,1,physics.soc-ph
4715,4716,0.0,1,physics.soc-ph
784,787,2.4221154302300825,1,physics.soc-ph
357,358,1.5529073158839857,1,physics.soc-ph
4296,4297,0.0,1,physics.soc-ph
279,3426,0.0,1,physics.soc-ph
11351,11352,2.252921681630931,1,physics.soc-ph
10408,10409,1.800780495670471,1,physics.soc-ph
799,1696,0.0,1,physics.soc-ph
10484,10485,1.8204784532536746,1,physics.soc-ph
1547,1548,1.3426824550040934,1,physics.soc-ph
11128,11129,1.4426950408889634,1,physics.soc-ph
14249,14250,0.0,1,physics.soc-ph
1549,1913,0.7213475204444817,1,physics.soc-ph
382,13198,0.0,1,physics.soc-ph
4901,8958,1.424137568996588,1,physics.soc-ph
96,1315,1.8204784532536746,1,physics.soc-ph
1618,10818,1.7676548200790936,1,physics.soc-ph
8880,8883,2.541825973698156,1,physics.soc-ph
2367,6215,1.660343908073847,1,physics.soc-ph
3510,10574,2.0008056674402104,1,physics.soc-ph
9324,9328,0.6213349345596119,1,physics.soc-ph
636,4568,3.953751006827802,1,physics.soc-ph
2772,4569,2.03254919985409,1,physics.soc-ph
11393,11395,0.9102392266268373,1,physics.soc-ph
1617,7277,2.3705925462743442,1,physics.soc-ph
4252,4253,0.9102392266268373,1,physics.soc-ph
2018,10983,0.7213475204444817,1,physics.soc-ph
9292,9293,0.7213475204444817,1,physics.soc-ph
9833,10886,0.0,1,physics.soc-ph
2329,2332,2.292688386860395,1,physics.soc-ph
6480,6484,1.3426824550040934,1,physics.soc-ph
9893,9895,0.0,1,physics.soc-ph
2236,3761,0.40242960438184466,1,physics.soc-ph
3763,3776,0.9690179556831694,1,physics.soc-ph
17,5388,2.164042561333445,1,physics.soc-ph
3544,3546,0.7213475204444817,1,physics.soc-ph
3497,3499,0.0,1,physics.soc-ph
975,1618,3.4654443025117363,1,physics.soc-ph
125,1611,0.9037695876210308,1,physics.soc-ph
10982,10983,1.2352458628142324,1,physics.soc-ph
1291,7713,0.0,1,physics.soc-ph
2441,8545,0.0,1,physics.soc-ph
11748,11749,1.8204784532536746,1,physics.soc-ph
11355,11356,0.7213475204444817,1,physics.soc-ph
1211,14257,1.4426950408889634,1,physics.soc-ph
1998,1999,1.0237645389414565,1,physics.soc-ph
7908,7909,0.0,1,physics.soc-ph
1810,1811,0.0,1,physics.soc-ph
7274,7275,1.4426950408889634,1,physics.soc-ph
866,9525,1.4426950408889634,1,physics.soc-ph
9324,9327,1.531574161186449,1,physics.soc-ph
436,437,0.0,1,physics.soc-ph
2017,2018,3.846252999226671,1,physics.soc-ph
153,8232,0.5138983423697507,1,physics.soc-ph
1549,1914,2.352934267515801,1,physics.soc-ph
1863,7352,0.6213349345596119,1,physics.soc-ph
1308,2022,2.352934267515801,1,physics.soc-ph
4248,8766,0.0,1,physics.soc-ph
1601,11762,1.4426950408889634,1,physics.soc-ph
3793,3794,0.0,1,physics.soc-ph
2717,3909,0.7213475204444817,1,physics.soc-ph
1609,1610,0.0,1,physics.soc-ph
132,797,1.1162212531024944,1,physics.soc-ph
2684,5899,0.9102392266268373,1,physics.soc-ph
5641,5642,0.6213349345596119,1,physics.soc-ph
1399,1400,0.0,1,physics.soc-ph
14107,14109,1.179445561110859,1,physics.soc-ph
5961,5962,1.4426950408889634,1,physics.soc-ph
1618,9444,2.736672775762263,1,physics.soc-ph
465,2159,0.0,1,physics.soc-ph
11350,11352,1.531574161186449,1,physics.soc-ph
11408,11410,0.0,1,physics.soc-ph
1034,1290,0.0,1,physics.soc-ph
4444,4445,0.0,1,physics.soc-ph
356,358,1.5529073158839857,1,physics.soc-ph
2683,5899,0.9102392266268373,1,physics.soc-ph
2167,2168,0.9102392266268373,1,physics.soc-ph
12556,12557,1.8204784532536746,1,physics.soc-ph
2922,11571,1.4499163026461572,1,physics.soc-ph
3767,3777,0.8575492176952633,1,physics.soc-ph
1997,7177,0.9102392266268373,1,physics.soc-ph
2432,2567,1.2352458628142324,1,physics.soc-ph
395,2639,1.5332536445267406,1,physics.soc-ph
338,3907,1.4426950408889634,1,physics.soc-ph
1996,4571,1.7169291837147935,1,physics.soc-ph
2147,14107,1.179445561110859,1,physics.soc-ph
2168,2170,0.9102392266268373,1,physics.soc-ph
132,1017,0.9102392266268373,1,physics.soc-ph
395,1034,2.0008056674402104,1,physics.soc-ph
1548,1912,1.531574161186449,1,physics.soc-ph
8242,8243,0.0,1,physics.soc-ph
1098,6307,0.9102392266268373,1,physics.soc-ph
2772,11093,3.0894350793098373,1,physics.soc-ph
853,854,0.9102392266268373,1,physics.soc-ph
1599,7713,1.3426824550040934,1,physics.soc-ph
848,14366,1.8204784532536746,1,physics.soc-ph
3721,4444,0.0,1,physics.soc-ph
1339,1367,1.4426950408889634,1,physics.soc-ph
436,438,0.0,1,physics.soc-ph
14240,14241,0.0,1,physics.soc-ph
3722,4444,0.9102392266268373,1,physics.soc-ph
5249,5251,1.4426950408889634,1,physics.soc-ph
148,3634,1.7235682160822114,1,physics.soc-ph
221,4031,2.765352872401608,1,physics.soc-ph
2604,2607,1.631586747071319,1,physics.soc-ph
1947,1949,2.3700750405090654,1,physics.soc-ph
3934,9321,1.5903528902427813,1,physics.soc-ph
350,4572,2.8963747448256525,1,physics.soc-ph
12766,12770,2.721140588220111,1,physics.soc-ph
450,874,1.279458146995729,1,physics.soc-ph
13911,13912,0.9102392266268373,1,physics.soc-ph
2147,14110,1.3426824550040934,1,physics.soc-ph
6138,11504,0.9102392266268373,1,physics.soc-ph
13897,13904,0.6213349345596119,1,physics.soc-ph
9040,9041,0.9102392266268373,1,physics.soc-ph
1878,1879,0.9102392266268373,1,physics.soc-ph
39,8427,0.5581106265512472,1,physics.soc-ph
11350,11351,0.6213349345596119,1,physics.soc-ph
6613,6611,1.4426950408889634,1,physics.soc-ph
3733,3734,0.7213475204444817,1,physics.soc-ph
8951,8958,0.0,1,physics.soc-ph
4575,10487,0.9102392266268373,1,physics.soc-ph
2013,13250,0.9102392266268373,1,physics.soc-ph
350,1996,2.338264118274405,1,physics.soc-ph
8253,8255,0.9102392266268373,1,physics.soc-ph
750,8795,1.876989522792215,1,physics.soc-ph
7561,9668,1.8375687735469761,1,physics.soc-ph
291,295,0.9102392266268373,1,physics.soc-ph
7653,7654,1.5971196000654824,1,physics.soc-ph
6257,4061,2.144017937841996,1,physics.soc-ph
14046,14047,2.8853900817779268,1,physics.soc-ph
2067,7276,2.3914176776845113,1,physics.soc-ph
492,815,3.98452101458712,1,physics.soc-ph
47,208,0.0,1,physics.soc-ph
636,11093,2.0504261057956024,1,physics.soc-ph
8766,8767,0.0,1,physics.soc-ph
14110,14111,0.6213349345596119,1,physics.soc-ph
4114,5753,1.8204784532536746,1,physics.soc-ph
9291,9293,0.7213475204444817,1,physics.soc-ph
4773,4772,0.7213475204444817,1,physics.soc-ph
513,2735,0.9102392266268373,1,physics.soc-ph
1098,13943,1.279458146995729,1,physics.soc-ph
8238,8955,1.7603564939587166,1,physics.soc-ph
2922,7003,0.0,1,physics.soc-ph
608,2816,1.4683498531780845,1,physics.soc-ph
2780,2781,0.0,1,physics.soc-ph
37,252,1.3426824550040934,1,physics.soc-ph
3635,3637,1.6769643510224754,1,physics.soc-ph
1947,2114,1.279458146995729,1,physics.soc-ph
2013,13251,0.9102392266268373,1,physics.soc-ph
730,885,1.4426950408889634,1,physics.soc-ph
2725,7113,1.531574161186449,1,physics.soc-ph
4366,4368,1.631586747071319,1,physics.soc-ph
636,7176,1.876989522792215,1,physics.soc-ph
8955,8958,0.0,1,physics.soc-ph
3763,11533,1.9640173895637054,1,physics.soc-ph
511,9256,0.9102392266268373,1,physics.soc-ph
8950,8953,0.9947966893327386,1,physics.soc-ph
1876,5003,1.4426950408889634,1,physics.soc-ph
1067,9256,0.9102392266268373,1,physics.soc-ph
356,363,0.9947966893327386,1,physics.soc-ph
8952,8957,0.5138983423697507,1,physics.soc-ph
454,6728,1.4426950408889634,1,physics.soc-ph
6433,6434,0.0,1,physics.soc-ph
6276,14074,0.0,1,physics.soc-ph
6263,6264,2.1882302220234924,1,physics.soc-ph
4444,4446,0.0,1,physics.soc-ph
2159,5127,0.0,1,physics.soc-ph
1097,1098,1.279458146995729,1,physics.soc-ph
1819,2952,1.9640173895637054,1,physics.soc-ph
1356,3567,0.9102392266268373,1,physics.soc-ph
132,3366,2.2956668142133534,1,physics.soc-ph
6997,7000,0.0,1,physics.soc-ph
2922,11568,1.905035915959576,1,physics.soc-ph
1912,1913,0.6213349345596119,1,physics.soc-ph
2331,2332,2.458903708106588,1,physics.soc-ph
6257,6261,2.2072422458503604,1,physics.soc-ph
2922,11569,1.4499163026461572,1,physics.soc-ph
4061,6259,0.5138983423697507,1,physics.soc-ph
740,741,0.0,1,physics.soc-ph
3975,3977,1.8204784532536746,1,physics.soc-ph
17,5386,1.631586747071319,1,physics.soc-ph
4094,4095,0.7213475204444817,1,physics.soc-ph
10698,10699,1.4426950408889634,1,physics.soc-ph
4788,4789,1.4426950408889634,1,physics.soc-ph
913,2717,0.7213475204444817,1,physics.soc-ph
9685,10601,1.3426824550040934,1,physics.soc-ph
851,853,0.9102392266268373,1,physics.soc-ph
11563,11565,1.7996533218435078,1,physics.soc-ph
13315,14160,0.0,1,physics.soc-ph
218,4031,2.765352872401608,1,physics.soc-ph
6052,6053,0.0,1,physics.soc-ph
8950,8957,1.6161316238923504,1,physics.soc-ph
412,1290,0.0,1,physics.soc-ph
7657,7659,2.218454534625094,1,physics.soc-ph
3846,7176,0.0,1,physics.soc-ph
2022,5055,1.3426824550040934,1,physics.soc-ph
8952,8954,0.5581106265512472,1,physics.soc-ph
13155,13156,0.0,1,physics.soc-ph
1203,1204,2.164042561333445,1,physics.soc-ph
9327,9328,2.252921681630931,1,physics.soc-ph
1360,4375,0.7213475204444817,1,physics.soc-ph
615,1714,0.0,1,physics.soc-ph
14106,14107,0.5581106265512472,1,physics.soc-ph
339,2964,1.4426950408889634,1,physics.soc-ph
294,295,0.9102392266268373,1,physics.soc-ph
2335,13937,1.4426950408889634,1,physics.soc-ph
3634,3635,1.2426698691192237,1,physics.soc-ph
10842,14153,0.4170323914242463,1,physics.soc-ph
14481,14482,1.4426950408889634,1,physics.soc-ph
2020,2965,2.064029975448575,1,physics.soc-ph
7815,7816,0.0,1,physics.soc-ph
123,2653,0.0,1,physics.soc-ph
2145,2147,1.8204784532536746,1,physics.soc-ph
1547,1549,1.631586747071319,1,physics.soc-ph
3926,3929,1.424137568996588,1,physics.soc-ph
4786,4787,0.0,1,physics.soc-ph
4061,6260,1.072008968920998,1,physics.soc-ph
3763,3775,0.5138983423697507,1,physics.soc-ph
11479,12061,0.0,1,physics.soc-ph
13991,13993,1.4426950408889634,1,physics.soc-ph
291,292,0.0,1,physics.soc-ph
754,5879,1.4426950408889634,1,physics.soc-ph
5115,11207,0.0,1,physics.soc-ph
5718,5720,1.8204784532536746,1,physics.soc-ph
8879,8881,2.541825973698156,1,physics.soc-ph
1087,1088,2.787228749419053,1,physics.soc-ph
473,1313,1.279458146995729,1,physics.soc-ph
3890,4024,0.0,1,physics.soc-ph
12765,12769,2.7843648962284755,1,physics.soc-ph
6023,6024,0.0,1,physics.soc-ph
4369,4370,0.9102392266268373,1,physics.soc-ph
209,6781,0.7213475204444817,1,physics.soc-ph
3766,3767,0.8575492176952633,1,physics.soc-ph
2020,2022,1.531574161186449,1,physics.soc-ph
2408,13520,0.0,1,physics.soc-ph
292,294,0.0,1,physics.soc-ph
4095,4096,1.631586747071319,1,physics.soc-ph
5448,5452,1.631586747071319,1,physics.soc-ph
6256,6259,0.9947966893327386,1,physics.soc-ph
12766,12768,2.1630299616688644,1,physics.soc-ph
3330,3331,1.4426950408889634,1,physics.soc-ph
9326,9328,0.6213349345596119,1,physics.soc-ph
2166,2169,0.0,1,physics.soc-ph
11571,11572,3.822246695915748,1,physics.soc-ph
2100,2101,0.9102392266268373,1,physics.soc-ph
10374,11095,1.8363687965179671,1,physics.soc-ph
1034,2561,0.5581106265512472,1,physics.soc-ph
11563,11564,2.3135516642132585,1,physics.soc-ph
785,790,2.4221154302300825,1,physics.soc-ph
140,142,1.8204784532536746,1,physics.soc-ph
4318,4319,0.6213349345596119,1,physics.soc-ph
1237,3846,0.0,0,physics.soc-ph
3491,11409,0.0,0,physics.soc-ph
5995,8255,0.0,0,physics.soc-ph
3760,8317,0.0,0,physics.soc-ph
1521,2320,0.0,0,physics.soc-ph
13301,14163,0.0,0,physics.soc-ph
3,9446,0.0,0,physics.soc-ph
2683,9505,0.0,0,physics.soc-ph
1475,6481,0.0,0,physics.soc-ph
1711,7005,0.0,0,physics.soc-ph
493,7113,0.0,0,physics.soc-ph
6606,11837,0.0,0,physics.soc-ph
1238,2907,0.0,0,physics.soc-ph
642,7321,0.0,0,physics.soc-ph
3271,9540,0.0,0,physics.soc-ph
52,9432,0.0,0,physics.soc-ph
432,8670,0.0,0,physics.soc-ph
6998,11394,0.0,0,physics.soc-ph
1998,3525,0.0,0,physics.soc-ph
3722,12612,0.0,0,physics.soc-ph
3288,4534,0.0,0,physics.soc-ph
48,3311,0.0,0,physics.soc-ph
122,9685,0.0,0,physics.soc-ph
8883,10483,0.0,0,physics.soc-ph
293,2166,0.0,0,physics.soc-ph
407,3747,0.0,0,physics.soc-ph
430,1543,0.0,0,physics.soc-ph
481,4370,0.0,0,physics.soc-ph
1867,13417,0.0,0,physics.soc-ph
489,5125,0.0,0,physics.soc-ph
4570,6689,0.0,0,physics.soc-ph
435,3180,0.0,0,physics.soc-ph
4376,4478,0.0,0,physics.soc-ph
1751,4336,0.0,0,physics.soc-ph
8202,13913,0.0,0,physics.soc-ph
2051,3829,0.0,0,physics.soc-ph
851,2368,0.0,0,physics.soc-ph
11111,13535,0.0,0,physics.soc-ph
3617,6408,0.0,0,physics.soc-ph
1097,2109,0.0,0,physics.soc-ph
338,6258,0.0,0,physics.soc-ph
338,2057,0.0,0,physics.soc-ph
1853,8935,0.0,0,physics.soc-ph
6020,13904,0.0,0,physics.soc-ph
13231,13927,0.0,0,physics.soc-ph
1314,6024,0.0,0,physics.soc-ph
240,4788,0.0,0,physics.soc-ph
4203,11748,0.0,0,physics.soc-ph
8098,8958,0.0,0,physics.soc-ph
2780,12061,0.0,0,physics.soc-ph
480,6481,0.0,0,physics.soc-ph
2066,4096,0.0,0,physics.soc-ph
10986,14326,0.0,0,physics.soc-ph
3330,5294,0.0,0,physics.soc-ph
5143,8797,0.0,0,physics.soc-ph
4367,5556,0.0,0,physics.soc-ph
6612,14327,0.0,0,physics.soc-ph
787,5051,0.0,0,physics.soc-ph
1186,6643,0.0,0,physics.soc-ph
3159,8957,0.0,0,physics.soc-ph
5249,11704,0.0,0,physics.soc-ph
2758,13628,0.0,0,physics.soc-ph
3783,5523,0.0,0,physics.soc-ph
1831,14257,0.0,0,physics.soc-ph
2020,2771,0.0,0,physics.soc-ph
279,1746,0.0,0,physics.soc-ph
1548,13914,0.0,0,physics.soc-ph
2168,8951,0.0,0,physics.soc-ph
3607,9098,0.0,0,physics.soc-ph
9324,14231,0.0,0,physics.soc-ph
4646,5995,0.0,0,physics.soc-ph
1946,8429,0.0,0,physics.soc-ph
3910,4031,0.0,0,physics.soc-ph
929,2632,0.0,0,physics.soc-ph
1688,3209,0.0,0,physics.soc-ph
474,1423,0.0,0,physics.soc-ph
2437,4227,0.0,0,physics.soc-ph
1751,4070,0.0,0,physics.soc-ph
1761,9862,0.0,0,physics.soc-ph
2199,5249,0.0,0,physics.soc-ph
480,716,0.0,0,physics.soc-ph
2226,2332,0.0,0,physics.soc-ph
6481,9320,0.0,0,physics.soc-ph
1344,6797,0.0,0,physics.soc-ph
3739,11562,0.0,0,physics.soc-ph
4774,6701,0.0,0,physics.soc-ph
8697,13198,0.0,0,physics.soc-ph
2758,5239,0.0,0,physics.soc-ph
6383,8348,0.0,0,physics.soc-ph
10576,13775,0.0,0,physics.soc-ph
7234,14481,0.0,0,physics.soc-ph
1863,11032,0.0,0,physics.soc-ph
2297,8255,0.0,0,physics.soc-ph
5051,5145,0.0,0,physics.soc-ph
3637,13155,0.0,0,physics.soc-ph
1444,7274,0.0,0,physics.soc-ph
2169,2327,0.0,0,physics.soc-ph
298,2922,0.0,0,physics.soc-ph
1531,7827,0.0,0,physics.soc-ph
543,7714,0.0,0,physics.soc-ph
3367,11573,0.0,0,physics.soc-ph
142,2275,0.0,0,physics.soc-ph
7275,9289,0.0,0,physics.soc-ph
1751,2079,0.0,0,physics.soc-ph
3039,3909,0.0,0,physics.soc-ph
476,8545,0.0,0,physics.soc-ph
1914,9541,0.0,0,physics.soc-ph
2083,3083,0.0,0,physics.soc-ph
1949,2854,0.0,0,physics.soc-ph
2022,8409,0.0,0,physics.soc-ph
1743,2102,0.0,0,physics.soc-ph
1948,6812,0.0,0,physics.soc-ph
8952,10265,0.0,0,physics.soc-ph
852,8176,0.0,0,physics.soc-ph
1784,4336,0.0,0,physics.soc-ph
2770,3878,0.0,0,physics.soc-ph
2683,11565,0.0,0,physics.soc-ph
7179,9293,0.0,0,physics.soc-ph
3809,12570,0.0,0,physics.soc-ph
2022,13378,0.0,0,physics.soc-ph
2841,9289,0.0,0,physics.soc-ph
3311,3424,0.0,0,physics.soc-ph
1947,10760,0.0,0,physics.soc-ph
1892,7801,0.0,0,physics.soc-ph
1344,6266,0.0,0,physics.soc-ph
207,9291,0.0,0,physics.soc-ph
608,1520,0.0,0,physics.soc-ph
1017,4568,0.0,0,physics.soc-ph
4071,14250,0.0,0,physics.soc-ph
1196,1690,0.0,0,physics.soc-ph
356,3928,0.0,0,physics.soc-ph
715,1475,0.0,0,physics.soc-ph
2197,3427,0.0,0,physics.soc-ph
2196,2717,0.0,0,physics.soc-ph
2016,10316,0.0,0,physics.soc-ph
2955,3114,0.0,0,physics.soc-ph
127,14002,0.0,0,physics.soc-ph
2265,3481,0.0,0,physics.soc-ph
36,8389,0.0,0,physics.soc-ph
8253,13943,0.0,0,physics.soc-ph
4468,12768,0.0,0,physics.soc-ph
1456,4093,0.0,0,physics.soc-ph
1291,2049,0.0,0,physics.soc-ph
5962,12631,0.0,0,physics.soc-ph
1861,3751,0.0,0,physics.soc-ph
6998,7653,0.0,0,physics.soc-ph
3183,4563,0.0,0,physics.soc-ph
323,12768,0.0,0,physics.soc-ph
5045,13301,0.0,0,physics.soc-ph
716,2500,0.0,0,physics.soc-ph
8348,14153,0.0,0,physics.soc-ph
11042,13155,0.0,0,physics.soc-ph
474,1017,0.0,0,physics.soc-ph
848,9328,0.0,0,physics.soc-ph
975,11754,0.0,0,physics.soc-ph
3333,5294,0.0,0,physics.soc-ph
3181,8952,0.0,0,physics.soc-ph
257,4978,0.0,0,physics.soc-ph
6999,9734,0.0,0,physics.soc-ph
1475,2771,0.0,0,physics.soc-ph
4392,8176,0.0,0,physics.soc-ph
46,10640,0.0,0,physics.soc-ph
2483,8915,0.0,0,physics.soc-ph
293,4369,0.0,0,physics.soc-ph
6214,10986,0.0,0,physics.soc-ph
11093,11111,0.0,0,physics.soc-ph
497,4114,0.0,0,physics.soc-ph
209,13937,0.0,0,physics.soc-ph
1730,11395,0.0,0,physics.soc-ph
7277,13911,0.0,0,physics.soc-ph
1211,6266,0.0,0,physics.soc-ph
3122,7275,0.0,0,physics.soc-ph
8231,10859,0.0,0,physics.soc-ph
359,3106,0.0,0,physics.soc-ph
2955,13959,0.0,0,physics.soc-ph
853,8098,0.0,0,physics.soc-ph
4572,9185,0.0,0,physics.soc-ph
476,14146,0.0,0,physics.soc-ph
10884,10982,0.0,0,physics.soc-ph
4650,13961,0.0,0,physics.soc-ph
6479,10489,0.0,0,physics.soc-ph
3335,8834,0.0,0,physics.soc-ph
476,3794,0.0,0,physics.soc-ph
108,6772,0.0,0,physics.soc-ph
3096,7276,0.0,0,physics.soc-ph
1339,1697,0.0,0,physics.soc-ph
2815,4810,0.0,0,physics.soc-ph
6701,9671,0.0,0,physics.soc-ph
3423,13916,0.0,0,physics.soc-ph
4251,6209,0.0,0,physics.soc-ph
298,2084,0.0,0,physics.soc-ph
36,4061,0.0,0,physics.soc-ph
913,2110,0.0,0,physics.soc-ph
4376,9358,0.0,0,physics.soc-ph
1831,2015,0.0,0,physics.soc-ph
371,5052,0.0,0,physics.soc-ph
6781,11204,0.0,0,physics.soc-ph
4243,13938,0.0,0,physics.soc-ph
3546,9440,0.0,0,physics.soc-ph
251,9175,0.0,0,physics.soc-ph
1901,9685,0.0,0,physics.soc-ph
2015,2199,0.0,0,physics.soc-ph
139,3762,0.0,0,physics.soc-ph
787,1997,0.0,0,physics.soc-ph
1289,4468,0.0,0,physics.soc-ph
730,8126,0.0,0,physics.soc-ph
13100,14074,0.0,0,physics.soc-ph
1423,14109,0.0,0,physics.soc-ph
1988,9448,0.0,0,physics.soc-ph
218,4567,0.0,0,physics.soc-ph
52,12766,0.0,0,physics.soc-ph
2027,12646,0.0,0,physics.soc-ph
983,3714,0.0,0,physics.soc-ph
2841,6892,0.0,0,physics.soc-ph
8202,11204,0.0,0,physics.soc-ph
80,10487,0.0,0,physics.soc-ph
453,12557,0.0,0,physics.soc-ph
1088,9541,0.0,0,physics.soc-ph
1251,4571,0.3284587387530511,0,physics.soc-ph
798,6023,0.0,0,physics.soc-ph
2881,9539,0.0,0,physics.soc-ph
5899,11741,0.0,0,physics.soc-ph
4772,8126,0.0,0,physics.soc-ph
3925,9184,0.0,0,physics.soc-ph
5749,6689,0.0,0,physics.soc-ph
1761,6408,0.0,0,physics.soc-ph
11564,13962,0.0,0,physics.soc-ph
6833,10818,0.0,0,physics.soc-ph
3105,10842,0.0,0,physics.soc-ph
2434,8697,0.0,0,physics.soc-ph
573,13250,0.0,0,physics.soc-ph
6782,13918,0.0,0,physics.soc-ph
483,4335,0.0,0,physics.soc-ph
10314,10819,0.0,0,physics.soc-ph
9447,14086,0.0,0,physics.soc-ph
1196,10763,0.0,0,physics.soc-ph
292,8834,0.0,0,physics.soc-ph
5167,9096,0.0,0,physics.soc-ph
2050,3096,0.0,0,physics.soc-ph
2172,7659,0.0,0,physics.soc-ph
47,88,0.0,0,physics.soc-ph
8392,13156,0.0,0,physics.soc-ph
2477,9863,0.0,0,physics.soc-ph
480,3619,0.0,0,physics.soc-ph
382,6256,0.0,0,physics.soc-ph
1287,7274,0.0,0,physics.soc-ph
7309,9327,0.0,0,physics.soc-ph
955,5498,0.0,0,physics.soc-ph
4099,13914,0.0,0,physics.soc-ph
2200,14002,0.0,0,physics.soc-ph
47,9896,0.0,0,physics.soc-ph
2347,11568,0.0,0,physics.soc-ph
636,6257,0.0,0,physics.soc-ph
13155,13973,0.0,0,physics.soc-ph
2,467,0.0,0,physics.soc-ph
4296,11566,0.0,0,physics.soc-ph
4336,7828,0.0,0,physics.soc-ph
3525,3714,0.0,0,physics.soc-ph
9443,11204,0.0,0,physics.soc-ph
479,3677,0.0,0,physics.soc-ph
1184,6062,0.0,0,physics.soc-ph
5246,14047,0.0,0,physics.soc-ph
984,1854,0.0,0,physics.soc-ph
2871,4501,0.0,0,physics.soc-ph
10314,13914,0.0,0,physics.soc-ph
2209,5721,0.0,0,physics.soc-ph
241,5700,0.0,0,physics.soc-ph
754,2322,0.0,0,physics.soc-ph
2501,3525,0.0,0,physics.soc-ph
10489,13942,0.0,0,physics.soc-ph
4575,7319,0.0,0,physics.soc-ph
7310,10761,0.0,0,physics.soc-ph
10506,12570,0.0,0,physics.soc-ph
2051,11565,0.0,0,physics.soc-ph
2209,11355,0.0,0,physics.soc-ph
2922,11776,0.0,0,physics.soc-ph
4472,7995,0.0,0,physics.soc-ph
600,2147,0.0,0,physics.soc-ph
515,2170,0.0,0,physics.soc-ph
47,604,0.0,0,physics.soc-ph
120,8429,0.0,0,physics.soc-ph
5748,9185,0.0,0,physics.soc-ph
2631,14467,0.0,0,physics.soc-ph
8851,11562,0.0,0,physics.soc-ph
2013,2516,0.0,0,physics.soc-ph
432,3331,0.0,0,physics.soc-ph
1286,7035,0.0,0,physics.soc-ph
1252,2027,0.0,0,physics.soc-ph
1465,4773,0.0,0,physics.soc-ph
11128,13250,0.0,0,physics.soc-ph
2209,5963,0.0,0,physics.soc-ph
432,4252,0.0,0,physics.soc-ph
3607,6258,0.0,0,physics.soc-ph
437,7714,0.0,0,physics.soc-ph
2882,13914,0.0,0,physics.soc-ph
9436,9893,0.0,0,physics.soc-ph
1375,1599,0.0,0,physics.soc-ph
798,3510,0.0,0,physics.soc-ph
3499,3692,0.0,0,physics.soc-ph
6811,13898,0.0,0,physics.soc-ph
8253,12960,0.0,0,physics.soc-ph
48,11572,0.0,0,physics.soc-ph
8126,11535,0.0,0,physics.soc-ph
265,12571,0.0,0,physics.soc-ph
450,2683,0.0,0,physics.soc-ph
317,1116,0.0,0,physics.soc-ph
6019,13997,0.0,0,physics.soc-ph
1020,1743,0.0,0,physics.soc-ph
1751,3054,0.0,0,physics.soc-ph
8391,8427,0.0,0,physics.soc-ph
874,7714,0.0,0,physics.soc-ph
3423,8104,0.0,0,physics.soc-ph
1865,8256,0.0,0,physics.soc-ph
1996,12648,0.0,0,physics.soc-ph
4651,5871,0.0,0,physics.soc-ph
11763,13100,0.0,0,physics.soc-ph
19,14366,0.0,0,physics.soc-ph
6811,8951,0.0,0,physics.soc-ph
4366,10982,0.0,0,physics.soc-ph
551,1831,0.0,0,physics.soc-ph
5523,13137,0.0,0,physics.soc-ph
7280,10314,0.0,0,physics.soc-ph
464,3907,0.0,0,physics.soc-ph
4086,13417,0.0,0,physics.soc-ph
1425,1949,0.0,0,physics.soc-ph
5720,12766,0.0,0,physics.soc-ph
264,983,0.0,0,physics.soc-ph
7781,10583,0.0,0,physics.soc-ph
600,9438,0.0,0,physics.soc-ph
484,5044,0.0,0,physics.soc-ph
5449,14374,0.0,0,physics.soc-ph
4087,12186,0.0,0,physics.soc-ph
4446,11203,0.0,0,physics.soc-ph
5643,5748,0.0,0,physics.soc-ph
3751,6211,0.0,0,physics.soc-ph
786,6019,0.0,0,physics.soc-ph
2115,10483,0.0,0,physics.soc-ph
1761,10409,0.0,0,physics.soc-ph
853,5700,0.0,0,physics.soc-ph
457,5700,0.0,0,physics.soc-ph
5962,8201,0.0,0,physics.soc-ph
4618,7657,0.0,0,physics.soc-ph
4202,11763,0.0,0,physics.soc-ph
2758,2870,0.0,0,physics.soc-ph
125,1947,0.0,0,physics.soc-ph
269,11754,0.0,0,physics.soc-ph
4617,14086,0.0,0,physics.soc-ph
2033,6276,0.0,0,physics.soc-ph
1315,11747,0.0,0,physics.soc-ph
2148,4100,0.0,0,physics.soc-ph
1867,14057,0.0,0,physics.soc-ph
2871,4086,0.0,0,physics.soc-ph
8957,12765,0.0,0,physics.soc-ph
6781,12715,0.0,0,physics.soc-ph
5275,7800,0.0,0,physics.soc-ph
631,4838,0.0,0,physics.soc-ph
1000,5449,0.0,0,physics.soc-ph
2049,14325,0.0,0,physics.soc-ph
4786,11410,0.0,0,physics.soc-ph
1367,12570,0.0,0,physics.soc-ph
5127,5961,0.0,0,physics.soc-ph
1746,13915,0.0,0,physics.soc-ph
2084,8797,0.0,0,physics.soc-ph
2434,8272,0.0,0,physics.soc-ph
251,6377,0.0,0,physics.soc-ph
2333,7713,0.0,0,physics.soc-ph
5143,6719,0.0,0,physics.soc-ph
5014,7499,0.0,0,physics.soc-ph
4472,8348,0.0,0,physics.soc-ph
4335,6811,0.0,0,physics.soc-ph
4716,6484,0.0,0,physics.soc-ph
4930,12353,0.0,0,physics.soc-ph
1211,10885,0.0,0,physics.soc-ph
9668,13230,0.0,0,physics.soc-ph
10266,11351,0.0,0,physics.soc-ph
1538,3039,0.0,0,physics.soc-ph
3159,12715,0.0,0,physics.soc-ph
4248,11748,0.0,0,physics.soc-ph
2066,5239,0.0,0,physics.soc-ph
2503,4444,0.0,0,physics.soc-ph
7004,8428,0.0,0,physics.soc-ph
13925,13991,0.0,0,physics.soc-ph
4370,4809,0.0,0,physics.soc-ph
1090,11763,0.0,0,physics.soc-ph
474,7482,0.0,0,physics.soc-ph
2434,3783,0.0,0,physics.soc-ph
1019,9097,0.0,0,physics.soc-ph
1948,4227,0.0,0,physics.soc-ph
216,1045,0.0,0,physics.soc-ph
2296,4901,0.0,0,physics.soc-ph
815,2109,0.0,0,physics.soc-ph
3545,12670,0.0,0,physics.soc-ph
6259,9326,0.0,0,physics.soc-ph
6052,6772,0.0,0,physics.soc-ph
1870,8850,0.0,0,physics.soc-ph
152,11753,0.0,0,physics.soc-ph
298,2502,0.0,0,physics.soc-ph
848,4394,0.0,0,physics.soc-ph
496,955,0.0,0,physics.soc-ph
1986,10858,0.0,0,physics.soc-ph
412,2780,0.0,0,physics.soc-ph
241,445,0.0,0,physics.soc-ph
2114,5274,0.0,0,physics.soc-ph
3427,6612,0.0,0,physics.soc-ph
983,1805,0.0,0,physics.soc-ph
3976,5241,0.0,0,physics.soc-ph
913,5044,0.0,0,physics.soc-ph
435,804,0.0,0,physics.soc-ph
2780,7713,0.0,0,physics.soc-ph
1291,11748,0.0,0,physics.soc-ph
3878,7469,0.0,0,physics.soc-ph
2047,10315,0.0,0,physics.soc-ph
2146,14257,0.0,0,physics.soc-ph
7263,9833,0.0,0,physics.soc-ph
12715,14165,0.0,0,physics.soc-ph
2441,9833,0.0,0,physics.soc-ph
9893,12570,0.0,0,physics.soc-ph
395,3733,0.0,0,physics.soc-ph
2084,10764,0.0,0,physics.soc-ph
1746,4618,0.0,0,physics.soc-ph
3184,7829,0.0,0,physics.soc-ph
4376,5979,0.0,0,physics.soc-ph
644,6688,0.0,0,physics.soc-ph
1949,5700,0.0,0,physics.soc-ph
874,1399,0.0,0,physics.soc-ph
1360,3099,0.0,0,physics.soc-ph
157,3070,0.0,0,physics.soc-ph
790,1823,0.0,0,physics.soc-ph
7588,7661,0.0,0,physics.soc-ph
1865,10581,0.0,0,physics.soc-ph
3096,3618,0.0,0,physics.soc-ph
1649,4788,0.0,0,physics.soc-ph
2639,8892,0.0,0,physics.soc-ph
1128,7179,0.0,0,physics.soc-ph
2016,9438,0.0,0,physics.soc-ph
3794,5753,0.0,0,physics.soc-ph
1456,1876,0.0,0,physics.soc-ph
1986,10983,0.0,0,physics.soc-ph
264,1987,0.0,0,physics.soc-ph
2172,4703,0.0,0,physics.soc-ph
4099,12670,0.0,0,physics.soc-ph
2476,12186,0.0,0,physics.soc-ph
2516,6053,0.0,0,physics.soc-ph
2329,8469,0.0,0,physics.soc-ph
2417,5055,0.0,0,physics.soc-ph
2236,2490,0.0,0,physics.soc-ph
8255,9175,0.0,0,physics.soc-ph
3910,4099,0.0,0,physics.soc-ph
3399,10485,0.0,0,physics.soc-ph
6061,13101,0.0,0,physics.soc-ph
774,11762,0.0,0,physics.soc-ph
464,1087,0.0,0,physics.soc-ph
601,7499,0.0,0,physics.soc-ph
209,11572,0.0,0,physics.soc-ph
946,14327,0.0,0,physics.soc-ph
1696,14020,0.0,0,physics.soc-ph
2167,9175,0.0,0,physics.soc-ph
5752,8348,0.0,0,physics.soc-ph
1020,3766,0.0,0,physics.soc-ph
4,2032,0.0,0,physics.soc-ph
2083,12061,0.0,0,physics.soc-ph
1089,6782,0.0,0,physics.soc-ph
10147,11393,0.0,0,physics.soc-ph
1087,3038,0.0,0,physics.soc-ph
151,5995,0.0,0,physics.soc-ph
10583,12570,0.0,0,physics.soc-ph
3345,11129,0.0,0,physics.soc-ph
9358,13960,0.0,0,physics.soc-ph
1090,5700,0.0,0,physics.soc-ph
3763,6138,0.0,0,physics.soc-ph
1569,10820,0.0,0,physics.soc-ph
1087,13520,0.0,0,physics.soc-ph
1457,1948,0.0,0,physics.soc-ph
693,9298,0.0,0,physics.soc-ph
6993,9293,0.0,0,physics.soc-ph
2684,9671,0.0,0,physics.soc-ph
787,8798,0.0,0,physics.soc-ph
6643,7710,0.0,0,physics.soc-ph
5871,9863,0.0,0,physics.soc-ph
7136,13897,0.0,0,physics.soc-ph
2275,14374,0.0,0,physics.soc-ph
1286,9668,0.0,0,physics.soc-ph
1315,12355,0.0,0,physics.soc-ph
3786,14119,0.0,0,physics.soc-ph
2433,7321,0.0,0,physics.soc-ph
574,8317,0.0,0,physics.soc-ph
295,4790,0.0,0,physics.soc-ph
2146,9906,0.0,0,physics.soc-ph
693,5245,0.0,0,physics.soc-ph
9541,11407,0.0,0,physics.soc-ph
1913,14241,0.0,0,physics.soc-ph
2326,7469,0.0,0,physics.soc-ph
2331,5750,0.0,0,physics.soc-ph
10315,11704,0.0,0,physics.soc-ph
1696,5752,0.0,0,physics.soc-ph
13198,14001,0.0,0,physics.soc-ph
3576,10489,0.0,0,physics.soc-ph
6893,11407,0.0,0,physics.soc-ph
131,257,0.0,0,physics.soc-ph
432,11207,0.0,0,physics.soc-ph
2454,12767,0.0,0,physics.soc-ph
2116,7277,0.0,0,physics.soc-ph
1569,3352,0.0,0,physics.soc-ph
3677,6376,0.0,0,physics.soc-ph
1291,3097,0.0,0,physics.soc-ph
446,6797,0.0,0,physics.soc-ph
9228,13301,0.0,0,physics.soc-ph
1996,9292,0.0,0,physics.soc-ph
6687,7658,0.0,0,physics.soc-ph
4365,4772,0.0,0,physics.soc-ph
317,4715,0.0,0,physics.soc-ph
8350,9505,0.0,0,physics.soc-ph
4444,13943,0.0,0,physics.soc-ph
6256,7319,0.0,0,physics.soc-ph
543,5274,0.0,0,physics.soc-ph
6860,7177,0.0,0,physics.soc-ph
4319,14366,0.0,0,physics.soc-ph
1901,8892,0.0,0,physics.soc-ph
338,8795,0.0,0,physics.soc-ph
2347,10147,0.0,0,physics.soc-ph
6892,8795,0.0,0,physics.soc-ph
555,3060,0.0,0,physics.soc-ph
689,7588,0.0,0,physics.soc-ph
2199,6376,0.0,0,physics.soc-ph
5353,13930,0.0,0,physics.soc-ph
270,5389,0.0,0,physics.soc-ph
4070,8935,0.0,0,physics.soc-ph
2235,2613,0.0,0,physics.soc-ph
1746,7675,0.0,0,physics.soc-ph
438,4564,0.0,0,physics.soc-ph
4071,10575,0.0,0,physics.soc-ph
729,13923,0.0,0,physics.soc-ph
6859,10487,0.0,0,physics.soc-ph
2013,3607,0.0,0,physics.soc-ph
157,2079,0.0,0,physics.soc-ph
6214,7815,0.0,0,physics.soc-ph
1238,5398,0.0,0,physics.soc-ph
240,5240,0.0,0,physics.soc-ph
4809,10271,0.0,0,physics.soc-ph
9444,12785,0.0,0,physics.soc-ph
2016,3617,0.0,0,physics.soc-ph
2965,11741,0.0,0,physics.soc-ph
494,9293,0.0,0,physics.soc-ph
10764,11129,0.0,0,physics.soc-ph
2780,7674,0.0,0,physics.soc-ph
2606,4251,0.0,0,physics.soc-ph
1474,6479,0.0,0,physics.soc-ph
215,5686,0.0,0,physics.soc-ph
9862,10274,0.0,0,physics.soc-ph
5929,7287,0.0,0,physics.soc-ph
1290,1374,0.0,0,physics.soc-ph
3907,11356,0.0,0,physics.soc-ph
5244,8096,0.0,0,physics.soc-ph
3890,10131,0.0,0,physics.soc-ph
497,5139,0.0,0,physics.soc-ph
481,8065,0.0,0,physics.soc-ph
787,6024,0.0,0,physics.soc-ph
7781,11571,0.0,0,physics.soc-ph
3751,14482,0.0,0,physics.soc-ph
578,1173,0.0,0,physics.soc-ph
1854,7468,0.0,0,physics.soc-ph
1290,1913,0.0,0,physics.soc-ph
6377,8767,0.0,0,physics.soc-ph
372,13137,0.0,0,physics.soc-ph
3615,4535,0.0,0,physics.soc-ph
5449,8348,0.0,0,physics.soc-ph
1617,1880,0.0,0,physics.soc-ph
6600,10581,0.0,0,physics.soc-ph
1996,2331,0.0,0,physics.soc-ph
8892,11647,0.0,0,physics.soc-ph
1900,11659,0.0,0,physics.soc-ph
784,11351,0.0,0,physics.soc-ph
1654,1813,0.0,0,physics.soc-ph
4118,4472,0.0,0,physics.soc-ph
1878,5978,0.0,0,physics.soc-ph
2048,2606,0.0,0,physics.soc-ph
8469,8795,0.7213475204444817,0,physics.soc-ph
317,5167,0.0,0,physics.soc-ph
2501,14108,0.0,0,physics.soc-ph
338,3829,0.0,0,physics.soc-ph
434,2454,0.0,0,physics.soc-ph
1239,8242,0.0,0,physics.soc-ph
3544,10639,0.0,0,physics.soc-ph
3746,4703,0.0,0,physics.soc-ph
7827,14251,0.0,0,physics.soc-ph
555,5498,0.9102392266268373,0,physics.soc-ph
473,4394,0.0,0,physics.soc-ph
120,5924,0.0,0,physics.soc-ph
4873,11203,0.0,0,physics.soc-ph
6262,11111,0.0,0,physics.soc-ph
557,1760,0.0,0,physics.soc-ph
1709,11546,0.0,0,physics.soc-ph
8349,13932,0.0,0,physics.soc-ph
2048,8370,0.0,0,physics.soc-ph
1097,2537,0.0,0,physics.soc-ph
2110,2167,0.0,0,physics.soc-ph
1609,2321,0.0,0,physics.soc-ph
1948,5143,0.0,0,physics.soc-ph
5125,14001,0.0,0,physics.soc-ph
6263,13574,0.0,0,physics.soc-ph
8851,9358,0.0,0,physics.soc-ph
1747,11505,0.0,0,physics.soc-ph
6088,7562,0.0,0,physics.soc-ph
14090,14093,1.170424445888813,1,physics.data-an
1291,466,2.422115430230083,1,physics.data-an
37,2822,0.8477065430650847,1,physics.data-an
218,7790,1.2497458438822244,1,physics.data-an
543,2634,1.4920000355841636,1,physics.data-an
424,1611,1.1871771200356946,1,physics.data-an
2822,10481,1.3028261563785035,1,physics.data-an
8678,8679,1.1022332815225997,1,physics.data-an
42,931,2.262054230720645,1,physics.data-an
2446,10673,2.0640299754485754,1,physics.data-an
677,14117,0.0,1,physics.data-an
9275,9717,1.631586747071319,1,physics.data-an
1248,7503,2.225750000401347,1,physics.data-an
6711,6713,0.9690179556831694,1,physics.data-an
5674,8204,1.2426698691192237,1,physics.data-an
6894,7710,0.0,1,physics.data-an
2208,2967,0.4170323914242463,1,physics.data-an
2808,3886,0.0,1,physics.data-an
1746,11718,0.9609582064547204,1,physics.data-an
6714,6718,1.4499163026461572,1,physics.data-an
7228,7230,0.9102392266268373,1,physics.data-an
479,484,0.7750875989339749,1,physics.data-an
5268,9308,1.1011486786235674,1,physics.data-an
93,3533,4.411596810986098,1,physics.data-an
506,505,0.6345152644389862,1,physics.data-an
4808,2479,1.0743036443092429,1,physics.data-an
4897,4898,2.8853900817779268,1,physics.data-an
597,869,1.2136523021691166,1,physics.data-an
10147,11616,5.462410508405016,1,physics.data-an
2848,2851,1.5959196230364734,1,physics.data-an
12479,14021,0.0,1,physics.data-an
716,2570,2.0916349173514703,1,physics.data-an
4453,4455,1.4426950408889634,1,physics.data-an
479,6551,2.3374294269954428,1,physics.data-an
6090,6091,0.5581106265512472,1,physics.data-an
9427,9429,1.2426698691192237,1,physics.data-an
2242,492,1.179445561110859,1,physics.data-an
782,4320,0.6213349345596119,1,physics.data-an
455,10090,0.0,1,physics.data-an
11614,11619,5.495032322235793,1,physics.data-an
975,10662,2.226010406348926,1,physics.data-an
2172,4031,0.9653486114326387,1,physics.data-an
243,244,1.9007930815553407,1,physics.data-an
1808,8694,0.6939702848331037,1,physics.data-an
468,10273,1.965394947766653,1,physics.data-an
1141,7125,0.29401410379520604,1,physics.data-an
4316,5847,0.9102392266268373,1,physics.data-an
2007,9728,0.7213475204444817,1,physics.data-an
7492,8941,1.4683498531780845,1,physics.data-an
1642,8264,0.29401410379520604,1,physics.data-an
507,505,0.9561531124866787,1,physics.data-an
754,1809,0.45511961331341866,1,physics.data-an
107,7789,0.5581106265512472,1,physics.data-an
2836,2357,1.631586747071319,1,physics.data-an
434,435,0.0,1,physics.data-an
111,720,0.29401410379520604,1,physics.data-an
1336,1337,0.43429448190325176,1,physics.data-an
280,11268,1.4426950408889634,1,physics.data-an
3556,3557,0.7213475204444817,1,physics.data-an
1548,14234,0.9751430179754935,1,physics.data-an
3460,7964,1.279458146995729,1,physics.data-an
1942,8241,0.40242960438184466,1,physics.data-an
7458,8800,0.0,1,physics.data-an
2223,1549,0.0,1,physics.data-an
5304,5305,2.037833069832207,1,physics.data-an
88,1808,0.0,1,physics.data-an
7842,458,0.0,1,physics.data-an
11614,11627,5.510915056451128,1,physics.data-an
270,2057,2.5581860106992056,1,physics.data-an
3743,9020,1.1831976470362346,1,physics.data-an
8978,8979,0.0,1,physics.data-an
397,5867,0.43429448190325176,1,physics.data-an
5309,5314,2.3271555338662315,1,physics.data-an
7038,7039,0.0,1,physics.data-an
1156,1157,0.0,1,physics.data-an
12117,12119,1.4426950408889634,1,physics.data-an
5761,13687,0.9102392266268373,1,physics.data-an
3961,12088,0.6213349345596119,1,physics.data-an
1562,4465,0.24325728130826463,1,physics.data-an
4160,4161,1.631586747071319,1,physics.data-an
677,679,2.8853900817779268,1,physics.data-an
11181,11182,1.8204784532536746,1,physics.data-an
7218,7245,0.0,1,physics.data-an
5414,6776,0.28599966750267436,1,physics.data-an
4166,3387,0.2611892565642242,1,physics.data-an
5886,5888,1.383499695585328,1,physics.data-an
105,4125,0.0,1,physics.data-an
11075,11077,0.7213475204444817,1,physics.data-an
320,9147,0.24325728130826463,1,physics.data-an
45,3836,1.3426824550040934,1,physics.data-an
159,4125,0.9102392266268373,1,physics.data-an
9603,9604,1.69334390348061,1,physics.data-an
1168,9903,0.0,1,physics.data-an
999,1001,0.0,1,physics.data-an
9810,9812,0.0,1,physics.data-an
3670,7333,2.6029939175878725,1,physics.data-an
12151,12152,0.6213349345596119,1,physics.data-an
978,5888,1.383499695585328,1,physics.data-an
4048,4049,1.4426950408889634,1,physics.data-an
172,13275,2.2876858994536624,1,physics.data-an
6150,6154,1.179445561110859,1,physics.data-an
9201,9207,3.8245915021202532,1,physics.data-an
5403,5407,1.3426824550040934,1,physics.data-an
11508,11509,1.4426950408889634,1,physics.data-an
480,1319,3.880306214501627,1,physics.data-an
5400,6387,0.6213349345596119,1,physics.data-an
11611,11633,4.272913737719692,1,physics.data-an
808,605,0.859821528652939,1,physics.data-an
874,9396,0.28853900817779266,1,physics.data-an
3202,3199,0.5581106265512472,1,physics.data-an
1211,9872,1.6087803936658083,1,physics.data-an
1470,1471,1.4426950408889634,1,physics.data-an
1291,1359,0.0,1,physics.data-an
842,2042,0.0,1,physics.data-an
7011,7289,1.2426698691192237,1,physics.data-an
4263,10526,0.0,1,physics.data-an
5551,5623,1.1529937717522936,1,physics.data-an
7881,7882,0.5138983423697507,1,physics.data-an
1500,9049,1.4426950408889634,1,physics.data-an
3813,10558,0.9102392266268373,1,physics.data-an
8156,9196,2.460465448400679,1,physics.data-an
2063,5682,0.33380820069533407,1,physics.data-an
2124,2126,1.391137573589825,1,physics.data-an
220,12818,1.382168337276733,1,physics.data-an
3202,11591,0.0,1,physics.data-an
2232,9618,1.4426950408889634,1,physics.data-an
2190,2193,2.164042561333445,1,physics.data-an
1605,2447,0.30341307554227914,1,physics.data-an
10275,10277,1.3426824550040934,1,physics.data-an
1067,1069,1.179445561110859,1,physics.data-an
51,9199,3.246102135065807,1,physics.data-an
9186,9187,1.5505157350057461,1,physics.data-an
511,6745,1.0277966847395015,1,physics.data-an
9195,9202,4.674947546327718,1,physics.data-an
721,945,0.0,1,physics.data-an
480,457,0.0,1,physics.data-an
4106,9058,0.8243889863822738,1,physics.data-an
5304,5308,3.0541113738115087,1,physics.data-an
5806,7383,0.0,1,physics.data-an
3024,9141,0.48089834696298783,1,physics.data-an
3666,3667,0.0,1,physics.data-an
1765,1838,1.4426950408889634,1,physics.data-an
2314,8037,1.5629196276297104,1,physics.data-an
8156,9255,1.0764545478730305,1,physics.data-an
5215,3284,1.066341915669732,1,physics.data-an
4583,5387,1.179445561110859,1,physics.data-an
219,1851,1.4426950408889634,1,physics.data-an
605,5760,1.552907315883986,1,physics.data-an
7491,8941,0.5581106265512472,1,physics.data-an
9988,9989,0.0,1,physics.data-an
9059,9061,0.0,1,physics.data-an
3328,7861,1.4426950408889634,1,physics.data-an
1953,5348,1.9235933878519513,1,physics.data-an
6355,8386,0.6213349345596119,1,physics.data-an
5215,12028,0.7803422481670577,1,physics.data-an
8006,8010,2.510172258855289,1,physics.data-an
925,926,0.43429448190325176,1,physics.data-an
4355,8840,0.48089834696298783,1,physics.data-an
81,14166,1.365358839940256,1,physics.data-an
5256,5258,0.8194619958060909,1,physics.data-an
8655,9148,1.0556294164628637,1,physics.data-an
1034,874,0.0,1,physics.data-an
7338,7333,2.147874304274454,1,physics.data-an
6267,551,0.30692767643013485,1,physics.data-an
978,7860,0.5138983423697507,1,physics.data-an
8025,9101,0.0,1,physics.data-an
557,2907,1.249862498521946,1,physics.data-an
14,1412,0.9102392266268373,1,physics.data-an
869,9422,0.36067376022224085,1,physics.data-an
394,6894,2.544928322411563,1,physics.data-an
5975,14073,0.679367497790702,1,physics.data-an
480,484,1.5174047394522552,1,physics.data-an
562,564,0.7213475204444817,1,physics.data-an
938,1213,0.9167012882506939,1,physics.data-an
11943,12101,0.6213349345596119,1,physics.data-an
4375,5681,0.0,1,physics.data-an
5683,9771,2.164042561333445,1,physics.data-an
3482,4605,1.2623042030127891,1,physics.data-an
1302,480,1.0609707923395904,1,physics.data-an
168,165,0.43429448190325176,1,physics.data-an
4498,9197,4.350340098322666,1,physics.data-an
1617,6770,0.8949069961890874,1,physics.data-an
4533,8512,0.9110667504160084,1,physics.data-an
1116,7564,1.8204784532536746,1,physics.data-an
1141,9135,0.0,1,physics.data-an
300,2279,1.039008973514235,1,physics.data-an
11226,11227,2.163029961668864,1,physics.data-an
287,3782,0.7283085856984578,1,physics.data-an
2579,1824,0.0,1,physics.data-an
1825,1826,0.0,1,physics.data-an
14005,14007,1.53668397291443,1,physics.data-an
3609,6783,1.3605479770987907,1,physics.data-an
4241,4242,0.0,1,physics.data-an
1045,4851,0.0,1,physics.data-an
1249,8241,1.0237645389414565,1,physics.data-an
2072,13208,0.8435665561754222,1,physics.data-an
6713,6717,0.9690179556831694,1,physics.data-an
11195,11197,0.7213475204444817,1,physics.data-an
7492,8026,0.43429448190325176,1,physics.data-an
3604,3341,1.5983871358995299,1,physics.data-an
9484,11256,2.498448922070323,1,physics.data-an
2754,10456,0.0,1,physics.data-an
9830,9831,0.8575492176952633,1,physics.data-an
730,2838,0.0,1,physics.data-an
9902,9903,0.0,1,physics.data-an
4996,4997,1.6977894824326425,1,physics.data-an
1302,481,0.2518706487516997,1,physics.data-an
8624,8625,0.0,1,physics.data-an
149,711,0.0,1,physics.data-an
11388,11389,1.696490538419975,1,physics.data-an
172,3382,1.0237645389414565,1,physics.data-an
6916,9988,0.0,1,physics.data-an
6079,6081,0.7213475204444817,1,physics.data-an
3648,3649,0.8894140952166705,1,physics.data-an
4663,6298,0.8979307383872341,1,physics.data-an
11622,11626,3.560142578660719,1,physics.data-an
4427,8548,0.0,1,physics.data-an
14,3454,0.3789231816899512,1,physics.data-an
5869,11629,4.499136193349136,1,physics.data-an
2314,6520,0.0,1,physics.data-an
11620,11634,4.847013333709935,1,physics.data-an
4605,7480,0.9163279467515955,1,physics.data-an
481,4554,1.707966004420479,1,physics.data-an
7289,7293,2.164042561333445,1,physics.data-an
807,4089,0.648466181139459,1,physics.data-an
1942,8240,1.12287507134837,1,physics.data-an
1291,1599,1.2426698691192237,1,physics.data-an
6077,6981,0.0,1,physics.data-an
6245,6249,3.0286023521797114,1,physics.data-an
14012,14014,1.072008968920998,1,physics.data-an
2917,8477,1.2022458674074694,1,physics.data-an
5084,5085,0.0,1,physics.data-an
1112,1232,1.2426698691192237,1,physics.data-an
395,9576,0.8367240862850964,1,physics.data-an
718,719,2.8853900817779268,1,physics.data-an
73,8315,0.0,1,physics.data-an
7523,7524,1.4426950408889634,1,physics.data-an
3354,914,0.2835784920513334,1,physics.data-an
207,14087,0.7213475204444817,1,physics.data-an
4267,8563,1.9744138032363516,1,physics.data-an
3646,9912,2.8853900817779268,1,physics.data-an
2976,2997,1.490113028390665,1,physics.data-an
1193,10685,2.3374791443368323,1,physics.data-an
83,2280,0.0,1,physics.data-an
87,2125,0.0,1,physics.data-an
2120,6352,0.5138983423697507,1,physics.data-an
5312,5313,3.2609040686498436,1,physics.data-an
4339,4342,1.631586747071319,1,physics.data-an
2438,3798,0.0,1,physics.data-an
11610,11634,5.6017250187420515,1,physics.data-an
6238,6239,0.0,1,physics.data-an
4685,6127,0.45511961331341866,1,physics.data-an
1362,5621,0.5138983423697507,1,physics.data-an
6654,6655,0.0,1,physics.data-an
9552,9553,0.9102392266268373,1,physics.data-an
3382,3384,0.6213349345596119,1,physics.data-an
37,1710,2.3701499330841784,1,physics.data-an
1487,1489,1.631586747071319,1,physics.data-an
9550,9554,2.352934267515801,1,physics.data-an
8156,8157,0.24325728130826463,1,physics.data-an
2797,14,0.3789231816899512,1,physics.data-an
12016,12017,0.9617966939259757,1,physics.data-an
481,5965,1.4607119751735873,1,physics.data-an
20,6969,0.0,1,physics.data-an
564,793,0.6213349345596119,1,physics.data-an
6551,9596,0.737707557445531,1,physics.data-an
4240,4244,1.8204784532536746,1,physics.data-an
46,47,0.33380820069533407,1,physics.data-an
9403,9717,0.7213475204444817,1,physics.data-an
5304,5311,2.6384613949106592,1,physics.data-an
10419,11301,1.270912986849078,1,physics.data-an
82,84,0.6456868856901092,1,physics.data-an
2265,2266,0.6213349345596119,1,physics.data-an
54,634,0.8044138001116603,1,physics.data-an
4147,4148,0.0,1,physics.data-an
8680,8686,1.9866937744998678,1,physics.data-an
2577,4061,0.32351545314867247,1,physics.data-an
3884,3885,0.0,1,physics.data-an
14,1144,0.7803422481670577,1,physics.data-an
45,6676,1.7765032415842974,1,physics.data-an
172,860,1.660343908073847,1,physics.data-an
9266,14141,0.5581106265512472,1,physics.data-an
804,7312,0.8079124461649567,1,physics.data-an
11067,11070,3.241047481369015,1,physics.data-an
1968,10304,1.8204784532536746,1,physics.data-an
3604,3606,2.543500555570109,1,physics.data-an
3092,3094,1.631586747071319,1,physics.data-an
218,7791,1.936329146503975,1,physics.data-an
6226,6227,2.8853900817779268,1,physics.data-an
209,1116,1.482858636653138,1,physics.data-an
5141,5695,1.8640048036788355,1,physics.data-an
7194,9255,1.5903528902427813,1,physics.data-an
83,8806,1.1162212531024944,1,physics.data-an
4676,4677,0.7213475204444817,1,physics.data-an
4663,4665,1.1237771248263264,1,physics.data-an
11611,10147,4.544416632059989,1,physics.data-an
6709,6718,1.4499163026461572,1,physics.data-an
172,9722,1.3001104718781173,1,physics.data-an
3579,9203,3.628039043392897,1,physics.data-an
1230,434,1.0609707923395904,1,physics.data-an
1001,6576,0.9102392266268373,1,physics.data-an
764,2340,2.0640299754485754,1,physics.data-an
11610,11631,5.309752309917867,1,physics.data-an
782,2367,1.0125605573802658,1,physics.data-an
2046,5309,2.696201647707345,1,physics.data-an
4062,4063,0.0,1,physics.data-an
551,10594,0.0,1,physics.data-an
7218,7246,0.48089834696298783,1,physics.data-an
3375,447,0.7213475204444817,1,physics.data-an
5307,5316,1.7135798223712022,1,physics.data-an
251,6475,0.7697775937575435,1,physics.data-an
2225,9333,0.2729584204093974,1,physics.data-an
303,8031,0.6213349345596119,1,physics.data-an
252,39,0.8079124461649567,1,physics.data-an
1817,4337,0.0,1,physics.data-an
5083,10052,1.094978889785073,1,physics.data-an
72,2680,0.5581106265512472,1,physics.data-an
762,13678,1.328114141549213,1,physics.data-an
6685,4515,0.35295612386476116,1,physics.data-an
1425,6551,0.0,1,physics.data-an
4557,4560,1.6436765627404784,1,physics.data-an
172,13115,3.481841148251835,1,physics.data-an
913,317,1.4426950408889634,1,physics.data-an
7730,7982,0.0,1,physics.data-an
564,565,0.0,1,physics.data-an
5307,5309,1.2792853404679505,1,physics.data-an
419,3024,1.391137573589825,1,physics.data-an
5600,5601,1.4426950408889634,1,physics.data-an
7433,7434,1.7933564893654796,1,physics.data-an
684,11257,0.8493173027712096,1,physics.data-an
638,839,0.5581106265512472,1,physics.data-an
710,2255,1.1162212531024944,1,physics.data-an
2805,9082,1.1017566717709957,1,physics.data-an
2256,5445,0.24325728130826463,1,physics.data-an
4547,8823,3.6158103929680006,1,physics.data-an
11806,11807,0.6213349345596119,1,physics.data-an
873,1856,1.179445561110859,1,physics.data-an
874,1291,0.0,1,physics.data-an
68,874,0.3898712452512801,1,physics.data-an
2935,2933,1.4426950408889634,1,physics.data-an
11227,11231,2.055593369479003,1,physics.data-an
7020,7508,2.541825973698156,1,physics.data-an
3258,6361,0.0,1,physics.data-an
1318,4165,0.43429448190325176,1,physics.data-an
1282,1283,0.0,1,physics.data-an
9199,9200,2.7497624744618796,1,physics.data-an
14089,14092,1.8522797070854433,1,physics.data-an
8307,8311,1.1162212531024944,1,physics.data-an
10324,10325,0.0,1,physics.data-an
721,10007,1.2352458628142324,1,physics.data-an
1196,10684,2.0668056582537364,1,physics.data-an
1881,2908,1.0277966847395015,1,physics.data-an
1145,1519,0.7872338670396586,1,physics.data-an
2822,809,0.6281622800729012,1,physics.data-an
683,3512,1.933084592563132,1,physics.data-an
90,64,0.0,1,physics.data-an
3016,7026,0.8894140952166705,1,physics.data-an
4131,4132,0.6867643245600952,1,physics.data-an
7763,10681,1.660343908073847,1,physics.data-an
3200,3204,0.0,1,physics.data-an
4193,10002,0.0,1,physics.data-an
48,40,0.5709519972040634,1,physics.data-an
2507,2509,0.9102392266268373,1,physics.data-an
9552,9554,0.9102392266268373,1,physics.data-an
684,11886,0.29120667621996243,1,physics.data-an
2120,5288,1.5583687428008102,1,physics.data-an
573,6435,0.0,1,physics.data-an
5510,5512,0.0,1,physics.data-an
5075,5077,1.8204784532536746,1,physics.data-an
395,3202,0.36926937306885504,1,physics.data-an
8984,8986,1.424137568996588,1,physics.data-an
2676,4132,1.966222471555824,1,physics.data-an
9913,9914,0.0,1,physics.data-an
83,14166,0.45511961331341866,1,physics.data-an
941,2255,1.179445561110859,1,physics.data-an
5083,7019,1.2982097648750177,1,physics.data-an
1161,11155,0.0,1,physics.data-an
2311,2310,0.0,1,physics.data-an
6847,6848,1.4426950408889634,1,physics.data-an
1451,1454,1.631586747071319,1,physics.data-an
14167,14168,0.0,1,physics.data-an
869,8452,1.4426950408889634,1,physics.data-an
970,971,0.0,1,physics.data-an
7949,4373,0.36926937306885504,1,physics.data-an
38,1743,1.7603564939587169,1,physics.data-an
632,6309,1.1022332815225997,1,physics.data-an
804,2045,0.0,1,physics.data-an
7949,8296,0.0,1,physics.data-an
1621,1150,2.589756921999694,1,physics.data-an
592,6525,0.0,1,physics.data-an
1587,5427,0.3284587387530511,1,physics.data-an
4211,4212,2.164042561333445,1,physics.data-an
266,268,0.0,1,physics.data-an
7778,10743,0.0,1,physics.data-an
949,6567,0.0,1,physics.data-an
5882,5883,0.9102392266268373,1,physics.data-an
220,4663,1.2956549984985375,1,physics.data-an
2108,484,0.8598745986309444,1,physics.data-an
6102,8353,0.3898712452512801,1,physics.data-an
4381,7791,0.872152004737665,1,physics.data-an
7964,7965,1.279458146995729,1,physics.data-an
6625,9813,0.0,1,physics.data-an
243,248,1.800780495670471,1,physics.data-an
7711,7712,2.5178269258265518,1,physics.data-an
416,4371,0.9102392266268373,1,physics.data-an
3493,10895,0.6213349345596119,1,physics.data-an
6364,6365,0.0,1,physics.data-an
318,319,0.0,1,physics.data-an
11629,11633,4.526540282066035,1,physics.data-an
3240,5805,1.631586747071319,1,physics.data-an
5586,5587,1.5971196000654824,1,physics.data-an
4994,4998,1.690365476127651,1,physics.data-an
432,4628,0.0,1,physics.data-an
1809,14114,0.48089834696298783,1,physics.data-an
660,11195,0.7213475204444817,1,physics.data-an
300,958,0.7110464952194524,1,physics.data-an
4279,4283,1.072008968920998,1,physics.data-an
941,7865,2.4221154302300825,1,physics.data-an
1022,12757,1.4426950408889634,1,physics.data-an
1817,2993,2.7221531878846923,1,physics.data-an
5996,6196,1.8669772110464906,1,physics.data-an
9403,9275,0.7213475204444817,1,physics.data-an
5822,5823,0.9102392266268373,1,physics.data-an
6470,6471,0.0,1,physics.data-an
451,10172,0.0,1,physics.data-an
144,8494,0.7213475204444817,1,physics.data-an
8156,8155,0.24325728130826463,1,physics.data-an
8477,8684,1.4426950408889634,1,physics.data-an
4342,4343,0.7213475204444817,1,physics.data-an
4557,4558,1.863385653139242,1,physics.data-an
5867,7157,2.0867063603847376,1,physics.data-an
1141,3292,0.6213349345596119,1,physics.data-an
6624,14178,0.8192998831154714,1,physics.data-an
2507,8089,0.45511961331341866,1,physics.data-an
2442,8688,0.5138983423697507,1,physics.data-an
1599,7710,1.800780495670471,1,physics.data-an
718,4124,0.0,1,physics.data-an
481,2799,2.076917578816453,1,physics.data-an
5363,7792,0.0,1,physics.data-an
6288,11740,0.0,1,physics.data-an
6789,12189,1.1764671337579005,1,physics.data-an
10099,10155,0.5138983423697507,1,physics.data-an
3579,9197,3.1732180689314733,1,physics.data-an
2062,9677,1.1387067282096357,1,physics.data-an
3245,3246,0.9102392266268373,1,physics.data-an
1407,8931,0.6213349345596119,1,physics.data-an
11622,11634,3.88860131741377,1,physics.data-an
4596,6302,0.7213475204444817,1,physics.data-an
2994,2996,1.179445561110859,1,physics.data-an
5415,5446,1.670667602086693,1,physics.data-an
8024,8025,1.8325662861402434,1,physics.data-an
1484,90,0.5581106265512472,1,physics.data-an
716,6789,0.0,1,physics.data-an
734,4931,0.9102392266268373,1,physics.data-an
1161,11154,0.0,1,physics.data-an
9296,9297,0.0,1,physics.data-an
2045,9472,0.30692767643013485,1,physics.data-an
4665,4949,1.8216182225789146,1,physics.data-an
6540,6541,0.9102392266268373,1,physics.data-an
1141,1350,1.1250831507558505,1,physics.data-an
2120,2122,1.4426950408889634,1,physics.data-an
11804,11805,0.0,1,physics.data-an
2394,2393,0.0,1,physics.data-an
8738,8739,1.4683498531780845,1,physics.data-an
4309,4310,0.0,1,physics.data-an
716,2074,0.9840448314583448,1,physics.data-an
4419,4675,0.35295612386476116,1,physics.data-an
3206,9015,0.0,1,physics.data-an
54,2844,0.7694373551407805,1,physics.data-an
11155,11156,1.2440474273221713,1,physics.data-an
10619,10623,0.6213349345596119,1,physics.data-an
6489,6491,1.4139269162043515,1,physics.data-an
807,4837,1.3245445090663992,1,physics.data-an
543,4629,0.6668091386601375,1,physics.data-an
6731,6732,1.2352458628142324,1,physics.data-an
866,4472,3.4435007083291738,1,physics.data-an
7276,10661,1.613740043014111,1,physics.data-an
1381,1691,0.6213349345596119,1,physics.data-an
782,2234,0.6674621898677439,1,physics.data-an
4019,11920,0.0,1,physics.data-an
1019,5699,0.7213475204444817,1,physics.data-an
11609,11618,4.56552253278565,1,physics.data-an
387,1020,1.2745816091195097,1,physics.data-an
9299,9304,2.820228744825816,1,physics.data-an
260,481,0.6964437081770507,1,physics.data-an
2791,2792,0.9102392266268373,1,physics.data-an
2004,2003,0.5581106265512472,1,physics.data-an
83,9203,4.518217388742431,1,physics.data-an
2273,2274,0.0,1,physics.data-an
985,6353,1.4426950408889634,1,physics.data-an
300,83,0.2769378934088574,1,physics.data-an
4850,4851,0.0,1,physics.data-an
7494,8024,0.3898712452512801,1,physics.data-an
540,1790,1.4426950408889634,1,physics.data-an
5908,5909,0.5581106265512472,1,physics.data-an
4554,4558,1.1498553778692318,1,physics.data-an
9173,11068,2.886414149263514,1,physics.data-an
6861,11075,0.7213475204444817,1,physics.data-an
5442,10656,0.0,1,physics.data-an
4280,4282,2.526370850519188,1,physics.data-an
4165,7323,0.5581106265512472,1,physics.data-an
1903,4410,0.0,1,physics.data-an
416,8241,1.0237645389414565,1,physics.data-an
1967,4218,1.424137568996588,1,physics.data-an
1150,1362,0.2611892565642242,1,physics.data-an
2686,14004,0.43429448190325176,1,physics.data-an
269,99,0.8920125081669197,1,physics.data-an
1587,11769,0.3284587387530511,1,physics.data-an
666,2711,0.8477065430650847,1,physics.data-an
11618,11633,5.22366054870022,1,physics.data-an
2308,2309,0.0,1,physics.data-an
11156,14069,1.2440474273221713,1,physics.data-an
8694,7791,0.4170323914242463,1,physics.data-an
4972,9736,0.0,1,physics.data-an
578,5612,1.7878111386354802,1,physics.data-an
2289,10490,0.9110667504160084,1,physics.data-an
4778,4779,0.0,1,physics.data-an
5414,5446,1.6068016465479515,1,physics.data-an
4293,5356,2.158997815870819,1,physics.data-an
269,83,1.8404554086195755,1,physics.data-an
11613,11631,4.885134146931609,1,physics.data-an
7879,7881,0.9947966893327386,1,physics.data-an
11245,11247,0.0,1,physics.data-an
4745,4747,1.4426950408889634,1,physics.data-an
7878,7882,1.5304084895736805,1,physics.data-an
11614,11632,4.901246278794217,1,physics.data-an
9403,14141,1.179445561110859,1,physics.data-an
61,1027,0.40242960438184466,1,physics.data-an
13187,14004,0.3284587387530511,1,physics.data-an
5869,11627,4.527818243999336,1,physics.data-an
5888,11004,1.391137573589825,1,physics.data-an
1034,83,2.1367379165375042,1,physics.data-an
159,5081,0.9102392266268373,1,physics.data-an
698,703,2.4853397382384474,1,physics.data-an
172,78,1.9506748599780155,1,physics.data-an
2214,4332,0.7213475204444817,1,physics.data-an
2960,2961,0.0,1,physics.data-an
872,875,0.8756697127036541,1,physics.data-an
4089,1291,0.6213349345596119,1,physics.data-an
1849,6400,1.391137573589825,1,physics.data-an
2798,2799,2.7982650992609344,1,physics.data-an
11622,11624,3.56759035260356,1,physics.data-an
11224,11231,1.5416950271092522,1,physics.data-an
7335,7341,3.1047173959610275,1,physics.data-an
1817,3283,1.4426950408889634,1,physics.data-an
2738,4356,0.9102392266268373,1,physics.data-an
4053,4054,0.0,1,physics.data-an
4262,5132,0.990604307628467,1,physics.data-an
6669,6670,1.4426950408889634,1,physics.data-an
8023,8024,0.3898712452512801,1,physics.data-an
2485,5839,0.40242960438184466,1,physics.data-an
72,5705,0.3898712452512801,1,physics.data-an
4625,4626,0.9102392266268373,1,physics.data-an
479,5309,2.696201647707345,1,physics.data-an
683,11174,0.36926937306885504,1,physics.data-an
1618,1803,0.9102392266268373,1,physics.data-an
1199,1200,0.0,1,physics.data-an
10651,10653,0.0,1,physics.data-an
591,1967,1.6945191138063835,1,physics.data-an
6873,6874,1.8204784532536746,1,physics.data-an
857,6693,0.3459762562611936,1,physics.data-an
6,8053,0.6790248101903643,1,physics.data-an
3477,5105,2.164042561333445,1,physics.data-an
5235,945,1.631586747071319,1,physics.data-an
4263,10527,0.36926937306885504,1,physics.data-an
2025,3041,0.0,1,physics.data-an
1150,4560,1.7511131549303396,1,physics.data-an
1410,10005,0.0,1,physics.data-an
407,5084,0.0,1,physics.data-an
6157,9830,0.8575492176952633,1,physics.data-an
3557,3559,1.4426950408889634,1,physics.data-an
6279,3856,1.1022332815225997,1,physics.data-an
10335,10337,0.0,1,physics.data-an
578,874,5.041885393020773,1,physics.data-an
1078,1077,0.2835784920513334,1,physics.data-an
7490,7491,0.3898712452512801,1,physics.data-an
7143,7144,1.8235808019670814,1,physics.data-an
1445,5676,3.6956167225198944,1,physics.data-an
218,562,0.45511961331341866,1,physics.data-an
1511,14007,0.915349038354818,1,physics.data-an
1150,3387,1.59341447685471,1,physics.data-an
7724,9142,0.3459762562611936,1,physics.data-an
1425,7943,0.0,1,physics.data-an
1765,2632,1.4426950408889634,1,physics.data-an
3915,10521,0.0,1,physics.data-an
2070,5632,0.0,1,physics.data-an
2577,7791,0.9673111908208054,1,physics.data-an
11616,11630,4.880551995802909,1,physics.data-an
481,8105,0.7740486022172197,1,physics.data-an
1121,6194,1.9302015190548554,1,physics.data-an
4493,14156,0.0,1,physics.data-an
2214,4949,0.7213475204444817,1,physics.data-an
263,9418,0.0,1,physics.data-an
83,11606,1.6558395695745163,1,physics.data-an
792,793,0.6213349345596119,1,physics.data-an
715,11630,5.877317213711539,1,physics.data-an
2242,2873,0.7316903718683712,1,physics.data-an
5148,5356,1.5376628813112072,1,physics.data-an
1558,6175,0.9102392266268373,1,physics.data-an
3197,3204,0.7213475204444817,1,physics.data-an
51,9952,0.3789231816899512,1,physics.data-an
3284,9722,0.0,1,physics.data-an
8145,8343,0.0,1,physics.data-an
5626,5628,0.0,1,physics.data-an
317,726,1.4683498531780845,1,physics.data-an
1248,1249,4.5476832301790955,1,physics.data-an
452,2641,0.6121028668670905,1,physics.data-an
11296,11373,1.4654452286135333,1,physics.data-an
3850,7743,1.4426950408889634,1,physics.data-an
7763,10685,2.0668056582537364,1,physics.data-an
2674,2675,2.2537492054201023,1,physics.data-an
6073,6074,2.0008056674402104,1,physics.data-an
2924,2928,0.43429448190325176,1,physics.data-an
7959,7961,0.5581106265512472,1,physics.data-an
1116,1334,0.48089834696298783,1,physics.data-an
7011,12800,0.7213475204444817,1,physics.data-an
209,4608,0.30341307554227914,1,physics.data-an
8554,8556,0.0,1,physics.data-an
466,2075,0.0,1,physics.data-an
1952,3432,1.49210452677388,1,physics.data-an
6059,6060,0.5138983423697507,1,physics.data-an
448,14019,0.4170323914242463,1,physics.data-an
9365,9367,1.3426824550040934,1,physics.data-an
9196,9209,2.4767786976047725,1,physics.data-an
1150,8562,1.7295391097423087,1,physics.data-an
9963,9964,1.4426950408889634,1,physics.data-an
1952,3431,1.49210452677388,1,physics.data-an
8148,8150,1.8640048036788355,1,physics.data-an
481,2041,1.9007930815553407,1,physics.data-an
7197,9570,0.0,1,physics.data-an
2071,304,1.8204784532536746,1,physics.data-an
1621,481,4.264993292622079,1,physics.data-an
7276,9187,1.1162212531024944,1,physics.data-an
1190,11823,1.365358839940256,1,physics.data-an
5222,5226,2.164042561333445,1,physics.data-an
1241,2400,0.40242960438184466,1,physics.data-an
6157,9831,0.8575492176952633,1,physics.data-an
599,1184,0.7213475204444817,1,physics.data-an
3533,8783,0.40242960438184466,1,physics.data-an
1484,7125,1.2683051622195791,1,physics.data-an
5232,11863,0.7213475204444817,1,physics.data-an
9134,9135,0.5581106265512472,1,physics.data-an
11066,11069,4.183151585517259,1,physics.data-an
3228,3229,0.0,1,physics.data-an
2917,3581,0.0,1,physics.data-an
7904,8037,0.0,1,physics.data-an
8524,14012,1.6301195954722452,1,physics.data-an
1851,8470,0.0,1,physics.data-an
9082,11758,0.32351545314867247,1,physics.data-an
2510,2514,0.9102392266268373,1,physics.data-an
11064,11068,2.7651027366454297,1,physics.data-an
1549,3292,0.0,1,physics.data-an
3743,9051,0.8942933549690093,1,physics.data-an
4481,3543,1.4979431738280955,1,physics.data-an
608,2857,0.0,1,physics.data-an
4181,7080,0.9102392266268373,1,physics.data-an
11655,11656,0.6213349345596119,1,physics.data-an
10099,10683,3.38668780696122,1,physics.data-an
1188,1189,0.7213475204444817,1,physics.data-an
479,1309,0.9370504512325937,1,physics.data-an
111,1862,1.8497221823568437,1,physics.data-an
480,5919,0.924748010101891,1,physics.data-an
2848,3860,2.4146914239250914,1,physics.data-an
87,2126,0.0,1,physics.data-an
507,720,2.2948197712354164,1,physics.data-an
868,1642,1.30656830045965,1,physics.data-an
7960,10681,0.0,1,physics.data-an
573,6737,0.7213475204444817,1,physics.data-an
1744,1747,1.7603564939587169,1,physics.data-an
1072,1130,0.2969742043733701,1,physics.data-an
4193,9254,0.48089834696298783,1,physics.data-an
7175,9365,1.3426824550040934,1,physics.data-an
10104,10105,0.0,1,physics.data-an
228,229,1.4426950408889634,1,physics.data-an
718,2085,2.7221531878846923,1,physics.data-an
5483,1572,0.7213475204444817,1,physics.data-an
7864,7868,1.3948347128363436,1,physics.data-an
6625,14178,0.8192998831154714,1,physics.data-an
985,2122,1.4426950408889634,1,physics.data-an
1808,3803,0.7213475204444817,1,physics.data-an
6745,6750,1.7491442051839832,1,physics.data-an
7218,10673,0.9820086947818527,1,physics.data-an
251,7026,0.8894140952166705,1,physics.data-an
2057,11460,0.3284587387530511,1,physics.data-an
2687,2688,0.5662567124377611,1,physics.data-an
9201,9209,4.26759095136969,1,physics.data-an
2367,1034,1.2426698691192237,1,physics.data-an
83,4402,1.4426950408889634,1,physics.data-an
3664,3667,0.0,1,physics.data-an
44,2387,0.0,1,physics.data-an
481,2024,0.2835784920513334,1,physics.data-an
5114,5115,0.0,1,physics.data-an
8006,8011,1.6243212045697804,1,physics.data-an
2935,12114,0.5839404885085159,1,physics.data-an
3454,6633,1.6450994735010684,1,physics.data-an
8663,11616,5.1452480396224285,1,physics.data-an
1953,11943,1.2426698691192237,1,physics.data-an
105,9736,0.0,1,physics.data-an
729,1967,0.2518706487516997,1,physics.data-an
7195,9569,0.5138983423697507,1,physics.data-an
214,213,1.8204784532536746,1,physics.data-an
8156,7196,1.179275241584671,1,physics.data-an
6711,6708,0.45511961331341866,1,physics.data-an
4420,4421,0.974291058424373,1,physics.data-an
5952,7770,1.1112187656957617,1,physics.data-an
4016,4017,0.29401410379520604,1,physics.data-an
83,5651,1.8204784532536746,1,physics.data-an
3782,8684,0.0,1,physics.data-an
149,1198,1.4426950408889634,1,physics.data-an
1819,7378,0.7213475204444817,1,physics.data-an
1660,5073,1.8119644139578184,1,physics.data-an
96,7860,0.5138983423697507,1,physics.data-an
1034,578,0.9370338082411984,1,physics.data-an
3512,8911,1.7795321216372195,1,physics.data-an
10017,10018,0.0,1,physics.data-an
54,166,0.0,1,physics.data-an
3278,14053,0.8833279513448324,1,physics.data-an
1549,4373,0.36926937306885504,1,physics.data-an
218,4663,0.9721395453498651,1,physics.data-an
3554,8696,0.5581106265512472,1,physics.data-an
6393,6394,0.0,1,physics.data-an
172,2214,1.4426950408889634,1,physics.data-an
941,14077,0.0,1,physics.data-an
481,483,1.0387274115308478,1,physics.data-an
5428,5429,0.4170323914242463,1,physics.data-an
6649,6653,1.8204784532536746,1,physics.data-an
8110,8112,0.0,1,physics.data-an
4194,10002,0.0,1,physics.data-an
9187,9189,1.8651737154498709,1,physics.data-an
450,1291,0.36926937306885504,1,physics.data-an
6,1067,1.6169158335528224,1,physics.data-an
6587,10458,0.26269731101386307,1,physics.data-an
1262,8510,0.0,1,physics.data-an
791,14179,1.4426950408889634,1,physics.data-an
199,5809,1.0556294164628637,1,physics.data-an
10842,13315,1.1895428124366159,1,physics.data-an
684,4763,0.6399903600563996,1,physics.data-an
152,8473,0.612581692304506,1,physics.data-an
1168,3383,0.7361299639855612,1,physics.data-an
394,6191,2.083426101202365,1,physics.data-an
6469,6470,0.0,1,physics.data-an
2020,2022,0.9102392266268373,1,physics.data-an
4547,4544,2.152909095746061,1,physics.data-an
683,3811,2.230784367426461,1,physics.data-an
11620,11627,4.863120536432689,1,physics.data-an
7970,7971,0.0,1,physics.data-an
5562,11855,0.0,1,physics.data-an
3640,1680,1.1556420023477334,1,physics.data-an
6060,3017,2.1454850894410695,1,physics.data-an
578,860,0.859821528652939,1,physics.data-an
7710,8220,0.0,1,physics.data-an
220,407,0.6193723551714452,1,physics.data-an
1328,7518,2.8853900817779268,1,physics.data-an
5304,5306,2.82508367560022,1,physics.data-an
6618,6619,0.0,1,physics.data-an
9533,9534,0.6320114371403848,1,physics.data-an
5307,5308,1.2584602090577837,1,physics.data-an
4829,8930,0.7213475204444817,1,physics.data-an
11803,11805,0.0,1,physics.data-an
766,763,1.4426950408889634,1,physics.data-an
3483,11863,0.7213475204444817,1,physics.data-an
1751,12056,0.0,1,physics.data-an
4240,2274,0.0,1,physics.data-an
1896,1897,2.352934267515801,1,physics.data-an
5510,5513,0.9102392266268373,1,physics.data-an
12133,12178,0.9102392266268373,1,physics.data-an
14080,14082,0.6213349345596119,1,physics.data-an
2111,2507,0.9102392266268373,1,physics.data-an
507,5258,1.5408095162505726,1,physics.data-an
2074,4107,0.503146484495357,1,physics.data-an
479,1606,2.112485094034307,1,physics.data-an
6089,7324,0.0,1,physics.data-an
12016,12018,1.631586747071319,1,physics.data-an
3821,9625,0.6213349345596119,1,physics.data-an
38,1747,3.2030515348476802,1,physics.data-an
11617,11625,3.8978473144990775,1,physics.data-an
1416,1417,0.25433477814404226,1,physics.data-an
8002,8011,2.8953397727581285,1,physics.data-an
6744,6750,1.7491442051839832,1,physics.data-an
8663,11629,3.832955066800582,1,physics.data-an
45,13680,0.608672084239331,1,physics.data-an
3070,3073,1.631586747071319,1,physics.data-an
3587,3589,2.164042561333445,1,physics.data-an
5464,5465,2.685364910008187,1,physics.data-an
1484,3811,1.827936787522988,1,physics.data-an
3285,5622,2.412232238323866,1,physics.data-an
3284,4859,1.6128224684912214,1,physics.data-an
2540,2541,1.0282751968746164,1,physics.data-an
10412,10413,2.598337043236697,1,physics.data-an
2485,6240,0.9163279467515955,1,physics.data-an
4053,4062,0.0,1,physics.data-an
297,11726,0.4170323914242463,1,physics.data-an
105,9737,1.4426950408889634,1,physics.data-an
1580,8325,1.631586747071319,1,physics.data-an
6708,6718,0.45511961331341866,1,physics.data-an
11360,11361,1.4482095377837934,1,physics.data-an
19,20,0.0,1,physics.data-an
6894,6878,0.0,1,physics.data-an
6710,6714,2.071251237205769,1,physics.data-an
428,9173,3.37339864009834,1,physics.data-an
11067,11069,3.7280319722038406,1,physics.data-an
7295,7296,0.0,1,physics.data-an
2072,13115,0.6213349345596119,1,physics.data-an
11615,11630,4.587485044002213,1,physics.data-an
2667,14004,0.3284587387530511,1,physics.data-an
573,12004,0.2518706487516997,1,physics.data-an
11615,11627,5.2559732309882765,1,physics.data-an
1484,96,0.990604307628467,1,physics.data-an
2257,9151,0.6213349345596119,1,physics.data-an
9358,9359,0.48089834696298783,1,physics.data-an
3750,4307,0.7435956579768509,1,physics.data-an
5311,5316,2.61268266126109,1,physics.data-an
11101,11102,1.631586747071319,1,physics.data-an
7823,9739,1.4426950408889634,1,physics.data-an
3090,3091,1.631586747071319,1,physics.data-an
382,2708,0.5138983423697507,1,physics.data-an
1633,2242,1.3272716180510837,1,physics.data-an
6756,6758,0.0,1,physics.data-an
6157,7607,0.8575492176952633,1,physics.data-an
2225,9331,0.2729584204093974,1,physics.data-an
4558,4560,1.3824873061762541,1,physics.data-an
6731,6733,1.2352458628142324,1,physics.data-an
2111,9607,3.2434755365594343,1,physics.data-an
5256,6776,0.6213349345596119,1,physics.data-an
10444,11805,0.0,1,physics.data-an
7885,4904,1.631586747071319,1,physics.data-an
5510,5511,0.9102392266268373,1,physics.data-an
5806,9688,0.0,1,physics.data-an
6156,5239,1.1237771248263264,1,physics.data-an
3750,6439,0.3396232718951086,1,physics.data-an
578,2713,0.0,1,physics.data-an
3239,12160,1.4426950408889634,1,physics.data-an
3199,3200,0.5581106265512472,1,physics.data-an
5414,7112,1.1054616633087653,1,physics.data-an
8024,9101,0.0,1,physics.data-an
3231,4395,0.9102392266268373,1,physics.data-an
1819,1628,1.751811333812066,1,physics.data-an
4596,6619,0.0,1,physics.data-an
633,2844,0.28853900817779266,1,physics.data-an
8040,8041,0.9102392266268373,1,physics.data-an
1587,6694,0.7213475204444817,1,physics.data-an
17,5387,2.0896847877376965,1,physics.data-an
4261,5131,0.7213475204444817,1,physics.data-an
2274,5947,0.0,1,physics.data-an
238,239,0.0,1,physics.data-an
4573,8044,0.0,1,physics.data-an
4003,4005,0.9102392266268373,1,physics.data-an
96,13390,0.0,1,physics.data-an
734,4934,0.9102392266268373,1,physics.data-an
8149,8151,1.9640173895637054,1,physics.data-an
2786,4847,1.9235933878519513,1,physics.data-an
507,6104,1.1383799118687281,1,physics.data-an
14141,14142,1.179445561110859,1,physics.data-an
11429,11431,1.4426950408889634,1,physics.data-an
9223,9226,1.4426950408889634,1,physics.data-an
3579,9196,2.5244323614605935,1,physics.data-an
385,9016,1.2631953504915985,1,physics.data-an
218,407,0.6193723551714452,1,physics.data-an
397,159,0.0,1,physics.data-an
1117,6401,2.441813387813286,1,physics.data-an
4160,5135,1.8204784532536746,1,physics.data-an
251,2394,2.0245419380444822,1,physics.data-an
684,1967,0.5288085421605571,1,physics.data-an
7666,7667,0.0,1,physics.data-an
666,12866,0.33380820069533407,1,physics.data-an
2208,14152,0.0,1,physics.data-an
83,1704,0.5581106265512472,1,physics.data-an
945,7104,1.631586747071319,1,physics.data-an
591,7943,0.5138983423697507,1,physics.data-an
5625,5626,1.4426950408889634,1,physics.data-an
218,1385,5.440661549150427,1,physics.data-an
8246,8247,0.7213475204444817,1,physics.data-an
6789,6788,2.8382194629586337,1,physics.data-an
10555,10557,0.5581106265512472,1,physics.data-an
729,805,1.224897207070962,1,physics.data-an
5196,10171,0.8415721071852287,1,physics.data-an
6150,6152,1.9007930815553407,1,physics.data-an
3198,3200,1.013230239864666,1,physics.data-an
10411,10414,1.631586747071319,1,physics.data-an
432,607,0.0,1,physics.data-an
3360,11521,0.40242960438184466,1,physics.data-an
4263,11440,1.631586747071319,1,physics.data-an
172,9701,2.0091125391857325,1,physics.data-an
5867,11987,1.6956385788688546,1,physics.data-an
718,8573,1.279458146995729,1,physics.data-an
7173,8518,1.8204784532536746,1,physics.data-an
8663,11610,4.917354097540653,1,physics.data-an
1616,7276,1.179445561110859,1,physics.data-an
10671,10673,1.0820212806667224,1,physics.data-an
6789,10925,0.0,1,physics.data-an
4381,3802,0.48089834696298783,1,physics.data-an
6246,6247,1.0277966847395015,1,physics.data-an
3802,3803,0.7213475204444817,1,physics.data-an
4629,8249,0.0,1,physics.data-an
985,6674,0.0,1,physics.data-an
2314,9248,3.624158553089755,1,physics.data-an
5974,11857,1.4426950408889634,1,physics.data-an
9108,9109,0.9102392266268373,1,physics.data-an
6334,8985,2.553913806584725,1,physics.data-an
7763,10682,2.174242250443598,1,physics.data-an
765,14080,0.0,1,physics.data-an
1642,8265,0.29401410379520604,1,physics.data-an
11916,11917,2.541825973698156,1,physics.data-an
17,5389,1.179445561110859,1,physics.data-an
4946,4947,0.949793673312663,1,physics.data-an
172,66,2.2578050719190776,1,physics.data-an
807,808,0.68392735351298,1,physics.data-an
4648,6996,0.0,1,physics.data-an
11656,11919,0.0,1,physics.data-an
8404,7143,0.0,1,physics.data-an
208,211,1.221722214475261,1,physics.data-an
5572,9802,1.344533708530089,1,physics.data-an
1951,1952,0.870769592214268,1,physics.data-an
1191,2317,0.0,1,physics.data-an
209,250,2.6079371080987555,1,physics.data-an
11558,11611,0.8575492176952633,1,physics.data-an
608,6724,0.0,1,physics.data-an
6346,6349,1.4426950408889634,1,physics.data-an
2388,44,0.0,1,physics.data-an
2609,10879,0.40242960438184466,1,physics.data-an
14091,14093,1.170424445888813,1,physics.data-an
7967,9762,1.4426950408889634,1,physics.data-an
103,104,0.3898712452512801,1,physics.data-an
2233,4972,1.1553333419772325,1,physics.data-an
3113,3116,1.0743036443092429,1,physics.data-an
1150,9111,0.8035638549721068,1,physics.data-an
8507,8509,0.0,1,physics.data-an
5875,6766,0.40242960438184466,1,physics.data-an
6994,6995,0.0,1,physics.data-an
1248,8241,1.0237645389414565,1,physics.data-an
1425,1967,0.5430773249716621,1,physics.data-an
1211,6586,0.5581106265512472,1,physics.data-an
4951,4952,2.4853397382384474,1,physics.data-an
840,6633,2.730717679880512,1,physics.data-an
220,503,0.4170323914242463,1,physics.data-an
1953,8468,0.5138983423697507,1,physics.data-an
1751,1985,0.9102392266268373,1,physics.data-an
5694,5697,1.800780495670471,1,physics.data-an
660,2668,1.2352458628142324,1,physics.data-an
478,3692,0.0,1,physics.data-an
2731,1599,0.9102392266268373,1,physics.data-an
1824,1826,0.0,1,physics.data-an
1484,1660,0.990604307628467,1,physics.data-an
5215,5402,0.2222316216158104,1,physics.data-an
6896,6897,0.9820086947818527,1,physics.data-an
11516,11517,0.0,1,physics.data-an
14080,14081,0.0,1,physics.data-an
1617,10663,0.8727686069953721,1,physics.data-an
1751,1941,0.0,1,physics.data-an
415,2738,0.0,1,physics.data-an
6322,10382,0.0,1,physics.data-an
3366,7818,1.9551022002199916,1,physics.data-an
7011,7292,1.9640173895637054,1,physics.data-an
4428,8211,1.3426824550040934,1,physics.data-an
6711,6709,1.4499163026461572,1,physics.data-an
7959,7962,1.279458146995729,1,physics.data-an
10168,10170,2.5212259626369966,1,physics.data-an
2511,2513,2.352934267515801,1,physics.data-an
1881,11606,1.9704975500186412,1,physics.data-an
1484,3340,1.750556022112845,1,physics.data-an
6439,6440,0.3396232718951086,1,physics.data-an
8800,8991,0.0,1,physics.data-an
8203,8204,1.2426698691192237,1,physics.data-an
9152,5747,0.0,1,physics.data-an
7490,7493,0.3898712452512801,1,physics.data-an
8297,8298,2.8853900817779268,1,physics.data-an
11558,11591,0.40242960438184466,1,physics.data-an
11611,11631,4.575734907877058,1,physics.data-an
869,578,1.8597274323132096,1,physics.data-an
1466,4022,0.9360179602764065,1,physics.data-an
578,13209,1.072008968920998,1,physics.data-an
452,10067,0.33380820069533407,1,physics.data-an
3605,5551,2.432279112220244,1,physics.data-an
4015,4017,0.29401410379520604,1,physics.data-an
172,13209,2.1172419717112154,1,physics.data-an
1132,1133,1.4426950408889634,1,physics.data-an
926,4542,1.4426950408889634,1,physics.data-an
5154,7430,0.0,1,physics.data-an
3961,2660,1.7978020683175124,1,physics.data-an
5562,9111,0.43429448190325176,1,physics.data-an
1,11470,0.9102392266268373,1,physics.data-an
634,11863,0.0,1,physics.data-an
6063,8406,0.7213475204444817,1,physics.data-an
7123,8501,0.6213349345596119,1,physics.data-an
975,8314,0.8833279513448324,1,physics.data-an
90,11738,0.0,1,physics.data-an
11224,11226,1.6491316192991134,1,physics.data-an
207,3744,0.7082390676442087,1,physics.data-an
4152,11531,0.0,1,physics.data-an
14075,14076,1.0237645389414565,1,physics.data-an
5584,5586,1.5971196000654824,1,physics.data-an
9283,9286,1.039008973514235,1,physics.data-an
4193,4194,1.2888107931279447,1,physics.data-an
303,304,0.7213475204444817,1,physics.data-an
715,11609,5.238547829038188,1,physics.data-an
4308,4309,0.0,1,physics.data-an
573,3353,0.8157933735356595,1,physics.data-an
10556,10557,0.5581106265512472,1,physics.data-an
8000,8010,3.4204114854821266,1,physics.data-an
2925,2927,0.43429448190325176,1,physics.data-an
869,6282,0.36067376022224085,1,physics.data-an
83,976,1.4426950408889634,1,physics.data-an
9284,9286,1.039008973514235,1,physics.data-an
432,433,0.0,1,physics.data-an
1150,4557,1.6106765673337156,1,physics.data-an
5923,7632,0.0,1,physics.data-an
10223,10879,0.40242960438184466,1,physics.data-an
4263,10525,0.36926937306885504,1,physics.data-an
2010,2011,0.6213349345596119,1,physics.data-an
4320,11702,0.40242960438184466,1,physics.data-an
413,537,0.7644768390143213,1,physics.data-an
1639,11517,0.0,1,physics.data-an
6222,8249,1.4426950408889634,1,physics.data-an
1000,1001,0.9102392266268373,1,physics.data-an
6141,6154,1.179445561110859,1,physics.data-an
597,870,0.30341307554227914,1,physics.data-an
2835,2838,0.48089834696298783,1,physics.data-an
302,303,0.7213475204444817,1,physics.data-an
8823,11064,2.893989177200471,1,physics.data-an
1328,4573,0.6213349345596119,1,physics.data-an
1326,9107,0.5581106265512472,1,physics.data-an
13983,13984,0.9102392266268373,1,physics.data-an
266,267,0.0,1,physics.data-an
6708,6714,0.45511961331341866,1,physics.data-an
1350,801,2.164042561333445,1,physics.data-an
1045,4717,2.352934267515801,1,physics.data-an
9666,9667,0.0,1,physics.data-an
397,1707,0.0,1,physics.data-an
4946,4948,0.949793673312663,1,physics.data-an
6711,6715,1.963814645015908,1,physics.data-an
6279,11378,0.0,1,physics.data-an
479,591,0.6465509483252434,1,physics.data-an
4607,9081,1.8204784532536746,1,physics.data-an
153,1175,1.2352458628142324,1,physics.data-an
4596,4597,0.0,1,physics.data-an
228,230,0.0,1,physics.data-an
66,640,1.4475247217679175,1,physics.data-an
11625,11632,4.221867998175593,1,physics.data-an
138,10567,0.0,1,physics.data-an
10473,10474,0.5581106265512472,1,physics.data-an
7949,14084,2.17908106826511,1,physics.data-an
7069,7070,1.4426950408889634,1,physics.data-an
8194,8196,1.923593387851951,1,physics.data-an
934,6603,1.8204784532536746,1,physics.data-an
866,9268,0.7213475204444817,1,physics.data-an
4856,4857,1.4426950408889634,1,physics.data-an
4106,6112,1.6312926230578002,1,physics.data-an
370,10810,0.7213475204444817,1,physics.data-an
2577,11808,0.9673111908208054,1,physics.data-an
1617,10661,0.8727686069953721,1,physics.data-an
1849,6402,1.391137573589825,1,physics.data-an
5310,5311,2.659286526320826,1,physics.data-an
10016,10017,0.0,1,physics.data-an
6102,9056,0.0,1,physics.data-an
1077,8073,0.0,1,physics.data-an
3202,6486,0.45511961331341866,1,physics.data-an
2638,2641,1.8627788075876217,1,physics.data-an
11611,11626,4.529719128098942,1,physics.data-an
37,416,1.949445029833263,1,physics.data-an
8510,8511,0.0,1,physics.data-an
914,10306,1.4426950408889634,1,physics.data-an
51,4498,4.438242980348962,1,physics.data-an
3606,5624,0.4170323914242463,1,physics.data-an
665,1369,0.0,1,physics.data-an
562,566,1.1764671337579005,1,physics.data-an
7665,7666,1.4426950408889634,1,physics.data-an
466,1359,0.0,1,physics.data-an
562,4241,0.0,1,physics.data-an
6198,9143,0.9673111908208054,1,physics.data-an
2786,4845,1.391137573589825,1,physics.data-an
11617,11623,4.9145418065753,1,physics.data-an
48,1484,0.8521247303464532,1,physics.data-an
55,1395,0.5511166407612998,1,physics.data-an
61,938,0.5138983423697507,1,physics.data-an
6309,11100,1.1022332815225997,1,physics.data-an
7960,10685,1.0277966847395015,1,physics.data-an
1851,9513,1.4426950408889634,1,physics.data-an
3646,13309,0.0,1,physics.data-an
1616,804,1.262639852246652,1,physics.data-an
7175,9366,0.6213349345596119,1,physics.data-an
1230,11387,1.279458146995729,1,physics.data-an
4387,4694,1.4426950408889634,1,physics.data-an
2584,434,0.0,1,physics.data-an
782,111,2.09165996262414,1,physics.data-an
172,2713,0.0,1,physics.data-an
8000,8013,3.3885466079607194,1,physics.data-an
2255,7866,1.7375561876621064,1,physics.data-an
7293,7294,0.43429448190325176,1,physics.data-an
578,4394,1.1496116212359127,1,physics.data-an
6918,8472,1.013230239864666,1,physics.data-an
3483,634,1.6634626974338902,1,physics.data-an
96,7861,0.0,1,physics.data-an
6708,6712,1.4683498531780845,1,physics.data-an
11224,11229,2.163029961668864,1,physics.data-an
5610,10470,0.7630086476854399,1,physics.data-an
2994,2997,1.490113028390665,1,physics.data-an
1425,300,0.9879843886283097,1,physics.data-an
9202,9207,4.296024364637765,1,physics.data-an
890,1444,0.9102392266268373,1,physics.data-an
1072,2658,0.29401410379520604,1,physics.data-an
5909,5910,0.5581106265512472,1,physics.data-an
8148,8149,1.2426698691192237,1,physics.data-an
9331,9332,0.2729584204093974,1,physics.data-an
11303,11347,1.6743318796537416,1,physics.data-an
481,2798,1.6391485504233045,1,physics.data-an
8156,9206,4.6922680529798235,1,physics.data-an
3122,3123,0.0,1,physics.data-an
887,8912,0.0,1,physics.data-an
1378,3493,1.9640173895637054,1,physics.data-an
8571,8573,1.1162212531024944,1,physics.data-an
10147,11609,4.919618840134388,1,physics.data-an
691,693,1.4426950408889634,1,physics.data-an
1322,1321,0.0,1,physics.data-an
5257,5415,1.078300517135799,1,physics.data-an
7960,10099,1.6491316192991134,1,physics.data-an
14128,14131,0.9102392266268373,1,physics.data-an
734,1494,0.0,1,physics.data-an
1456,7264,0.5581106265512472,1,physics.data-an
8663,11619,4.174213121988498,1,physics.data-an
62,2569,1.2993327848846339,1,physics.data-an
2025,3040,0.0,1,physics.data-an
868,14182,0.729943133291096,1,physics.data-an
3658,3657,0.318928988903801,1,physics.data-an
1072,7125,1.7492035091825668,1,physics.data-an
68,14039,0.45511961331341866,1,physics.data-an
8149,8152,1.2426698691192237,1,physics.data-an
3640,10100,0.0,1,physics.data-an
8571,8574,1.4768950133247354,1,physics.data-an
3202,3198,1.7345777603091475,1,physics.data-an
11617,11629,3.5836365266685544,1,physics.data-an
1358,3051,1.4683498531780845,1,physics.data-an
3655,557,0.0,1,physics.data-an
6767,6768,0.5581106265512472,1,physics.data-an
2596,9753,1.4426950408889634,1,physics.data-an
512,5584,1.5971196000654824,1,physics.data-an
2225,5624,1.4094374998787453,1,physics.data-an
4382,4633,0.9605402309330919,1,physics.data-an
4174,7986,0.0,1,physics.data-an
2498,10943,0.0,1,physics.data-an
7844,7851,0.9102392266268373,1,physics.data-an
4350,4351,0.0,1,physics.data-an
8246,8248,0.7213475204444817,1,physics.data-an
87,2124,0.0,1,physics.data-an
5442,10658,0.0,1,physics.data-an
11514,11516,1.8204784532536746,1,physics.data-an
3484,7245,1.3426824550040934,1,physics.data-an
3579,9201,3.567052060466704,1,physics.data-an
9614,9615,3.5941369850359512,1,physics.data-an
9082,11261,1.1017566717709957,1,physics.data-an
572,5610,1.3843435822450516,1,physics.data-an
83,81,3.4778439339745635,1,physics.data-an
1751,2517,0.0,1,physics.data-an
517,10636,0.9102392266268373,1,physics.data-an
3647,3650,0.8894140952166705,1,physics.data-an
3858,3859,1.6491316192991134,1,physics.data-an
3115,3116,1.0743036443092429,1,physics.data-an
1613,4154,0.7716989774506997,1,physics.data-an
2873,10172,0.31066746727980593,1,physics.data-an
4972,9735,0.3284587387530511,1,physics.data-an
13116,14103,0.7803422481670577,1,physics.data-an
1258,11295,0.741119280816093,1,physics.data-an
10776,10777,1.6097529993331254,1,physics.data-an
37,1638,0.0,1,physics.data-an
2283,8463,1.4426950408889634,1,physics.data-an
4465,3205,0.0,1,physics.data-an
5141,5697,0.6213349345596119,1,physics.data-an
1543,3714,0.8979307383872341,1,physics.data-an
832,2984,0.0,1,physics.data-an
5867,5572,1.344533708530089,1,physics.data-an
207,7268,1.5322200671876025,1,physics.data-an
242,245,2.6221406019998224,1,physics.data-an
1017,1018,1.4788841522548752,1,physics.data-an
1478,6375,2.0658812289745705,1,physics.data-an
506,1360,2.2372481598149494,1,physics.data-an
1638,874,0.0,1,physics.data-an
3802,9681,1.3426824550040934,1,physics.data-an
11611,11616,4.513611309352505,1,physics.data-an
5965,6564,1.179445561110859,1,physics.data-an
9612,9615,2.9728020504763393,1,physics.data-an
4304,4389,1.8033688011112043,1,physics.data-an
7139,7140,1.8235808019670814,1,physics.data-an
682,9809,0.7213475204444817,1,physics.data-an
3583,6182,0.4170323914242463,1,physics.data-an
1302,485,0.9732181691961814,1,physics.data-an
5305,5314,2.1030814378943457,1,physics.data-an
1211,1412,0.9102392266268373,1,physics.data-an
775,776,0.9102392266268373,1,physics.data-an
2120,6353,0.0,1,physics.data-an
4261,6489,1.4139269162043515,1,physics.data-an
11436,14075,1.0237645389414565,1,physics.data-an
7867,7868,2.3682982474715453,1,physics.data-an
2441,8688,0.5138983423697507,1,physics.data-an
218,7102,0.937248095162909,1,physics.data-an
958,4644,0.0,1,physics.data-an
1445,5677,1.3426824550040934,1,physics.data-an
5004,2836,0.8727686069953721,1,physics.data-an
428,927,0.40242960438184466,1,physics.data-an
10813,10815,0.9102392266268373,1,physics.data-an
8624,8627,0.0,1,physics.data-an
6776,8677,1.531574161186449,1,physics.data-an
416,413,0.7644768390143213,1,physics.data-an
9805,9808,2.874256616190543,1,physics.data-an
6861,11077,0.7213475204444817,1,physics.data-an
5669,6604,1.631586747071319,1,physics.data-an
1193,10684,2.851377486706583,1,physics.data-an
450,861,1.1324708482426478,1,physics.data-an
6916,9993,1.3426824550040934,1,physics.data-an
9761,9762,0.4170323914242463,1,physics.data-an
1621,4558,1.863385653139242,1,physics.data-an
2025,2026,3.020615521531693,1,physics.data-an
54,2755,2.611469423834359,1,physics.data-an
608,4752,0.0,1,physics.data-an
10705,10707,0.0,1,physics.data-an
9971,9973,0.0,1,physics.data-an
5965,5953,0.0,1,physics.data-an
4077,4078,0.5581106265512472,1,physics.data-an
1034,1027,0.6213349345596119,1,physics.data-an
6042,6043,0.0,1,physics.data-an
3799,6729,0.0,1,physics.data-an
6646,6647,0.0,1,physics.data-an
7960,7962,1.279458146995729,1,physics.data-an
5810,5811,1.6818877513775736,1,physics.data-an
874,861,0.6213349345596119,1,physics.data-an
840,842,0.9102392266268373,1,physics.data-an
9594,9595,0.0,1,physics.data-an
172,1518,1.1231128719750954,1,physics.data-an
4607,4606,0.8598745986309444,1,physics.data-an
6250,6244,2.3146788380402215,1,physics.data-an
1240,2489,0.0,1,physics.data-an
10617,12088,0.6213349345596119,1,physics.data-an
11618,11620,4.8328965035921305,1,physics.data-an
4829,6879,0.7213475204444817,1,physics.data-an
6596,7074,1.4426950408889634,1,physics.data-an
340,7026,2.3350875634585924,1,physics.data-an
5777,11469,0.0,1,physics.data-an
4301,4302,1.8978146542023822,1,physics.data-an
4717,3632,0.0,1,physics.data-an
1617,2632,0.9037695876210308,1,physics.data-an
9302,9303,2.2248287534043514,1,physics.data-an
2660,12088,0.6213349345596119,1,physics.data-an
2577,5921,1.631586747071319,1,physics.data-an
809,938,2.193305263381835,1,physics.data-an
543,964,1.4426950408889634,1,physics.data-an
8799,8800,0.5581106265512472,1,physics.data-an
6424,1356,0.7283085856984578,1,physics.data-an
4083,5903,1.897814654202382,1,physics.data-an
3663,11761,0.0,1,physics.data-an
840,5028,2.164042561333445,1,physics.data-an
1808,216,1.6680754669986824,1,physics.data-an
745,9928,0.48089834696298783,1,physics.data-an
1030,1032,1.4426950408889634,1,physics.data-an
4953,4956,2.7089956622435345,1,physics.data-an
112,6947,0.9102392266268373,1,physics.data-an
4712,4714,1.4426950408889634,1,physics.data-an
669,670,0.25433477814404226,1,physics.data-an
480,4165,1.698097672974686,1,physics.data-an
62,1861,0.9481928242730024,1,physics.data-an
6424,315,1.3496435202580697,1,physics.data-an
83,80,0.45511961331341866,1,physics.data-an
303,8029,0.6213349345596119,1,physics.data-an
7196,7197,1.391137573589825,1,physics.data-an
4815,4814,0.0,1,physics.data-an
887,885,0.40242960438184466,1,physics.data-an
583,1876,2.733232639996368,1,physics.data-an
1148,2727,0.5581106265512472,1,physics.data-an
684,9813,0.9102392266268373,1,physics.data-an
808,11261,0.859821528652939,1,physics.data-an
6751,4681,0.0,1,physics.data-an
6878,8220,0.0,1,physics.data-an
1229,6096,1.072008968920998,1,physics.data-an
5806,11363,0.6213349345596119,1,physics.data-an
3062,11841,0.9102392266268373,1,physics.data-an
46,408,1.2440474273221713,1,physics.data-an
578,2731,0.9037695876210308,1,physics.data-an
5181,5183,0.0,1,physics.data-an
7333,7336,2.582168786177706,1,physics.data-an
4684,6547,0.6213349345596119,1,physics.data-an
9813,9814,0.9102392266268373,1,physics.data-an
5,7,0.29401410379520604,1,physics.data-an
3780,9108,0.0,1,physics.data-an
410,8575,0.7213475204444817,1,physics.data-an
2797,112,0.0,1,physics.data-an
8819,8821,1.2638031910714342,1,physics.data-an
1572,13782,0.36067376022224085,1,physics.data-an
4182,4181,0.9102392266268373,1,physics.data-an
5447,6776,2.4389087632487354,1,physics.data-an
7824,7825,0.0,1,physics.data-an
505,5349,1.4426950408889634,1,physics.data-an
2046,5312,2.539556548205362,1,physics.data-an
678,14117,0.9102392266268373,1,physics.data-an
12800,14038,0.7213475204444817,1,physics.data-an
166,1617,2.7684603250562017,1,physics.data-an
11069,11070,3.2937374903005887,1,physics.data-an
474,2767,0.5581106265512472,1,physics.data-an
372,2802,0.0,1,physics.data-an
5832,5833,0.9102392266268373,1,physics.data-an
632,4667,1.8204784532536746,1,physics.data-an
1583,1584,0.0,1,physics.data-an
660,1328,0.5138983423697507,1,physics.data-an
5823,5824,0.9102392266268373,1,physics.data-an
5509,5512,0.0,1,physics.data-an
1141,2223,1.2281015556643433,1,physics.data-an
382,300,0.9879843886283097,1,physics.data-an
955,1933,1.318312142481411,1,physics.data-an
679,7127,0.0,1,physics.data-an
4613,10908,1.2426698691192237,1,physics.data-an
573,10621,0.6213349345596119,1,physics.data-an
2223,1824,0.6213349345596119,1,physics.data-an
11244,11245,0.9102392266268373,1,physics.data-an
480,485,2.2620453767043984,1,physics.data-an
1545,10900,0.7213475204444817,1,physics.data-an
1067,2120,0.7213475204444817,1,physics.data-an
507,10725,0.5138983423697507,1,physics.data-an
2312,9430,0.0,1,physics.data-an
3258,4848,0.0,1,physics.data-an
11609,11617,4.581630351532087,1,physics.data-an
218,1146,0.9102392266268373,1,physics.data-an
1808,9707,0.0,1,physics.data-an
481,3743,3.476736953483374,1,physics.data-an
3714,6001,1.4426950408889634,1,physics.data-an
5805,5400,0.6213349345596119,1,physics.data-an
730,2835,0.0,1,physics.data-an
3610,3612,1.2352458628142324,1,physics.data-an
859,1633,1.1383799118687281,1,physics.data-an
691,1034,4.072291567726888,1,physics.data-an
12133,12149,0.9102392266268373,1,physics.data-an
83,11607,1.783781792672743,1,physics.data-an
2056,6896,0.9820086947818527,1,physics.data-an
217,1385,2.2461276902861576,1,physics.data-an
270,382,0.6430363474373877,1,physics.data-an
4356,9594,0.0,1,physics.data-an
1308,4579,0.0,1,physics.data-an
5293,6753,0.0,1,physics.data-an
302,304,0.7213475204444817,1,physics.data-an
153,1528,0.0,1,physics.data-an
6709,6712,2.274254836328468,1,physics.data-an
2731,2855,2.1585336794002528,1,physics.data-an
572,888,0.9102392266268373,1,physics.data-an
6267,6626,1.428880218765515,1,physics.data-an
54,221,1.3300210877195384,1,physics.data-an
6195,6196,1.8669772110464906,1,physics.data-an
508,4058,0.5138983423697507,1,physics.data-an
2710,12866,0.33380820069533407,1,physics.data-an
1951,3430,2.113439461333492,1,physics.data-an
8663,11630,4.552093257049858,1,physics.data-an
8941,8949,0.9102392266268373,1,physics.data-an
1543,10022,1.4426950408889634,1,physics.data-an
2207,7257,0.9102392266268373,1,physics.data-an
4194,8037,0.36067376022224085,1,physics.data-an
132,387,1.3272716180510837,1,physics.data-an
7359,7360,0.5581106265512472,1,physics.data-an
906,908,2.164042561333445,1,physics.data-an
6990,6991,0.3396232718951086,1,physics.data-an
394,6193,2.704761035761977,1,physics.data-an
6093,6197,2.1172419717112154,1,physics.data-an
217,1383,0.503146484495357,1,physics.data-an
2844,3543,0.48089834696298783,1,physics.data-an
9142,9143,0.9673111908208054,1,physics.data-an
636,2770,0.0,1,physics.data-an
2540,2542,1.0282751968746164,1,physics.data-an
2926,4172,0.40242960438184466,1,physics.data-an
46,407,2.5794256019269586,1,physics.data-an
2479,10267,0.667614104308886,1,physics.data-an
54,10449,1.5292599666094384,1,physics.data-an
684,11255,0.8493173027712096,1,physics.data-an
7634,7636,1.179445561110859,1,physics.data-an
5555,5557,1.4426950408889634,1,physics.data-an
47,6560,0.33380820069533407,1,physics.data-an
9196,9203,2.5864775401612694,1,physics.data-an
4991,7837,1.4426950408889634,1,physics.data-an
6751,1399,0.5138983423697507,1,physics.data-an
944,13076,1.3426824550040934,1,physics.data-an
808,9082,0.6935811621340761,1,physics.data-an
2007,9727,1.0360055008886064,1,physics.data-an
4262,5131,0.0,1,physics.data-an
1948,4556,0.2611892565642242,1,physics.data-an
83,9255,1.5903528902427813,1,physics.data-an
5020,5021,1.4426950408889634,1,physics.data-an
1548,2390,0.9751430179754935,1,physics.data-an
7556,7557,1.8204784532536746,1,physics.data-an
217,1356,1.2788164994653521,1,physics.data-an
578,876,2.4559757334535925,1,physics.data-an
1,10584,0.5581106265512472,1,physics.data-an
3340,3341,1.0810341575875773,1,physics.data-an
72,319,0.0,1,physics.data-an
763,14081,1.4426950408889634,1,physics.data-an
15,18,1.270912986849078,1,physics.data-an
100,9644,1.4426950408889634,1,physics.data-an
1599,4842,0.0,1,physics.data-an
913,9821,0.5581106265512472,1,physics.data-an
218,11361,0.9673111908208054,1,physics.data-an
6751,7255,0.0,1,physics.data-an
2041,5965,1.179445561110859,1,physics.data-an
3510,4004,0.9102392266268373,1,physics.data-an
9148,9151,1.0556294164628637,1,physics.data-an
1177,13689,0.0,1,physics.data-an
6130,6133,1.8204784532536746,1,physics.data-an
10324,10326,1.4426950408889634,1,physics.data-an
452,2820,0.3898712452512801,1,physics.data-an
3383,3385,1.357464898545173,1,physics.data-an
6302,6304,0.7213475204444817,1,physics.data-an
111,9701,1.0153616242396877,1,physics.data-an
6895,12135,0.603090708759725,1,physics.data-an
2166,8962,0.0,1,physics.data-an
68,913,0.0,1,physics.data-an
3525,8867,0.8044138001116603,1,physics.data-an
10826,10828,0.0,1,physics.data-an
11584,11586,1.3426824550040934,1,physics.data-an
3493,7729,0.6213349345596119,1,physics.data-an
479,565,0.0,1,physics.data-an
2223,2224,0.8942933549690093,1,physics.data-an
11619,11624,5.221537823243182,1,physics.data-an
2675,4131,0.35295612386476116,1,physics.data-an
300,1350,2.0449757079684403,1,physics.data-an
5869,11632,3.9181494663424243,1,physics.data-an
11223,11231,1.0277966847395015,1,physics.data-an
720,9700,0.8521247303464532,1,physics.data-an
3533,5790,0.0,1,physics.data-an
8353,9056,0.6048267726164609,1,physics.data-an
3328,5502,1.1645943654075608,1,physics.data-an
4699,11886,1.4620911666427532,1,physics.data-an
4890,4892,1.8204784532536746,1,physics.data-an
7360,7361,0.5581106265512472,1,physics.data-an
710,7868,1.3948347128363436,1,physics.data-an
11625,11633,4.861445352887867,1,physics.data-an
1407,2960,0.0,1,physics.data-an
11613,11630,4.251263075521125,1,physics.data-an
1572,808,1.0360055008886064,1,physics.data-an
54,1384,1.3111122021136803,1,physics.data-an
11530,11531,1.4426950408889634,1,physics.data-an
451,9391,0.0,1,physics.data-an
11256,11886,1.319003360959464,1,physics.data-an
9966,9967,1.1287764428208267,1,physics.data-an
3512,3341,0.8243889863822738,1,physics.data-an
724,6208,0.9102392266268373,1,physics.data-an
106,107,1.7711537796420145,1,physics.data-an
8863,10295,2.164042561333445,1,physics.data-an
218,4061,0.6428787778633386,1,physics.data-an
578,14103,0.7803422481670577,1,physics.data-an
1548,6375,1.23375467977551,1,physics.data-an
6279,6544,0.48089834696298783,1,physics.data-an
6572,6573,0.45511961331341866,1,physics.data-an
6951,6952,1.4426950408889634,1,physics.data-an
3321,6240,1.0757532358806698,1,physics.data-an
9200,9204,2.795037149529262,1,physics.data-an
1075,14087,0.7213475204444817,1,physics.data-an
68,3032,0.0,1,physics.data-an
1435,1433,0.9102392266268373,1,physics.data-an
144,8493,0.0,1,physics.data-an
2752,2753,0.0,1,physics.data-an
551,9427,2.152909095746061,1,physics.data-an
5535,7756,0.7213475204444817,1,physics.data-an
1838,1839,0.0,1,physics.data-an
320,1014,1.585939736312358,1,physics.data-an
218,2755,1.5724604503201245,1,physics.data-an
874,13315,1.7060092961855575,1,physics.data-an
715,11632,4.8787854756816955,1,physics.data-an
10620,10623,0.6213349345596119,1,physics.data-an
83,9205,4.61372143760809,1,physics.data-an
6191,6196,1.5063034508242497,1,physics.data-an
1903,6648,2.1582559368549434,1,physics.data-an
865,2363,0.0,1,physics.data-an
1384,2074,0.6086735672750567,1,physics.data-an
3579,9199,2.741166861615265,1,physics.data-an
3200,3201,1.039008973514235,1,physics.data-an
11621,11630,5.232749499601781,1,physics.data-an
251,5975,0.679367497790702,1,physics.data-an
83,1881,3.5020967564777603,1,physics.data-an
3664,5593,2.352934267515801,1,physics.data-an
41,217,0.8491227407565507,1,physics.data-an
457,458,1.4426950408889634,1,physics.data-an
3602,3603,0.0,1,physics.data-an
6287,10900,0.7213475204444817,1,physics.data-an
10617,12089,0.45511961331341866,1,physics.data-an
10724,10725,0.0,1,physics.data-an
592,2686,0.9102392266268373,1,physics.data-an
7640,7641,2.1896973736225664,1,physics.data-an
2135,1706,2.874256616190543,1,physics.data-an
1817,2923,0.7213475204444817,1,physics.data-an
54,2171,2.7254924398112035,1,physics.data-an
578,13208,0.7361299639855612,1,physics.data-an
272,9413,0.7308883431348958,1,physics.data-an
214,3802,0.0,1,physics.data-an
7943,7823,0.8173114179120299,1,physics.data-an
4717,4850,0.9102392266268373,1,physics.data-an
5944,8495,0.0,1,physics.data-an
5808,6567,0.0,1,physics.data-an
1014,2257,1.0237645389414565,1,physics.data-an
1186,1184,1.4426950408889634,1,physics.data-an
172,669,0.25433477814404226,1,physics.data-an
5224,9646,0.9102392266268373,1,physics.data-an
317,2627,0.0,1,physics.data-an
3750,4086,0.24044917348149392,1,physics.data-an
6078,6079,0.7213475204444817,1,physics.data-an
10004,10005,0.0,1,physics.data-an
2289,2579,0.5581106265512472,1,physics.data-an
2314,3799,2.141242255036835,1,physics.data-an
715,717,1.6075091547799638,1,physics.data-an
10086,10534,0.0,1,physics.data-an
456,2562,0.3396232718951086,1,physics.data-an
660,11197,0.7213475204444817,1,physics.data-an
2275,5947,0.45511961331341866,1,physics.data-an
6192,6196,1.3530788686767399,1,physics.data-an
5914,9948,1.4426950408889634,1,physics.data-an
7383,11363,0.4170323914242463,1,physics.data-an
218,215,1.4941285868276537,1,physics.data-an
4556,4560,1.989652819001672,1,physics.data-an
11760,11761,0.0,1,physics.data-an
4592,6787,0.43429448190325176,1,physics.data-an
3789,3790,0.0,1,physics.data-an
1453,1451,1.631586747071319,1,physics.data-an
13094,13095,0.36067376022224085,1,physics.data-an
5855,5856,0.5581106265512472,1,physics.data-an
3114,4822,1.1556420023477334,1,physics.data-an
1264,6895,1.5068602963807558,1,physics.data-an
8677,8678,0.6213349345596119,1,physics.data-an
252,3802,1.3180642867898587,1,physics.data-an
3100,3101,1.4426950408889634,1,physics.data-an
3284,2926,1.312668831008682,1,physics.data-an
7504,4727,0.7082390676442087,1,physics.data-an
479,14172,0.48089834696298783,1,physics.data-an
1484,6374,0.5581106265512472,1,physics.data-an
53,55,0.5511166407612998,1,physics.data-an
2311,2308,0.0,1,physics.data-an
13115,13207,1.1352332769293625,1,physics.data-an
11623,11628,6.519988335936011,1,physics.data-an
3368,4573,0.6213349345596119,1,physics.data-an
4428,8212,0.6213349345596119,1,physics.data-an
322,983,0.0,1,physics.data-an
1,11792,0.9102392266268373,1,physics.data-an
4967,4965,1.4426950408889634,1,physics.data-an
4851,4852,0.0,1,physics.data-an
592,4092,0.0,1,physics.data-an
7292,7294,1.2426698691192237,1,physics.data-an
1207,1209,2.8853900817779268,1,physics.data-an
8006,8009,2.1077426544734443,1,physics.data-an
9198,9199,2.17545232293281,1,physics.data-an
54,3543,3.2033984892452825,1,physics.data-an
78,2506,0.0,1,physics.data-an
6713,6718,0.9690179556831694,1,physics.data-an
10108,10109,1.4426950408889634,1,physics.data-an
5212,5213,1.4426950408889634,1,physics.data-an
3197,3199,0.5581106265512472,1,physics.data-an
5975,9135,0.5581106265512472,1,physics.data-an
5141,5698,1.8640048036788355,1,physics.data-an
479,6102,0.3898712452512801,1,physics.data-an
1019,3366,1.631586747071319,1,physics.data-an
684,7091,0.0,1,physics.data-an
11611,11634,4.539248877948192,1,physics.data-an
999,2213,2.8853900817779268,1,physics.data-an
1262,6534,0.0,1,physics.data-an
132,4562,0.0,1,physics.data-an
1141,7124,0.6632834768640611,1,physics.data-an
795,2020,0.9102392266268373,1,physics.data-an
551,2312,0.6213349345596119,1,physics.data-an
19,8985,1.1112187656957617,1,physics.data-an
11613,11616,4.142354305855133,1,physics.data-an
615,2668,1.7565682114889745,1,physics.data-an
3202,4575,0.36926937306885504,1,physics.data-an
857,6469,1.788671297150157,1,physics.data-an
4061,169,1.782318312784072,1,physics.data-an
11798,11799,0.9102392266268373,1,physics.data-an
83,977,0.0,1,physics.data-an
416,7881,1.552907315883986,1,physics.data-an
2225,9732,0.3898712452512801,1,physics.data-an
1807,14113,0.9102392266268373,1,physics.data-an
578,14092,1.5063034508242497,1,physics.data-an
2479,5744,1.4426950408889634,1,physics.data-an
1680,1681,0.0,1,physics.data-an
5669,10332,1.4426950408889634,1,physics.data-an
304,12148,1.4426950408889634,1,physics.data-an
591,729,0.5138983423697507,1,physics.data-an
8996,2918,0.4170323914242463,1,physics.data-an
2632,7277,1.2497458438822244,1,physics.data-an
3571,7502,1.121189244378554,1,physics.data-an
2510,2512,2.352934267515801,1,physics.data-an
14412,14413,0.0,1,physics.data-an
4033,4032,0.0,1,physics.data-an
3341,8911,1.177345110247035,1,physics.data-an
809,1161,2.55842865627421,1,physics.data-an
19,3780,0.0,1,physics.data-an
41,12818,0.9760840094138157,1,physics.data-an
2632,9190,2.4146914239250914,1,physics.data-an
9811,9812,0.0,1,physics.data-an
4216,4217,0.40242960438184466,1,physics.data-an
4377,5229,0.43429448190325176,1,physics.data-an
11622,11632,3.6032109906029426,1,physics.data-an
5325,5326,1.3426824550040934,1,physics.data-an
6995,6996,0.0,1,physics.data-an
9761,9763,0.6213349345596119,1,physics.data-an
8033,8034,1.9235933878519513,1,physics.data-an
593,6525,0.0,1,physics.data-an
7949,1824,0.0,1,physics.data-an
269,420,0.8920125081669197,1,physics.data-an
6254,9666,0.0,1,physics.data-an
3205,11921,1.4426950408889634,1,physics.data-an
5741,10290,1.1506884001083313,1,physics.data-an
172,994,3.062853007452627,1,physics.data-an
1116,2149,0.33380820069533407,1,physics.data-an
6007,6030,1.8204784532536746,1,physics.data-an
451,1236,0.0,1,physics.data-an
11246,11247,1.4426950408889634,1,physics.data-an
4089,226,0.6213349345596119,1,physics.data-an
5306,5312,2.037833069832207,1,physics.data-an
300,1349,0.2729584204093974,1,physics.data-an
407,7504,1.8764376631475042,1,physics.data-an
698,2702,1.4426950408889634,1,physics.data-an
144,4664,1.7554799560824974,1,physics.data-an
209,4609,0.30341307554227914,1,physics.data-an
1933,6409,1.4426950408889634,1,physics.data-an
1944,10895,2.0640299754485754,1,physics.data-an
209,14030,1.4426950408889634,1,physics.data-an
5747,10482,0.0,1,physics.data-an
572,211,0.6003872799156492,1,physics.data-an
250,4644,0.0,1,physics.data-an
4481,10449,0.8079124461649567,1,physics.data-an
418,8685,0.0,1,physics.data-an
766,2558,0.5138983423697507,1,physics.data-an
270,6439,0.3396232718951086,1,physics.data-an
153,809,0.0,1,physics.data-an
3114,11607,2.299468197353123,1,physics.data-an
3533,9763,1.4426950408889634,1,physics.data-an
4632,4633,1.4744385733028427,1,physics.data-an
2680,2917,0.48089834696298783,1,physics.data-an
2360,9148,1.0556294164628637,1,physics.data-an
3155,8274,0.9102392266268373,1,physics.data-an
7195,9570,0.0,1,physics.data-an
5777,11468,1.4426950408889634,1,physics.data-an
6686,7255,0.9102392266268373,1,physics.data-an
2632,11277,0.5138983423697507,1,physics.data-an
466,10883,0.0,1,physics.data-an
901,1291,0.36926937306885504,1,physics.data-an
1807,3803,1.1556420023477334,1,physics.data-an
10112,13983,0.9102392266268373,1,physics.data-an
172,14092,1.8522797070854433,1,physics.data-an
2437,768,1.8204784532536746,1,physics.data-an
5796,11651,1.2136523021691166,1,physics.data-an
103,105,1.8325662861402434,1,physics.data-an
5781,6175,0.9102392266268373,1,physics.data-an
5806,6387,0.6213349345596119,1,physics.data-an
317,2579,0.9102392266268373,1,physics.data-an
5330,5332,1.4426950408889634,1,physics.data-an
54,1616,0.608672084239331,1,physics.data-an
1807,9681,0.6213349345596119,1,physics.data-an
2730,9307,1.4426950408889634,1,physics.data-an
1808,3802,0.7213475204444817,1,physics.data-an
8642,8643,1.4426950408889634,1,physics.data-an
6744,6749,1.0277966847395015,1,physics.data-an
458,5691,0.0,1,physics.data-an
10491,10492,1.2670032715152109,1,physics.data-an
1131,1134,1.4426950408889634,1,physics.data-an
4290,10794,0.0,1,physics.data-an
1014,5445,0.6456868856901092,1,physics.data-an
269,7010,1.4305186889829793,1,physics.data-an
9198,9200,2.2881475974916983,1,physics.data-an
776,5743,1.1764671337579005,1,physics.data-an
166,1616,2.7684603250562017,1,physics.data-an
452,4320,1.245996160557267,1,physics.data-an
1803,1805,0.9102392266268373,1,physics.data-an
4603,4604,0.0,1,physics.data-an
87,791,0.0,1,physics.data-an
10431,10432,1.4426950408889634,1,physics.data-an
4229,4269,1.2352458628142324,1,physics.data-an
41,9687,0.0,1,physics.data-an
591,592,11.309370273250659,1,physics.data-an
1621,2488,1.008805921921871,1,physics.data-an
3311,8314,1.3176224332480841,1,physics.data-an
716,565,0.3898712452512801,1,physics.data-an
3664,3665,0.0,1,physics.data-an
2848,2849,1.0820212806667224,1,physics.data-an
14146,14147,0.0,1,physics.data-an
11614,11622,3.8951793863109563,1,physics.data-an
11623,11631,5.549085155130485,1,physics.data-an
39,5854,0.0,1,physics.data-an
578,2072,0.2222316216158104,1,physics.data-an
1708,9952,0.3789231816899512,1,physics.data-an
2479,2702,0.7213475204444817,1,physics.data-an
5867,2214,0.0,1,physics.data-an
3114,10773,2.418909334013392,1,physics.data-an
90,231,1.7603564939587169,1,physics.data-an
861,862,0.7031299685787982,1,physics.data-an
14013,14014,2.703595715992317,1,physics.data-an
1248,7879,1.6161316238923504,1,physics.data-an
791,793,0.6213349345596119,1,physics.data-an
684,2360,2.0640299754485754,1,physics.data-an
83,4193,0.9947966893327386,1,physics.data-an
2849,4452,0.8157933735356595,1,physics.data-an
8006,8013,2.0758777769520376,1,physics.data-an
4629,8248,1.631586747071319,1,physics.data-an
1150,1948,1.2765508808039119,1,physics.data-an
506,874,1.7568888613558773,1,physics.data-an
698,1161,1.5836889639294507,1,physics.data-an
1335,1337,0.43429448190325176,1,physics.data-an
3504,4384,0.9102392266268373,1,physics.data-an
7210,7615,0.0,1,physics.data-an
407,1248,2.302962279989606,1,physics.data-an
4763,4762,0.3459762562611936,1,physics.data-an
2120,565,0.0,1,physics.data-an
4607,726,0.0,1,physics.data-an
1424,1771,0.0,1,physics.data-an
4316,5846,0.9102392266268373,1,physics.data-an
6713,6715,1.8792571823100066,1,physics.data-an
54,12818,1.7720395825280133,1,physics.data-an
10786,10788,1.8204784532536746,1,physics.data-an
6191,6195,2.0202017931940004,1,physics.data-an
3750,2754,1.5937633780086937,1,physics.data-an
10111,10112,0.48089834696298783,1,physics.data-an
2623,12584,0.0,1,physics.data-an
2225,2634,0.7749124507581939,1,physics.data-an
602,1746,0.3396232718951086,1,physics.data-an
6673,4547,3.9047146850352257,1,physics.data-an
5213,5214,1.4426950408889634,1,physics.data-an
8003,8004,2.4929101683762838,1,physics.data-an
11666,11667,0.0,1,physics.data-an
4094,4095,1.9903942814343492,1,physics.data-an
2062,3859,1.1352332769293625,1,physics.data-an
172,4392,2.2682914972255257,1,physics.data-an
1208,1210,2.8853900817779268,1,physics.data-an
684,6198,0.9673111908208054,1,physics.data-an
5908,5910,0.5581106265512472,1,physics.data-an
1364,3454,0.29401410379520604,1,physics.data-an
842,939,0.0,1,physics.data-an
14039,14040,0.0,1,physics.data-an
9082,2625,0.7694373551407805,1,physics.data-an
72,7480,1.6458224638979841,1,physics.data-an
9990,9993,1.3426824550040934,1,physics.data-an
7143,8403,0.9102392266268373,1,physics.data-an
782,11702,0.6213349345596119,1,physics.data-an
4101,6347,1.8204784532536746,1,physics.data-an
4152,11532,1.4426950408889634,1,physics.data-an
3744,3743,0.6899908118336437,1,physics.data-an
395,577,1.6700014999832395,1,physics.data-an
19,8986,0.5138983423697507,1,physics.data-an
1322,2679,0.5581106265512472,1,physics.data-an
6247,6249,2.3072548317352304,1,physics.data-an
4269,4270,2.1454850894410695,1,physics.data-an
3961,12089,0.45511961331341866,1,physics.data-an
9512,9514,2.2878118489841754,1,physics.data-an
267,1050,0.0,1,physics.data-an
1248,10411,0.7213475204444817,1,physics.data-an
10705,10706,0.48089834696298783,1,physics.data-an
1360,1359,1.4426950408889634,1,physics.data-an
10853,10854,0.48089834696298783,1,physics.data-an
11611,11624,4.2182379131379815,1,physics.data-an
2367,7072,1.3426824550040934,1,physics.data-an
3226,10080,1.7615660999543352,1,physics.data-an
6282,11378,0.0,1,physics.data-an
4083,4117,0.0,1,physics.data-an
1680,6156,1.1556420023477334,1,physics.data-an
297,4246,0.3284587387530511,1,physics.data-an
866,7869,0.0,1,physics.data-an
8506,8508,0.0,1,physics.data-an
4106,9092,0.8243889863822738,1,physics.data-an
252,249,2.7997584916417813,1,physics.data-an
5154,7429,0.0,1,physics.data-an
3380,727,0.6213349345596119,1,physics.data-an
1967,3069,0.5138983423697507,1,physics.data-an
9196,9199,2.0483820353977378,1,physics.data-an
2868,4539,1.249862498521946,1,physics.data-an
1302,729,1.162937399167708,1,physics.data-an
5505,5507,1.4683498531780845,1,physics.data-an
6153,6154,1.279458146995729,1,physics.data-an
7356,7358,0.7985598000327412,1,physics.data-an
4915,7931,1.1771818192338117,1,physics.data-an
12088,12089,0.0,1,physics.data-an
1150,4555,1.863385653139242,1,physics.data-an
1572,5110,1.0360055008886064,1,physics.data-an
112,2054,1.7161442097772202,1,physics.data-an
480,9050,0.0,1,physics.data-an
4278,4283,1.7933564893654796,1,physics.data-an
90,9855,0.9360179602764065,1,physics.data-an
159,4377,0.43429448190325176,1,physics.data-an
9295,9297,0.0,1,physics.data-an
1549,6816,1.4426950408889634,1,physics.data-an
1549,8904,0.7213475204444817,1,physics.data-an
2609,8916,1.4426950408889634,1,physics.data-an
6516,2702,1.2383004637475605,1,physics.data-an
11397,11398,1.1352332769293625,1,physics.data-an
395,397,1.2795085996956923,1,physics.data-an
6268,6267,3.0784903501997434,1,physics.data-an
766,764,0.6213349345596119,1,physics.data-an
3821,11426,1.344533708530089,1,physics.data-an
1196,1843,0.5138983423697507,1,physics.data-an
975,9188,1.7933564893654796,1,physics.data-an
4613,3386,0.40242960438184466,1,physics.data-an
252,2709,1.2038033233775147,1,physics.data-an
1362,517,0.2835784920513334,1,physics.data-an
7416,9308,0.7481925547588062,1,physics.data-an
6093,6194,1.4959070371516034,1,physics.data-an
11469,11470,0.9102392266268373,1,physics.data-an
9276,11732,0.0,1,physics.data-an
8300,8301,0.9102392266268373,1,physics.data-an
6275,6276,0.0,1,physics.data-an
2063,778,2.352934267515801,1,physics.data-an
726,9152,0.9102392266268373,1,physics.data-an
6435,6436,0.0,1,physics.data-an
6539,6541,0.9102392266268373,1,physics.data-an
9198,9209,2.5120868480378062,1,physics.data-an
7335,3670,3.3739999040254185,1,physics.data-an
11209,11210,0.3001016285004131,1,physics.data-an
1146,6587,0.9102392266268373,1,physics.data-an
5760,5761,0.8080757371781798,1,physics.data-an
11618,11627,6.196513968583747,1,physics.data-an
4727,1358,0.29120667621996243,1,physics.data-an
11224,11227,2.163029961668864,1,physics.data-an
1350,2490,0.0,1,physics.data-an
7946,7948,1.4426950408889634,1,physics.data-an
1027,4674,0.0,1,physics.data-an
4622,4624,2.785377495893057,1,physics.data-an
9612,9616,1.7491442051839832,1,physics.data-an
4663,12818,1.1304190898241988,1,physics.data-an
3930,11210,0.3001016285004131,1,physics.data-an
8715,8716,0.0,1,physics.data-an
7880,7882,1.7378576676484114,1,physics.data-an
6245,8662,1.631586747071319,1,physics.data-an
4341,4343,1.631586747071319,1,physics.data-an
5439,9681,1.3426824550040934,1,physics.data-an
54,12019,1.8204784532536746,1,physics.data-an
7315,7316,0.3284587387530511,1,physics.data-an
172,12960,1.100270702134433,1,physics.data-an
3581,9244,0.0,1,physics.data-an
7987,7988,1.8204784532536746,1,physics.data-an
1067,4592,2.534100135563751,1,physics.data-an
842,2002,0.0,1,physics.data-an
6626,6627,1.428880218765515,1,physics.data-an
231,960,0.0,1,physics.data-an
8015,8197,0.2835784920513334,1,physics.data-an
214,6424,0.5709519972040634,1,physics.data-an
62,1850,0.9163279467515955,1,physics.data-an
2666,2667,2.5127133009423734,1,physics.data-an
9992,9993,0.6213349345596119,1,physics.data-an
745,5586,1.039008973514235,1,physics.data-an
3510,6239,0.0,1,physics.data-an
5224,5225,2.352934267515801,1,physics.data-an
10653,10654,1.4426950408889634,1,physics.data-an
8002,8004,2.8953397727581285,1,physics.data-an
10052,2798,0.5581106265512472,1,physics.data-an
287,10167,2.7255285057723624,1,physics.data-an
8680,13988,1.1383799118687281,1,physics.data-an
627,7165,0.0,1,physics.data-an
10337,10339,0.0,1,physics.data-an
42,7408,1.3697407952026501,1,physics.data-an
6543,10053,0.0,1,physics.data-an
2057,1240,1.4426950408889634,1,physics.data-an
11615,11617,3.6094985637716586,1,physics.data-an
11255,11257,3.698303208599553,1,physics.data-an
6080,6981,0.0,1,physics.data-an
1081,2360,0.9102392266268373,1,physics.data-an
7333,7341,2.6029939175878725,1,physics.data-an
1191,5912,0.35295612386476116,1,physics.data-an
304,3107,0.0,1,physics.data-an
237,239,0.0,1,physics.data-an
1108,5081,0.9102392266268373,1,physics.data-an
2754,2756,0.0,1,physics.data-an
4663,5790,0.0,1,physics.data-an
2731,4395,1.713803081598944,1,physics.data-an
13208,13209,1.4959070371516034,1,physics.data-an
5306,5316,2.0923146798855328,1,physics.data-an
11615,11620,4.577955294152963,1,physics.data-an
512,5586,1.5971196000654824,1,physics.data-an
2437,10970,0.40242960438184466,1,physics.data-an
2335,2491,0.6927848262175276,1,physics.data-an
865,4321,0.0,1,physics.data-an
2046,3360,0.40242960438184466,1,physics.data-an
975,4165,2.541825973698156,1,physics.data-an
4578,4579,0.0,1,physics.data-an
730,1078,0.0,1,physics.data-an
4242,4244,0.0,1,physics.data-an
251,207,1.6017087825217289,1,physics.data-an
14411,14413,0.0,1,physics.data-an
1077,10090,0.0,1,physics.data-an
172,4395,0.8035638549721068,1,physics.data-an
865,5066,0.974291058424373,1,physics.data-an
3743,6624,1.2463089885239031,1,physics.data-an
62,2571,1.857443411435881,1,physics.data-an
2528,2530,1.4426950408889634,1,physics.data-an
5631,5632,0.0,1,physics.data-an
5028,5029,0.0,1,physics.data-an
149,14162,0.0,1,physics.data-an
635,9970,0.2969742043733701,1,physics.data-an
224,6208,0.9102392266268373,1,physics.data-an
120,8766,0.9102392266268373,1,physics.data-an
11759,11761,0.0,1,physics.data-an
2256,9147,0.9646048017527463,1,physics.data-an
1967,8237,0.0,1,physics.data-an
1547,14234,0.4170323914242463,1,physics.data-an
7196,9570,1.4426950408889634,1,physics.data-an
218,53,1.3612087618676698,1,physics.data-an
10027,10028,0.0,1,physics.data-an
1080,432,0.5581106265512472,1,physics.data-an
105,4863,0.0,1,physics.data-an
54,12020,0.9102392266268373,1,physics.data-an
9205,9209,4.820289243175623,1,physics.data-an
7338,7334,2.9819170992778234,1,physics.data-an
7218,12195,1.285421770324132,1,physics.data-an
8150,8152,1.8640048036788355,1,physics.data-an
3484,4635,1.7597148464283399,1,physics.data-an
735,736,0.0,1,physics.data-an
6711,6714,1.4499163026461572,1,physics.data-an
370,6409,0.8833279513448324,1,physics.data-an
1150,4166,0.5341476769736215,1,physics.data-an
1825,1824,1.4426950408889634,1,physics.data-an
591,2044,0.29120667621996243,1,physics.data-an
8500,12151,0.6213349345596119,1,physics.data-an
602,583,1.922016279400685,1,physics.data-an
315,317,1.2795085996956923,1,physics.data-an
395,2479,0.713629884087002,1,physics.data-an
1618,729,0.9605402309330919,1,physics.data-an
3002,3003,1.4426950408889634,1,physics.data-an
434,9519,1.0609707923395904,1,physics.data-an
3958,3959,0.0,1,physics.data-an
5337,5338,3.6067376022224087,1,physics.data-an
4907,8931,0.6213349345596119,1,physics.data-an
9153,12152,0.974291058424373,1,physics.data-an
6282,3856,1.1022332815225997,1,physics.data-an
10808,10809,0.0,1,physics.data-an
9365,9366,0.6213349345596119,1,physics.data-an
93,4665,2.5664721657152896,1,physics.data-an
9376,9378,0.9102392266268373,1,physics.data-an
3114,9227,1.4426950408889634,1,physics.data-an
4592,6788,1.072008968920998,1,physics.data-an
2062,2848,1.6933439034806097,1,physics.data-an
2814,8028,2.077290239989138,1,physics.data-an
6244,6251,2.3146788380402215,1,physics.data-an
3558,3560,1.631586747071319,1,physics.data-an
5329,5331,1.4426950408889634,1,physics.data-an
2797,10460,1.2891624083167885,1,physics.data-an
2708,5644,1.424137568996588,1,physics.data-an
218,1903,1.1442187611025247,1,physics.data-an
48,6846,0.2769378934088574,1,physics.data-an
434,10089,0.5581106265512472,1,physics.data-an
297,7413,0.0,1,physics.data-an
3604,5552,1.0986714794063612,1,physics.data-an
10772,10775,0.43429448190325176,1,physics.data-an
977,10285,0.43429448190325176,1,physics.data-an
5330,5331,0.0,1,physics.data-an
11609,11632,3.565356011463,1,physics.data-an
2111,2112,0.0,1,physics.data-an
6322,6323,0.0,1,physics.data-an
2289,2288,1.4426950408889634,1,physics.data-an
10534,10535,0.0,1,physics.data-an
1548,8904,0.7213475204444817,1,physics.data-an
941,4346,0.9102392266268373,1,physics.data-an
5811,9248,2.925611338941884,1,physics.data-an
4684,9110,0.9690179556831694,1,physics.data-an
452,2640,0.8664376450111327,1,physics.data-an
2367,4460,0.7213475204444817,1,physics.data-an
3896,11234,0.0,1,physics.data-an
61,60,2.354763052022047,1,physics.data-an
6251,8660,1.2352458628142324,1,physics.data-an
9204,9206,2.7899068000178753,1,physics.data-an
955,6409,0.0,1,physics.data-an
3,61,0.45511961331341866,1,physics.data-an
8508,8509,0.0,1,physics.data-an
78,451,1.1261090503284588,1,physics.data-an
42,153,0.35295612386476116,1,physics.data-an
6226,9393,0.0,1,physics.data-an
4261,8974,0.9102392266268373,1,physics.data-an
578,2641,1.788570000624991,1,physics.data-an
3057,9274,0.40242960438184466,1,physics.data-an
1513,2445,0.0,1,physics.data-an
4193,10001,0.0,1,physics.data-an
9199,9204,2.3978645463716,1,physics.data-an
913,3084,0.31465798044412485,1,physics.data-an
1112,5921,1.800780495670471,1,physics.data-an
4663,6297,0.8979307383872341,1,physics.data-an
7010,7011,1.3703628947489648,1,physics.data-an
6269,6270,1.7360188476661254,1,physics.data-an
1809,3802,1.5199073204772229,1,physics.data-an
4499,5853,0.0,1,physics.data-an
1045,13390,0.0,1,physics.data-an
54,716,2.509806152014487,1,physics.data-an
11611,11621,5.192857853142723,1,physics.data-an
10679,10680,5.0494326431113725,1,physics.data-an
1617,480,1.4715926702512632,1,physics.data-an
3057,1857,1.4426950408889634,1,physics.data-an
3915,395,0.0,1,physics.data-an
83,9198,2.674788415539129,1,physics.data-an
887,3340,0.36926937306885504,1,physics.data-an
1232,3797,1.800780495670471,1,physics.data-an
4225,9617,0.0,1,physics.data-an
698,721,0.7213475204444817,1,physics.data-an
3070,3074,1.4426950408889634,1,physics.data-an
7865,7867,3.113449326679153,1,physics.data-an
451,450,0.2222316216158104,1,physics.data-an
1211,5293,0.6841892133709133,1,physics.data-an
83,2836,0.5581106265512472,1,physics.data-an
3382,3383,0.0,1,physics.data-an
2311,2309,0.0,1,physics.data-an
2072,13124,1.4649014907350342,1,physics.data-an
9224,9226,0.0,1,physics.data-an
5643,7435,1.7933564893654796,1,physics.data-an
715,11617,4.91543855222742,1,physics.data-an
1290,7830,0.6925793957598698,1,physics.data-an
868,5083,1.6088772321548237,1,physics.data-an
2312,9428,1.531574161186449,1,physics.data-an
2366,9396,0.6223472088731268,1,physics.data-an
8004,8006,2.058615686473032,1,physics.data-an
4224,4225,1.4426950408889634,1,physics.data-an
1445,1446,0.0,1,physics.data-an
5234,7103,0.6213349345596119,1,physics.data-an
48,49,0.0,1,physics.data-an
914,1249,2.176121124823843,1,physics.data-an
8115,9483,0.6213349345596119,1,physics.data-an
5192,5193,1.531574161186449,1,physics.data-an
933,4033,0.9102392266268373,1,physics.data-an
793,794,0.6213349345596119,1,physics.data-an
2062,2625,1.6968173547608827,1,physics.data-an
557,3656,0.0,1,physics.data-an
1903,680,1.8204784532536746,1,physics.data-an
397,9944,0.9102392266268373,1,physics.data-an
1485,1488,1.631586747071319,1,physics.data-an
5324,5325,1.3426824550040934,1,physics.data-an
977,4642,2.254772935156926,1,physics.data-an
1034,4674,0.0,1,physics.data-an
607,608,1.4426950408889634,1,physics.data-an
4193,9255,0.5138983423697507,1,physics.data-an
252,5654,1.2038033233775147,1,physics.data-an
5649,7897,0.9102392266268373,1,physics.data-an
41,219,1.964939043538348,1,physics.data-an
9403,9719,0.7213475204444817,1,physics.data-an
969,970,0.0,1,physics.data-an
573,966,0.0,1,physics.data-an
8404,8406,1.631586747071319,1,physics.data-an
209,4644,0.45511961331341866,1,physics.data-an
216,2031,0.0,1,physics.data-an
8823,11068,2.8731640457903036,1,physics.data-an
2503,5044,0.0,1,physics.data-an
218,565,0.45511961331341866,1,physics.data-an
5536,7756,0.0,1,physics.data-an
2789,5947,0.45511961331341866,1,physics.data-an
1249,7881,1.552907315883986,1,physics.data-an
132,3367,1.3426824550040934,1,physics.data-an
24,270,1.7216056366940446,1,physics.data-an
8102,12198,2.4191370028771244,1,physics.data-an
3164,5424,0.0,1,physics.data-an
5552,5554,2.5544493718332295,1,physics.data-an
6542,10707,1.4426950408889634,1,physics.data-an
6713,6714,0.9690179556831694,1,physics.data-an
11437,11438,1.1383799118687281,1,physics.data-an
1495,2075,0.0,1,physics.data-an
4261,11440,1.631586747071319,1,physics.data-an
5811,8759,1.7439304064413634,1,physics.data-an
4193,7904,0.29401410379520604,1,physics.data-an
11243,11244,0.9102392266268373,1,physics.data-an
209,5390,1.132778783405191,1,physics.data-an
1264,2702,0.7831808504341418,1,physics.data-an
83,9193,2.218454534625094,1,physics.data-an
5694,5696,2.7110197222973085,1,physics.data-an
481,4555,2.5289328718803503,1,physics.data-an
1809,4232,1.9235933878519513,1,physics.data-an
2085,6381,0.0,1,physics.data-an
807,2242,0.31465798044412485,1,physics.data-an
1356,1073,0.0,1,physics.data-an
6674,13376,0.0,1,physics.data-an
6951,6953,0.0,1,physics.data-an
511,6750,1.0277966847395015,1,physics.data-an
90,2439,0.9360179602764065,1,physics.data-an
5760,11938,1.7933564893654796,1,physics.data-an
1851,7086,0.5138983423697507,1,physics.data-an
1616,10661,1.494103541554984,1,physics.data-an
6275,6277,0.0,1,physics.data-an
2046,5305,2.5395565482053617,1,physics.data-an
7110,7111,1.4426950408889634,1,physics.data-an
6715,6718,1.963814645015908,1,physics.data-an
1411,10584,0.5581106265512472,1,physics.data-an
5692,5696,2.7110197222973085,1,physics.data-an
7790,11808,0.3459762562611936,1,physics.data-an
11622,11628,4.524692775100158,1,physics.data-an
945,7103,0.7213475204444817,1,physics.data-an
5336,5339,1.4426950408889634,1,physics.data-an
6598,6599,0.0,1,physics.data-an
1531,5531,0.0,1,physics.data-an
5120,5121,2.541825973698156,1,physics.data-an
7724,9143,0.3459762562611936,1,physics.data-an
9173,11071,2.939104158195088,1,physics.data-an
3606,5623,1.1529937717522936,1,physics.data-an
5222,5223,2.164042561333445,1,physics.data-an
599,1185,0.0,1,physics.data-an
6321,6323,0.0,1,physics.data-an
4907,8945,1.2022458674074694,1,physics.data-an
512,5587,1.5971196000654824,1,physics.data-an
2922,11580,0.0,1,physics.data-an
938,3482,1.610170974854754,1,physics.data-an
9619,9620,1.4426950408889634,1,physics.data-an
11605,11606,2.0501014104851403,1,physics.data-an
4158,4322,0.739596941912192,1,physics.data-an
4193,340,1.0153616242396877,1,physics.data-an
10033,10034,0.0,1,physics.data-an
2641,13275,1.3258892055276865,1,physics.data-an
216,7791,0.0,1,physics.data-an
383,384,0.0,1,physics.data-an
543,1498,1.4426950408889634,1,physics.data-an
4350,5624,0.5581106265512472,1,physics.data-an
1328,615,1.1352332769293625,1,physics.data-an
1308,2725,0.2769378934088574,1,physics.data-an
54,2577,1.7418547665102688,1,physics.data-an
698,10007,0.7213475204444817,1,physics.data-an
153,168,2.065881228974571,1,physics.data-an
1218,1452,0.5138983423697507,1,physics.data-an
251,3615,1.5670948953056567,1,physics.data-an
5262,4392,0.7294945171463887,1,physics.data-an
9034,9036,0.6213349345596119,1,physics.data-an
419,14096,0.0,1,physics.data-an
215,3802,0.5581106265512472,1,physics.data-an
11620,11632,3.9142352792422557,1,physics.data-an
5224,9845,0.9102392266268373,1,physics.data-an
1911,9109,0.9102392266268373,1,physics.data-an
1711,2803,0.40242960438184466,1,physics.data-an
2479,4169,0.713629884087002,1,physics.data-an
4204,4203,0.0,1,physics.data-an
873,901,1.9116752135922606,1,physics.data-an
6146,8548,0.0,1,physics.data-an
7335,7337,3.618615738330778,1,physics.data-an
766,2339,2.3779031460485864,1,physics.data-an
13115,13208,0.8745721025919916,1,physics.data-an
4452,4996,2.6080287090594796,1,physics.data-an
1616,1617,3.377132409295532,1,physics.data-an
9082,2062,1.1301111153630212,1,physics.data-an
4243,4244,0.9102392266268373,1,physics.data-an
41,10519,1.8204784532536746,1,physics.data-an
665,13676,1.7565682114889745,1,physics.data-an
506,5341,0.0,1,physics.data-an
11817,11818,1.4426950408889634,1,physics.data-an
1116,13179,0.6213349345596119,1,physics.data-an
9147,9150,2.598337043236697,1,physics.data-an
5310,5315,3.781272050025401,1,physics.data-an
1383,1384,0.26269731101386307,1,physics.data-an
5141,5693,1.8640048036788355,1,physics.data-an
1484,8912,1.366186363729427,1,physics.data-an
1141,4629,0.2769378934088574,1,physics.data-an
11826,11827,0.0,1,physics.data-an
762,761,0.30692767643013485,1,physics.data-an
269,1141,0.2769378934088574,1,physics.data-an
8524,14011,1.6301195954722452,1,physics.data-an
1072,3341,1.177345110247035,1,physics.data-an
2485,9274,0.7631033646040855,1,physics.data-an
4526,4524,1.344533708530089,1,physics.data-an
4629,8246,0.7213475204444817,1,physics.data-an
4613,5613,0.0,1,physics.data-an
3799,4017,0.0,1,physics.data-an
4381,8694,1.594922531304349,1,physics.data-an
152,168,0.7213475204444817,1,physics.data-an
698,7087,0.7213475204444817,1,physics.data-an
3239,3240,1.4683498531780845,1,physics.data-an
2914,9272,2.8853900817779268,1,physics.data-an
1303,12128,0.5581106265512472,1,physics.data-an
2710,13676,1.7565682114889745,1,physics.data-an
782,3543,1.4179035362802392,1,physics.data-an
2901,9513,1.4426950408889634,1,physics.data-an
24,1478,0.5511166407612998,1,physics.data-an
4263,5131,0.7213475204444817,1,physics.data-an
2120,2797,1.294272220044769,1,physics.data-an
2310,5092,0.0,1,physics.data-an
260,479,1.6393091062091991,1,physics.data-an
3341,8912,0.8080757371781798,1,physics.data-an
9195,9204,3.4663783770313086,1,physics.data-an
2233,2234,0.28853900817779266,1,physics.data-an
5309,5315,2.8080538808292195,1,physics.data-an
42,782,1.6844616981851364,1,physics.data-an
1962,13186,1.4636920156824136,1,physics.data-an
3482,7968,1.1022332815225997,1,physics.data-an
975,1618,2.5447620117746483,1,physics.data-an
11612,11633,6.253694897527604,1,physics.data-an
395,62,2.0598508478627497,1,physics.data-an
2311,6589,0.9102392266268373,1,physics.data-an
1851,7085,0.5138983423697507,1,physics.data-an
782,1861,1.2426698691192237,1,physics.data-an
6861,6862,0.7213475204444817,1,physics.data-an
8156,9194,1.8403768813737467,1,physics.data-an
2223,8296,0.6213349345596119,1,physics.data-an
6795,6796,1.4426950408889634,1,physics.data-an
807,2844,0.28853900817779266,1,physics.data-an
9301,9302,2.2248287534043514,1,physics.data-an
4766,4926,0.7213475204444817,1,physics.data-an
1484,5232,0.6469702276599671,1,physics.data-an
1407,4842,0.0,1,physics.data-an
507,5256,4.597488199617664,1,physics.data-an
10657,10658,0.9102392266268373,1,physics.data-an
7408,9724,1.2623042030127891,1,physics.data-an
1143,1144,0.2222316216158104,1,physics.data-an
61,423,1.100270702134433,1,physics.data-an
1817,2111,0.0,1,physics.data-an
3381,3383,1.357464898545173,1,physics.data-an
5108,9035,1.845124645270808,1,physics.data-an
868,8452,1.4426950408889634,1,physics.data-an
2543,10925,0.30692767643013485,1,physics.data-an
7878,7879,1.3972262937145832,1,physics.data-an
1141,4515,0.0,1,physics.data-an
578,10842,1.564914076619904,1,physics.data-an
716,3057,0.9906300285088727,1,physics.data-an
6543,6542,0.36067376022224085,1,physics.data-an
5138,5139,0.0,1,physics.data-an
4163,4164,1.3426824550040934,1,physics.data-an
2925,2928,0.43429448190325176,1,physics.data-an
8961,8962,0.0,1,physics.data-an
2367,1108,0.8477065430650847,1,physics.data-an
41,5669,0.7213475204444817,1,physics.data-an
37,1825,1.2159546863218536,1,physics.data-an
664,13675,2.2718441120616726,1,physics.data-an
4498,9196,2.861599698990941,1,physics.data-an
11064,11070,2.806752999465763,1,physics.data-an
1376,4265,1.388156659104619,1,physics.data-an
5101,11989,0.5581106265512472,1,physics.data-an
434,8977,0.0,1,physics.data-an
169,631,0.3396232718951086,1,physics.data-an
684,481,1.220888604434869,1,physics.data-an
1691,2448,1.3426824550040934,1,physics.data-an
1383,52,0.5689079122345451,1,physics.data-an
2479,5745,0.0,1,physics.data-an
408,958,0.31066746727980593,1,physics.data-an
4583,5389,1.179445561110859,1,physics.data-an
152,351,1.249862498521946,1,physics.data-an
5233,5234,2.4418133878132866,1,physics.data-an
1881,11605,2.0171014150783773,1,physics.data-an
104,105,0.3898712452512801,1,physics.data-an
12132,12134,1.4426950408889634,1,physics.data-an
2543,5235,0.30692767643013485,1,physics.data-an
14095,14096,0.0,1,physics.data-an
1420,6720,0.5581106265512472,1,physics.data-an
3790,3792,1.4426950408889634,1,physics.data-an
782,1067,2.2377621630461952,1,physics.data-an
96,6198,0.43429448190325176,1,physics.data-an
1616,479,0.8727686069953721,1,physics.data-an
592,1967,0.8051050185897132,1,physics.data-an
2233,5427,0.3284587387530511,1,physics.data-an
578,1168,2.3862741829492555,1,physics.data-an
2108,14178,0.9040868828124409,1,physics.data-an
17,4583,1.9534941633280787,1,physics.data-an
8001,8005,3.8950874880773494,1,physics.data-an
166,975,0.7213475204444817,1,physics.data-an
2446,8596,2.839147821654329,1,physics.data-an
4997,4998,0.9690179556831694,1,physics.data-an
3624,1751,0.36926937306885504,1,physics.data-an
428,1315,0.6964437081770507,1,physics.data-an
942,944,2.252921681630931,1,physics.data-an
2797,3387,1.112516129891722,1,physics.data-an
10829,10830,0.9102392266268373,1,physics.data-an
4629,5621,0.0,1,physics.data-an
4123,4124,0.43429448190325176,1,physics.data-an
2046,6102,0.3898712452512801,1,physics.data-an
795,2022,0.9102392266268373,1,physics.data-an
152,5866,0.8535216142648594,1,physics.data-an
9313,9314,1.8204784532536746,1,physics.data-an
10670,10672,1.3854343562090015,1,physics.data-an
340,230,0.6213349345596119,1,physics.data-an
1150,434,1.818609878908716,1,physics.data-an
218,52,0.9478310939244963,1,physics.data-an
80,8433,0.9102392266268373,1,physics.data-an
434,5751,0.8194619958060909,1,physics.data-an
1618,14065,0.5581106265512472,1,physics.data-an
3604,5623,0.7359613803280474,1,physics.data-an
11514,11517,0.0,1,physics.data-an
10727,10728,2.522128016114953,1,physics.data-an
10476,10477,1.4426950408889634,1,physics.data-an
1377,1381,2.785377495893057,1,physics.data-an
450,14093,1.170424445888813,1,physics.data-an
172,869,0.8194619958060909,1,physics.data-an
2446,10080,9.887659791868355,1,physics.data-an
7331,7339,3.9509350549609925,1,physics.data-an
9430,9431,1.9486065526106953,1,physics.data-an
5512,5513,0.0,1,physics.data-an
2335,2731,0.9102392266268373,1,physics.data-an
72,2679,0.0,1,physics.data-an
711,14162,0.0,1,physics.data-an
1291,1361,0.3789231816899512,1,physics.data-an
5747,6169,1.8204784532536746,1,physics.data-an
62,2491,0.36926937306885504,1,physics.data-an
1562,1563,0.4170323914242463,1,physics.data-an
385,386,1.3618827791325305,1,physics.data-an
7931,7936,1.460760311285145,1,physics.data-an
2388,11132,0.9479818718025272,1,physics.data-an
8299,8301,2.352934267515801,1,physics.data-an
684,1150,0.45511961331341866,1,physics.data-an
2674,4131,0.35295612386476116,1,physics.data-an
929,1444,2.352934267515801,1,physics.data-an
153,913,0.0,1,physics.data-an
2699,2701,0.0,1,physics.data-an
597,1565,0.0,1,physics.data-an
7123,8569,3.074281787960283,1,physics.data-an
3381,3382,0.0,1,physics.data-an
4972,6217,0.48089834696298783,1,physics.data-an
6708,6709,1.013230239864666,1,physics.data-an
578,862,2.1540621191897475,1,physics.data-an
9200,9208,3.7194711698469356,1,physics.data-an
48,260,0.5138983423697507,1,physics.data-an
1,5777,0.0,1,physics.data-an
7290,7293,1.1556420023477334,1,physics.data-an
6758,6759,0.0,1,physics.data-an
8306,8311,1.179445561110859,1,physics.data-an
62,14157,0.0,1,physics.data-an
5811,9302,1.2558107977211816,1,physics.data-an
1077,10089,0.0,1,physics.data-an
1548,1547,1.0383673259838582,1,physics.data-an
8309,8311,1.7375561876621062,1,physics.data-an
11155,14070,1.2440474273221713,1,physics.data-an
1197,1199,0.48089834696298783,1,physics.data-an
2641,14067,1.8627788075876217,1,physics.data-an
7503,10052,1.575877236748061,1,physics.data-an
10680,11580,0.0,1,physics.data-an
5009,5010,0.0,1,physics.data-an
4089,4088,0.6886292600472941,1,physics.data-an
1018,1020,0.8575492176952633,1,physics.data-an
975,3311,0.8833279513448324,1,physics.data-an
479,480,8.405108425672426,1,physics.data-an
7296,7297,0.0,1,physics.data-an
5324,5327,2.252921681630931,1,physics.data-an
13211,14157,0.9102392266268373,1,physics.data-an
8477,8478,2.733820028593919,1,physics.data-an
385,9018,0.9102392266268373,1,physics.data-an
9804,9806,2.0640299754485754,1,physics.data-an
3989,9833,0.9370338082411984,1,physics.data-an
7969,7971,0.0,1,physics.data-an
745,5585,1.7603564939587169,1,physics.data-an
1328,1581,0.43429448190325176,1,physics.data-an
434,4356,0.0,1,physics.data-an
728,4278,2.8698110372385104,1,physics.data-an
1,11791,0.9102392266268373,1,physics.data-an
3380,3382,1.0237645389414565,1,physics.data-an
172,1262,0.870769592214268,1,physics.data-an
2922,10679,0.0,1,physics.data-an
578,1415,0.6213349345596119,1,physics.data-an
9275,9276,0.0,1,physics.data-an
11622,11623,3.239488435210016,1,physics.data-an
3482,3483,2.804173342315367,1,physics.data-an
910,2870,1.4426950408889634,1,physics.data-an
5215,7120,0.6121028668670905,1,physics.data-an
2797,9563,1.3287574351200537,1,physics.data-an
481,9359,0.48089834696298783,1,physics.data-an
9621,9623,1.8204784532536746,1,physics.data-an
11610,11626,5.273266279989,1,physics.data-an
272,271,0.36926937306885504,1,physics.data-an
2660,10502,0.0,1,physics.data-an
859,861,1.3244649031384101,1,physics.data-an
54,2756,0.36067376022224085,1,physics.data-an
809,2234,0.6674621898677439,1,physics.data-an
467,13374,0.0,1,physics.data-an
324,2572,1.2631953504915985,1,physics.data-an
4613,4468,0.0,1,physics.data-an
9582,9583,1.8204784532536746,1,physics.data-an
3242,2343,1.4426950408889634,1,physics.data-an
9969,9970,1.2072134310002074,1,physics.data-an
481,1319,0.2518706487516997,1,physics.data-an
571,4290,2.541825973698156,1,physics.data-an
6916,9984,1.4426950408889634,1,physics.data-an
370,3455,0.8833279513448324,1,physics.data-an
11989,11990,0.5581106265512472,1,physics.data-an
5695,5698,3.1434629506745644,1,physics.data-an
479,12003,1.365358839940256,1,physics.data-an
83,9208,4.570907397674005,1,physics.data-an
81,320,0.7213475204444817,1,physics.data-an
2409,3886,0.0,1,physics.data-an
3445,3446,1.2022458674074694,1,physics.data-an
132,7460,1.897814654202382,1,physics.data-an
1362,2210,0.7908362357786081,1,physics.data-an
4607,7480,1.6458224638979841,1,physics.data-an
209,1075,1.024760595986761,1,physics.data-an
4146,4147,0.0,1,physics.data-an
507,3127,0.8044138001116603,1,physics.data-an
481,2025,0.2835784920513334,1,physics.data-an
10147,11620,4.512557815926623,1,physics.data-an
7684,9578,0.8194619958060909,1,physics.data-an
4344,7792,0.0,1,physics.data-an
6709,6713,0.45511961331341866,1,physics.data-an
5795,9471,1.986693774499868,1,physics.data-an
73,152,0.3396232718951086,1,physics.data-an
591,1963,2.260482748152695,1,physics.data-an
11885,11886,1.7532978428627157,1,physics.data-an
8251,8252,0.0,1,physics.data-an
10907,10908,1.2426698691192237,1,physics.data-an
8273,8274,0.0,1,physics.data-an
873,875,1.190327693147779,1,physics.data-an
2025,6976,2.0640299754485754,1,physics.data-an
6862,11077,0.7213475204444817,1,physics.data-an
95,2503,1.4426950408889634,1,physics.data-an
1022,13000,1.4426950408889634,1,physics.data-an
585,8859,0.0,1,physics.data-an
2623,7937,1.4426950408889634,1,physics.data-an
4217,5811,0.9605402309330919,1,physics.data-an
3641,4283,1.072008968920998,1,physics.data-an
710,7866,1.9529453393875909,1,physics.data-an
3559,3560,1.631586747071319,1,physics.data-an
386,1019,2.4295048995736837,1,physics.data-an
5575,5576,0.7213475204444817,1,physics.data-an
45,1442,1.1135506911978943,1,physics.data-an
9429,9430,0.6213349345596119,1,physics.data-an
2857,4943,1.4426950408889634,1,physics.data-an
2257,2258,1.0237645389414565,1,physics.data-an
7064,7066,1.4426950408889634,1,physics.data-an
11914,11918,2.541825973698156,1,physics.data-an
4846,4847,0.48089834696298783,1,physics.data-an
480,6546,0.6213349345596119,1,physics.data-an
245,248,1.9007930815553409,1,physics.data-an
8248,8249,0.0,1,physics.data-an
3665,3666,0.0,1,physics.data-an
734,1493,1.4426950408889634,1,physics.data-an
926,4455,1.4426950408889634,1,physics.data-an
901,903,1.4426950408889634,1,physics.data-an
3780,1911,0.0,1,physics.data-an
1078,3144,1.344533708530089,1,physics.data-an
2257,1896,1.1022332815225997,1,physics.data-an
5132,11439,2.4332993485174303,1,physics.data-an
4433,4435,1.4426950408889634,1,physics.data-an
10080,11302,2.0640299754485754,1,physics.data-an
8003,8011,2.513735299786451,1,physics.data-an
10420,11149,0.0,1,physics.data-an
6244,6246,1.1352332769293625,1,physics.data-an
3016,5791,0.48089834696298783,1,physics.data-an
9551,9553,2.352934267515801,1,physics.data-an
4959,6671,1.8204784532536746,1,physics.data-an
394,7758,2.804773621646847,1,physics.data-an
8493,11361,1.4482095377837934,1,physics.data-an
3780,6969,0.0,1,physics.data-an
479,5307,1.7135798223712022,1,physics.data-an
8299,8300,0.9102392266268373,1,physics.data-an
10651,10652,0.0,1,physics.data-an
691,4942,0.0,1,physics.data-an
54,270,2.2043552371830284,1,physics.data-an
6776,11212,0.9102392266268373,1,physics.data-an
8624,8626,0.0,1,physics.data-an
7634,7639,1.179445561110859,1,physics.data-an
4262,4264,0.990604307628467,1,physics.data-an
83,12850,0.45511961331341866,1,physics.data-an
6276,6277,0.0,1,physics.data-an
2358,2359,0.0,1,physics.data-an
3525,6288,0.8816260796999197,1,physics.data-an
107,11437,0.7699885152890075,1,physics.data-an
2873,4321,3.2058315893037523,1,physics.data-an
3533,3869,0.40242960438184466,1,physics.data-an
4241,4243,0.45511961331341866,1,physics.data-an
269,4689,0.2518706487516997,1,physics.data-an
7367,8036,0.0,1,physics.data-an
172,422,0.43429448190325176,1,physics.data-an
9197,9200,3.1383394647729266,1,physics.data-an
8247,8249,0.0,1,physics.data-an
5888,8938,0.7213475204444817,1,physics.data-an
4178,6879,1.4426950408889634,1,physics.data-an
543,5270,1.5211748563112706,1,physics.data-an
1093,8680,1.1383799118687281,1,physics.data-an
1518,1519,0.5650022454238481,1,physics.data-an
198,4216,0.40242960438184466,1,physics.data-an
975,6769,1.167865416598485,1,physics.data-an
14144,14145,1.4426950408889634,1,physics.data-an
144,4381,0.7213475204444817,1,physics.data-an
1168,3381,0.7361299639855612,1,physics.data-an
1193,1196,1.5086950317024894,1,physics.data-an
7790,11197,0.7358475015124737,1,physics.data-an
866,929,0.5581106265512472,1,physics.data-an
5868,5870,0.318928988903801,1,physics.data-an
3375,6846,0.0,1,physics.data-an
7414,7415,0.0,1,physics.data-an
1425,804,0.2518706487516997,1,physics.data-an
407,5551,1.6790556414131914,1,physics.data-an
2399,2400,0.36067376022224085,1,physics.data-an
807,9083,1.8732787230958254,1,physics.data-an
6282,1258,1.6033436293414645,1,physics.data-an
1881,11607,2.098439773116868,1,physics.data-an
322,323,0.0,1,physics.data-an
1381,2450,1.3426824550040934,1,physics.data-an
2120,10101,0.6964437081770507,1,physics.data-an
2091,4321,1.8652805186746804,1,physics.data-an
900,9586,0.0,1,physics.data-an
2314,9305,2.986444066072009,1,physics.data-an
4356,9595,0.0,1,physics.data-an
6568,6570,1.4426950408889634,1,physics.data-an
1415,1417,0.0,1,physics.data-an
11609,11626,3.9003928191132373,1,physics.data-an
1621,2025,1.0383673259838582,1,physics.data-an
1264,7120,0.7361299639855612,1,physics.data-an
2409,3448,0.0,1,physics.data-an
11226,11231,1.5416950271092522,1,physics.data-an
11619,11633,4.925650927318828,1,physics.data-an
8009,8012,3.39958635407196,1,physics.data-an
10335,10338,0.6213349345596119,1,physics.data-an
11980,14064,0.0,1,physics.data-an
4356,1912,0.7213475204444817,1,physics.data-an
1745,1746,2.4036532473436836,1,physics.data-an
10670,12195,2.0067692907686134,1,physics.data-an
3658,3341,0.5918874093131984,1,physics.data-an
4684,7577,1.0764545478730305,1,physics.data-an
5913,3782,0.45511961331341866,1,physics.data-an
13315,14094,1.1061211480723796,1,physics.data-an
3799,4015,0.48089834696298783,1,physics.data-an
578,13207,0.7361299639855612,1,physics.data-an
7885,9983,1.531574161186449,1,physics.data-an
4958,12197,2.3559126948687594,1,physics.data-an
3198,3199,1.4683498531780845,1,physics.data-an
1350,729,0.0,1,physics.data-an
551,5794,1.3258892055276865,1,physics.data-an
4145,4146,0.0,1,physics.data-an
2437,10971,0.40242960438184466,1,physics.data-an
3285,5553,3.192374811321451,1,physics.data-an
2067,2068,1.4426950408889634,1,physics.data-an
485,3743,0.990604307628467,1,physics.data-an
9835,9836,0.5581106265512472,1,physics.data-an
717,806,0.9282626109897467,1,physics.data-an
11620,11626,4.507390061814826,1,physics.data-an
1364,5489,0.0,1,physics.data-an
2257,9148,1.1022332815225997,1,physics.data-an
887,683,0.36926937306885504,1,physics.data-an
1634,1635,0.7786350664620911,1,physics.data-an
8000,8009,2.9652918721687076,1,physics.data-an
6,8052,1.0319809340551256,1,physics.data-an
231,888,0.0,1,physics.data-an
914,8241,1.0237645389414565,1,physics.data-an
591,593,2.3786879558927003,1,physics.data-an
14018,14019,0.4170323914242463,1,physics.data-an
251,539,0.8982728279684693,1,physics.data-an
1093,8073,0.0,1,physics.data-an
3346,5794,1.3258892055276865,1,physics.data-an
10147,11623,5.527627874441767,1,physics.data-an
7823,7822,0.7213475204444817,1,physics.data-an
11611,11632,3.6064708234805125,1,physics.data-an
10107,11606,2.131439768523631,1,physics.data-an
73,829,0.9102392266268373,1,physics.data-an
2731,671,0.3001016285004131,1,physics.data-an
408,9282,0.3898712452512801,1,physics.data-an
5627,5628,1.4426950408889634,1,physics.data-an
13,3515,1.4426950408889634,1,physics.data-an
1425,591,0.5981343526500973,1,physics.data-an
1045,8774,0.0,1,physics.data-an
12089,12090,0.45511961331341866,1,physics.data-an
1045,682,1.4426950408889634,1,physics.data-an
1141,6282,0.36926937306885504,1,physics.data-an
5293,5292,0.0,1,physics.data-an
172,14153,1.592716142859735,1,physics.data-an
715,267,0.9282626109897467,1,physics.data-an
5805,5806,2.252921681630931,1,physics.data-an
1942,2464,0.40242960438184466,1,physics.data-an
958,11254,2.0202017931940004,1,physics.data-an
4914,6279,2.087533884173909,1,physics.data-an
11613,11623,4.537665193937741,1,physics.data-an
62,641,1.0111594356245632,1,physics.data-an
3022,9141,1.039008973514235,1,physics.data-an
885,12115,0.0,1,physics.data-an
1186,599,0.7213475204444817,1,physics.data-an
4217,4382,0.9605402309330919,1,physics.data-an
7427,14061,1.4426950408889634,1,physics.data-an
1425,9596,0.0,1,physics.data-an
8007,8011,2.9688549130998694,1,physics.data-an
1264,9723,1.1324708482426478,1,physics.data-an
62,13211,0.48089834696298783,1,physics.data-an
4161,4164,0.7213475204444817,1,physics.data-an
3812,10558,0.9102392266268373,1,physics.data-an
11591,11863,0.0,1,physics.data-an
9148,9149,1.5365277634258514,1,physics.data-an
807,153,0.35295612386476116,1,physics.data-an
543,3657,0.7998273358667889,1,physics.data-an
2814,2446,1.773877164446859,1,physics.data-an
37,867,1.2136523021691166,1,physics.data-an
8484,8975,0.0,1,physics.data-an
8506,8509,0.0,1,physics.data-an
5811,5812,1.279458146995729,1,physics.data-an
11940,12102,1.8565807973738444,1,physics.data-an
6551,2046,1.4271902003686057,1,physics.data-an
68,3231,2.352934267515801,1,physics.data-an
9309,9310,0.0,1,physics.data-an
40,3375,0.0,1,physics.data-an
1353,9625,0.6213349345596119,1,physics.data-an
8004,8009,2.965291872168708,1,physics.data-an
5502,5504,1.1645943654075608,1,physics.data-an
308,12411,0.0,1,physics.data-an
543,1500,0.0,1,physics.data-an
2686,10087,0.9102392266268373,1,physics.data-an
10729,10732,2.5221280161149524,1,physics.data-an
3971,3972,0.0,1,physics.data-an
11348,11349,0.0,1,physics.data-an
51,9196,2.618342417682676,1,physics.data-an
6304,6305,0.7213475204444817,1,physics.data-an
3090,3094,0.7213475204444817,1,physics.data-an
8663,11620,4.513968130712013,1,physics.data-an
2712,2713,0.40242960438184466,1,physics.data-an
2479,2480,1.8204784532536746,1,physics.data-an
132,2803,2.4817040144031983,1,physics.data-an
38,2880,0.5581106265512472,1,physics.data-an
807,3242,0.8972110924171236,1,physics.data-an
83,370,0.7213475204444817,1,physics.data-an
8156,4193,0.48089834696298783,1,physics.data-an
3189,4068,1.631586747071319,1,physics.data-an
2835,6250,0.0,1,physics.data-an
729,804,6.539574368132732,1,physics.data-an
11619,11623,5.544141869526107,1,physics.data-an
214,216,0.7112323753121091,1,physics.data-an
11068,11071,2.817792745577003,1,physics.data-an
745,5584,1.039008973514235,1,physics.data-an
4857,6573,0.0,1,physics.data-an
5954,7770,1.1112187656957617,1,physics.data-an
4915,7936,1.7985167537934235,1,physics.data-an
8492,8493,1.6192782588317156,1,physics.data-an
5215,578,0.9459110675624245,1,physics.data-an
11656,11657,0.6213349345596119,1,physics.data-an
5975,1141,0.5581106265512472,1,physics.data-an
2918,8995,0.4170323914242463,1,physics.data-an
8307,9105,1.1162212531024944,1,physics.data-an
985,2534,1.179445561110859,1,physics.data-an
698,6282,1.6401319072179699,1,physics.data-an
3228,6711,0.0,1,physics.data-an
63,111,1.0448629735931543,1,physics.data-an
13244,13245,0.0,1,physics.data-an
711,14078,0.0,1,physics.data-an
207,888,0.9102392266268373,1,physics.data-an
859,860,1.481156463212551,1,physics.data-an
9196,9197,2.492330325922086,1,physics.data-an
6589,6590,0.9102392266268373,1,physics.data-an
11625,11627,5.1550522289811775,1,physics.data-an
1248,10080,1.2537564777093428,1,physics.data-an
6394,10752,1.4426950408889634,1,physics.data-an
7173,7174,0.0,1,physics.data-an
11621,11624,5.863982265295656,1,physics.data-an
10794,10795,0.0,1,physics.data-an
3992,4309,0.0,1,physics.data-an
7636,7639,1.9007930815553407,1,physics.data-an
2074,2073,0.6213349345596119,1,physics.data-an
2918,8997,0.4170323914242463,1,physics.data-an
536,1250,1.7552082525686816,1,physics.data-an
72,8035,1.2426698691192237,1,physics.data-an
2122,6674,0.0,1,physics.data-an
14044,13137,1.2386979653798884,1,physics.data-an
11251,11253,1.391137573589825,1,physics.data-an
3023,11494,2.7299612961166053,1,physics.data-an
2797,8053,1.4003723306348461,1,physics.data-an
660,2665,0.8423570811228018,1,physics.data-an
3632,3633,1.2440474273221713,1,physics.data-an
395,68,0.6121028668670905,1,physics.data-an
4095,9285,1.800780495670471,1,physics.data-an
4554,4556,1.4958316341304254,1,physics.data-an
3743,6625,2.4378146292134693,1,physics.data-an
7196,9254,2.089514468211508,1,physics.data-an
583,12781,1.1892945399024608,1,physics.data-an
111,507,1.0153616242396877,1,physics.data-an
2274,2789,0.0,1,physics.data-an
3381,3385,1.357464898545173,1,physics.data-an
1034,169,0.0,1,physics.data-an
6149,6153,2.558916293991458,1,physics.data-an
5310,5314,2.4510839595197043,1,physics.data-an
3340,3512,2.0189348328076955,1,physics.data-an
6678,6679,1.365358839940256,1,physics.data-an
1540,5574,2.731857449205752,1,physics.data-an
1072,4720,0.0,1,physics.data-an
11295,11296,1.0940754046808543,1,physics.data-an
214,382,0.5709519972040634,1,physics.data-an
8500,12152,0.974291058424373,1,physics.data-an
11625,11630,4.8758337947296315,1,physics.data-an
511,6748,1.7491442051839832,1,physics.data-an
11618,11625,5.781745673646722,1,physics.data-an
1704,3655,0.9924051084544989,1,physics.data-an
5160,5161,1.3272716180510837,1,physics.data-an
9299,9302,1.4499163026461572,1,physics.data-an
165,167,0.43429448190325176,1,physics.data-an
54,633,1.3557130828176764,1,physics.data-an
8663,11626,5.160999037009358,1,physics.data-an
10670,10671,0.66408683576452,1,physics.data-an
2916,5419,1.285421770324132,1,physics.data-an
6198,7724,0.3459762562611936,1,physics.data-an
11588,11590,0.0,1,physics.data-an
711,2255,1.7375561876621064,1,physics.data-an
1763,1839,0.5581106265512472,1,physics.data-an
207,4644,0.0,1,physics.data-an
3851,3852,0.9102392266268373,1,physics.data-an
1067,3278,0.7213475204444817,1,physics.data-an
8625,8626,1.4426950408889634,1,physics.data-an
11779,11780,1.631586747071319,1,physics.data-an
5888,8940,1.631586747071319,1,physics.data-an
3284,5489,0.36067376022224085,1,physics.data-an
2057,2754,4.230893647396085,1,physics.data-an
1356,1385,1.9959040842913218,1,physics.data-an
1746,6439,0.3396232718951086,1,physics.data-an
3604,5553,3.063868536945666,1,physics.data-an
416,2447,0.0,1,physics.data-an
563,564,1.6053797660179567,1,physics.data-an
832,2983,0.0,1,physics.data-an
955,7378,0.0,1,physics.data-an
874,13275,1.8978146542023824,1,physics.data-an
927,13126,1.4426950408889634,1,physics.data-an
11650,11652,1.2136523021691166,1,physics.data-an
5751,2026,0.9751430179754935,1,physics.data-an
6334,11132,0.9479818718025272,1,physics.data-an
938,1851,1.2628508047171274,1,physics.data-an
8261,8263,1.4426950408889634,1,physics.data-an
6723,6724,0.9102392266268373,1,physics.data-an
3580,4975,1.4426950408889634,1,physics.data-an
2357,3296,0.0,1,physics.data-an
7667,7668,1.4426950408889634,1,physics.data-an
3533,7967,1.4426950408889634,1,physics.data-an
5896,5897,0.0,1,physics.data-an
11954,11955,1.4426950408889634,1,physics.data-an
9603,9606,2.314678838040222,1,physics.data-an
434,842,0.9102392266268373,1,physics.data-an
5232,11558,1.578896738139745,1,physics.data-an
201,1047,0.0,1,physics.data-an
4648,6995,0.0,1,physics.data-an
434,4371,0.9102392266268373,1,physics.data-an
4574,8044,1.0820212806667224,1,physics.data-an
1660,96,4.694161003799115,1,physics.data-an
1122,10567,0.0,1,physics.data-an
9911,9912,0.7213475204444817,1,physics.data-an
297,14368,0.4170323914242463,1,physics.data-an
37,6686,0.0,1,physics.data-an
451,452,3.752731070644331,1,physics.data-an
948,6310,0.0,1,physics.data-an
666,13676,1.1352332769293625,1,physics.data-an
4320,6633,1.0237645389414565,1,physics.data-an
4623,4621,1.424137568996588,1,physics.data-an
152,13253,0.3396232718951086,1,physics.data-an
10651,10654,0.0,1,physics.data-an
862,3858,1.5859073112907487,1,physics.data-an
1356,1263,1.1490898981465225,1,physics.data-an
9141,11492,2.6527490165283463,1,physics.data-an
765,14082,1.4426950408889634,1,physics.data-an
221,502,1.8978359755918452,1,physics.data-an
9082,1117,0.32351545314867247,1,physics.data-an
4665,2214,0.7213475204444817,1,physics.data-an
12169,12171,1.4426950408889634,1,physics.data-an
565,566,0.45511961331341866,1,physics.data-an
543,3606,2.5706617017430755,1,physics.data-an
4344,6575,0.0,1,physics.data-an
3202,3204,0.7213475204444817,1,physics.data-an
842,3062,0.9102392266268373,1,physics.data-an
720,12028,1.0743563519622636,1,physics.data-an
8264,8265,0.7283085856984578,1,physics.data-an
219,407,0.6193723551714452,1,physics.data-an
5534,5536,1.631586747071319,1,physics.data-an
578,863,0.7031299685787982,1,physics.data-an
2555,10028,0.0,1,physics.data-an
4079,4720,0.0,1,physics.data-an
10147,11617,4.921028538896094,1,physics.data-an
434,432,0.6782216479884705,1,physics.data-an
4011,4083,1.690365476127651,1,physics.data-an
682,6185,0.0,1,physics.data-an
2924,4172,0.40242960438184466,1,physics.data-an
5307,5314,0.8894140952166705,1,physics.data-an
1248,434,2.028060201473131,1,physics.data-an
1385,2803,0.0,1,physics.data-an
2699,2700,0.9102392266268373,1,physics.data-an
1311,7560,0.0,1,physics.data-an
4304,5073,0.0,1,physics.data-an
4596,6335,0.0,1,physics.data-an
11610,11630,5.619060828419709,1,physics.data-an
8585,2543,0.0,1,physics.data-an
2797,5288,1.000258116249563,1,physics.data-an
3050,481,1.146164003720709,1,physics.data-an
11617,11619,4.926378000838377,1,physics.data-an
573,965,0.0,1,physics.data-an
3057,1855,1.4426950408889634,1,physics.data-an
720,4089,0.5162457254110164,1,physics.data-an
166,10663,1.6818877513775736,1,physics.data-an
2632,4166,0.6213349345596119,1,physics.data-an
47,572,1.1584979064668963,1,physics.data-an
1067,6753,0.0,1,physics.data-an
2161,10312,0.4170323914242463,1,physics.data-an
4521,4522,0.5581106265512472,1,physics.data-an
8306,8310,2.458903708106588,1,physics.data-an
1157,5468,0.0,1,physics.data-an
72,3484,2.234995890522088,1,physics.data-an
8506,8507,0.0,1,physics.data-an
8156,9198,2.8746967805236636,1,physics.data-an
1808,14113,0.9102392266268373,1,physics.data-an
2660,4925,1.6573654807208882,1,physics.data-an
3888,6729,0.0,1,physics.data-an
210,4018,0.0,1,physics.data-an
6251,8662,0.7213475204444817,1,physics.data-an
1175,1173,1.4426950408889634,1,physics.data-an
42,1161,1.5894770038450812,1,physics.data-an
8003,8010,2.9971567496901153,1,physics.data-an
782,808,0.7955563274071127,1,physics.data-an
11515,11517,0.0,1,physics.data-an
3071,3073,2.541825973698156,1,physics.data-an
1141,5974,0.5581106265512472,1,physics.data-an
83,3655,0.5581106265512472,1,physics.data-an
5215,720,0.7803422481670577,1,physics.data-an
11609,11613,4.592794884674144,1,physics.data-an
1034,11988,0.0,1,physics.data-an
9929,9930,0.0,1,physics.data-an
1066,4843,0.0,1,physics.data-an
1360,6895,0.269282508064391,1,physics.data-an
2485,3057,0.40242960438184466,1,physics.data-an
1692,3651,0.7213475204444817,1,physics.data-an
7997,7998,0.9102392266268373,1,physics.data-an
301,3107,0.0,1,physics.data-an
11780,11907,0.7213475204444817,1,physics.data-an
6268,6626,1.428880218765515,1,physics.data-an
270,6877,0.43429448190325176,1,physics.data-an
978,7861,0.0,1,physics.data-an
1,1264,1.9866937744998676,1,physics.data-an
9615,11239,1.1352332769293625,1,physics.data-an
4002,4003,0.9102392266268373,1,physics.data-an
9199,9202,3.127807679662696,1,physics.data-an
4663,6741,0.31465798044412485,1,physics.data-an
11612,11624,5.880090084042092,1,physics.data-an
543,3605,4.603699144799462,1,physics.data-an
8570,8573,1.1162212531024944,1,physics.data-an
6246,6248,2.163029961668864,1,physics.data-an
395,7930,0.990604307628467,1,physics.data-an
7365,7366,0.5138983423697507,1,physics.data-an
385,573,2.2204011925354505,1,physics.data-an
317,316,0.9102392266268373,1,physics.data-an
1350,3744,0.29120667621996243,1,physics.data-an
11240,11476,2.7463408485747394,1,physics.data-an
1196,10682,1.552907315883986,1,physics.data-an
7197,9569,0.0,1,physics.data-an
5795,11584,1.0764545478730305,1,physics.data-an
14012,14015,1.072008968920998,1,physics.data-an
1894,1895,1.876989522792215,1,physics.data-an
1712,900,0.0,1,physics.data-an
1478,3842,0.5511166407612998,1,physics.data-an
2822,938,0.988836040295142,1,physics.data-an
3743,8164,0.8942933549690093,1,physics.data-an
1264,2665,0.3898712452512801,1,physics.data-an
6157,10402,0.8575492176952633,1,physics.data-an
3568,3670,1.826481344340893,1,physics.data-an
6513,6514,0.0,1,physics.data-an
11357,11358,0.0,1,physics.data-an
83,11605,1.7024434346342525,1,physics.data-an
716,4107,1.7383923473095895,1,physics.data-an
3164,3216,2.541825973698156,1,physics.data-an
10052,9111,0.0,1,physics.data-an
10535,10536,0.7213475204444817,1,physics.data-an
11611,11862,0.8367240862850964,1,physics.data-an
4018,4019,0.0,1,physics.data-an
3987,3988,0.0,1,physics.data-an
10620,10621,0.6213349345596119,1,physics.data-an
4279,4280,1.6161316238923504,1,physics.data-an
4086,5083,1.6088772321548237,1,physics.data-an
153,165,0.43429448190325176,1,physics.data-an
958,1072,1.4597664019996293,1,physics.data-an
10418,10419,0.4170323914242463,1,physics.data-an
4057,547,1.531574161186449,1,physics.data-an
862,3860,1.7933564893654796,1,physics.data-an
765,14167,0.0,1,physics.data-an
60,111,1.526206729208171,1,physics.data-an
36,10075,0.3396232718951086,1,physics.data-an
1751,1543,0.0,1,physics.data-an
4357,9577,1.212588718831359,1,physics.data-an
1635,2486,0.45511961331341866,1,physics.data-an
105,3580,1.000258116249563,1,physics.data-an
4699,3051,0.0,1,physics.data-an
866,1141,3.7216193931665154,1,physics.data-an
7491,8024,0.3898712452512801,1,physics.data-an
5461,5463,2.6853649100081873,1,physics.data-an
2746,2747,2.541825973698156,1,physics.data-an
4837,9922,1.8582210984293646,1,physics.data-an
3914,3916,0.6213349345596119,1,physics.data-an
9198,9202,2.967206461351225,1,physics.data-an
4290,10795,0.0,1,physics.data-an
3613,3612,1.2352458628142324,1,physics.data-an
1549,2389,1.4683498531780845,1,physics.data-an
2124,321,0.0,1,physics.data-an
4168,11798,0.9102392266268373,1,physics.data-an
61,62,4.0047470350795145,1,physics.data-an
5662,9543,2.164042561333445,1,physics.data-an
14011,14015,1.072008968920998,1,physics.data-an
2166,7705,0.9102392266268373,1,physics.data-an
4554,4555,1.7726758466189443,1,physics.data-an
1661,14083,1.1915056406895657,1,physics.data-an
975,9186,1.072008968920998,1,physics.data-an
7949,1920,0.8243889863822738,1,physics.data-an
975,481,1.6795690180308744,1,physics.data-an
370,1241,2.3946901116754042,1,physics.data-an
96,13012,2.1454850894410695,1,physics.data-an
252,538,1.7367091446841694,1,physics.data-an
4667,4666,0.0,1,physics.data-an
5414,6103,1.1054616633087653,1,physics.data-an
7120,1360,0.2222316216158104,1,physics.data-an
578,8731,0.0,1,physics.data-an
12101,12103,2.43534374880748,1,physics.data-an
1383,1904,1.1567771202330894,1,physics.data-an
6539,6540,0.9102392266268373,1,physics.data-an
2195,5439,0.35295612386476116,1,physics.data-an
90,6778,0.48089834696298783,1,physics.data-an
551,9429,1.2426698691192237,1,physics.data-an
7388,7390,1.4426950408889634,1,physics.data-an
382,215,0.2769378934088574,1,physics.data-an
2768,2769,0.43429448190325176,1,physics.data-an
4261,10526,1.8204784532536746,1,physics.data-an
2314,3889,1.179445561110859,1,physics.data-an
543,958,1.3223003735109866,1,physics.data-an
1203,2801,1.4426950408889634,1,physics.data-an
52,3189,1.0032023941377968,1,physics.data-an
1911,8287,0.0,1,physics.data-an
10594,10595,0.0,1,physics.data-an
975,2632,2.7164553960047884,1,physics.data-an
6,166,0.3898712452512801,1,physics.data-an
1163,2492,0.0,1,physics.data-an
9403,9404,2.8853900817779268,1,physics.data-an
269,480,2.06152450363292,1,physics.data-an
1618,14066,0.5581106265512472,1,physics.data-an
1230,11386,2.1896973736225664,1,physics.data-an
4850,4852,0.0,1,physics.data-an
7509,7510,2.541825973698156,1,physics.data-an
96,321,0.0,1,physics.data-an
220,1356,0.9721395453498651,1,physics.data-an
7103,7104,1.3426824550040934,1,physics.data-an
1681,10401,0.0,1,physics.data-an
592,11379,1.4426950408889634,1,physics.data-an
6953,6954,1.4426950408889634,1,physics.data-an
214,8694,1.1282647667363555,1,physics.data-an
660,11196,0.7213475204444817,1,physics.data-an
10144,11779,0.0,0,physics.data-an
8307,11347,0.0,0,physics.data-an
492,5535,0.0,0,physics.data-an
7182,10829,0.0,0,physics.data-an
4857,10022,0.0,0,physics.data-an
1500,4979,0.0,0,physics.data-an
2046,8567,0.0,0,physics.data-an
2633,6786,0.0,0,physics.data-an
260,2933,0.0,0,physics.data-an
6953,11387,0.0,0,physics.data-an
4897,6716,0.0,0,physics.data-an
4427,6767,0.0,0,physics.data-an
4548,8634,0.0,0,physics.data-an
314,8767,0.0,0,physics.data-an
6322,11669,0.0,0,physics.data-an
10001,10459,0.0,0,physics.data-an
5446,8966,0.0,0,physics.data-an
153,6226,0.0,0,physics.data-an
9060,14042,0.0,0,physics.data-an
6332,8155,0.0,0,physics.data-an
467,680,0.0,0,physics.data-an
7084,7790,0.0,0,physics.data-an
8626,10174,0.0,0,physics.data-an
2338,6995,0.0,0,physics.data-an
8117,9888,0.0,0,physics.data-an
4169,5869,0.0,0,physics.data-an
3,4746,0.0,0,physics.data-an
1638,1659,0.0,0,physics.data-an
1870,9779,0.0,0,physics.data-an
8568,11630,0.0,0,physics.data-an
2805,2854,0.0,0,physics.data-an
2928,9835,0.0,0,physics.data-an
1501,11224,0.0,0,physics.data-an
900,6654,0.0,0,physics.data-an
447,13390,0.0,0,physics.data-an
5262,7460,0.0,0,physics.data-an
6570,11626,0.0,0,physics.data-an
7060,11719,0.0,0,physics.data-an
6208,6929,0.0,0,physics.data-an
90,8542,0.0,0,physics.data-an
7349,14073,0.0,0,physics.data-an
2824,10945,0.0,0,physics.data-an
2366,2748,0.0,0,physics.data-an
3914,4272,0.0,0,physics.data-an
49,7049,0.0,0,physics.data-an
2659,8105,0.0,0,physics.data-an
1163,1816,0.0,0,physics.data-an
1941,1967,0.0,0,physics.data-an
2814,5010,0.0,0,physics.data-an
218,7644,0.0,0,physics.data-an
269,7955,0.0,0,physics.data-an
1819,5913,0.0,0,physics.data-an
571,3747,0.0,0,physics.data-an
381,8196,0.0,0,physics.data-an
11483,11722,0.0,0,physics.data-an
4082,10537,0.0,0,physics.data-an
8916,9087,0.0,0,physics.data-an
1851,2338,0.0,0,physics.data-an
4575,11718,0.0,0,physics.data-an
6309,11154,0.0,0,physics.data-an
2360,3384,0.0,0,physics.data-an
863,3366,0.0,0,physics.data-an
7850,8209,0.0,0,physics.data-an
4621,8307,0.0,0,physics.data-an
1203,6440,0.0,0,physics.data-an
12148,13689,0.0,0,physics.data-an
71,693,0.0,0,physics.data-an
1262,4274,0.0,0,physics.data-an
3244,3812,0.0,0,physics.data-an
3792,6390,0.0,0,physics.data-an
8044,14081,0.0,0,physics.data-an
9364,11168,0.0,0,physics.data-an
1367,9580,0.0,0,physics.data-an
272,2260,0.0,0,physics.data-an
2908,6486,0.0,0,physics.data-an
3296,11815,0.0,0,physics.data-an
4263,13968,0.0,0,physics.data-an
5073,6603,0.0,0,physics.data-an
272,12733,0.0,0,physics.data-an
933,13116,0.0,0,physics.data-an
420,4229,0.0,0,physics.data-an
7897,12463,0.0,0,physics.data-an
1314,7969,0.0,0,physics.data-an
10307,14019,0.0,0,physics.data-an
4525,11758,0.0,0,physics.data-an
67,11955,0.0,0,physics.data-an
6469,11004,0.0,0,physics.data-an
5331,10955,0.0,0,physics.data-an
2081,4843,0.0,0,physics.data-an
7512,8716,0.0,0,physics.data-an
6182,9778,0.0,0,physics.data-an
1210,12463,0.0,0,physics.data-an
7075,7960,0.0,0,physics.data-an
3803,10577,0.0,0,physics.data-an
319,1000,0.0,0,physics.data-an
8575,11515,0.0,0,physics.data-an
8799,9948,0.0,0,physics.data-an
4948,6585,0.0,0,physics.data-an
711,10011,0.0,0,physics.data-an
3087,10900,0.0,0,physics.data-an
4049,4078,0.0,0,physics.data-an
280,11667,0.0,0,physics.data-an
4608,6436,0.0,0,physics.data-an
428,1028,0.0,0,physics.data-an
5536,9006,0.0,0,physics.data-an
5453,9237,0.0,0,physics.data-an
3602,14091,0.0,0,physics.data-an
4015,11520,0.0,0,physics.data-an
1146,6677,0.0,0,physics.data-an
7885,10781,0.0,0,physics.data-an
3003,7087,0.0,0,physics.data-an
4321,4393,0.0,0,physics.data-an
659,7233,0.0,0,physics.data-an
3746,11103,0.0,0,physics.data-an
4061,7960,0.0,0,physics.data-an
5730,11617,0.0,0,physics.data-an
2854,9996,0.0,0,physics.data-an
6790,7396,0.0,0,physics.data-an
5643,11612,0.0,0,physics.data-an
572,6182,0.0,0,physics.data-an
5947,9071,0.0,0,physics.data-an
96,6747,0.0,0,physics.data-an
971,1577,0.0,0,physics.data-an
5947,10419,0.0,0,physics.data-an
6586,10900,0.0,0,physics.data-an
252,8800,0.0,0,physics.data-an
10155,13988,0.0,0,physics.data-an
1357,3226,0.0,0,physics.data-an
4809,14131,0.0,0,physics.data-an
6655,9687,0.0,0,physics.data-an
6686,12155,0.0,0,physics.data-an
4240,4934,0.0,0,physics.data-an
8306,10028,0.0,0,physics.data-an
9517,10326,0.0,0,physics.data-an
2393,5743,0.0,0,physics.data-an
8037,8820,0.0,0,physics.data-an
2366,6543,0.0,0,physics.data-an
1163,10944,0.0,0,physics.data-an
2283,7677,0.0,0,physics.data-an
447,1814,0.0,0,physics.data-an
3084,8220,0.0,0,physics.data-an
4077,9113,0.0,0,physics.data-an
984,5694,0.0,0,physics.data-an
220,7284,0.0,0,physics.data-an
410,8985,0.0,0,physics.data-an
8405,11583,0.0,0,physics.data-an
466,11626,0.0,0,physics.data-an
2926,5833,0.0,0,physics.data-an
6981,10652,0.0,0,physics.data-an
2046,4588,0.0,0,physics.data-an
11217,14171,0.0,0,physics.data-an
1942,12115,0.0,0,physics.data-an
5356,11388,0.0,0,physics.data-an
3326,14025,0.0,0,physics.data-an
12155,13142,0.0,0,physics.data-an
8680,9801,0.0,0,physics.data-an
2845,4941,0.0,0,physics.data-an
4377,5591,0.0,0,physics.data-an
6545,8629,0.0,0,physics.data-an
1104,3022,0.0,0,physics.data-an
699,10521,0.0,0,physics.data-an
1160,11670,0.0,0,physics.data-an
132,11722,0.0,0,physics.data-an
4850,6268,0.0,0,physics.data-an
3012,7040,0.0,0,physics.data-an
475,721,0.0,0,physics.data-an
7358,11514,0.0,0,physics.data-an
3534,6182,0.0,0,physics.data-an
3168,14118,0.0,0,physics.data-an
1163,3193,0.0,0,physics.data-an
477,5489,0.0,0,physics.data-an
3114,9388,0.0,0,physics.data-an
3071,4322,0.0,0,physics.data-an
138,11429,0.0,0,physics.data-an
2441,5732,0.0,0,physics.data-an
667,6934,0.0,0,physics.data-an
5668,14075,0.0,0,physics.data-an
9197,9430,0.0,0,physics.data-an
1708,7315,0.0,0,physics.data-an
3917,10013,0.0,0,physics.data-an
4456,6535,0.0,0,physics.data-an
4998,7492,0.0,0,physics.data-an
3666,5821,0.0,0,physics.data-an
3432,9855,0.0,0,physics.data-an
7207,8204,0.0,0,physics.data-an
476,1746,0.3396232718951086,0,physics.data-an
1857,11086,0.0,0,physics.data-an
320,1727,0.0,0,physics.data-an
2509,14130,0.0,0,physics.data-an
9151,14094,0.0,0,physics.data-an
1966,2362,0.0,0,physics.data-an
1861,7264,0.0,0,physics.data-an
2058,6646,0.0,0,physics.data-an
1846,6238,0.0,0,physics.data-an
6626,11870,0.0,0,physics.data-an
5121,7418,0.0,0,physics.data-an
2489,8675,0.0,0,physics.data-an
2756,11908,0.0,0,physics.data-an
3562,8774,0.0,0,physics.data-an
7413,12860,0.0,0,physics.data-an
11360,13679,0.0,0,physics.data-an
6976,7638,0.0,0,physics.data-an
4822,6304,0.0,0,physics.data-an
4926,11874,0.0,0,physics.data-an
7484,9622,0.0,0,physics.data-an
467,6068,0.0,0,physics.data-an
2438,5331,0.0,0,physics.data-an
7335,8510,0.0,0,physics.data-an
5031,7875,0.0,0,physics.data-an
7393,9912,0.0,0,physics.data-an
9707,12138,0.0,0,physics.data-an
3606,9194,0.0,0,physics.data-an
7423,12006,0.0,0,physics.data-an
5155,6778,0.0,0,physics.data-an
5693,9422,0.0,0,physics.data-an
6520,9200,0.0,0,physics.data-an
1729,10011,0.0,0,physics.data-an
4103,5161,0.0,0,physics.data-an
1768,5621,0.0,0,physics.data-an
3202,8588,0.0,0,physics.data-an
9586,9983,0.0,0,physics.data-an
10672,10955,0.0,0,physics.data-an
394,4169,0.0,0,physics.data-an
11494,12195,0.0,0,physics.data-an
14009,14411,0.0,0,physics.data-an
1196,3216,0.0,0,physics.data-an
710,7789,0.0,0,physics.data-an
9303,9402,0.0,0,physics.data-an
7915,7979,0.0,0,physics.data-an
1870,9991,0.0,0,physics.data-an
5622,10651,0.0,0,physics.data-an
3425,3534,0.0,0,physics.data-an
4633,11634,0.0,0,physics.data-an
2358,3100,0.0,0,physics.data-an
5749,7085,0.0,0,physics.data-an
1862,8266,0.0,0,physics.data-an
9036,10900,0.0,0,physics.data-an
2007,8275,0.0,0,physics.data-an
7639,7851,0.0,0,physics.data-an
7642,11389,0.0,0,physics.data-an
2068,2363,0.0,0,physics.data-an
783,5908,0.0,0,physics.data-an
1846,2436,0.0,0,physics.data-an
5504,7290,0.0,0,physics.data-an
9752,10172,0.0,0,physics.data-an
8169,8690,0.0,0,physics.data-an
5083,10414,0.30341307554227914,0,physics.data-an
2214,3585,0.0,0,physics.data-an
2247,7820,0.0,0,physics.data-an
1920,5210,0.0,0,physics.data-an
9943,10908,0.0,0,physics.data-an
6486,11148,0.0,0,physics.data-an
906,5117,0.0,0,physics.data-an
9804,11387,0.0,0,physics.data-an
5832,7914,0.0,0,physics.data-an
1661,2246,0.0,0,physics.data-an
7872,14038,0.0,0,physics.data-an
2984,12170,0.0,0,physics.data-an
5021,10295,0.0,0,physics.data-an
4295,10340,0.0,0,physics.data-an
666,9830,0.0,0,physics.data-an
2436,13124,0.0,0,physics.data-an
2822,10536,0.0,0,physics.data-an
1057,7357,0.0,0,physics.data-an
3588,7854,0.0,0,physics.data-an
2661,2854,0.0,0,physics.data-an
2171,13989,0.0,0,physics.data-an
4547,11580,0.0,0,physics.data-an
10054,11799,0.0,0,physics.data-an
5234,6768,0.0,0,physics.data-an
7142,10670,0.0,0,physics.data-an
4815,11251,0.0,0,physics.data-an
168,8506,0.0,0,physics.data-an
634,3812,0.0,0,physics.data-an
5164,14028,0.0,0,physics.data-an
7264,7743,0.0,0,physics.data-an
81,11247,0.0,0,physics.data-an
1128,14183,0.0,0,physics.data-an
5849,11507,0.0,0,physics.data-an
4204,7161,0.0,0,physics.data-an
173,2290,0.0,0,physics.data-an
4410,10155,0.0,0,physics.data-an
7842,10874,0.0,0,physics.data-an
9234,13987,0.0,0,physics.data-an
9517,10669,0.0,0,physics.data-an
2334,12187,0.0,0,physics.data-an
4604,13812,0.0,0,physics.data-an
4648,4699,0.0,0,physics.data-an
5066,9413,0.0,0,physics.data-an
7614,9554,0.0,0,physics.data-an
5138,6512,0.0,0,physics.data-an
7665,9376,0.0,0,physics.data-an
959,11493,0.0,0,physics.data-an
2958,7291,0.0,0,physics.data-an
1548,2848,0.0,0,physics.data-an
1228,9143,0.0,0,physics.data-an
5507,8337,0.0,0,physics.data-an
2149,8470,0.0,0,physics.data-an
7930,9832,0.0,0,physics.data-an
7366,11825,0.0,0,physics.data-an
4176,7979,0.0,0,physics.data-an
37,9613,0.0,0,physics.data-an
9740,10538,0.0,0,physics.data-an
2112,6718,0.0,0,physics.data-an
1288,4434,0.0,0,physics.data-an
1471,9394,0.0,0,physics.data-an
5975,9201,0.0,0,physics.data-an
4301,10490,0.0,0,physics.data-an
6861,9968,0.0,0,physics.data-an
243,412,0.0,0,physics.data-an
777,7293,0.0,0,physics.data-an
1708,9752,0.0,0,physics.data-an
2530,2770,0.0,0,physics.data-an
2515,9057,0.0,0,physics.data-an
4154,14083,0.0,0,physics.data-an
10809,14166,0.0,0,physics.data-an
5483,13879,0.0,0,physics.data-an
4663,7315,0.0,0,physics.data-an
2717,6388,0.0,0,physics.data-an
7517,7914,0.0,0,physics.data-an
1386,3321,0.0,0,physics.data-an
6976,8642,0.0,0,physics.data-an
212,1104,0.0,0,physics.data-an
5338,11245,0.0,0,physics.data-an
144,13243,0.0,0,physics.data-an
4477,9525,0.0,0,physics.data-an
10075,11174,0.0,0,physics.data-an
9832,10104,0.0,0,physics.data-an
6445,9765,0.0,0,physics.data-an
7818,8027,0.0,0,physics.data-an
2515,10081,0.0,0,physics.data-an
1583,8975,0.0,0,physics.data-an
3999,7914,0.0,0,physics.data-an
3961,9608,0.0,0,physics.data-an
4533,8867,0.0,0,physics.data-an
4063,6394,0.0,0,physics.data-an
5210,10543,0.0,0,physics.data-an
3798,4891,0.0,0,physics.data-an
760,3245,0.0,0,physics.data-an
3505,10267,0.0,0,physics.data-an
5252,10051,0.0,0,physics.data-an
3067,10450,0.0,0,physics.data-an
8782,11867,0.0,0,physics.data-an
864,2844,0.0,0,physics.data-an
308,9042,0.0,0,physics.data-an
1032,14177,0.0,0,physics.data-an
2868,8111,0.0,0,physics.data-an
945,4229,0.0,0,physics.data-an
10093,11205,0.0,0,physics.data-an
2789,11530,0.0,0,physics.data-an
8895,9534,0.0,0,physics.data-an
9420,9764,0.0,0,physics.data-an
5644,7923,0.0,0,physics.data-an
5824,8119,0.0,0,physics.data-an
3202,3562,0.0,0,physics.data-an
4309,6512,0.0,0,physics.data-an
3477,11494,0.0,0,physics.data-an
3049,8164,0.0,0,physics.data-an
2122,3869,0.0,0,physics.data-an
9231,10916,0.0,0,physics.data-an
3803,9529,0.0,0,physics.data-an
4906,4961,0.0,0,physics.data-an
8472,12850,0.0,0,physics.data-an
3789,4032,0.0,0,physics.data-an
4281,7124,0.0,0,physics.data-an
2317,4602,0.0,0,physics.data-an
551,3493,0.0,0,physics.data-an
2190,4232,0.0,0,physics.data-an
1378,12576,0.0,0,physics.data-an
764,5443,0.0,0,physics.data-an
242,2020,0.0,0,physics.data-an
13000,14182,0.0,0,physics.data-an
4158,11339,0.0,0,physics.data-an
6697,10794,0.0,0,physics.data-an
7864,11431,0.0,0,physics.data-an
2822,3547,0.0,0,physics.data-an
3448,3860,0.0,0,physics.data-an
2885,4915,0.0,0,physics.data-an
1535,5096,0.0,0,physics.data-an
1112,2927,0.0,0,physics.data-an
450,9718,0.0,0,physics.data-an
1425,12134,0.0,0,physics.data-an
8151,12018,0.0,0,physics.data-an
5257,5919,0.0,0,physics.data-an
1282,8299,0.0,0,physics.data-an
3117,3351,0.0,0,physics.data-an
641,10597,0.0,0,physics.data-an
583,10018,0.0,0,physics.data-an
905,2570,0.0,0,physics.data-an
4994,11732,0.0,0,physics.data-an
6249,6438,0.0,0,physics.data-an
4085,9749,0.0,0,physics.data-an
585,4057,0.0,0,physics.data-an
1876,4607,0.0,0,physics.data-an
3805,10555,0.0,0,physics.data-an
4384,5652,0.0,0,physics.data-an
2387,7383,0.0,0,physics.data-an
5808,6323,0.0,0,physics.data-an
7963,9050,0.0,0,physics.data-an
4539,9058,0.0,0,physics.data-an
5674,8574,0.0,0,physics.data-an
4607,7615,0.0,0,physics.data-an
5662,7437,0.0,0,physics.data-an
9235,14053,0.0,0,physics.data-an
6089,8264,0.0,0,physics.data-an
691,7457,0.0,0,physics.data-an
3144,8041,0.0,0,physics.data-an
7126,7357,0.0,0,physics.data-an
3258,6714,0.0,0,physics.data-an
9710,10081,0.0,0,physics.data-an
3950,7238,0.0,0,physics.data-an
2935,7638,0.0,0,physics.data-an
1202,1751,0.0,0,physics.data-an
2573,5336,0.0,0,physics.data-an
2927,5419,0.0,0,physics.data-an
1145,8041,0.0,0,physics.data-an
605,6227,0.0,0,physics.data-an
978,1219,0.0,0,physics.data-an
8403,10080,0.0,0,physics.data-an
2073,6181,0.0,0,physics.data-an
9724,11333,0.0,0,physics.data-an
5745,6769,0.0,0,physics.data-an
8246,11594,0.0,0,physics.data-an
634,10571,0.0,0,physics.data-an
4466,10357,0.0,0,physics.data-an
927,6543,0.0,0,physics.data-an
6475,7517,0.0,0,physics.data-an
7417,11483,0.0,0,physics.data-an
319,1290,0.0,0,physics.data-an
424,5922,0.0,0,physics.data-an
201,11363,0.0,0,physics.data-an
677,10389,0.0,0,physics.data-an
7557,14117,0.0,0,physics.data-an
221,7140,0.0,0,physics.data-an
5445,11617,0.0,0,physics.data-an
10090,10114,0.0,0,physics.data-an
482,2485,0.0,0,physics.data-an
641,9828,0.0,0,physics.data-an
8962,14137,0.0,0,physics.data-an
1728,9911,0.0,0,physics.data-an
4082,8566,0.0,0,physics.data-an
5908,6279,0.0,0,physics.data-an
2360,4940,0.0,0,physics.data-an
3246,6982,0.0,0,physics.data-an
11769,11914,0.0,0,physics.data-an
6283,7962,0.0,0,physics.data-an
6181,9034,0.0,0,physics.data-an
7423,7971,0.0,0,physics.data-an
670,13274,0.47656639975985265,0,physics.data-an
779,7668,0.0,0,physics.data-an
3656,9971,0.0,0,physics.data-an
3584,8554,0.0,0,physics.data-an
5536,7575,0.0,0,physics.data-an
4811,8568,0.0,0,physics.data-an
1108,13356,0.0,0,physics.data-an
71,1431,0.0,0,physics.data-an
5731,5944,0.0,0,physics.data-an
3528,12860,0.0,0,physics.data-an
4274,10169,0.0,0,physics.data-an
1442,1452,0.0,0,physics.data-an
7565,9259,0.0,0,physics.data-an
6311,7162,0.0,0,physics.data-an
9226,9757,0.0,0,physics.data-an
730,5682,0.0,0,physics.data-an
8572,11219,0.0,0,physics.data-an
300,2193,0.0,0,physics.data-an
3022,8823,0.0,0,physics.data-an
1357,9752,0.0,0,physics.data-an
5235,10966,0.0,0,physics.data-an
1068,3462,0.0,0,physics.data-an
3580,7393,0.0,0,physics.data-an
1810,5676,0.0,0,physics.data-an
3204,7896,0.0,0,physics.data-an
638,10559,0.0,0,physics.data-an
3665,9194,0.0,0,physics.data-an
2813,5796,0.0,0,physics.data-an
713,8783,0.0,0,physics.data-an
8819,14070,0.0,0,physics.data-an
3992,5653,0.0,0,physics.data-an
4663,11679,0.0,0,physics.data-an
6776,10617,0.0,0,physics.data-an
1782,3484,0.0,0,physics.data-an
5504,7865,0.0,0,physics.data-an
6561,11632,0.0,0,physics.data-an
925,1877,0.0,0,physics.data-an
4960,5406,0.0,0,physics.data-an
3050,7959,0.0,0,physics.data-an
2077,4420,0.0,0,physics.data-an
1805,10148,0.0,0,physics.data-an
4136,14004,0.0,0,physics.data-an
8157,11362,0.0,0,physics.data-an
425,5468,0.0,0,physics.data-an
2786,7397,0.0,0,physics.data-an
3123,6228,0.0,0,physics.data-an
5074,9305,0.0,0,physics.data-an
1690,11515,0.0,0,physics.data-an
247,8207,0.0,0,physics.data-an
1658,12960,0.0,0,physics.data-an
483,1473,0.0,0,physics.data-an
9306,11950,0.0,0,physics.data-an
5506,14182,0.0,0,physics.data-an
2515,11857,0.0,0,physics.data-an
2920,7970,0.0,0,physics.data-an
5528,10414,0.0,0,physics.data-an
5072,7165,0.0,0,physics.data-an
1546,4267,0.0,0,physics.data-an
6982,11373,0.0,0,physics.data-an
726,5437,0.0,0,physics.data-an
6247,6494,0.0,0,physics.data-an
9102,12156,0.0,0,physics.data-an
1155,14181,0.0,0,physics.data-an
4086,9285,0.0,0,physics.data-an
5238,5476,0.0,0,physics.data-an
763,2960,0.0,0,physics.data-an
5133,10006,0.0,0,physics.data-an
1112,14368,0.0,0,physics.data-an
5144,6897,0.0,0,physics.data-an
717,4421,0.0,0,physics.data-an
1547,7880,0.0,0,physics.data-an
7264,14096,0.0,0,physics.data-an
4320,4384,0.0,0,physics.data-an
6335,10335,0.0,0,physics.data-an
4997,5386,0.0,0,physics.data-an
3200,7242,0.0,0,physics.data-an
7493,9309,0.0,0,physics.data-an
5148,6787,0.0,0,physics.data-an
383,4926,0.0,0,physics.data-an
540,9748,0.0,0,physics.data-an
120,4961,0.0,0,physics.data-an
1203,2450,0.0,0,physics.data-an
6596,9737,0.0,0,physics.data-an
214,9812,0.0,0,physics.data-an
5507,6432,0.0,0,physics.data-an
1424,1780,0.0,0,physics.data-an
11705,12018,0.0,0,physics.data-an
245,2108,0.0,0,physics.data-an
1650,4603,0.0,0,physics.data-an
6062,9543,0.0,0,physics.data-an
6247,12069,0.0,0,physics.data-an
2492,9119,0.0,0,physics.data-an
3354,7314,0.0,0,physics.data-an
7598,11883,0.0,0,physics.data-an
3544,7932,0.0,0,physics.data-an
1721,8275,0.0,0,physics.data-an
776,5881,0.0,0,physics.data-an
2347,3633,0.0,0,physics.data-an
3455,10334,0.0,0,physics.data-an
2112,10411,0.0,0,physics.data-an
780,7986,0.0,0,physics.data-an
218,10577,0.0,0,physics.data-an
28,1328,0.0,0,physics.data-an
2175,8630,0.0,0,physics.data-an
9580,9965,0.0,0,physics.data-an
492,5075,0.0,0,physics.data-an
7543,8276,0.0,0,physics.data-an
2193,7632,0.0,0,physics.data-an
480,6678,0.0,0,physics.data-an
8473,9873,0.0,0,physics.data-an
11430,12056,0.0,0,physics.data-an
8653,10743,0.0,0,physics.data-an
626,2042,0.0,0,physics.data-an
5258,6873,0.0,0,physics.data-an
863,7238,0.0,0,physics.data-an
905,14145,0.0,0,physics.data-an
4395,10555,0.0,0,physics.data-an
319,11949,0.0,0,physics.data-an
3640,11705,0.0,0,physics.data-an
2658,10067,0.0,0,physics.data-an
2701,9620,0.0,0,physics.data-an
885,7787,0.0,0,physics.data-an
4684,11826,0.0,0,physics.data-an
10375,14081,0.0,0,physics.data-an
120,3374,0.0,0,physics.data-an
4131,7970,0.0,0,physics.data-an
1548,6639,0.0,0,physics.data-an
210,1690,0.0,0,physics.data-an
9295,11499,0.0,0,physics.data-an
3198,6490,0.0,0,physics.data-an
269,10901,0.0,0,physics.data-an
6598,6619,0.0,0,physics.data-an
7065,13324,0.0,0,physics.data-an
10650,11167,0.0,0,physics.data-an
1177,5191,0.0,0,physics.data-an
2950,6388,0.0,0,physics.data-an
4015,6254,0.0,0,physics.data-an
8567,8990,0.0,0,physics.data-an
7646,8351,0.0,0,physics.data-an
3915,7070,0.0,0,physics.data-an
5045,10004,0.0,0,physics.data-an
2375,9571,0.0,0,physics.data-an
720,9525,0.0,0,physics.data-an
5082,7936,0.0,0,physics.data-an
3328,9345,0.0,0,physics.data-an
1200,11181,0.0,0,physics.data-an
4767,5300,0.0,0,physics.data-an
4202,10775,0.0,0,physics.data-an
1254,9989,0.0,0,physics.data-an
6469,11614,0.0,0,physics.data-an
9117,9807,0.0,0,physics.data-an
7210,10794,0.0,0,physics.data-an
1361,2769,0.0,0,physics.data-an
6990,8347,0.0,0,physics.data-an
3813,9395,0.0,0,physics.data-an
1093,3512,0.0,0,physics.data-an
6113,9471,0.0,0,physics.data-an
1876,5578,0.0,0,physics.data-an
844,1316,0.0,0,physics.data-an
242,2968,0.0,0,physics.data-an
1485,1492,0.0,0,physics.data-an
1200,9990,0.0,0,physics.data-an
2513,11239,0.0,0,physics.data-an
10662,14044,0.0,0,physics.data-an
1326,8674,0.0,0,physics.data-an
5029,7821,0.0,0,physics.data-an
507,3387,0.0,0,physics.data-an
5696,8401,0.0,0,physics.data-an
6297,7687,0.0,0,physics.data-an
1074,1777,0.0,0,physics.data-an
6352,7394,0.0,0,physics.data-an
2166,3961,0.0,0,physics.data-an
5694,8211,0.0,0,physics.data-an
3094,8517,0.0,0,physics.data-an
2730,10535,0.0,0,physics.data-an
4193,13678,0.0,0,physics.data-an
7502,10305,0.0,0,physics.data-an
9992,12199,0.0,0,physics.data-an
7438,11718,0.0,0,physics.data-an
2803,4926,0.0,0,physics.data-an
1014,1210,0.0,0,physics.data-an
8867,9200,0.0,0,physics.data-an
6681,10952,0.0,0,physics.data-an
3646,8212,0.0,0,physics.data-an
4636,8542,0.0,0,physics.data-an
6984,9412,0.0,0,physics.data-an
2993,5697,0.0,0,physics.data-an
1626,7744,0.0,0,physics.data-an
1100,7140,0.0,0,physics.data-an
8433,9273,0.0,0,physics.data-an
3640,6182,0.0,0,physics.data-an
1166,5953,0.0,0,physics.data-an
5824,14040,0.0,0,physics.data-an
1018,7632,0.0,0,physics.data-an
7418,12004,0.0,0,physics.data-an
5620,6662,0.0,0,physics.data-an
1912,11521,0.0,0,physics.data-an
483,7208,0.0,0,physics.data-an
4889,7266,0.0,0,physics.data-an
2569,11870,0.0,0,physics.data-an
1614,3870,0.0,0,physics.data-an
420,12112,0.0,0,physics.data-an
1207,8407,0.0,0,physics.data-an
1014,2908,0.24325728130826463,0,physics.data-an
6894,10808,0.0,0,physics.data-an
2338,9679,0.0,0,physics.data-an
4264,9694,0.0,0,physics.data-an
9200,13179,0.0,0,physics.data-an
5534,10944,0.0,0,physics.data-an
3510,9082,0.0,0,physics.data-an
80,10093,0.0,0,physics.data-an
37,6196,0.0,0,physics.data-an
4745,9966,0.0,0,physics.data-an
4240,8024,0.0,0,physics.data-an
9016,9193,0.0,0,physics.data-an
1316,9518,0.0,0,physics.data-an
4803,5743,0.0,0,physics.data-an
8249,9020,0.0,0,physics.data-an
681,9830,0.0,0,physics.data-an
4393,8468,0.0,0,physics.data-an
724,14072,0.0,0,physics.data-an
124,9238,0.0,0,physics.data-an
4301,6435,0.0,0,physics.data-an
4310,10276,0.0,0,physics.data-an
1681,5594,0.0,0,physics.data-an
3544,5144,0.0,0,physics.data-an
6619,9943,0.0,0,physics.data-an
6990,8687,0.0,0,physics.data-an
1131,13678,0.0,0,physics.data-an
2731,7781,0.0,0,physics.data-an
6984,11761,0.0,0,physics.data-an
67,1241,0.0,0,physics.data-an
8638,10005,0.0,0,physics.data-an
5225,5327,0.0,0,physics.data-an
3068,6648,0.0,0,physics.data-an
704,12149,0.0,0,physics.data-an
6439,11180,0.0,0,physics.data-an
1629,14156,0.0,0,physics.data-an
1347,2163,0.0,0,physics.data-an
4265,6453,0.0,0,physics.data-an
3606,11921,0.0,0,physics.data-an
3383,8057,0.0,0,physics.data-an
9992,14031,0.0,0,physics.data-an
2569,4685,0.0,0,physics.data-an
934,14008,0.0,0,physics.data-an
1080,1410,0.0,0,physics.data-an
7842,11239,0.0,0,physics.data-an
2486,2701,0.0,0,physics.data-an
4466,5805,0.0,0,physics.data-an
5170,12194,0.0,0,physics.data-an
9232,10636,0.0,0,physics.data-an
3282,13374,0.0,0,physics.data-an
4604,9302,0.0,0,physics.data-an
3661,10661,0.0,0,physics.data-an
2492,4587,0.0,0,physics.data-an
4210,8774,0.0,0,physics.data-an
433,11398,0.0,0,physics.data-an
3821,11702,0.0,0,physics.data-an
86,11174,0.0,0,physics.data-an
9134,9804,0.0,0,physics.data-an
5076,9297,0.0,0,physics.data-an
1074,3321,0.0,0,physics.data-an
5866,9273,0.0,0,physics.data-an
434,11857,0.0,0,physics.data-an
5237,7530,0.0,0,physics.data-an
2514,10389,0.0,0,physics.data-an
38,10087,0.0,0,physics.data-an
994,10504,0.0,0,physics.data-an
2837,11796,0.0,0,physics.data-an
2482,5332,0.0,0,physics.data-an
8656,13679,0.0,0,physics.data-an
1834,8149,0.0,0,physics.data-an
1186,6244,0.0,0,physics.data-an
5533,9514,0.0,0,physics.data-an
1613,2259,0.0,0,physics.data-an
2125,4951,0.0,0,physics.data-an
3611,4136,0.0,0,physics.data-an
4391,11301,0.0,0,physics.data-an
8198,12757,0.0,0,physics.data-an
7474,11085,0.0,0,physics.data-an
3013,7713,0.0,0,physics.data-an
1693,9314,0.0,0,physics.data-an
8324,13390,0.0,0,physics.data-an
5306,6847,0.0,0,physics.data-an
5747,12102,0.0,0,physics.data-an
3653,5944,0.0,0,physics.data-an
3533,6553,0.0,0,physics.data-an
1715,9747,0.0,0,physics.data-an
7600,10672,0.0,0,physics.data-an
4229,11244,0.0,0,physics.data-an
2556,13252,0.0,0,physics.data-an
3571,9554,0.0,0,physics.data-an
719,5172,0.0,0,physics.data-an
4940,9386,0.0,0,physics.data-an
5182,10460,0.0,0,physics.data-an
1949,8638,0.0,0,physics.data-an
1606,4592,0.0,0,physics.data-an
1080,9092,0.0,0,physics.data-an
4067,5705,0.0,0,physics.data-an
4801,5255,0.0,0,physics.data-an
634,9042,0.0,0,physics.data-an
7712,8145,0.0,0,physics.data-an
479,3884,0.0,0,physics.data-an
6788,9746,0.0,0,physics.data-an
2555,6089,0.0,0,physics.data-an
6947,9739,0.0,0,physics.data-an
2822,9471,0.0,0,physics.data-an
3,19,0.0,0,physics.data-an
7575,12197,0.0,0,physics.data-an
3545,6239,0.0,0,physics.data-an
886,4387,0.0,0,physics.data-an
6735,10005,0.0,0,physics.data-an
2444,9110,0.0,0,physics.data-an
2982,3538,0.0,0,physics.data-an
1122,10787,0.0,0,physics.data-an
2336,5641,0.0,0,physics.data-an
3200,13968,0.0,0,physics.data-an
5648,9858,0.0,0,physics.data-an
1168,4752,0.0,0,physics.data-an
4157,4178,0.0,0,physics.data-an
9916,14232,0.0,0,physics.data-an
840,3117,0.0,0,physics.data-an
2362,8524,0.0,0,physics.data-an
4278,7851,0.0,0,physics.data-an
1126,4526,0.0,0,physics.data-an
536,4395,0.0,0,physics.data-an
6245,9704,0.0,0,physics.data-an
9511,9753,0.0,0,physics.data-an
7491,10634,0.0,0,physics.data-an
3321,7963,0.0,0,physics.data-an
3048,11826,0.0,0,physics.data-an
2374,2756,0.0,0,physics.data-an
948,1078,0.0,0,physics.data-an
4270,8112,0.0,0,physics.data-an
9684,10355,0.0,0,physics.data-an
1112,5759,0.0,0,physics.data-an
8010,9887,0.0,0,physics.data-an
6754,8763,0.0,0,physics.data-an
4455,7340,0.0,0,physics.data-an
7959,8264,0.0,0,physics.data-an
1101,3013,0.0,0,physics.data-an
217,8034,0.0,0,physics.data-an
1751,9394,0.0,0,physics.data-an
3648,6493,0.0,0,physics.data-an
7677,11174,0.0,0,physics.data-an
6208,9943,0.0,0,physics.data-an
5833,11952,0.0,0,physics.data-an
3788,7556,0.0,0,physics.data-an
4969,11618,0.0,0,physics.data-an
1289,5693,0.0,0,physics.data-an
474,10090,0.0,0,physics.data-an
3273,14051,0.0,0,physics.data-an
6553,8894,0.0,0,physics.data-an
47,6081,0.0,0,physics.data-an
1155,3743,0.0,0,physics.data-an
468,12118,0.0,0,physics.data-an
406,5116,0.0,0,physics.data-an
7600,9206,0.0,0,physics.data-an
6786,10679,0.0,0,physics.data-an
3,11493,0.0,0,physics.data-an
286,9072,0.0,0,physics.data-an
5625,7120,0.0,0,physics.data-an
11632,14041,0.0,0,physics.data-an
6895,10622,0.0,0,physics.data-an
6965,8960,0.0,0,physics.data-an
8799,11781,0.0,0,physics.data-an
2054,10901,0.0,0,physics.data-an
2513,4096,0.0,0,physics.data-an
3022,8403,0.0,0,physics.data-an
1219,2717,0.0,0,physics.data-an
5648,14013,0.0,0,physics.data-an
6402,9377,0.0,0,physics.data-an
7453,8405,0.0,0,physics.data-an
1189,11096,0.0,0,physics.data-an
954,11867,0.0,0,physics.data-an
4274,6029,0.0,0,physics.data-an
1897,3863,0.0,0,physics.data-an
3821,6169,0.0,0,physics.data-an
2907,5340,0.0,0,physics.data-an
4601,9887,0.0,0,physics.data-an
7017,7694,0.0,0,physics.data-an
1861,4929,0.0,0,physics.data-an
3216,14168,0.0,0,physics.data-an
704,1898,0.0,0,physics.data-an
632,3450,0.0,0,physics.data-an
5340,8011,0.0,0,physics.data-an
1213,11309,0.0,0,physics.data-an
5694,7340,0.0,0,physics.data-an
9411,9769,0.0,0,physics.data-an
6440,12005,0.0,0,physics.data-an
9471,12151,0.0,0,physics.data-an
9992,12411,0.0,0,physics.data-an
3647,10827,0.0,0,physics.data-an
7695,9600,0.0,0,physics.data-an
4434,13687,0.0,0,physics.data-an
7785,14103,0.0,0,physics.data-an
12017,14125,0.0,0,physics.data-an
861,7479,0.0,0,physics.data-an
5959,11817,0.0,0,physics.data-an
4057,12159,0.0,0,physics.data-an
9779,10317,0.0,0,physics.data-an
692,8052,0.0,0,physics.data-an
7842,8343,0.0,0,physics.data-an
5509,7824,0.0,0,physics.data-an
1825,6710,0.0,0,physics.data-an
4685,7383,0.0,0,physics.data-an
925,1349,0.0,0,physics.data-an
2444,3829,0.0,0,physics.data-an
2025,7409,0.0,0,physics.data-an
4022,4595,0.0,0,physics.data-an
5580,11267,0.0,0,physics.data-an
3591,7526,0.0,0,physics.data-an
1317,1809,0.0,0,physics.data-an
10311,14011,0.0,0,physics.data-an
4940,5659,0.0,0,physics.data-an
9723,11180,0.0,0,physics.data-an
6275,7484,0.0,0,physics.data-an
913,5288,0.0,0,physics.data-an
4333,11811,0.0,0,physics.data-an
1647,14143,0.0,0,physics.data-an
8204,11705,0.0,0,physics.data-an
775,3368,0.0,0,physics.data-an
4310,5528,0.0,0,physics.data-an
5154,9968,0.0,0,physics.data-an
169,3558,0.0,0,physics.data-an
8675,14179,0.0,0,physics.data-an
71,11245,0.0,0,physics.data-an
4935,4942,0.0,0,physics.data-an
2072,4343,0.0,0,physics.data-an
754,7860,0.0,0,physics.data-an
7665,7869,0.0,0,physics.data-an
3092,10443,0.0,0,physics.data-an
4272,6175,0.0,0,physics.data-an
1911,2934,0.0,0,physics.data-an
7547,10357,0.0,0,physics.data-an
7127,9771,0.0,0,physics.data-an
7791,11657,0.0,0,physics.data-an
6767,10776,0.0,0,physics.data-an
4543,6674,0.0,0,physics.data-an
382,1199,0.0,0,physics.data-an
1807,8102,0.0,0,physics.data-an
14009,14039,0.0,0,physics.data-an
2949,11827,0.0,0,physics.data-an
3588,9419,0.0,0,physics.data-an
547,5324,0.0,0,physics.data-an
2543,7878,0.0,0,physics.data-an
5388,7897,0.0,0,physics.data-an
7662,13205,0.0,0,physics.data-an
3692,5312,0.0,0,physics.data-an
2867,6281,0.0,0,physics.data-an
5363,7315,0.0,0,physics.data-an
7303,8168,0.0,0,physics.data-an
3989,6730,0.0,0,physics.data-an
4606,5503,0.0,0,physics.data-an
9952,13124,0.0,0,physics.data-an
5652,8766,0.0,0,physics.data-an
2394,4636,0.0,0,physics.data-an
5045,5730,0.0,0,physics.data-an
5126,9968,0.0,0,physics.data-an
4055,6303,0.0,0,physics.data-an
7503,11347,0.0,0,physics.data-an
1334,2935,0.0,0,physics.data-an
9280,12056,0.0,0,physics.data-an
1626,6490,0.0,0,physics.data-an
199,1729,0.0,0,physics.data-an
5536,9988,0.0,0,physics.data-an
536,7879,0.40242960438184466,0,physics.data-an
1778,11808,0.0,0,physics.data-an
1181,9603,0.0,0,physics.data-an
5293,12067,0.0,0,physics.data-an
3870,5619,0.0,0,physics.data-an
1769,11988,0.0,0,physics.data-an
6300,7382,0.0,0,physics.data-an
9983,11655,0.0,0,physics.data-an
3338,3543,0.0,0,physics.data-an
8157,9741,0.0,0,physics.data-an
9513,11855,0.0,0,physics.data-an
3292,10566,0.0,0,physics.data-an
6641,7266,0.0,0,physics.data-an
9751,10222,0.0,0,physics.data-an
7272,8157,0.0,0,physics.data-an
4210,11587,0.0,0,physics.data-an
2258,3032,0.0,0,physics.data-an
157,11387,0.0,0,physics.data-an
3002,9228,0.0,0,physics.data-an
3066,3205,0.0,0,physics.data-an
2474,7351,0.0,0,physics.data-an
3448,13186,0.0,0,physics.data-an
6347,12130,0.0,0,physics.data-an
3651,8819,0.0,0,physics.data-an
124,6142,0.0,0,physics.data-an
7292,8782,0.0,0,physics.data-an
7987,9307,0.0,0,physics.data-an
3127,4240,0.0,0,physics.data-an
5668,6737,0.0,0,physics.data-an
3446,3462,0.0,0,physics.data-an
5465,12156,0.0,0,physics.data-an
7632,7947,0.0,0,physics.data-an
3979,6177,0.0,0,physics.data-an
2659,4889,0.0,0,physics.data-an
1326,10492,0.0,0,physics.data-an
2446,5190,0.0,0,physics.data-an
966,14121,0.0,0,physics.data-an
4262,10815,0.0,0,physics.data-an
792,2485,0.0,0,physics.data-an
2801,9030,0.0,0,physics.data-an
7666,10685,0.0,0,physics.data-an
10148,11067,0.0,0,physics.data-an
5406,6364,0.0,0,physics.data-an
1881,3431,0.0,0,physics.data-an
7989,8486,0.0,0,physics.data-an
1920,7560,0.0,0,physics.data-an
3360,6778,0.0,0,physics.data-an
866,7474,0.0,0,physics.data-an
8568,11954,0.0,0,physics.data-an
7292,9806,0.0,0,physics.data-an
6948,7027,0.0,0,physics.data-an
324,10080,0.0,0,physics.data-an
6718,10357,0.0,0,physics.data-an
72,6975,0.0,0,physics.data-an
8759,9306,0.0,0,physics.data-an
9223,11247,0.0,0,physics.data-an
159,14070,0.0,0,physics.data-an
9333,11793,0.0,0,physics.data-an
659,1933,0.0,0,physics.data-an
5659,11132,0.0,0,physics.data-an
5258,10788,0.0,0,physics.data-an
4249,5749,0.0,0,physics.data-an
3124,4328,0.0,0,physics.data-an
1115,1691,0.0,0,physics.data-an
7494,8484,0.0,0,physics.data-an
6090,10680,0.0,0,physics.data-an
4957,11470,0.0,0,physics.data-an
8085,10386,0.0,0,physics.data-an
4953,9779,0.0,0,physics.data-an
495,7953,0.0,0,physics.data-an
2479,6103,0.0,0,physics.data-an
4261,7565,0.0,0,physics.data-an
2242,9574,0.0,0,physics.data-an
6286,6799,0.0,0,physics.data-an
1286,8074,0.0,0,physics.data-an
7333,9735,0.0,0,physics.data-an
994,10297,0.0,0,physics.data-an
4103,8031,0.0,0,physics.data-an
5790,6303,0.0,0,physics.data-an
83,1629,0.0,0,physics.data-an
4419,6690,0.0,0,physics.data-an
6982,7671,0.0,0,physics.data-an
5869,9485,0.0,0,physics.data-an
6220,8022,0.0,0,physics.data-an
4297,5538,0.0,0,physics.data-an
891,9121,0.0,0,physics.data-an
340,11987,0.0,0,physics.data-an
5738,9267,0.0,0,physics.data-an
5535,6198,0.0,0,physics.data-an
7946,12149,0.0,0,physics.data-an
1633,14081,0.0,0,physics.data-an
4004,6453,0.0,0,physics.data-an
6589,10076,0.0,0,physics.data-an
2700,13691,0.0,0,physics.data-an
2208,5289,0.0,0,physics.data-an
2596,14128,0.0,0,physics.data-an
5831,6605,0.0,0,physics.data-an
10909,14146,0.0,0,physics.data-an
734,6141,0.0,0,physics.data-an
9968,10331,0.0,0,physics.data-an
2045,5623,0.0,0,physics.data-an
957,2277,0.0,0,physics.data-an
1638,3658,0.0,0,physics.data-an
9194,11956,0.0,0,physics.data-an
3792,6426,0.0,0,physics.data-an
2976,5903,0.0,0,physics.data-an
3483,9612,0.0,0,physics.data-an
4733,5960,0.0,0,physics.data-an
5749,7331,0.0,0,physics.data-an
7452,11389,0.0,0,physics.data-an
1098,9019,0.0,0,physics.data-an
1807,3063,0.0,0,physics.data-an
7396,9359,0.0,0,physics.data-an
2654,7020,0.0,0,physics.data-an
1334,9704,0.0,0,physics.data-an
7383,11146,0.0,0,physics.data-an
4365,7635,0.0,0,physics.data-an
1112,9511,0.0,0,physics.data-an
5144,5387,0.0,0,physics.data-an
1363,4892,0.0,0,physics.data-an
9197,10654,0.0,0,physics.data-an
27,1710,0.0,0,physics.data-an
5508,7161,0.0,0,physics.data-an
3791,6991,0.0,0,physics.data-an
5349,7662,0.0,0,physics.data-an
9413,11218,0.0,0,physics.data-an
957,1580,0.0,0,physics.data-an
5213,5257,0.0,0,physics.data-an
3647,5405,0.0,0,physics.data-an
5389,10178,0.0,0,physics.data-an
8714,11625,0.0,0,physics.data-an
3228,14089,0.0,0,physics.data-an
15,4481,0.0,0,physics.data-an
2918,14012,0.0,0,physics.data-an
2358,3732,0.0,0,physics.data-an
5631,11517,0.0,0,physics.data-an
2192,7641,0.0,0,physics.data-an
9232,10504,0.0,0,physics.data-an
144,7600,0.0,0,physics.data-an
120,5028,0.0,0,physics.data-an
2808,8627,0.0,0,physics.data-an
4624,11134,0.0,0,physics.data-an
4395,7864,0.0,0,physics.data-an
2956,4181,0.0,0,physics.data-an
2163,9420,0.0,0,physics.data-an
4533,9146,0.0,0,physics.data-an
6283,9344,0.0,0,physics.data-an
1584,6180,0.0,0,physics.data-an
4321,8509,0.0,0,physics.data-an
2799,5954,0.0,0,physics.data-an
1349,1704,0.0,0,physics.data-an
9678,9952,0.0,0,physics.data-an
4559,10632,0.0,0,physics.data-an
5419,7060,0.0,0,physics.data-an
91,10110,0.0,0,physics.data-an
8031,8571,0.0,0,physics.data-an
509,10623,0.0,0,physics.data-an
280,4384,0.0,0,physics.data-an
4524,11842,0.0,0,physics.data-an
6567,7009,0.0,0,physics.data-an
4493,7245,0.0,0,physics.data-an
7290,8307,0.0,0,physics.data-an
864,10033,0.0,0,physics.data-an
2957,4941,0.0,0,physics.data-an
1372,8108,0.0,0,physics.data-an
8309,9338,0.0,0,physics.data-an
5611,7086,0.0,0,physics.data-an
2033,8119,0.0,0,physics.data-an
704,7011,0.0,0,physics.data-an
6073,9511,0.0,0,physics.data-an
2573,4951,0.0,0,physics.data-an
5372,7743,0.0,0,physics.data-an
4767,9735,0.0,0,physics.data-an
2054,11296,0.0,0,physics.data-an
5302,11211,0.0,0,physics.data-an
5239,9285,0.0,0,physics.data-an
2245,9286,0.0,0,physics.data-an
1977,8977,0.0,0,physics.data-an
3193,7813,0.0,0,physics.data-an
5502,10827,0.0,0,physics.data-an
868,11585,0.6213349345596119,0,physics.data-an
6723,7792,0.0,0,physics.data-an
5732,6185,0.0,0,physics.data-an
4085,5356,0.0,0,physics.data-an
7467,11624,0.0,0,physics.data-an
1044,9712,0.0,0,physics.data-an
2336,8012,0.0,0,physics.data-an
11145,11501,0.0,0,physics.data-an
4625,6618,0.0,0,physics.data-an
5316,5489,0.0,0,physics.data-an
7489,8493,0.0,0,physics.data-an
3578,5116,0.0,0,physics.data-an
5907,9191,0.0,0,physics.data-an
607,2769,0.0,0,physics.data-an
5622,6169,0.0,0,physics.data-an
5239,6288,0.0,0,physics.data-an
3189,8867,0.0,0,physics.data-an
2389,14147,0.0,0,physics.data-an
9150,11508,0.0,0,physics.data-an
5600,8402,0.0,0,physics.data-an
603,5624,0.0,0,physics.data-an
5621,11085,0.0,0,physics.data-an
1367,4479,0.0,0,physics.data-an
5081,9234,0.0,0,physics.data-an
10651,12133,0.0,0,physics.data-an
7027,11064,0.0,0,physics.data-an
4291,6485,0.0,0,physics.data-an
5288,6674,0.0,0,physics.data-an
5436,7512,0.0,0,physics.data-an
5027,11514,0.0,0,physics.data-an
2539,5954,0.0,0,physics.data-an
503,9514,0.0,0,physics.data-an
7843,13987,0.0,0,physics.data-an
4949,6985,0.0,0,physics.data-an
2996,3340,0.0,0,physics.data-an
6280,11400,0.0,0,physics.data-an
2408,10080,0.0,0,physics.data-an
4554,4994,0.0,0,physics.data-an
4346,6951,0.0,0,physics.data-an
4765,11630,0.0,0,physics.data-an
90,8149,0.0,0,physics.data-an
872,3346,0.0,0,physics.data-an
5030,6680,0.0,0,physics.data-an
2070,12156,0.0,0,physics.data-an
4929,5465,0.0,0,physics.data-an
3580,6514,0.0,0,physics.data-an
9275,11745,0.0,0,physics.data-an
3182,4375,0.0,0,physics.data-an
1857,2514,0.0,0,physics.data-an
4048,10411,0.0,0,physics.data-an
11068,11230,0.0,0,physics.data-an
6038,11759,0.0,0,physics.data-an
2824,6387,0.0,0,physics.data-an
7994,14011,0.0,0,physics.data-an
315,1707,0.0,0,physics.data-an
12128,14019,0.0,0,physics.data-an
6362,6486,0.0,0,physics.data-an
1187,9858,0.0,0,physics.data-an
8388,10789,0.0,0,physics.data-an
4648,5982,0.0,0,physics.data-an
9301,9667,0.0,0,physics.data-an
3755,6896,0.0,0,physics.data-an
1964,2725,0.0,0,physics.data-an
10401,10772,0.0,0,physics.data-an
765,860,0.0,0,physics.data-an
5806,8074,0.0,0,physics.data-an
4003,11922,0.0,0,physics.data-an
4594,4815,0.0,0,physics.data-an
1658,7530,0.0,0,physics.data-an
2627,6983,0.0,0,physics.data-an
2921,9150,0.0,0,physics.data-an
4356,11179,0.0,0,physics.data-an
6650,14064,0.0,0,physics.data-an
6245,8008,0.0,0,physics.data-an
9110,11389,0.0,0,physics.data-an
6151,7821,0.0,0,physics.data-an
2289,8421,0.0,0,physics.data-an
5906,9365,0.0,0,physics.data-an
2699,11208,0.0,0,physics.data-an
5881,8634,0.0,0,physics.data-an
11443,11944,0.0,0,physics.data-an
698,14025,0.0,0,physics.data-an
5463,7712,0.0,0,physics.data-an
4526,9231,0.0,0,physics.data-an
1400,14180,0.0,0,physics.data-an
3615,5438,0.0,0,physics.data-an
1161,2006,0.0,0,physics.data-an
6512,14135,0.0,0,physics.data-an
6668,7558,0.0,0,physics.data-an
9994,10016,0.0,0,physics.data-an
6169,8628,0.0,0,physics.data-an
953,9030,0.0,0,physics.data-an
8112,9141,0.0,0,physics.data-an
1639,6325,0.0,0,physics.data-an
2492,10442,0.0,0,physics.data-an
634,4820,0.0,0,physics.data-an
3651,9152,0.0,0,physics.data-an
592,4594,0.0,0,physics.data-an
691,10049,0.0,0,physics.data-an
45,3113,0.0,0,physics.data-an
12952,14006,0.0,0,physics.data-an
3543,5534,0.0,0,physics.data-an
4105,6964,0.0,0,physics.data-an
2133,9313,0.0,0,physics.data-an
2003,2967,0.0,0,physics.data-an
93,10099,0.0,0,physics.data-an
857,4604,0.0,0,physics.data-an
385,2659,0.0,0,physics.data-an
4372,4720,0.0,0,physics.data-an
9600,11940,0.0,0,physics.data-an
2542,11732,0.0,0,physics.data-an
8155,9080,0.0,0,physics.data-an
1605,4583,0.0,0,physics.data-an
1076,9752,0.0,0,physics.data-an
5631,5732,0.0,0,physics.data-an
6275,7869,0.0,0,physics.data-an
5854,9533,0.0,0,physics.data-an
4847,9708,0.0,0,physics.data-an
6720,7087,0.0,0,physics.data-an
8655,10943,0.0,0,physics.data-an
5293,10548,0.0,0,physics.data-an
6346,9506,0.0,0,physics.data-an
6276,8624,0.0,0,physics.data-an
5959,11806,0.0,0,physics.data-an
5121,7323,0.0,0,physics.data-an
9248,10590,0.0,0,physics.data-an
7333,11344,0.0,0,physics.data-an
3051,4002,0.0,0,physics.data-an
3348,8984,0.0,0,physics.data-an
1027,7244,0.0,0,physics.data-an
2480,14129,0.0,0,physics.data-an
7429,11168,0.0,0,physics.data-an
7852,9019,0.0,0,physics.data-an
4493,6155,0.0,0,physics.data-an
6074,12960,0.0,0,physics.data-an
487,11845,0.0,0,physics.data-an
3213,4859,0.0,0,physics.data-an
6605,11400,0.0,0,physics.data-an
5632,8270,0.0,0,physics.data-an
2441,8660,0.0,0,physics.data-an
6150,11085,0.0,0,physics.data-an
1318,11333,0.0,0,physics.data-an
6183,9196,0.0,0,physics.data-an
5553,7897,0.0,0,physics.data-an
1229,5922,0.0,0,physics.data-an
4804,9579,0.0,0,physics.data-an
3201,8942,0.0,0,physics.data-an
812,5490,0.0,0,physics.data-an
159,4931,0.0,0,physics.data-an
4232,10027,0.0,0,physics.data-an
4990,10874,0.0,0,physics.data-an
3857,9512,0.0,0,physics.data-an
2730,12411,0.0,0,physics.data-an
1369,1737,0.0,0,physics.data-an
2909,7458,0.0,0,physics.data-an
2274,4961,0.0,0,physics.data-an
8010,10373,0.0,0,physics.data-an
983,5228,0.0,0,physics.data-an
15,2442,0.0,0,physics.data-an
1530,4543,0.0,0,physics.data-an
484,1200,0.0,0,physics.data-an
4435,5553,0.0,0,physics.data-an
3226,4132,0.0,0,physics.data-an
11578,11955,0.0,0,physics.data-an
2340,10046,0.0,0,physics.data-an
2289,14022,0.0,0,physics.data-an
5649,7842,0.0,0,physics.data-an
618,3122,0.0,0,physics.data-an
3386,9719,0.0,0,physics.data-an
2091,5406,0.0,0,physics.data-an
3117,9594,0.0,0,physics.data-an
4890,10270,0.0,0,physics.data-an
832,12090,0.0,0,physics.data-an
1985,7868,0.0,0,physics.data-an
7885,9596,0.0,0,physics.data-an
1967,11612,0.0,0,physics.data-an
2242,14062,0.0,0,physics.data-an
1044,9273,0.0,0,physics.data-an
983,5205,0.0,0,physics.data-an
1546,3067,0.0,0,physics.data-an
4357,7560,0.0,0,physics.data-an
5230,8388,0.0,0,physics.data-an
1717,8584,0.0,0,physics.data-an
4977,5584,0.0,0,physics.data-an
793,1783,0.0,0,physics.data-an
5386,8492,0.0,0,physics.data-an
4182,4526,0.0,0,physics.data-an
9284,9306,0.0,0,physics.data-an
1454,7041,0.0,0,physics.data-an
4011,10306,0.0,0,physics.data-an
1629,11854,0.0,0,physics.data-an
953,1017,0.0,0,physics.data-an
6081,7970,0.0,0,physics.data-an
10169,14135,0.0,0,physics.data-an
8261,14168,0.0,0,physics.data-an
2849,9082,0.0,0,physics.data-an
565,2943,0.0,0,physics.data-an
8655,14064,0.0,0,physics.data-an
2161,5447,0.0,0,physics.data-an
1070,10843,0.0,0,physics.data-an
8209,12028,0.0,0,physics.data-an
4351,8806,0.0,0,physics.data-an
632,14144,0.0,0,physics.data-an
2207,7665,0.0,0,physics.data-an
495,6676,0.0,0,physics.data-an
2067,8939,0.0,0,physics.data-an
7556,7712,0.0,0,physics.data-an
2702,5923,0.0,0,physics.data-an
3791,5292,0.0,0,physics.data-an
3671,8265,0.0,0,physics.data-an
72,8155,0.0,0,physics.data-an
2244,11609,0.0,0,physics.data-an
5700,10358,0.0,0,physics.data-an
4132,8739,0.0,0,physics.data-an
6631,9061,0.0,0,physics.data-an
4733,6633,0.0,0,physics.data-an
2007,4499,0.0,0,physics.data-an
7252,12117,0.0,0,physics.data-an
7969,9283,0.0,0,physics.data-an
6778,9345,0.0,0,physics.data-an
6437,8112,0.0,0,physics.data-an
2044,7764,0.0,0,physics.data-an
10278,10756,0.0,0,physics.data-an
1104,10589,0.0,0,physics.data-an
9147,14130,0.0,0,physics.data-an
2558,10874,0.0,0,physics.data-an
1132,4092,0.0,0,physics.data-an
2838,3609,0.0,0,physics.data-an
10432,11345,0.0,0,physics.data-an
4312,6990,0.0,0,physics.data-an
407,6576,0.0,0,physics.data-an
4202,5132,0.0,0,physics.data-an
4433,13812,0.0,0,physics.data-an
8241,8960,0.0,0,physics.data-an
451,14087,0.0,0,physics.data-an
9985,10921,0.0,0,physics.data-an
323,1249,0.0,0,physics.data-an
8861,9428,0.0,0,physics.data-an
4857,6677,0.0,0,physics.data-an
2274,2340,0.0,0,physics.data-an
5649,9615,0.0,0,physics.data-an
5446,9701,0.28599966750267436,0,physics.data-an
3987,7989,0.0,0,physics.data-an
1781,7511,0.0,0,physics.data-an
909,4958,0.0,0,physics.data-an
1322,9706,0.0,0,physics.data-an
8587,13245,0.0,0,physics.data-an
3803,12863,0.0,0,physics.data-an
7914,10264,0.0,0,physics.data-an
5338,6720,0.0,0,physics.data-an
966,9284,0.0,0,physics.data-an
4377,11149,0.0,0,physics.data-an
298,8596,0.0,0,physics.data-an
593,6564,0.0,0,physics.data-an
6322,14066,0.0,0,physics.data-an
3614,8008,0.0,0,physics.data-an
4592,5066,0.0,0,physics.data-an
5426,8904,0.0,0,physics.data-an
6030,11005,0.0,0,physics.data-an
8036,11946,0.0,0,physics.data-an
2596,8519,0.0,0,physics.data-an
5455,9376,0.0,0,physics.data-an
7971,8030,0.0,0,physics.data-an
7367,9987,0.0,0,physics.data-an
2245,11150,0.0,0,physics.data-an
5441,7757,0.0,0,physics.data-an
1548,4428,0.0,0,physics.data-an
2822,3354,0.0,0,physics.data-an
2177,7488,0.0,0,physics.data-an
1771,12170,0.0,0,physics.data-an
2666,11588,0.0,0,physics.data-an
211,13673,0.0,0,physics.data-an
1898,4546,0.0,0,physics.data-an
9948,11918,0.0,0,physics.data-an
3543,10140,0.0,0,physics.data-an
1371,4242,0.0,0,physics.data-an
4176,8512,0.0,0,physics.data-an
1805,11902,0.0,0,physics.data-an
5292,6586,0.0,0,physics.data-an
5781,6485,0.0,0,physics.data-an
905,5086,0.0,0,physics.data-an
1116,1248,0.0,0,physics.data-an
538,5558,0.0,0,physics.data-an
3446,8028,0.0,0,physics.data-an
5400,7962,0.0,0,physics.data-an
1882,7957,0.0,0,physics.data-an
7009,9087,0.0,0,physics.data-an
2982,5944,0.0,0,physics.data-an
941,11195,0.0,0,physics.data-an
2639,3246,0.0,0,physics.data-an
8696,10662,0.0,0,physics.data-an
85,10572,0.0,0,physics.data-an
3995,11855,0.0,0,physics.data-an
831,9230,0.0,0,physics.data-an
3258,10542,0.0,0,physics.data-an
3322,6393,0.0,0,physics.data-an
4931,8916,0.0,0,physics.data-an
7292,10171,0.0,0,physics.data-an
10657,10900,0.0,0,physics.data-an
397,8300,0.0,0,physics.data-an
3886,8012,0.0,0,physics.data-an
9982,13879,0.0,0,physics.data-an
1898,9254,0.0,0,physics.data-an
9990,11339,0.0,0,physics.data-an
678,5838,0.0,0,physics.data-an
551,5505,0.0,0,physics.data-an
4269,8716,0.0,0,physics.data-an
717,9967,0.0,0,physics.data-an
9102,10648,0.0,0,physics.data-an
7852,11590,0.0,0,physics.data-an
3576,10595,0.0,0,physics.data-an
9682,12800,0.0,0,physics.data-an
2747,3803,0.0,0,physics.data-an
2923,3620,0.0,0,physics.data-an
433,1168,0.0,0,physics.data-an
1130,9647,0.0,0,physics.data-an
5304,7333,0.0,0,physics.data-an
7429,9394,0.0,0,physics.data-an
942,12156,0.0,0,physics.data-an
9049,14061,0.0,0,physics.data-an
1635,11625,0.0,0,physics.data-an
6090,6435,0.0,0,physics.data-an
8524,11875,0.0,0,physics.data-an
1599,2928,0.0,0,physics.data-an
7997,8688,0.0,0,physics.data-an
1622,5355,0.0,0,physics.data-an
1511,7510,0.0,0,physics.data-an
4098,5693,0.0,0,physics.data-an
1385,6876,0.0,0,physics.data-an
1416,2928,0.0,0,physics.data-an
641,11791,0.0,0,physics.data-an
4627,9606,0.0,0,physics.data-an
1079,5866,0.0,0,physics.data-an
10005,12155,0.0,0,physics.data-an
6589,12018,0.0,0,physics.data-an
5288,9431,0.0,0,physics.data-an
6244,7962,0.0,0,physics.data-an
2679,11229,0.0,0,physics.data-an
8820,8962,0.0,0,physics.data-an
3212,4410,0.0,0,physics.data-an
3664,11215,0.0,0,physics.data-an
4392,6670,0.0,0,physics.data-an
3189,10168,0.0,0,physics.data-an
7577,10172,0.0,0,physics.data-an
5562,11168,0.0,0,physics.data-an
2277,9528,0.0,0,physics.data-an
95,4340,0.0,0,physics.data-an
985,9916,0.0,0,physics.data-an
6208,11508,0.0,0,physics.data-an
421,9694,0.0,0,physics.data-an
475,5235,0.0,0,physics.data-an
6283,9058,0.0,0,physics.data-an
6801,8904,0.0,0,physics.data-an
3992,7639,0.0,0,physics.data-an
8011,11223,0.0,0,physics.data-an
3445,4388,0.0,0,physics.data-an
3347,6934,0.36926937306885504,0,physics.data-an
3227,6789,0.0,0,physics.data-an
4595,7788,0.0,0,physics.data-an
46,1451,0.0,0,physics.data-an
1317,2926,0.0,0,physics.data-an
5426,10834,0.0,0,physics.data-an
3605,9035,0.0,0,physics.data-an
44,6445,0.0,0,physics.data-an
5507,7381,0.0,0,physics.data-an
1249,9967,0.0,0,physics.data-an
8517,11705,0.0,0,physics.data-an
9427,10169,0.0,0,physics.data-an
251,2085,0.0,0,physics.data-an
247,7713,0.0,0,physics.data-an
8014,9284,0.0,0,physics.data-an
6196,11920,0.0,0,physics.data-an
10147,11843,0.0,0,physics.data-an
4632,6250,0.0,0,physics.data-an
7962,13374,0.0,0,physics.data-an
2471,7421,0.0,0,physics.data-an
4698,10811,0.0,0,physics.data-an
1950,9376,0.0,0,physics.data-an
4952,8821,0.0,0,physics.data-an
6080,9530,0.0,0,physics.data-an
2922,12132,0.0,0,physics.data-an
3535,9915,0.0,0,physics.data-an
4972,8799,0.0,0,physics.data-an
1425,11885,0.0,0,physics.data-an
4548,8508,0.0,0,physics.data-an
2259,4240,0.0,0,physics.data-an
1779,7953,0.0,0,physics.data-an
3732,12760,0.0,0,physics.data-an
5760,10342,0.0,0,physics.data-an
4175,8491,0.0,0,physics.data-an
11302,11422,0.0,0,physics.data-an
5400,11842,0.0,0,physics.data-an
10444,11168,0.0,0,physics.data-an
2229,2676,0.0,0,physics.data-an
9989,10853,0.0,0,physics.data-an
3164,8403,0.0,0,physics.data-an
5214,7959,0.0,0,physics.data-an
4455,5921,0.0,0,physics.data-an
1031,4123,0.0,0,physics.data-an
5371,10503,0.0,0,physics.data-an
8024,9943,0.0,0,physics.data-an
6157,9080,0.0,0,physics.data-an
2568,7331,0.0,0,physics.data-an
1896,3146,0.0,0,physics.data-an
6311,9403,0.0,0,physics.data-an
945,8894,0.0,0,physics.data-an
8493,14070,0.0,0,physics.data-an
6334,11867,0.0,0,physics.data-an
3805,7129,0.0,0,physics.data-an
4472,6131,0.0,0,physics.data-an
1847,10050,0.0,0,physics.data-an
1395,7266,0.0,0,physics.data-an
2512,5336,0.0,0,physics.data-an
3428,13185,0.0,0,physics.data-an
4244,14116,0.0,0,physics.data-an
7666,11115,0.0,0,physics.data-an
626,3822,0.0,0,physics.data-an
592,14117,0.0,0,physics.data-an
6268,6975,0.0,0,physics.data-an
1616,10388,0.0,0,physics.data-an
5652,11810,0.0,0,physics.data-an
939,6762,0.0,0,physics.data-an
2506,7104,0.0,0,physics.data-an
3664,10508,0.0,0,physics.data-an
5196,9989,0.0,0,physics.data-an
7869,9902,0.0,0,physics.data-an
2400,6677,0.0,0,physics.data-an
383,7069,0.0,0,physics.data-an
7566,7686,0.0,0,physics.data-an
1146,5105,0.0,0,physics.data-an
863,9512,0.0,0,physics.data-an
712,6570,0.0,0,physics.data-an
1399,9114,0.0,0,physics.data-an
6895,10227,0.0,0,physics.data-an
2556,4337,0.0,0,physics.data-an
7104,10895,0.0,0,physics.data-an
3023,12174,0.0,0,physics.data-an
1156,7635,0.0,0,physics.data-an
3547,5794,0.0,0,physics.data-an
1181,4281,0.0,0,physics.data-an
2909,7987,0.0,0,physics.data-an
4499,11759,0.0,0,physics.data-an
6182,7666,0.0,0,physics.data-an
1254,1790,0.0,0,physics.data-an
2257,5437,0.0,0,physics.data-an
2341,3859,0.0,0,physics.data-an
5883,7635,0.0,0,physics.data-an
5257,14412,0.0,0,physics.data-an
87,10431,0.0,0,physics.data-an
5883,8538,0.0,0,physics.data-an
2058,10597,0.0,0,physics.data-an
4100,5045,0.0,0,physics.data-an
4626,7635,0.0,0,physics.data-an
4346,11373,0.0,0,physics.data-an
1160,5920,0.0,0,physics.data-an
4683,7989,0.0,0,physics.data-an
431,2247,0.0,0,physics.data-an
4935,5846,0.0,0,physics.data-an
86,13998,0.0,0,physics.data-an
4892,14026,0.0,0,physics.data-an
7731,10704,0.0,0,physics.data-an
221,344,0.0,0,physics.data-an
4601,9649,0.0,0,physics.data-an
1126,4242,0.0,0,physics.data-an
2202,6790,0.0,0,physics.data-an
557,7877,0.0,0,physics.data-an
7340,7966,0.0,0,physics.data-an
602,4767,0.0,0,physics.data-an
759,6520,0.0,0,physics.data-an
617,5304,0.0,0,physics.data-an
6063,13995,0.0,0,physics.data-an
2909,4473,0.0,0,physics.data-an
4076,5339,0.0,0,physics.data-an
1028,2214,0.0,0,physics.data-an
11132,13988,0.0,0,physics.data-an
1325,11397,0.0,0,physics.data-an
4941,8261,0.0,0,physics.data-an
8334,10337,0.0,0,physics.data-an
1034,7923,0.0,0,physics.data-an
4665,7576,0.0,0,physics.data-an
2541,2850,0.0,0,physics.data-an
6678,9694,0.0,0,physics.data-an
10759,11267,0.0,0,physics.data-an
6575,11667,0.0,0,physics.data-an
1150,13207,0.0,0,physics.data-an
3561,9624,0.0,0,physics.data-an
3040,4934,0.0,0,physics.data-an
4372,8491,0.0,0,physics.data-an
7323,10743,0.0,0,physics.data-an
745,1638,0.0,0,physics.data-an
10172,14067,0.0,0,physics.data-an
251,874,0.0,0,physics.data-an
5702,8889,0.0,0,physics.data-an
100,7615,0.0,0,physics.data-an
5883,14005,0.0,0,physics.data-an
971,7350,0.0,0,physics.data-an
6769,10342,0.0,0,physics.data-an
10875,11600,0.0,0,physics.data-an
3961,9679,0.0,0,physics.data-an
1546,10290,0.0,0,physics.data-an
10178,12160,0.0,0,physics.data-an
62,943,0.0,0,physics.data-an
3790,13998,0.0,0,physics.data-an
3017,8678,0.0,0,physics.data-an
85,4224,0.0,0,physics.data-an
1142,13324,0.0,0,physics.data-an
4383,4978,0.0,0,physics.data-an
8960,9873,0.0,0,physics.data-an
1729,2046,0.0,0,physics.data-an
2641,3094,0.0,0,physics.data-an
4287,5535,0.0,0,physics.data-an
5340,9677,0.0,0,physics.data-an
7076,10089,0.0,0,physics.data-an
301,6185,0.0,0,physics.data-an
1282,4889,0.0,0,physics.data-an
11940,13994,0.0,0,physics.data-an
4635,10419,0.0,0,physics.data-an
6981,7493,0.0,0,physics.data-an
8333,13243,0.0,0,physics.data-an
1827,2208,0.0,0,physics.data-an
7088,12165,0.0,0,physics.data-an
7064,7756,0.0,0,physics.data-an
4067,6062,0.0,0,physics.data-an
4818,8325,0.0,0,physics.data-an
7436,8976,0.0,0,physics.data-an
6348,14118,0.0,0,physics.data-an
497,1028,0.0,0,physics.data-an
4663,7484,0.0,0,physics.data-an
2072,4455,0.0,0,physics.data-an
4469,10508,0.0,0,physics.data-an
762,12028,0.0,0,physics.data-an
3463,8247,0.0,0,physics.data-an
1870,14040,0.0,0,physics.data-an
3915,9805,0.0,0,physics.data-an
7438,14126,0.0,0,physics.data-an
1411,6552,0.0,0,physics.data-an
6228,12889,0.0,0,physics.data-an
3890,5876,0.0,0,physics.data-an
11252,11908,0.0,0,physics.data-an
11531,13687,0.0,0,physics.data-an
5421,8596,0.0,0,physics.data-an
7127,11460,0.0,0,physics.data-an
2509,10356,0.0,0,physics.data-an
733,3604,0.0,0,physics.data-an
5747,11618,0.0,0,physics.data-an
5227,8730,0.0,0,physics.data-an
832,9733,0.0,0,physics.data-an
2255,10705,0.0,0,physics.data-an
4131,12174,0.0,0,physics.data-an
5964,13984,0.0,0,physics.data-an
1953,9351,0.0,0,physics.data-an
45,4286,0.0,0,physics.data-an
474,4283,0.0,0,physics.data-an
6221,11165,0.0,0,physics.data-an
212,4283,0.0,0,physics.data-an
249,9534,0.0,0,physics.data-an
12866,13355,0.0,0,physics.data-an
1248,6157,0.0,0,physics.data-an
2124,4479,0.0,0,physics.data-an
9431,9821,0.0,0,physics.data-an
2068,6713,0.0,0,physics.data-an
4094,4829,0.0,0,physics.data-an
1208,2557,0.0,0,physics.data-an
703,1747,0.0,0,physics.data-an
1381,1811,0.0,0,physics.data-an
2777,4815,0.0,0,physics.data-an
1380,7853,0.0,0,physics.data-an
9943,13007,0.0,0,physics.data-an
8759,11005,0.0,0,physics.data-an
5623,8033,0.0,0,physics.data-an
7046,8739,0.0,0,physics.data-an
2277,7237,0.0,0,physics.data-an
5210,13987,0.0,0,physics.data-an
3828,5505,0.0,0,physics.data-an
7237,9804,0.0,0,physics.data-an
3869,9707,0.0,0,physics.data-an
1,13116,0.0,0,physics.data-an
2362,12156,0.0,0,physics.data-an
1213,5237,0.0,0,physics.data-an
7289,8502,0.0,0,physics.data-an
7547,11915,0.0,0,physics.data-an
4274,7397,0.0,0,physics.data-an
5429,10275,0.0,0,physics.data-an
2909,6632,0.0,0,physics.data-an
7509,11251,0.0,0,physics.data-an
4990,7195,0.0,0,physics.data-an
1445,8405,0.0,0,physics.data-an
829,6150,0.0,0,physics.data-an
269,2960,0.0,0,physics.data-an
7112,10648,0.0,0,physics.data-an
3561,4608,0.0,0,physics.data-an
7195,9105,0.0,0,physics.data-an
8211,10619,0.0,0,physics.data-an
2109,7896,0.0,0,physics.data-an
1744,4765,0.0,0,physics.data-an
2289,8766,0.0,0,physics.data-an
726,2387,0.0,0,physics.data-an
13116,14153,0.25433477814404226,0,physics.data-an
6392,7734,0.0,0,physics.data-an
2488,3462,0.0,0,physics.data-an
5621,10337,0.0,0,physics.data-an
1751,9993,0.0,0,physics.data-an
1236,11650,0.0,0,physics.data-an
584,7523,0.0,0,physics.data-an
384,10387,0.0,0,physics.data-an
2541,5310,0.0,0,physics.data-an
5047,9018,0.0,0,physics.data-an
2824,10357,0.0,0,physics.data-an
45,8297,0.0,0,physics.data-an
779,6715,0.0,0,physics.data-an
1076,1309,0.0,0,physics.data-an
2486,11381,0.0,0,physics.data-an
1472,8628,0.0,0,physics.data-an
11247,14039,0.0,0,physics.data-an
10276,10312,0.0,0,physics.data-an
6442,12780,0.0,0,physics.data-an
1337,7271,0.0,0,physics.data-an
1647,2967,0.0,0,physics.data-an
2642,7842,0.0,0,physics.data-an
95,12584,0.0,0,physics.data-an
1028,9225,0.0,0,physics.data-an
5181,6394,0.0,0,physics.data-an
5698,9738,0.0,0,physics.data-an
7959,10826,0.0,0,physics.data-an
7489,9708,0.0,0,physics.data-an
1102,9476,0.0,0,physics.data-an
1848,11215,0.0,0,physics.data-an
4943,5555,0.0,0,physics.data-an
2925,6180,0.0,0,physics.data-an
5225,9554,0.0,0,physics.data-an
8276,12159,0.0,0,physics.data-an
2979,14144,0.0,0,physics.data-an
408,1825,0.0,0,physics.data-an
1017,10420,0.0,0,physics.data-an
640,7315,0.0,0,physics.data-an
3203,5407,0.0,0,physics.data-an
2634,6153,0.0,0,physics.data-an
4003,9103,0.0,0,physics.data-an
6063,6983,0.0,0,physics.data-an
4974,9420,0.0,0,physics.data-an
11347,13689,0.0,0,physics.data-an
6246,11943,0.0,0,physics.data-an
322,7271,0.0,0,physics.data-an
4242,4955,0.0,0,physics.data-an
2577,2995,0.0,0,physics.data-an
11631,14122,0.0,0,physics.data-an
231,10908,0.0,0,physics.data-an
8034,11615,0.0,0,physics.data-an
8635,8686,0.0,0,physics.data-an
6602,7791,0.0,0,physics.data-an
2199,4131,0.0,0,physics.data-an
4960,13987,0.0,0,physics.data-an
9992,10795,0.0,0,physics.data-an
10705,12128,0.0,0,physics.data-an
4092,9418,0.0,0,physics.data-an
5190,14040,0.0,0,physics.data-an
17,340,0.0,0,physics.data-an
4016,4355,0.0,0,physics.data-an
3063,6536,0.0,0,physics.data-an
1171,2233,0.0,0,physics.data-an
5883,7173,0.0,0,physics.data-an
4648,6029,0.0,0,physics.data-an
3663,6946,0.0,0,physics.data-an
8986,11545,0.0,0,physics.data-an
2666,13252,0.0,0,physics.data-an
2448,5216,0.0,0,physics.data-an
5806,10107,0.0,0,physics.data-an
5227,11154,0.0,0,physics.data-an
6198,8990,0.0,0,physics.data-an
4241,10565,0.0,0,physics.data-an
63,9733,0.0,0,physics.data-an
16,3385,0.0,0,physics.data-an
734,7686,0.0,0,physics.data-an
2814,6627,0.0,0,physics.data-an
4548,6063,0.0,0,physics.data-an
3113,9812,0.0,0,physics.data-an
1690,5808,0.0,0,physics.data-an
1171,7049,0.0,0,physics.data-an
9603,11634,0.0,0,physics.data-an
4080,4088,0.0,0,physics.data-an
6277,7864,0.0,0,physics.data-an
7952,8031,0.0,0,physics.data-an
1117,2993,0.0,0,physics.data-an
1817,11218,0.0,0,physics.data-an
9284,10276,0.0,0,physics.data-an
7438,9473,0.0,0,physics.data-an
7576,9666,0.0,0,physics.data-an
572,9386,0.0,0,physics.data-an
10726,12164,0.0,0,physics.data-an
8961,9134,0.0,0,physics.data-an
3603,5331,0.0,0,physics.data-an
1779,10324,0.0,0,physics.data-an
4130,14009,0.0,0,physics.data-an
6969,11919,0.0,0,physics.data-an
2317,3812,0.0,0,physics.data-an
7295,14155,0.0,0,physics.data-an
1611,9019,0.0,0,physics.data-an
5550,14072,0.0,0,physics.data-an
6596,14117,0.0,0,physics.data-an
8022,8333,0.0,0,physics.data-an
1119,9231,0.0,0,physics.data-an
2520,10178,0.0,0,physics.data-an
7782,14093,0.0,0,physics.data-an
2334,11485,0.0,0,physics.data-an
2070,11146,0.0,0,physics.data-an
8347,9706,0.0,0,physics.data-an
4060,6221,0.0,0,physics.data-an
4579,6786,0.0,0,physics.data-an
7394,13315,0.0,0,physics.data-an
2927,8588,0.0,0,physics.data-an
2920,6477,0.0,0,physics.data-an
4288,6759,0.0,0,physics.data-an
5429,13000,0.0,0,physics.data-an
6075,10222,0.0,0,physics.data-an
1425,2713,0.0,0,physics.data-an
3198,6607,0.0,0,physics.data-an
103,10052,0.0,0,physics.data-an
1175,9368,0.0,0,physics.data-an
3073,10633,0.0,0,physics.data-an
2440,6519,0.0,0,physics.data-an
2202,8942,0.0,0,physics.data-an
547,2337,0.0,0,physics.data-an
4845,6648,0.0,0,physics.data-an
4273,4994,0.0,0,physics.data-an
39,10826,0.0,0,physics.data-an
4906,11359,0.0,0,physics.data-an
1367,10477,0.0,0,physics.data-an
10020,10829,0.0,0,physics.data-an
11815,14067,0.0,0,physics.data-an
1081,2163,0.0,0,physics.data-an
4938,7226,0.0,0,physics.data-an
7958,9614,0.0,0,physics.data-an
6778,8257,0.0,0,physics.data-an
4100,9510,0.0,0,physics.data-an
972,6542,0.0,0,physics.data-an
3484,11901,0.0,0,physics.data-an
1080,5846,0.0,0,physics.data-an
1386,7350,0.0,0,physics.data-an
4955,11601,0.0,0,physics.data-an
5387,7997,0.0,0,physics.data-an
796,10108,0.0,0,physics.data-an
8296,12089,0.0,0,physics.data-an
8224,10672,0.0,0,physics.data-an
4557,14071,0.0,0,physics.data-an
9708,11245,0.0,0,physics.data-an
6302,8678,0.0,0,physics.data-an
4604,9573,0.0,0,physics.data-an
5798,11768,0.0,0,physics.data-an
3244,9152,0.0,0,physics.data-an
10026,10508,0.0,0,physics.data-an
9153,13881,0.0,0,physics.data-an
3943,5626,0.0,0,physics.data-an
1147,3168,0.0,0,physics.data-an
5311,7485,0.0,0,physics.data-an
4279,11210,0.0,0,physics.data-an
4914,10638,0.0,0,physics.data-an
4076,7324,0.0,0,physics.data-an
553,6221,0.0,0,physics.data-an
421,13995,0.0,0,physics.data-an
272,12066,0.0,0,physics.data-an
2277,3886,0.0,0,physics.data-an
5839,7195,0.0,0,physics.data-an
1452,2577,0.0,0,physics.data-an
841,14172,0.0,0,physics.data-an
9275,9907,0.0,0,physics.data-an
775,9388,0.0,0,physics.data-an
5464,8337,0.0,0,physics.data-an
3226,10945,0.0,0,physics.data-an
62,1495,0.0,0,physics.data-an
7039,10080,0.0,0,physics.data-an
4246,11154,0.0,0,physics.data-an
5161,9504,0.0,0,physics.data-an
2981,11379,0.0,0,physics.data-an
1121,10555,0.0,0,physics.data-an
4635,10706,0.0,0,physics.data-an
433,1258,0.0,0,physics.data-an
9807,11609,0.0,0,physics.data-an
5870,10458,0.0,0,physics.data-an
6982,9582,0.0,0,physics.data-an
617,10155,0.0,0,physics.data-an
2057,5172,0.0,0,physics.data-an
7522,10578,0.0,0,physics.data-an
3869,14061,0.0,0,physics.data-an
9153,9284,0.0,0,physics.data-an
8946,9708,0.0,0,physics.data-an
383,3279,0.0,0,physics.data-an
420,10220,0.0,0,physics.data-an
1286,10780,0.0,0,physics.data-an
2081,14132,0.0,0,physics.data-an
6694,11780,0.0,0,physics.data-an
7217,9569,0.0,0,physics.data-an
4355,4393,0.0,0,physics.data-an
172,8922,0.0,0,physics.data-an
3460,12028,0.0,0,physics.data-an
729,9779,0.0,0,physics.data-an
2962,5744,0.0,0,physics.data-an
1647,10004,0.0,0,physics.data-an
872,6301,0.0,0,physics.data-an
3795,10477,0.0,0,physics.data-an
11223,12173,0.0,0,physics.data-an
7842,9779,0.0,0,physics.data-an
6007,7142,0.0,0,physics.data-an
425,6929,0.0,0,physics.data-an
1115,2797,0.0,0,physics.data-an
1211,1422,0.0,0,physics.data-an
1689,7233,0.0,0,physics.data-an
2274,7743,0.0,0,physics.data-an
9503,12757,0.0,0,physics.data-an
9334,10621,0.0,0,physics.data-an
1214,6302,0.0,0,physics.data-an
5599,13211,0.0,0,physics.data-an
7110,9600,0.0,0,physics.data-an
2360,7294,0.0,0,physics.data-an
52,761,0.0,0,physics.data-an
7636,11781,0.0,0,physics.data-an
7851,11706,0.0,0,physics.data-an
169,8027,0.0,0,physics.data-an
6729,10402,0.0,0,physics.data-an
509,7129,0.0,0,physics.data-an
8283,12760,0.0,0,physics.data-an
7304,8949,0.0,0,physics.data-an
6995,12135,0.0,0,physics.data-an
1148,1639,0.0,0,physics.data-an
2756,11516,0.0,0,physics.data-an
4211,11680,0.0,0,physics.data-an
10054,11705,0.0,0,physics.data-an
5808,6043,0.0,0,physics.data-an
385,6949,0.0,0,physics.data-an
9201,11380,0.0,0,physics.data-an
9341,9554,0.0,0,physics.data-an
6626,11334,0.0,0,physics.data-an
6080,6322,0.0,0,physics.data-an
7303,11204,0.0,0,physics.data-an
6682,11760,0.0,0,physics.data-an
6755,11744,0.0,0,physics.data-an
2232,8397,0.0,0,physics.data-an
4946,12134,0.0,0,physics.data-an
9680,11500,0.0,0,physics.data-an
1563,12174,0.0,0,physics.data-an
247,2820,0.0,0,physics.data-an
4385,5193,0.0,0,physics.data-an
6755,9120,0.0,0,physics.data-an
1828,5046,0.0,0,physics.data-an
1815,5076,0.0,0,physics.data-an
7502,10775,0.0,0,physics.data-an
10566,14073,0.0,0,physics.data-an
4990,10636,0.0,0,physics.data-an
3462,11305,0.0,0,physics.data-an
5103,11071,0.0,0,physics.data-an
2177,2310,0.0,0,physics.data-an
1156,8674,0.0,0,physics.data-an
8089,9525,0.0,0,physics.data-an
1328,7963,0.0,0,physics.data-an
2109,10663,0.0,0,physics.data-an
4575,7504,0.0,0,physics.data-an
5415,6089,0.0,0,physics.data-an
4950,8204,0.0,0,physics.data-an
2342,5388,0.0,0,physics.data-an
2005,10053,0.0,0,physics.data-an
2886,9573,0.0,0,physics.data-an
10305,11938,0.0,0,physics.data-an
9911,10470,0.0,0,physics.data-an
6374,8237,0.0,0,physics.data-an
2984,7335,0.0,0,physics.data-an
3651,6486,0.0,0,physics.data-an
1386,3744,0.0,0,physics.data-an
1077,11885,0.0,0,physics.data-an
5850,8353,0.0,0,physics.data-an
5111,11577,0.0,0,physics.data-an
2245,2687,0.0,0,physics.data-an
5731,10467,0.0,0,physics.data-an
4209,6112,0.0,0,physics.data-an
6301,7242,0.0,0,physics.data-an
2752,4626,0.0,0,physics.data-an
1200,7790,0.0,0,physics.data-an
8026,10730,0.0,0,physics.data-an
4829,7662,0.0,0,physics.data-an
2389,5068,0.0,0,physics.data-an
5421,7394,0.0,0,physics.data-an
4358,10786,0.0,0,physics.data-an
4644,13215,0.0,0,physics.data-an
3716,5806,0.0,0,physics.data-an
395,14043,0.0,0,physics.data-an
6131,10070,0.0,0,physics.data-an
8074,8182,0.0,0,physics.data-an
6282,9299,0.0,0,physics.data-an
3774,7882,0.0,0,physics.data-an
978,5238,0.0,0,physics.data-an
8343,14234,0.0,0,physics.data-an
2667,5426,0.0,0,physics.data-an
8030,10476,0.0,0,physics.data-an
8774,9582,0.0,0,physics.data-an
3428,9051,0.0,0,physics.data-an
3959,4666,0.0,0,physics.data-an
6131,14127,0.0,0,physics.data-an
2256,2822,0.0,0,physics.data-an
5170,5309,0.0,0,physics.data-an
2110,9300,0.0,0,physics.data-an
165,4842,0.0,0,physics.data-an
4267,14172,0.0,0,physics.data-an
1364,10270,0.0,0,physics.data-an
6179,10756,0.0,0,physics.data-an
1249,6268,0.0,0,physics.data-an
3226,7640,0.0,0,physics.data-an
934,4944,0.0,0,physics.data-an
229,6669,0.0,0,physics.data-an
5601,5760,0.0,0,physics.data-an
2556,6619,0.0,0,physics.data-an
6221,6328,0.0,0,physics.data-an
12016,14004,0.0,0,physics.data-an
664,7420,0.0,0,physics.data-an
1558,1626,0.0,0,physics.data-an
5292,9620,0.0,0,physics.data-an
3606,6734,0.0,0,physics.data-an
10414,11197,0.0,0,physics.data-an
52,8204,0.0,0,physics.data-an
2359,7502,0.0,0,physics.data-an
3003,4077,0.0,0,physics.data-an
6798,9952,0.0,0,physics.data-an
4354,5810,0.0,0,physics.data-an
8497,9430,0.0,0,physics.data-an
6989,7713,0.0,0,physics.data-an
7924,8485,0.0,0,physics.data-an
6362,14116,0.0,0,physics.data-an
5129,8695,0.0,0,physics.data-an
8118,14394,0.0,0,physics.data-an
5789,5852,0.0,0,physics.data-an
63,4808,0.0,0,physics.data-an
4956,7986,0.0,0,physics.data-an
8806,11204,0.0,0,physics.data-an
286,1173,0.0,0,physics.data-an
9844,11165,0.0,0,physics.data-an
938,4891,0.0,0,physics.data-an
5045,9757,0.0,0,physics.data-an
6217,8895,0.0,0,physics.data-an
5292,8694,0.0,0,physics.data-an
1066,7291,0.0,0,physics.data-an
8403,10935,0.0,0,physics.data-an
3024,10264,0.0,0,physics.data-an
4852,7641,0.0,0,physics.data-an
104,6916,0.0,0,physics.data-an
6125,9571,0.0,0,physics.data-an
7342,11112,0.0,0,physics.data-an
1133,10355,0.0,0,physics.data-an
2540,8493,0.0,0,physics.data-an
2951,6078,0.0,0,physics.data-an
13,4848,0.0,0,physics.data-an
2658,9388,0.0,0,physics.data-an
2120,3068,0.0,0,physics.data-an
1850,7494,0.0,0,physics.data-an
9787,10788,0.0,0,physics.data-an
6928,10834,0.0,0,physics.data-an
2109,4636,0.0,0,physics.data-an
1196,1371,0.0,0,physics.data-an
3678,13124,0.0,0,physics.data-an
5077,6303,0.0,0,physics.data-an
3571,8568,0.0,0,physics.data-an
6734,9391,0.0,0,physics.data-an
238,6363,0.0,0,physics.data-an
2769,7126,0.0,0,physics.data-an
5576,6624,0.0,0,physics.data-an
1763,4636,0.0,0,physics.data-an
1078,2584,0.0,0,physics.data-an
7669,12903,0.0,0,physics.data-an
9114,11333,0.0,0,physics.data-an
6822,8866,0.0,0,physics.data-an
976,6737,0.0,0,physics.data-an
2567,8568,0.0,0,physics.data-an
4623,10270,0.0,0,physics.data-an
1289,7871,0.0,0,physics.data-an
3972,10080,0.0,0,physics.data-an
8347,8573,0.0,0,physics.data-an
5781,8197,0.0,0,physics.data-an
933,12903,0.0,0,physics.data-an
28,8596,0.0,0,physics.data-an
6619,9418,0.0,0,physics.data-an
6152,7880,0.0,0,physics.data-an
1826,10411,0.0,0,physics.data-an
8656,11515,0.0,0,physics.data-an
2448,13692,0.0,0,physics.data-an
3328,8149,0.0,0,physics.data-an
1358,10571,0.0,0,physics.data-an
9082,10460,0.0,0,physics.data-an
4994,5235,0.0,0,physics.data-an
165,10672,0.0,0,physics.data-an
2980,11343,0.0,0,physics.data-an
7026,10335,0.0,0,physics.data-an
7599,11954,0.0,0,physics.data-an
985,7293,0.0,0,physics.data-an
2124,7337,0.0,0,physics.data-an
4053,7915,0.0,0,physics.data-an
564,6662,0.0,0,physics.data-an
4683,11874,0.0,0,physics.data-an
46,3667,0.0,0,physics.data-an
5192,9765,0.0,0,physics.data-an
6681,9779,0.0,0,physics.data-an
5068,8009,0.0,0,physics.data-an
1547,14006,0.0,0,physics.data-an
41,2914,0.0,0,physics.data-an
8629,9058,0.0,0,physics.data-an
5031,11245,0.0,0,physics.data-an
1302,7530,0.0,0,physics.data-an
5332,8204,0.0,0,physics.data-an
8105,9812,0.0,0,physics.data-an
1723,6769,0.0,0,physics.data-an
8036,9712,0.0,0,physics.data-an
11458,14030,0.0,0,physics.data-an
2933,7102,0.0,0,physics.data-an
2193,5114,0.0,0,physics.data-an
410,3799,0.0,0,physics.data-an
791,5068,0.0,0,physics.data-an
4466,10420,0.0,0,physics.data-an
618,14073,0.0,0,physics.data-an
1033,10114,0.0,0,physics.data-an
93,8738,0.0,0,physics.data-an
1941,2009,0.0,0,physics.data-an
947,1825,0.0,0,physics.data-an
2498,2680,0.0,0,physics.data-an
4676,5311,0.0,0,physics.data-an
4097,7670,0.0,0,physics.data-an
3005,12576,0.0,0,physics.data-an
5947,8629,0.0,0,physics.data-an
4202,11807,0.0,0,physics.data-an
4594,9150,0.0,0,physics.data-an
324,7295,0.0,0,physics.data-an
5848,6026,0.0,0,physics.data-an
73,888,0.0,0,physics.data-an
5022,10908,0.0,0,physics.data-an
1198,2166,0.0,0,physics.data-an
4132,14079,0.0,0,physics.data-an
8680,9117,0.0,0,physics.data-an
1967,3580,0.0,0,physics.data-an
6602,6759,0.0,0,physics.data-an
6196,9189,0.0,0,physics.data-an
939,1188,0.0,0,physics.data-an
4083,14043,0.0,0,physics.data-an
2949,11633,0.0,0,physics.data-an
2638,3226,0.0,0,physics.data-an
7040,8418,0.0,0,physics.data-an
152,1302,0.0,0,physics.data-an
2207,6157,0.0,0,physics.data-an
1318,7865,0.0,0,physics.data-an
5509,6043,0.0,0,physics.data-an
1945,6157,0.0,0,physics.data-an
6096,7417,0.0,0,physics.data-an
10419,14122,0.0,0,physics.data-an
5426,10969,0.0,0,physics.data-an
3647,10070,0.0,0,physics.data-an
4211,7668,0.0,0,physics.data-an
5192,13691,0.0,0,physics.data-an
2387,11493,0.0,0,physics.data-an
8996,10526,0.0,0,physics.data-an
1472,2446,0.0,0,physics.data-an
6572,11174,0.0,0,physics.data-an
10324,13969,0.0,0,physics.data-an
1693,6731,0.0,0,physics.data-an
3604,4897,0.0,0,physics.data-an
1729,11758,0.0,0,physics.data-an
2471,4667,0.0,0,physics.data-an
6681,9360,0.0,0,physics.data-an
6156,11610,0.0,0,physics.data-an
4403,11666,0.0,0,physics.data-an
1070,9083,0.0,0,physics.data-an
3425,12479,0.0,0,physics.data-an
106,260,0.0,0,physics.data-an
876,10795,0.0,0,physics.data-an
1714,7693,0.0,0,physics.data-an
3788,7872,0.0,0,physics.data-an
9224,14038,0.0,0,physics.data-an
3005,8100,0.0,0,physics.data-an
3798,6753,0.0,0,physics.data-an
321,2814,0.0,0,physics.data-an
6734,11357,0.0,0,physics.data-an
2408,11673,0.0,0,physics.data-an
3311,11181,0.0,0,physics.data-an
1805,7322,0.0,0,physics.data-an
6381,13390,0.0,0,physics.data-an
8937,11357,0.0,0,physics.data-an
482,781,0.0,0,physics.data-an
6977,13006,0.0,0,physics.data-an
10020,10337,0.0,0,physics.data-an
2567,4612,0.0,0,physics.data-an
1813,7039,0.0,0,physics.data-an
9255,9307,0.0,0,physics.data-an
1541,11800,0.0,0,physics.data-an
3443,8977,0.0,0,physics.data-an
4316,12169,0.0,0,physics.data-an
1810,9364,0.0,0,physics.data-an
5594,6221,0.0,0,physics.data-an
5021,10789,0.0,0,physics.data-an
1731,8662,0.0,0,physics.data-an
5028,10276,0.0,0,physics.data-an
4689,10810,0.0,0,physics.data-an
8677,9043,0.0,0,physics.data-an
10402,11808,0.0,0,physics.data-an
7026,10953,0.0,0,physics.data-an
7460,11145,0.0,0,physics.data-an
6254,6681,0.0,0,physics.data-an
11400,14177,0.0,0,physics.data-an
9202,10356,0.0,0,physics.data-an
1126,5555,0.0,0,physics.data-an
5081,8301,0.0,0,physics.data-an
5355,8275,0.0,0,physics.data-an
7338,10810,0.0,0,physics.data-an
1661,7556,0.0,0,physics.data-an
2089,5602,0.0,0,physics.data-an
168,8820,0.0,0,physics.data-an
3375,4533,0.0,0,physics.data-an
9173,9511,0.0,0,physics.data-an
3004,11945,0.0,0,physics.data-an
2125,5332,0.0,0,physics.data-an
1895,6676,0.0,0,physics.data-an
4003,8388,0.0,0,physics.data-an
406,11357,0.0,0,physics.data-an
718,5473,0.0,0,physics.data-an
2558,3987,0.0,0,physics.data-an
5537,9227,0.0,0,physics.data-an
10934,14153,0.0,0,physics.data-an
7642,11608,0.0,0,physics.data-an
6491,10012,0.0,0,physics.data-an
9615,10386,0.0,0,physics.data-an
2814,4587,0.0,0,physics.data-an
6349,7564,0.0,0,physics.data-an
2572,11506,0.0,0,physics.data-an
2517,9584,0.0,0,physics.data-an
70,14413,0.0,0,physics.data-an
384,11720,0.0,0,physics.data-an
5738,11468,0.0,0,physics.data-an
3589,4354,0.0,0,physics.data-an
9585,14006,0.0,0,physics.data-an
4103,4575,0.0,0,physics.data-an
9580,10401,0.0,0,physics.data-an
1478,7677,0.0,0,physics.data-an
1493,5325,0.0,0,physics.data-an
1633,11672,0.0,0,physics.data-an
1032,3655,0.0,0,physics.data-an
10047,14073,0.0,0,physics.data-an
3546,9618,0.0,0,physics.data-an
5304,8508,0.0,0,physics.data-an
2288,14083,0.0,0,physics.data-an
2507,4062,0.0,0,physics.data-an
1817,12103,0.0,0,physics.data-an
6026,10564,0.0,0,physics.data-an
1066,7359,0.0,0,physics.data-an
3620,9832,0.0,0,physics.data-an
1530,13321,0.0,0,physics.data-an
7175,12199,0.0,0,physics.data-an
634,7293,0.0,0,physics.data-an
5831,12948,0.0,0,physics.data-an
1862,8089,0.0,0,physics.data-an
5256,6975,0.0,0,physics.data-an
807,9844,0.0,0,physics.data-an
1530,4955,0.0,0,physics.data-an
2070,11501,0.0,0,physics.data-an
433,10277,0.0,0,physics.data-an
45,7837,0.0,0,physics.data-an
966,5407,0.0,0,physics.data-an
7009,8904,0.0,0,physics.data-an
7408,9404,0.0,0,physics.data-an
2068,8013,0.0,0,physics.data-an
3023,5533,0.0,0,physics.data-an
5288,5731,0.0,0,physics.data-an
1074,1562,0.0,0,physics.data-an
1115,13874,0.0,0,physics.data-an
6490,8690,0.0,0,physics.data-an
6432,14112,0.0,0,physics.data-an
1283,10303,0.0,0,physics.data-an
1912,6081,0.0,0,physics.data-an
5338,11595,0.0,0,physics.data-an
5498,7303,0.0,0,physics.data-an
209,1156,0.0,0,physics.data-an
11225,13124,0.0,0,physics.data-an
4720,5660,0.0,0,physics.data-an
5947,12090,0.0,0,physics.data-an
1230,4591,0.0,0,physics.data-an
42,5445,0.0,0,physics.data-an
9476,11875,0.0,0,physics.data-an
4627,11625,0.0,0,physics.data-an
2597,5631,0.0,0,physics.data-an
5138,8573,0.0,0,physics.data-an
7896,9235,0.0,0,physics.data-an
1951,4961,0.0,0,physics.data-an
5676,5853,0.0,0,physics.data-an
80,1126,0.0,0,physics.data-an
3127,3352,0.0,0,physics.data-an
1201,5323,0.0,0,physics.data-an
5185,14103,0.0,0,physics.data-an
2777,6537,0.0,0,physics.data-an
3338,14152,0.0,0,physics.data-an
8763,9988,0.0,0,physics.data-an
4665,5473,0.0,0,physics.data-an
4969,6113,0.0,0,physics.data-an
7928,9272,0.0,0,physics.data-an
3067,9573,0.0,0,physics.data-an
8541,9615,0.0,0,physics.data-an
1032,9279,0.0,0,physics.data-an
5693,11656,0.0,0,physics.data-an
83,4291,0.0,0,physics.data-an
2445,4342,0.0,0,physics.data-an
729,2825,0.0,0,physics.data-an
1303,2194,0.0,0,physics.data-an
5108,7210,0.0,0,physics.data-an
1712,8220,0.0,0,physics.data-an
231,3780,0.0,0,physics.data-an
447,9528,0.0,0,physics.data-an
2279,4395,0.0,0,physics.data-an
5210,8655,0.0,0,physics.data-an
812,4665,0.0,0,physics.data-an
1076,6352,0.0,0,physics.data-an
3842,4623,0.0,0,physics.data-an
5613,7733,0.0,0,physics.data-an
5807,11799,0.0,0,physics.data-an
127,14132,0.0,0,physics.data-an
3273,4960,0.0,0,physics.data-an
2393,11363,0.0,0,physics.data-an
1842,7139,0.0,0,physics.data-an
1911,2543,0.0,0,physics.data-an
2571,3376,0.0,0,physics.data-an
2512,11134,0.0,0,physics.data-an
1008,9042,0.0,0,physics.data-an
2836,6685,0.0,0,physics.data-an
816,10827,0.0,0,physics.data-an
9494,10449,0.0,0,physics.data-an
11379,11595,0.0,0,physics.data-an
2340,11436,0.0,0,physics.data-an
1069,9732,0.0,0,physics.data-an
1870,2956,0.0,0,physics.data-an
4974,11803,0.0,0,physics.data-an
4950,11854,0.0,0,physics.data-an
7150,11880,0.0,0,physics.data-an
19,3200,0.0,0,physics.data-an
9569,12056,0.0,0,physics.data-an
2175,6795,0.0,0,physics.data-an
5682,9036,0.0,0,physics.data-an
6309,11349,0.0,0,physics.data-an
272,384,0.0,0,physics.data-an
3885,4067,0.0,0,physics.data-an
9117,9680,0.0,0,physics.data-an
2652,6576,0.0,0,physics.data-an
4202,10684,0.0,0,physics.data-an
765,3434,0.0,0,physics.data-an
2225,11347,0.0,0,physics.data-an
6801,9107,0.0,0,physics.data-an
931,7524,0.0,0,physics.data-an
5,39,0.0,0,physics.data-an
2085,5445,0.0,0,physics.data-an
4848,9749,0.0,0,physics.data-an
316,11421,0.0,0,physics.data-an
83,3342,0.0,0,physics.data-an
7861,9352,0.0,0,physics.data-an
2908,4960,0.0,0,physics.data-an
5806,10504,0.0,0,physics.data-an
4590,8407,0.0,0,physics.data-an
3296,14081,0.0,0,physics.data-an
270,5648,0.0,0,physics.data-an
2172,9278,0.0,0,physics.data-an
9968,11779,0.0,0,physics.data-an
4162,7700,0.0,0,physics.data-an
6730,8939,0.0,0,physics.data-an
618,4525,0.0,0,physics.data-an
1605,3123,0.0,0,physics.data-an
8406,10091,0.0,0,physics.data-an
4310,7980,0.0,0,physics.data-an
5427,7331,0.0,0,physics.data-an
2059,10389,0.0,0,physics.data-an
5704,5919,0.0,0,physics.data-an
1721,6309,0.0,0,physics.data-an
3961,11767,0.0,0,physics.data-an
801,1119,0.0,0,physics.data-an
6304,11247,0.0,0,physics.data-an
1478,11426,0.0,0,physics.data-an
670,7460,0.0,0,physics.data-an
906,4210,0.0,0,physics.data-an
984,3455,0.0,0,physics.data-an
2027,4694,0.0,0,physics.data-an
273,5020,0.0,0,physics.data-an
9273,10026,0.0,0,physics.data-an
5696,7757,0.0,0,physics.data-an
971,12003,0.0,0,physics.data-an
2311,9148,0.0,0,physics.data-an
2634,7852,0.0,0,physics.data-an
4714,9911,0.0,0,physics.data-an
4479,10682,0.0,0,physics.data-an
2091,9410,0.0,0,physics.data-an
6981,14011,0.0,0,physics.data-an
9080,9747,0.0,0,physics.data-an
1066,1165,0.0,0,physics.data-an
9081,13275,0.0,0,physics.data-an
2400,5326,0.0,0,physics.data-an
7687,9563,0.0,0,physics.data-an
8270,11226,0.0,0,physics.data-an
1650,4456,0.0,0,physics.data-an
603,3326,0.0,0,physics.data-an
2803,9651,0.0,0,physics.data-an
7351,10776,0.0,0,physics.data-an
4097,6537,0.0,0,physics.data-an
9429,10022,0.0,0,physics.data-an
3803,9208,0.0,0,physics.data-an
5677,6552,0.0,0,physics.data-an
1303,7386,0.0,0,physics.data-an
11608,14009,0.0,0,physics.data-an
1850,5798,0.0,0,physics.data-an
1378,1638,0.0,0,physics.data-an
5354,10743,0.0,0,physics.data-an
6878,10449,0.0,0,physics.data-an
8911,9049,0.0,0,physics.data-an
1613,11483,0.0,0,physics.data-an
761,7331,0.0,0,physics.data-an
2498,2980,0.0,0,physics.data-an
4560,4991,0.0,0,physics.data-an
4057,10112,0.0,0,physics.data-an
7488,7525,0.0,0,physics.data-an
2275,11459,0.0,0,physics.data-an
5796,12781,0.0,0,physics.data-an
8575,10411,0.0,0,physics.data-an
3528,7324,0.0,0,physics.data-an
385,10314,0.0,0,physics.data-an
2042,8484,0.0,0,physics.data-an
4545,10460,0.0,0,physics.data-an
2994,4092,0.0,0,physics.data-an
4851,10652,0.0,0,physics.data-an
4159,7163,0.0,0,physics.data-an
1855,7574,0.0,0,physics.data-an
7175,7824,0.0,0,physics.data-an
381,12006,0.0,0,physics.data-an
1681,4914,0.0,0,physics.data-an
3216,9016,0.0,0,physics.data-an
4456,7126,0.0,0,physics.data-an
143,9739,0.0,0,physics.data-an
1380,13324,0.0,0,physics.data-an
1635,2997,0.0,0,physics.data-an
11132,13010,0.0,0,physics.data-an
7194,7693,0.0,0,physics.data-an
3780,8154,0.0,0,physics.data-an
7362,13693,0.0,0,physics.data-an
2917,5421,0.0,0,physics.data-an
4355,6027,0.0,0,physics.data-an
11581,12576,0.0,0,physics.data-an
4211,7065,0.0,0,physics.data-an
1810,11107,0.0,0,physics.data-an
11796,14078,0.0,0,physics.data-an
3857,14121,0.0,0,physics.data-an
8492,12196,0.0,0,physics.data-an
4804,11600,0.0,0,physics.data-an
4688,9619,0.0,0,physics.data-an
7756,9238,0.0,0,physics.data-an
3356,9934,0.0,0,physics.data-an
5732,9740,0.0,0,physics.data-an
2126,12103,0.0,0,physics.data-an
4558,9738,0.0,0,physics.data-an
801,3072,0.0,0,physics.data-an
1689,8867,0.0,0,physics.data-an
5675,14081,0.0,0,physics.data-an
677,4434,0.0,0,physics.data-an
4148,9345,0.0,0,physics.data-an
8653,11103,0.0,0,physics.data-an
3856,9582,0.0,0,physics.data-an
6198,10558,0.0,0,physics.data-an
1540,10730,0.0,0,physics.data-an
5791,10091,0.0,0,physics.data-an
7732,14170,0.0,0,physics.data-an
8652,10729,0.0,0,physics.data-an
801,10656,0.0,0,physics.data-an
1197,9573,0.0,0,physics.data-an
95,10759,0.0,0,physics.data-an
4481,12151,0.0,0,physics.data-an
547,4998,0.0,0,physics.data-an
138,778,0.0,0,physics.data-an
3443,7314,0.0,0,physics.data-an
5959,10578,0.0,0,physics.data-an
1132,4605,0.0,0,physics.data-an
3482,8474,0.0,0,physics.data-an
6155,8912,0.0,0,physics.data-an
6916,11634,0.0,0,physics.data-an
3,7643,0.0,0,physics.data-an
2020,6873,0.0,0,physics.data-an
3360,4018,0.0,0,physics.data-an
2171,7271,0.0,0,physics.data-an
8224,11599,0.0,0,physics.data-an
9528,9990,0.0,0,physics.data-an
4102,4246,0.0,0,physics.data-an
859,5349,0.0,0,physics.data-an
5139,11827,0.0,0,physics.data-an
5155,8308,0.0,0,physics.data-an
2746,7242,0.0,0,physics.data-an
1806,4060,0.0,0,physics.data-an
2845,9579,0.0,0,physics.data-an
2707,6756,0.0,0,physics.data-an
972,4243,0.0,0,physics.data-an
729,6322,0.0,0,physics.data-an
4714,11949,0.0,0,physics.data-an
3648,5473,0.0,0,physics.data-an
4350,8634,0.0,0,physics.data-an
2266,2849,0.0,0,physics.data-an
1712,11946,0.0,0,physics.data-an
3282,3546,0.0,0,physics.data-an
322,3460,0.0,0,physics.data-an
2854,10338,0.0,0,physics.data-an
7988,11215,0.0,0,physics.data-an
8519,12163,0.0,0,physics.data-an
5129,9338,0.0,0,physics.data-an
42,782,1.6844616981851364,0,physics.data-an
4136,8036,0.0,0,physics.data-an
3197,7788,0.0,0,physics.data-an
3146,3950,0.0,0,physics.data-an
983,7226,0.0,0,physics.data-an
1433,10172,0.0,0,physics.data-an
7997,11040,0.0,0,physics.data-an
636,4558,0.0,0,physics.data-an
3494,6848,0.0,0,physics.data-an
8353,9506,0.6048267726164609,0,physics.data-an
3798,10557,0.0,0,physics.data-an
479,2625,0.0,0,physics.data-an
2951,6191,0.0,0,physics.data-an
7723,8930,0.0,0,physics.data-an
4005,5868,0.0,0,physics.data-an
7112,14146,0.0,0,physics.data-an
3961,9617,0.0,0,physics.data-an
165,5812,0.0,0,physics.data-an
1422,4420,0.0,0,physics.data-an
381,5436,0.0,0,physics.data-an
5077,9943,0.0,0,physics.data-an
6039,10520,0.0,0,physics.data-an
10638,11265,0.0,0,physics.data-an
3610,10442,0.0,0,physics.data-an
1540,10828,0.0,0,physics.data-an
3739,6651,0.0,0,physics.data-an
6112,9341,0.0,0,physics.data-an
1376,9902,0.0,0,physics.data-an
2441,5796,0.0,0,physics.data-an
2802,11208,0.0,0,physics.data-an
9990,13969,0.0,0,physics.data-an
8148,9344,0.0,0,physics.data-an
3454,10725,0.0,0,physics.data-an
212,6603,0.0,0,physics.data-an
7386,7480,0.0,0,physics.data-an
4055,4678,0.0,0,physics.data-an
6949,10597,0.0,0,physics.data-an
3653,5601,0.0,0,physics.data-an
9577,14065,0.0,0,physics.data-an
5759,6715,0.0,0,physics.data-an
3624,8283,0.0,0,physics.data-an
2006,6169,0.0,0,physics.data-an
636,5438,0.0,0,physics.data-an
6131,9741,0.0,0,physics.data-an
4018,11477,0.0,0,physics.data-an
8347,9180,0.0,0,physics.data-an
7734,11726,0.0,0,physics.data-an
6918,7756,0.0,0,physics.data-an
8002,10457,0.0,0,physics.data-an
1827,9550,0.0,0,physics.data-an
3476,6169,0.0,0,physics.data-an
550,11558,0.0,0,physics.data-an
2596,5073,0.0,0,physics.data-an
1203,3572,0.0,0,physics.data-an
7144,9645,0.0,0,physics.data-an
8035,10756,0.0,0,physics.data-an
929,6221,0.0,0,physics.data-an
4666,4952,0.0,0,physics.data-an
3100,7315,0.0,0,physics.data-an
6353,7574,0.0,0,physics.data-an
4076,11948,0.0,0,physics.data-an
2709,5215,0.0,0,physics.data-an
6685,7904,0.0,0,physics.data-an
481,4898,0.0,0,physics.data-an
1100,6862,0.0,0,physics.data-an
10503,10681,0.0,0,physics.data-an
1304,5954,0.0,0,physics.data-an
6409,7362,0.0,0,physics.data-an
3529,10503,0.0,0,physics.data-an
485,8926,0.0,0,physics.data-an
301,8351,0.0,0,physics.data-an
1518,5425,0.0,0,physics.data-an
3202,3283,0.0,0,physics.data-an
3315,4243,0.0,0,physics.data-an
3445,9197,0.0,0,physics.data-an
1814,6735,0.0,0,physics.data-an
2089,8660,0.0,0,physics.data-an
167,3023,0.0,0,physics.data-an
2277,9763,0.0,0,physics.data-an
6334,14134,0.0,0,physics.data-an
720,2003,0.0,0,physics.data-an
11510,12118,0.0,0,physics.data-an
9191,11769,0.0,0,physics.data-an
8237,11621,0.0,0,physics.data-an
7954,14042,0.0,0,physics.data-an
730,1824,0.0,0,physics.data-an
3430,14028,0.0,0,physics.data-an
4194,11880,0.0,0,physics.data-an
8115,8397,0.0,0,physics.data-an
9255,10621,0.0,0,physics.data-an
9018,10794,0.0,0,physics.data-an
3354,8642,0.0,0,physics.data-an
153,13677,0.0,0,physics.data-an
7046,8039,0.0,0,physics.data-an
10390,11800,0.0,0,physics.data-an
3650,9049,0.0,0,physics.data-an
4666,6362,0.0,0,physics.data-an
5700,7144,0.0,0,physics.data-an
3664,9621,0.0,0,physics.data-an
2968,7294,0.0,0,physics.data-an
1751,11760,0.0,0,physics.data-an
7389,11267,0.0,0,physics.data-an
562,7694,0.0,0,physics.data-an
7466,12948,0.0,0,physics.data-an
7142,10901,0.0,0,physics.data-an
1360,9431,0.0,0,physics.data-an
1241,7982,0.0,0,physics.data-an
8782,11987,0.0,0,physics.data-an
4307,10895,0.0,0,physics.data-an
2768,7879,0.0,0,physics.data-an
1078,9718,0.0,0,physics.data-an
4054,6630,0.0,0,physics.data-an
4346,4852,0.0,0,physics.data-an
5225,5952,0.0,0,physics.data-an
199,3562,0.0,0,physics.data-an
939,1157,0.0,0,physics.data-an
607,14153,0.0,0,physics.data-an
5696,9366,0.0,0,physics.data-an
4106,13321,0.0,0,physics.data-an
14167,14171,0.0,0,physics.data-an
2935,9718,0.0,0,physics.data-an
4182,9295,0.0,0,physics.data-an
9695,10906,0.0,0,physics.data-an
3773,5075,0.0,0,physics.data-an
5510,7289,0.0,0,physics.data-an
5663,6336,0.0,0,physics.data-an
7102,8182,0.0,0,physics.data-an
734,8946,0.0,0,physics.data-an
913,6208,0.0,0,physics.data-an
5921,9749,0.0,0,physics.data-an
866,1288,0.0,0,physics.data-an
6104,7210,0.0,0,physics.data-an
5473,9967,0.0,0,physics.data-an
754,1232,0.0,0,physics.data-an
8119,12028,0.0,0,physics.data-an
3016,11633,0.0,0,physics.data-an
4809,11155,0.0,0,physics.data-an
693,6177,0.0,0,physics.data-an
2246,10934,0.0,0,physics.data-an
4985,5310,0.0,0,physics.data-an
7086,9378,0.0,0,physics.data-an
7733,14064,0.0,0,physics.data-an
3545,6766,0.0,0,physics.data-an
4062,6647,0.0,0,physics.data-an
1348,10458,0.0,0,physics.data-an
8575,10178,0.0,0,physics.data-an
4720,8273,0.0,0,physics.data-an
4129,10578,0.0,0,physics.data-an
1181,11629,0.0,0,physics.data-an
5446,11303,0.0,0,physics.data-an
1850,6540,0.0,0,physics.data-an
106,1806,0.0,0,physics.data-an
8105,11168,0.0,0,physics.data-an
564,5659,0.0,0,physics.data-an
1763,4814,0.0,0,physics.data-an
5612,8482,0.0,0,physics.data-an
3483,11900,0.0,0,physics.data-an
677,5536,0.0,0,physics.data-an
592,882,0.0,0,physics.data-an
3164,3632,0.0,0,physics.data-an
4264,6723,0.0,0,physics.data-an
5551,14064,0.0,0,physics.data-an
1117,3327,0.0,0,physics.data-an
7575,10221,0.0,0,physics.data-an
5954,10662,0.0,0,physics.data-an
72,6099,0.0,0,physics.data-an
173,260,0.0,0,physics.data-an
7526,14120,0.0,0,physics.data-an
3229,10033,0.0,0,physics.data-an
2925,10970,0.0,0,physics.data-an
6039,7853,0.0,0,physics.data-an
8257,9351,0.0,0,physics.data-an
3746,9393,0.0,0,physics.data-an
3454,4904,0.0,0,physics.data-an
199,14169,0.0,0,physics.data-an
5400,14053,0.0,0,physics.data-an
3396,11458,0.0,0,physics.data-an
1362,2004,0.0,0,physics.data-an
1137,14043,0.0,0,physics.data-an
6754,7340,0.0,0,physics.data-an
4594,7244,0.0,0,physics.data-an
9395,13982,0.0,0,physics.data-an
1518,10473,0.0,0,physics.data-an
6748,7531,0.0,0,physics.data-an
6298,10449,0.0,0,physics.data-an
5230,9296,0.0,0,physics.data-an
2542,5697,0.0,0,physics.data-an
3100,3889,0.0,0,physics.data-an
1936,9679,0.0,0,physics.data-an
4168,4633,0.0,0,physics.data-an
4666,6221,0.0,0,physics.data-an
639,6196,0.0,0,physics.data-an
1945,2445,0.0,0,physics.data-an
503,6564,0.0,0,physics.data-an
99,7643,0.0,0,physics.data-an
4273,13874,0.0,0,physics.data-an
8517,8995,0.0,0,physics.data-an
1159,1712,0.0,0,physics.data-an
22,5473,0.0,0,physics.data-an
4965,12152,0.0,0,physics.data-an
887,4460,0.0,0,physics.data-an
8939,11613,0.0,0,physics.data-an
1898,9688,0.0,0,physics.data-an
1031,10777,0.0,0,physics.data-an
2884,8407,0.0,0,physics.data-an
5235,13324,0.0,0,physics.data-an
563,10114,0.0,0,physics.data-an
908,14053,0.0,0,physics.data-an
1611,3624,0.0,0,physics.data-an
5552,8650,0.0,0,physics.data-an
477,5644,0.0,0,physics.data-an
3048,6709,0.0,0,physics.data-an
3515,12102,0.0,0,physics.data-an
4634,10331,0.0,0,physics.data-an
80,7485,0.0,0,physics.data-an
1247,5562,0.0,0,physics.data-an
4820,7977,0.0,0,physics.data-an
2053,9189,0.0,0,physics.data-an
5965,9233,0.0,0,physics.data-an
863,4224,0.0,0,physics.data-an
804,5895,0.0,0,physics.data-an
15,5326,0.0,0,physics.data-an
11272,11987,0.0,0,physics.data-an
780,5129,0.0,0,physics.data-an
4210,4383,0.0,0,physics.data-an
3355,13137,0.0,0,physics.data-an
4479,4916,0.0,0,physics.data-an
10075,12154,0.0,0,physics.data-an
4089,6042,0.0,0,physics.data-an
5622,11346,0.0,0,physics.data-an
9974,11842,0.0,0,physics.data-an
3382,8023,0.0,0,physics.data-an
719,1442,0.0,0,physics.data-an
7364,11689,0.0,0,physics.data-an
7045,8037,0.0,0,physics.data-an
8502,11854,0.0,0,physics.data-an
83,4944,0.0,0,physics.data-an
3539,3805,0.0,0,physics.data-an
1385,7575,0.0,0,physics.data-an
5611,8569,0.0,0,physics.data-an
7079,11678,0.0,0,physics.data-an
1495,6400,0.0,0,physics.data-an
434,9573,0.0,0,physics.data-an
4954,6349,0.0,0,physics.data-an
9724,14152,0.0,0,physics.data-an
18,10906,0.0,0,physics.data-an
9735,13115,0.0,0,physics.data-an
1746,5115,0.0,0,physics.data-an
7303,8273,0.0,0,physics.data-an
7976,14180,0.0,0,physics.data-an
11246,11719,0.0,0,physics.data-an
6632,11223,0.0,0,physics.data-an
9369,10019,0.0,0,physics.data-an
9084,10673,0.0,0,physics.data-an
2280,8283,0.0,0,physics.data-an
5292,13812,0.0,0,physics.data-an
6956,8574,0.0,0,physics.data-an
4211,6570,0.0,0,physics.data-an
4470,9948,0.0,0,physics.data-an
220,9091,0.0,0,physics.data-an
7124,11950,0.0,0,physics.data-an
2950,12018,0.0,0,physics.data-an
4766,9043,0.0,0,physics.data-an
1444,7638,0.0,0,physics.data-an
1966,11884,0.0,0,physics.data-an
4212,12169,0.0,0,physics.data-an
2921,9367,0.0,0,physics.data-an
7231,14147,0.0,0,physics.data-an
4956,12178,0.0,0,physics.data-an
5267,7195,0.0,0,physics.data-an
3773,5791,0.0,0,physics.data-an
9275,11265,0.0,0,physics.data-an
5121,10933,0.0,0,physics.data-an
4954,11430,0.0,0,physics.data-an
747,11358,0.0,0,physics.data-an
5068,10140,0.0,0,physics.data-an
2731,7293,0.0,0,physics.data-an
6534,7510,0.0,0,physics.data-an
2255,3657,0.0,0,physics.data-an
4212,6103,0.0,0,physics.data-an
1936,9273,0.0,0,physics.data-an
6280,11980,0.0,0,physics.data-an
382,4291,0.0,0,physics.data-an
939,8266,0.0,0,physics.data-an
11210,11629,0.0,0,physics.data-an
11907,13692,0.0,0,physics.data-an
2054,9530,0.0,0,physics.data-an
2260,8695,0.0,0,physics.data-an
984,3578,0.0,0,physics.data-an
1712,5974,0.0,0,physics.data-an
6041,6715,0.0,0,physics.data-an
1706,9606,0.0,0,physics.data-an
9236,11579,0.0,0,physics.data-an
2731,6596,0.0,0,physics.data-an
3464,7413,0.0,0,physics.data-an
1782,8024,0.0,0,physics.data-an
3610,11668,0.0,0,physics.data-an
7560,10772,0.0,0,physics.data-an
7518,10955,0.0,0,physics.data-an
6711,8123,0.0,0,physics.data-an
2194,12169,0.0,0,physics.data-an
424,9778,0.0,0,physics.data-an
8738,9990,0.0,0,physics.data-an
702,4130,0.0,0,physics.data-an
7955,9352,0.0,0,physics.data-an
457,11761,0.0,0,physics.data-an
2110,4033,0.0,0,physics.data-an
2206,7942,0.0,0,physics.data-an
12018,12863,0.0,0,physics.data-an
6690,8823,0.0,0,physics.data-an
4340,8660,0.0,0,physics.data-an
9579,9968,0.0,0,physics.data-an
1452,14012,0.0,0,physics.data-an
4104,7337,0.0,0,physics.data-an
2777,9228,0.0,0,physics.data-an
7928,10566,0.0,0,physics.data-an
3027,4644,0.0,0,physics.data-an
626,8686,0.0,0,physics.data-an
1077,2960,0.0,0,physics.data-an
1066,10004,0.0,0,physics.data-an
7864,11076,0.0,0,physics.data-an
5809,6975,0.0,0,physics.data-an
5907,7510,0.0,0,physics.data-an
9308,10673,0.0,0,physics.data-an
1358,11344,0.0,0,physics.data-an
2408,5160,0.0,0,physics.data-an
10310,14095,0.0,0,physics.data-an
4956,14118,0.0,0,physics.data-an
5625,9109,0.0,0,physics.data-an
4096,11948,0.0,0,physics.data-an
605,4727,0.0,0,physics.data-an
2553,6301,0.0,0,physics.data-an
4178,11343,0.0,0,physics.data-an
5059,5579,0.0,0,physics.data-an
152,6816,0.0,0,physics.data-an
455,1112,0.0,0,physics.data-an
3538,8767,0.0,0,physics.data-an
6286,9119,0.0,0,physics.data-an
6653,8504,0.0,0,physics.data-an
10222,11623,0.0,0,physics.data-an
10682,10970,0.0,0,physics.data-an
15,5126,0.0,0,physics.data-an
3327,11558,0.0,0,physics.data-an
7700,8730,0.0,0,physics.data-an
5192,7276,0.0,0,physics.data-an
1710,4979,0.0,0,physics.data-an
9113,11112,0.0,0,physics.data-an
1941,6718,0.0,0,physics.data-an
4165,11494,0.0,0,physics.data-an
9208,11875,0.0,0,physics.data-an
6431,13680,0.0,0,physics.data-an
47,11610,0.0,0,physics.data-an
7731,8308,0.0,0,physics.data-an
3292,7435,0.0,0,physics.data-an
11793,14155,0.0,0,physics.data-an
9303,13689,0.0,0,physics.data-an
1547,6040,0.0,0,physics.data-an
6060,7473,0.0,0,physics.data-an
7027,10443,0.0,0,physics.data-an
2311,11211,0.0,0,physics.data-an
4767,6876,0.0,0,physics.data-an
6125,14018,0.0,0,physics.data-an
4394,6514,0.0,0,physics.data-an
9411,11156,0.0,0,physics.data-an
9916,11817,0.0,0,physics.data-an
3838,6153,0.0,0,physics.data-an
2813,6619,0.0,0,physics.data-an
3587,9460,0.0,0,physics.data-an
1214,9888,0.0,0,physics.data-an
9801,10295,0.0,0,physics.data-an
6297,9142,0.0,0,physics.data-an
423,10441,0.0,0,physics.data-an
3601,6963,0.0,0,physics.data-an
2982,11272,0.0,0,physics.data-an
286,3382,0.0,0,physics.data-an
5437,7121,0.0,0,physics.data-an
972,11443,0.0,0,physics.data-an
4857,9780,0.0,0,physics.data-an
2272,12164,0.0,0,physics.data-an
11322,14052,0.0,0,physics.data-an
5668,7218,0.0,0,physics.data-an
2121,10045,0.0,0,physics.data-an
11647,12128,0.0,0,physics.data-an
3632,13115,0.0,0,physics.data-an
2699,12007,0.0,0,physics.data-an
2639,5577,0.0,0,physics.data-an
2739,5664,0.0,0,physics.data-an
9152,10006,0.0,0,physics.data-an
3367,9922,0.0,0,physics.data-an
9341,10925,0.0,0,physics.data-an
6240,14061,0.0,0,physics.data-an
7119,7879,0.0,0,physics.data-an
1953,11745,0.0,0,physics.data-an
682,699,0.0,0,physics.data-an
6697,6758,0.0,0,physics.data-an
5066,8583,0.0,0,physics.data-an
450,6091,0.0,0,physics.data-an
4626,14089,0.0,0,physics.data-an
3799,11916,0.0,0,physics.data-an
5489,6879,0.0,0,physics.data-an
809,10081,0.0,0,physics.data-an
7365,13309,0.0,0,physics.data-an
13349,13350,2.3146788380402215,1,physics.bio-ph
1698,12669,1.4426950408889634,1,physics.bio-ph
2536,2537,0.9102392266268373,1,physics.bio-ph
37,12410,0.9102392266268373,1,physics.bio-ph
1000,12355,1.4426950408889634,1,physics.bio-ph
229,12611,0.35295612386476116,1,physics.bio-ph
297,698,0.0,1,physics.bio-ph
2620,2622,0.0,1,physics.bio-ph
12735,12737,0.0,1,physics.bio-ph
3262,9648,0.36067376022224085,1,physics.bio-ph
583,382,0.9751430179754935,1,physics.bio-ph
12735,12734,1.4426950408889634,1,physics.bio-ph
729,5919,0.5138983423697507,1,physics.bio-ph
1356,4663,2.257547098256018,1,physics.bio-ph
8691,8693,0.0,1,physics.bio-ph
610,612,0.7213475204444817,1,physics.bio-ph
9162,9165,0.5138983423697507,1,physics.bio-ph
4887,527,0.43429448190325176,1,physics.bio-ph
3763,2236,3.040471937436736,1,physics.bio-ph
3270,3271,0.0,1,physics.bio-ph
260,153,0.5138983423697507,1,physics.bio-ph
8692,8693,0.0,1,physics.bio-ph
9880,9881,3.1170269205427052,1,physics.bio-ph
1771,1213,1.631586747071319,1,physics.bio-ph
45,6560,0.0,1,physics.bio-ph
5200,13348,2.4853397382384474,1,physics.bio-ph
5055,6088,1.5583687428008104,1,physics.bio-ph
5200,4923,1.800780495670471,1,physics.bio-ph
4794,12634,0.0,1,physics.bio-ph
297,831,1.1112187656957617,1,physics.bio-ph
5376,13242,0.0,1,physics.bio-ph
1892,2656,0.3898712452512801,1,physics.bio-ph
929,891,2.0008056674402104,1,physics.bio-ph
1407,1404,1.8204784532536746,1,physics.bio-ph
3080,3081,2.252921681630931,1,physics.bio-ph
2357,2359,1.4426950408889634,1,physics.bio-ph
711,2404,0.0,1,physics.bio-ph
874,2366,1.6365403493107211,1,physics.bio-ph
317,1911,0.0,1,physics.bio-ph
12412,12414,0.7213475204444817,1,physics.bio-ph
1211,12960,0.4170323914242463,1,physics.bio-ph
3532,3533,0.4170323914242463,1,physics.bio-ph
823,827,1.0277966847395015,1,physics.bio-ph
1456,13136,0.0,1,physics.bio-ph
1240,13430,2.064029975448575,1,physics.bio-ph
132,5699,0.9102392266268373,1,physics.bio-ph
29,33,1.4426950408889634,1,physics.bio-ph
8823,11068,2.91691397828855,1,physics.bio-ph
4359,4360,0.48089834696298783,1,physics.bio-ph
4294,1073,2.0640299754485754,1,physics.bio-ph
5198,13348,1.8640048036788355,1,physics.bio-ph
15,18,0.5581106265512472,1,physics.bio-ph
54,217,10.449671241267149,1,physics.bio-ph
445,446,0.0,1,physics.bio-ph
5771,5773,1.4426950408889634,1,physics.bio-ph
53,217,0.872152004737665,1,physics.bio-ph
577,579,0.2835784920513334,1,physics.bio-ph
13614,13615,0.0,1,physics.bio-ph
3210,12653,0.7213475204444817,1,physics.bio-ph
1329,13414,0.0,1,physics.bio-ph
1488,12481,0.9102392266268373,1,physics.bio-ph
612,613,0.7213475204444817,1,physics.bio-ph
673,7616,0.0,1,physics.bio-ph
1918,5018,0.9102392266268373,1,physics.bio-ph
820,824,3.2350389305898624,1,physics.bio-ph
715,12960,0.2835784920513334,1,physics.bio-ph
591,4095,1.7451120593859382,1,physics.bio-ph
1293,12399,0.0,1,physics.bio-ph
11240,11477,1.1352332769293625,1,physics.bio-ph
1814,7839,0.0,1,physics.bio-ph
2438,9173,0.45511961331341866,1,physics.bio-ph
578,13209,1.690298358480786,1,physics.bio-ph
218,12818,2.4584691797713383,1,physics.bio-ph
152,8233,0.9370338082411984,1,physics.bio-ph
12585,13330,0.0,1,physics.bio-ph
1886,1888,0.0,1,physics.bio-ph
615,13187,0.9102392266268373,1,physics.bio-ph
1293,13538,0.0,1,physics.bio-ph
270,2058,0.9187843867734881,1,physics.bio-ph
418,1612,0.0,1,physics.bio-ph
874,5341,1.2022458674074694,1,physics.bio-ph
172,5150,1.039008973514235,1,physics.bio-ph
218,1385,3.7278333544071485,1,physics.bio-ph
8981,8982,0.9102392266268373,1,physics.bio-ph
123,552,0.0,1,physics.bio-ph
12286,13626,0.0,1,physics.bio-ph
927,13125,0.0,1,physics.bio-ph
1654,6666,0.9102392266268373,1,physics.bio-ph
684,4763,0.5581106265512472,1,physics.bio-ph
1360,4375,0.43429448190325176,1,physics.bio-ph
12286,12473,1.179445561110859,1,physics.bio-ph
12353,12355,0.0,1,physics.bio-ph
298,1792,1.4426950408889634,1,physics.bio-ph
226,12582,0.0,1,physics.bio-ph
684,12607,0.0,1,physics.bio-ph
132,13287,0.0,1,physics.bio-ph
12621,12623,1.905035915959576,1,physics.bio-ph
2772,5982,1.3384641520193075,1,physics.bio-ph
14,12569,1.7262735329402967,1,physics.bio-ph
573,12907,0.0,1,physics.bio-ph
7021,7022,2.252921681630931,1,physics.bio-ph
859,864,0.0,1,physics.bio-ph
208,5929,0.0,1,physics.bio-ph
653,13432,0.7213475204444817,1,physics.bio-ph
9582,9585,2.8853900817779268,1,physics.bio-ph
1833,12871,1.5408095162505728,1,physics.bio-ph
12776,12778,0.7213475204444817,1,physics.bio-ph
54,41,1.4941285868276535,1,physics.bio-ph
4810,6782,0.7213475204444817,1,physics.bio-ph
226,12886,0.0,1,physics.bio-ph
9228,13495,0.0,1,physics.bio-ph
4790,13428,0.0,1,physics.bio-ph
5159,5161,0.0,1,physics.bio-ph
317,639,0.0,1,physics.bio-ph
12278,12279,3.0742817879602824,1,physics.bio-ph
96,1316,0.45511961331341866,1,physics.bio-ph
165,2704,0.9102392266268373,1,physics.bio-ph
10794,10795,0.0,1,physics.bio-ph
522,13013,2.0998056536604994,1,physics.bio-ph
415,416,1.4426950408889634,1,physics.bio-ph
11848,13518,0.0,1,physics.bio-ph
19,412,0.0,1,physics.bio-ph
300,958,0.0,1,physics.bio-ph
11240,11239,0.0,1,physics.bio-ph
2393,5866,0.4170323914242463,1,physics.bio-ph
684,2437,0.0,1,physics.bio-ph
44,260,0.6116321848174949,1,physics.bio-ph
684,1019,0.6213349345596119,1,physics.bio-ph
1698,1871,0.6213349345596119,1,physics.bio-ph
3846,5982,1.8193624989822952,1,physics.bio-ph
527,12735,0.0,1,physics.bio-ph
610,613,0.7213475204444817,1,physics.bio-ph
290,13343,1.4426950408889634,1,physics.bio-ph
730,38,1.279458146995729,1,physics.bio-ph
199,1226,0.0,1,physics.bio-ph
1668,6037,0.8687780938310532,1,physics.bio-ph
1323,13098,0.7213475204444817,1,physics.bio-ph
36,12760,0.43429448190325176,1,physics.bio-ph
209,6782,0.7213475204444817,1,physics.bio-ph
1810,12336,0.0,1,physics.bio-ph
1711,2754,0.0,1,physics.bio-ph
1096,1098,0.7213475204444817,1,physics.bio-ph
1328,12890,1.8204784532536746,1,physics.bio-ph
2336,2338,0.6213349345596119,1,physics.bio-ph
12971,12974,0.0,1,physics.bio-ph
153,8272,0.5581106265512472,1,physics.bio-ph
527,4743,0.0,1,physics.bio-ph
360,12744,0.6213349345596119,1,physics.bio-ph
159,13283,0.0,1,physics.bio-ph
3034,3036,1.424137568996588,1,physics.bio-ph
754,755,0.0,1,physics.bio-ph
54,5208,0.0,1,physics.bio-ph
2011,12542,0.7578099350519243,1,physics.bio-ph
1814,5401,1.4426950408889634,1,physics.bio-ph
468,125,1.1237771248263264,1,physics.bio-ph
72,4606,1.631586747071319,1,physics.bio-ph
338,2964,0.43429448190325176,1,physics.bio-ph
3704,3705,0.0,1,physics.bio-ph
901,3131,0.7386981053647521,1,physics.bio-ph
1617,2632,2.4787288353504504,1,physics.bio-ph
288,289,0.0,1,physics.bio-ph
975,13194,0.0,1,physics.bio-ph
557,2907,1.1112187656957617,1,physics.bio-ph
3454,5174,0.0,1,physics.bio-ph
2196,10582,0.9479818718025272,1,physics.bio-ph
1459,1461,0.9102392266268373,1,physics.bio-ph
9171,9172,0.6213349345596119,1,physics.bio-ph
785,5207,0.0,1,physics.bio-ph
12621,1297,0.48089834696298783,1,physics.bio-ph
147,148,0.9102392266268373,1,physics.bio-ph
822,826,2.3072548317352304,1,physics.bio-ph
2965,2966,0.5581106265512472,1,physics.bio-ph
12619,12620,1.2022458674074694,1,physics.bio-ph
9615,9616,0.0,1,physics.bio-ph
4582,13260,0.0,1,physics.bio-ph
272,273,0.3396232718951086,1,physics.bio-ph
1387,1388,1.4426950408889634,1,physics.bio-ph
666,1442,0.7566556633193549,1,physics.bio-ph
1779,12731,0.9102392266268373,1,physics.bio-ph
543,4515,1.1764671337579005,1,physics.bio-ph
13122,13123,1.8204784532536746,1,physics.bio-ph
5011,12279,0.7213475204444817,1,physics.bio-ph
54,899,1.2644433478432715,1,physics.bio-ph
1256,1258,1.5365277634258514,1,physics.bio-ph
10687,10694,2.2956668142133534,1,physics.bio-ph
13076,13077,0.0,1,physics.bio-ph
1799,1800,1.1162212531024944,1,physics.bio-ph
2323,2325,1.4426950408889634,1,physics.bio-ph
2411,12782,0.0,1,physics.bio-ph
263,3537,1.8204784532536746,1,physics.bio-ph
37,12411,0.7213475204444817,1,physics.bio-ph
13135,13369,0.0,1,physics.bio-ph
12574,12576,1.4426950408889634,1,physics.bio-ph
1066,6997,0.8979307383872341,1,physics.bio-ph
1968,10302,1.8204784532536746,1,physics.bio-ph
1076,12788,0.43429448190325176,1,physics.bio-ph
2439,6374,0.9102392266268373,1,physics.bio-ph
578,13142,0.2835784920513334,1,physics.bio-ph
14348,14350,2.685364910008187,1,physics.bio-ph
1393,3042,0.0,1,physics.bio-ph
209,572,1.000258116249563,1,physics.bio-ph
108,1289,0.0,1,physics.bio-ph
12621,13030,0.5138983423697507,1,physics.bio-ph
1543,1545,5.238324349293728,1,physics.bio-ph
218,6254,0.7520938176867887,1,physics.bio-ph
881,929,0.48089834696298783,1,physics.bio-ph
12441,12442,0.0,1,physics.bio-ph
766,2336,1.179445561110859,1,physics.bio-ph
1654,13029,0.0,1,physics.bio-ph
1529,1530,1.4426950408889634,1,physics.bio-ph
3848,9671,2.8873393221052486,1,physics.bio-ph
2531,2533,0.7213475204444817,1,physics.bio-ph
3940,10517,2.164042561333445,1,physics.bio-ph
865,1350,0.9102392266268373,1,physics.bio-ph
8020,9652,0.6213349345596119,1,physics.bio-ph
466,465,0.0,1,physics.bio-ph
481,6624,0.0,1,physics.bio-ph
1156,1157,1.4426950408889634,1,physics.bio-ph
588,975,0.5581106265512472,1,physics.bio-ph
453,12389,0.0,1,physics.bio-ph
12318,12317,1.2631953504915985,1,physics.bio-ph
13135,3876,0.0,1,physics.bio-ph
219,4663,1.9605728938826479,1,physics.bio-ph
1798,1801,3.4323672427417904,1,physics.bio-ph
4086,5208,0.48089834696298783,1,physics.bio-ph
730,1738,1.279458146995729,1,physics.bio-ph
5427,13395,1.4426950408889634,1,physics.bio-ph
1389,4215,0.8513268733274981,1,physics.bio-ph
317,12492,0.6213349345596119,1,physics.bio-ph
2824,2825,0.6213349345596119,1,physics.bio-ph
1098,6307,1.8204784532536746,1,physics.bio-ph
8947,8948,0.4170323914242463,1,physics.bio-ph
3763,3776,1.6977894824326425,1,physics.bio-ph
159,506,0.9102392266268373,1,physics.bio-ph
1771,1537,1.3426824550040934,1,physics.bio-ph
490,13334,0.6213349345596119,1,physics.bio-ph
718,4090,1.4426950408889634,1,physics.bio-ph
8189,8190,0.9102392266268373,1,physics.bio-ph
799,1696,1.4426950408889634,1,physics.bio-ph
804,7823,0.43429448190325176,1,physics.bio-ph
322,562,0.0,1,physics.bio-ph
2350,10448,0.5138983423697507,1,physics.bio-ph
412,1034,0.9102392266268373,1,physics.bio-ph
124,8135,1.4426950408889634,1,physics.bio-ph
1350,12841,1.8204784532536746,1,physics.bio-ph
3760,3767,1.481156463212551,1,physics.bio-ph
12276,12277,1.631586747071319,1,physics.bio-ph
1019,9813,0.6213349345596119,1,physics.bio-ph
13,730,1.4426950408889634,1,physics.bio-ph
40,2516,0.0,1,physics.bio-ph
13193,13194,0.0,1,physics.bio-ph
12395,12396,0.5581106265512472,1,physics.bio-ph
6276,12961,1.788671297150157,1,physics.bio-ph
553,12440,0.0,1,physics.bio-ph
2488,8672,0.0,1,physics.bio-ph
2827,12076,0.8833279513448324,1,physics.bio-ph
219,898,1.447809669398253,1,physics.bio-ph
542,4215,0.7213475204444817,1,physics.bio-ph
1930,12396,0.0,1,physics.bio-ph
1213,3788,2.1454850894410695,1,physics.bio-ph
4361,4363,3.074281787960283,1,physics.bio-ph
5160,1967,2.133663653448601,1,physics.bio-ph
795,10448,1.424137568996588,1,physics.bio-ph
7943,3763,0.8328273312735517,1,physics.bio-ph
10510,10511,0.0,1,physics.bio-ph
12268,13624,0.0,1,physics.bio-ph
13114,13116,0.6625016737412845,1,physics.bio-ph
5662,9544,2.0640299754485754,1,physics.bio-ph
730,745,0.0,1,physics.bio-ph
12094,12095,2.8853900817779268,1,physics.bio-ph
592,11744,2.173434577118436,1,physics.bio-ph
562,566,0.0,1,physics.bio-ph
13113,13116,0.8132176635932029,1,physics.bio-ph
12076,12079,2.162786098340561,1,physics.bio-ph
1035,3456,0.0,1,physics.bio-ph
5603,5604,0.9102392266268373,1,physics.bio-ph
684,12754,1.4426950408889634,1,physics.bio-ph
577,860,0.40242960438184466,1,physics.bio-ph
13278,13083,0.0,1,physics.bio-ph
68,4395,0.5581106265512472,1,physics.bio-ph
2004,5427,1.8204784532536746,1,physics.bio-ph
1304,2841,0.5581106265512472,1,physics.bio-ph
12731,12732,0.9102392266268373,1,physics.bio-ph
1108,4377,1.3426824550040934,1,physics.bio-ph
929,11547,0.7213475204444817,1,physics.bio-ph
1263,1967,0.0,1,physics.bio-ph
7224,7225,0.48089834696298783,1,physics.bio-ph
716,1204,0.48089834696298783,1,physics.bio-ph
1758,6423,0.0,1,physics.bio-ph
269,624,0.9481928242730024,1,physics.bio-ph
263,12965,0.8979307383872341,1,physics.bio-ph
1378,3494,0.7213475204444817,1,physics.bio-ph
1656,1657,0.0,1,physics.bio-ph
252,382,1.5964779525351054,1,physics.bio-ph
2179,12567,1.4426950408889634,1,physics.bio-ph
668,3037,0.5581106265512472,1,physics.bio-ph
8823,11071,2.963517843348286,1,physics.bio-ph
730,12516,0.7213475204444817,1,physics.bio-ph
1743,12760,0.43429448190325176,1,physics.bio-ph
6840,9026,1.9640173895637054,1,physics.bio-ph
636,7035,0.0,1,physics.bio-ph
96,99,1.5775130923189604,1,physics.bio-ph
2748,12819,0.3898712452512801,1,physics.bio-ph
740,741,0.7213475204444817,1,physics.bio-ph
1269,1272,0.7213475204444817,1,physics.bio-ph
36,1743,0.43429448190325176,1,physics.bio-ph
494,2778,0.4170323914242463,1,physics.bio-ph
2985,2987,0.6213349345596119,1,physics.bio-ph
5196,7459,0.43429448190325176,1,physics.bio-ph
898,2171,1.0453800650164085,1,physics.bio-ph
13,12614,1.1352332769293625,1,physics.bio-ph
12900,12901,1.4426950408889634,1,physics.bio-ph
2725,2022,0.9370338082411984,1,physics.bio-ph
1636,13369,0.0,1,physics.bio-ph
13,3515,3.3992884241476773,1,physics.bio-ph
795,6797,0.739596941912192,1,physics.bio-ph
8430,8432,0.0,1,physics.bio-ph
12930,12932,2.164042561333445,1,physics.bio-ph
1257,1258,1.0556294164628637,1,physics.bio-ph
3137,3139,1.8204784532536746,1,physics.bio-ph
13164,13165,0.0,1,physics.bio-ph
270,5208,0.48089834696298783,1,physics.bio-ph
5871,8357,1.2426698691192237,1,physics.bio-ph
2238,2240,0.7213475204444817,1,physics.bio-ph
66,641,0.6213349345596119,1,physics.bio-ph
812,126,0.6213349345596119,1,physics.bio-ph
7012,7925,0.5581106265512472,1,physics.bio-ph
158,7150,0.0,1,physics.bio-ph
1308,12349,0.0,1,physics.bio-ph
13321,13324,1.631586747071319,1,physics.bio-ph
9228,13496,0.9102392266268373,1,physics.bio-ph
1698,1869,0.6213349345596119,1,physics.bio-ph
583,617,0.4170323914242463,1,physics.bio-ph
1611,6797,1.0820212806667224,1,physics.bio-ph
3783,13844,0.9102392266268373,1,physics.bio-ph
901,13142,0.2835784920513334,1,physics.bio-ph
446,12412,1.4426950408889634,1,physics.bio-ph
514,5041,1.270912986849078,1,physics.bio-ph
1611,1370,3.16872764105146,1,physics.bio-ph
12604,13365,0.0,1,physics.bio-ph
37,1743,0.43429448190325176,1,physics.bio-ph
386,1191,0.43429448190325176,1,physics.bio-ph
12399,13538,0.0,1,physics.bio-ph
12697,13043,0.35295612386476116,1,physics.bio-ph
2742,1751,0.7213475204444817,1,physics.bio-ph
44,1414,0.0,1,physics.bio-ph
1203,1291,0.0,1,physics.bio-ph
12555,12557,1.179445561110859,1,physics.bio-ph
41,1005,0.9102392266268373,1,physics.bio-ph
12598,12599,0.0,1,physics.bio-ph
955,976,0.5138983423697507,1,physics.bio-ph
153,765,0.0,1,physics.bio-ph
1079,1081,0.6213349345596119,1,physics.bio-ph
481,6625,0.0,1,physics.bio-ph
13267,13268,0.0,1,physics.bio-ph
10448,12150,0.0,1,physics.bio-ph
12314,12578,0.5581106265512472,1,physics.bio-ph
114,453,0.0,1,physics.bio-ph
5160,5159,0.0,1,physics.bio-ph
12268,13625,0.0,1,physics.bio-ph
9184,9185,0.43429448190325176,1,physics.bio-ph
114,812,1.1022332815225997,1,physics.bio-ph
944,13077,1.4426950408889634,1,physics.bio-ph
12409,13558,0.0,1,physics.bio-ph
1308,2196,1.5505157350057461,1,physics.bio-ph
809,2873,0.43429448190325176,1,physics.bio-ph
1797,1799,0.5581106265512472,1,physics.bio-ph
7624,12724,0.7213475204444817,1,physics.bio-ph
742,743,0.7213475204444817,1,physics.bio-ph
7943,4479,0.5138983423697507,1,physics.bio-ph
442,443,0.0,1,physics.bio-ph
96,978,1.7345777603091477,1,physics.bio-ph
363,6613,0.0,1,physics.bio-ph
2600,7539,0.0,1,physics.bio-ph
3057,12931,0.7213475204444817,1,physics.bio-ph
3779,4376,0.4170323914242463,1,physics.bio-ph
1407,3348,1.5897776840542088,1,physics.bio-ph
12643,13561,0.43429448190325176,1,physics.bio-ph
152,1175,0.0,1,physics.bio-ph
1045,1044,0.0,1,physics.bio-ph
13405,13408,0.7213475204444817,1,physics.bio-ph
432,3492,0.0,1,physics.bio-ph
12363,12364,0.0,1,physics.bio-ph
1712,1107,0.0,1,physics.bio-ph
1374,1375,0.0,1,physics.bio-ph
1098,7563,2.8594874267679096,1,physics.bio-ph
4375,4376,0.43429448190325176,1,physics.bio-ph
3056,12357,0.0,1,physics.bio-ph
54,4989,0.750545005473521,1,physics.bio-ph
13489,13490,0.7213475204444817,1,physics.bio-ph
12331,12332,0.5581106265512472,1,physics.bio-ph
5394,7768,0.7213475204444817,1,physics.bio-ph
890,1444,1.0906168935133367,1,physics.bio-ph
9169,9171,0.6213349345596119,1,physics.bio-ph
14351,14352,2.685364910008187,1,physics.bio-ph
551,578,0.2835784920513334,1,physics.bio-ph
413,414,1.4426950408889634,1,physics.bio-ph
13008,13010,0.0,1,physics.bio-ph
2725,2722,0.7213475204444817,1,physics.bio-ph
44,515,1.3426824550040934,1,physics.bio-ph
45,46,0.45511961331341866,1,physics.bio-ph
5198,13351,1.7565682114889745,1,physics.bio-ph
578,1572,1.5199073204772229,1,physics.bio-ph
1698,13129,2.541825973698156,1,physics.bio-ph
9671,10374,3.60868684254973,1,physics.bio-ph
1468,12845,1.8204784532536746,1,physics.bio-ph
1047,13352,1.5554123032929743,1,physics.bio-ph
257,258,0.5138983423697507,1,physics.bio-ph
610,611,0.7213475204444817,1,physics.bio-ph
2690,2691,1.4426950408889634,1,physics.bio-ph
13190,13872,0.0,1,physics.bio-ph
257,3311,0.9102392266268373,1,physics.bio-ph
7155,10103,0.9102392266268373,1,physics.bio-ph
1712,13032,0.0,1,physics.bio-ph
11065,11066,3.372033591601969,1,physics.bio-ph
3839,12444,0.7213475204444817,1,physics.bio-ph
10686,10688,1.179445561110859,1,physics.bio-ph
215,1328,0.0,1,physics.bio-ph
218,1711,1.3789954850400927,1,physics.bio-ph
218,684,0.8550848309246173,1,physics.bio-ph
2531,2532,0.7213475204444817,1,physics.bio-ph
12599,12600,0.0,1,physics.bio-ph
90,231,2.8853900817779268,1,physics.bio-ph
17,8891,1.4426950408889634,1,physics.bio-ph
772,9401,0.0,1,physics.bio-ph
3999,4240,0.5581106265512472,1,physics.bio-ph
599,1185,2.2956668142133534,1,physics.bio-ph
41,13082,0.9102392266268373,1,physics.bio-ph
13347,13349,2.414691423925092,1,physics.bio-ph
557,2908,1.4426950408889634,1,physics.bio-ph
100,98,0.7213475204444817,1,physics.bio-ph
985,13292,0.7213475204444817,1,physics.bio-ph
1707,2062,0.5581106265512472,1,physics.bio-ph
159,12612,0.9102392266268373,1,physics.bio-ph
256,3311,0.43429448190325176,1,physics.bio-ph
2350,10447,0.9947966893327386,1,physics.bio-ph
5380,5382,0.0,1,physics.bio-ph
1297,12622,0.0,1,physics.bio-ph
7771,7772,1.631586747071319,1,physics.bio-ph
9882,9884,1.1162212531024944,1,physics.bio-ph
2621,9587,1.2426698691192237,1,physics.bio-ph
12450,12649,1.4683498531780845,1,physics.bio-ph
47,208,0.40242960438184466,1,physics.bio-ph
2739,12949,0.0,1,physics.bio-ph
13505,13506,0.48089834696298783,1,physics.bio-ph
12183,12896,0.0,1,physics.bio-ph
2340,2338,1.8565807973738442,1,physics.bio-ph
13696,13698,1.4426950408889634,1,physics.bio-ph
5655,9743,0.7213475204444817,1,physics.bio-ph
1073,5336,0.6213349345596119,1,physics.bio-ph
412,420,0.7213475204444817,1,physics.bio-ph
12303,12616,0.3898712452512801,1,physics.bio-ph
83,13048,2.8853900817779268,1,physics.bio-ph
955,711,1.279458146995729,1,physics.bio-ph
2467,2468,0.0,1,physics.bio-ph
12359,13472,2.8853900817779268,1,physics.bio-ph
4265,6044,1.2352458628142324,1,physics.bio-ph
1323,13176,0.9102392266268373,1,physics.bio-ph
12842,12843,0.0,1,physics.bio-ph
13604,13605,0.45511961331341866,1,physics.bio-ph
3839,12445,0.7213475204444817,1,physics.bio-ph
360,363,6.23744269621805,1,physics.bio-ph
9884,9886,1.2426698691192237,1,physics.bio-ph
165,2705,0.9102392266268373,1,physics.bio-ph
9612,12791,0.9102392266268373,1,physics.bio-ph
812,124,1.4426950408889634,1,physics.bio-ph
617,14044,0.4170323914242463,1,physics.bio-ph
502,1115,0.0,1,physics.bio-ph
2058,5120,0.7213475204444817,1,physics.bio-ph
12077,12080,1.3384475646582512,1,physics.bio-ph
300,481,0.0,1,physics.bio-ph
490,12705,0.6213349345596119,1,physics.bio-ph
317,12448,1.9007930815553409,1,physics.bio-ph
975,1000,1.9007930815553409,1,physics.bio-ph
955,977,0.5138983423697507,1,physics.bio-ph
2058,2747,3.1274937842229225,1,physics.bio-ph
3870,3871,0.0,1,physics.bio-ph
12495,12496,0.6213349345596119,1,physics.bio-ph
3033,3035,1.424137568996588,1,physics.bio-ph
2987,2991,1.3426824550040934,1,physics.bio-ph
1654,13622,1.344533708530089,1,physics.bio-ph
1459,1460,0.0,1,physics.bio-ph
591,11745,1.312668831008682,1,physics.bio-ph
2748,2747,2.331883779188668,1,physics.bio-ph
12706,490,0.0,1,physics.bio-ph
1012,1013,0.9102392266268373,1,physics.bio-ph
2747,5121,0.9102392266268373,1,physics.bio-ph
2985,2988,0.6213349345596119,1,physics.bio-ph
13046,13047,2.0008056674402104,1,physics.bio-ph
7561,7563,1.039008973514235,1,physics.bio-ph
5383,5384,0.3789231816899512,1,physics.bio-ph
665,2710,1.249862498521946,1,physics.bio-ph
1939,1940,0.0,1,physics.bio-ph
192,193,3.263173494142638,1,physics.bio-ph
578,397,0.2835784920513334,1,physics.bio-ph
1540,12955,0.9617966939259757,1,physics.bio-ph
10687,10690,2.2956668142133534,1,physics.bio-ph
54,219,1.9506517280505078,1,physics.bio-ph
3925,12450,1.4426950408889634,1,physics.bio-ph
1047,1046,1.4426950408889634,1,physics.bio-ph
881,13012,0.5581106265512472,1,physics.bio-ph
1150,6624,0.9448503877082843,1,physics.bio-ph
13264,13265,0.9820086947818527,1,physics.bio-ph
154,12534,0.0,1,physics.bio-ph
1293,1295,0.7213475204444817,1,physics.bio-ph
3848,5982,0.7915658142427937,1,physics.bio-ph
1498,1499,0.0,1,physics.bio-ph
1764,12677,0.0,1,physics.bio-ph
1543,4461,0.0,1,physics.bio-ph
167,1617,0.5138983423697507,1,physics.bio-ph
12704,13258,1.4426950408889634,1,physics.bio-ph
2230,2829,1.1352332769293625,1,physics.bio-ph
363,12608,0.6213349345596119,1,physics.bio-ph
468,933,0.6213349345596119,1,physics.bio-ph
1293,1296,1.279458146995729,1,physics.bio-ph
1414,12682,0.48089834696298783,1,physics.bio-ph
12343,12344,0.0,1,physics.bio-ph
229,12610,0.8668544662345119,1,physics.bio-ph
371,1628,1.4426950408889634,1,physics.bio-ph
73,625,0.9102392266268373,1,physics.bio-ph
515,1418,0.0,1,physics.bio-ph
3228,4887,1.344533708530089,1,physics.bio-ph
12081,12074,1.4756950362957264,1,physics.bio-ph
4547,8823,3.001605065237458,1,physics.bio-ph
976,2169,0.0,1,physics.bio-ph
1076,683,0.0,1,physics.bio-ph
3836,7092,0.3789231816899512,1,physics.bio-ph
765,763,0.0,1,physics.bio-ph
2394,13612,0.0,1,physics.bio-ph
4362,4363,3.7956293084047643,1,physics.bio-ph
382,4290,1.4426950408889634,1,physics.bio-ph
1711,1712,0.5138983423697507,1,physics.bio-ph
394,550,0.0,1,physics.bio-ph
297,2242,0.43429448190325176,1,physics.bio-ph
5393,5395,0.0,1,physics.bio-ph
12604,13364,1.4426950408889634,1,physics.bio-ph
481,1150,0.7532234708070528,1,physics.bio-ph
526,528,1.391137573589825,1,physics.bio-ph
6341,6344,1.4426950408889634,1,physics.bio-ph
730,12392,0.9102392266268373,1,physics.bio-ph
1996,3848,2.1814469248397352,1,physics.bio-ph
4361,12428,0.7213475204444817,1,physics.bio-ph
13989,13990,0.0,1,physics.bio-ph
1660,4763,0.0,1,physics.bio-ph
1543,12855,0.0,1,physics.bio-ph
1360,1359,0.0,1,physics.bio-ph
618,3572,0.9102392266268373,1,physics.bio-ph
2022,2966,0.5581106265512472,1,physics.bio-ph
2488,8671,0.0,1,physics.bio-ph
36,37,0.43429448190325176,1,physics.bio-ph
6397,6398,1.631586747071319,1,physics.bio-ph
3075,3076,1.4426950408889634,1,physics.bio-ph
13623,13624,0.0,1,physics.bio-ph
408,1460,0.7213475204444817,1,physics.bio-ph
1711,3618,2.252921681630931,1,physics.bio-ph
360,5757,1.4426950408889634,1,physics.bio-ph
412,13283,0.0,1,physics.bio-ph
2772,11094,2.3332608413520464,1,physics.bio-ph
684,1660,0.0,1,physics.bio-ph
980,981,1.4426950408889634,1,physics.bio-ph
992,8177,1.8204784532536746,1,physics.bio-ph
41,1385,1.1863882995900403,1,physics.bio-ph
218,2172,0.2969742043733701,1,physics.bio-ph
297,3821,0.43429448190325176,1,physics.bio-ph
1073,5934,0.0,1,physics.bio-ph
6006,9508,0.7213475204444817,1,physics.bio-ph
1108,5081,0.9102392266268373,1,physics.bio-ph
729,7823,0.43429448190325176,1,physics.bio-ph
6439,7959,1.3426824550040934,1,physics.bio-ph
881,12458,0.0,1,physics.bio-ph
3699,1765,0.4170323914242463,1,physics.bio-ph
13451,13453,1.631586747071319,1,physics.bio-ph
13189,13190,0.4170323914242463,1,physics.bio-ph
3646,5849,1.4426950408889634,1,physics.bio-ph
3128,3127,0.0,1,physics.bio-ph
395,1861,0.5138983423697507,1,physics.bio-ph
13304,13306,0.9102392266268373,1,physics.bio-ph
10764,12080,1.5046628859044442,1,physics.bio-ph
6439,7960,1.3426824550040934,1,physics.bio-ph
1045,1315,0.36067376022224085,1,physics.bio-ph
2242,3967,0.8979307383872341,1,physics.bio-ph
1699,13098,0.0,1,physics.bio-ph
1308,7113,0.739596941912192,1,physics.bio-ph
2059,2746,1.5271285822344165,1,physics.bio-ph
269,3828,0.9102392266268373,1,physics.bio-ph
11436,13987,0.48089834696298783,1,physics.bio-ph
1228,1227,1.4426950408889634,1,physics.bio-ph
220,1115,0.0,1,physics.bio-ph
12899,12902,1.4426950408889634,1,physics.bio-ph
591,6551,1.170255862231299,1,physics.bio-ph
2801,1399,0.0,1,physics.bio-ph
12385,12386,2.0640299754485754,1,physics.bio-ph
1948,13194,0.0,1,physics.bio-ph
2964,9937,1.631586747071319,1,physics.bio-ph
1577,12420,1.4426950408889634,1,physics.bio-ph
733,948,0.0,1,physics.bio-ph
14,715,0.2835784920513334,1,physics.bio-ph
684,12606,0.0,1,physics.bio-ph
270,5196,1.3554704495549794,1,physics.bio-ph
6137,13292,1.1383799118687281,1,physics.bio-ph
370,12714,0.0,1,physics.bio-ph
422,577,0.0,1,physics.bio-ph
13489,13491,0.7213475204444817,1,physics.bio-ph
1444,3159,0.7213475204444817,1,physics.bio-ph
2896,12555,1.179445561110859,1,physics.bio-ph
8751,8755,2.352934267515801,1,physics.bio-ph
123,12382,0.0,1,physics.bio-ph
4923,13350,0.5581106265512472,1,physics.bio-ph
506,1291,1.8325662861402434,1,physics.bio-ph
7773,7771,0.7213475204444817,1,physics.bio-ph
68,641,0.6213349345596119,1,physics.bio-ph
13593,13594,0.6213349345596119,1,physics.bio-ph
822,825,3.3792638006562283,1,physics.bio-ph
395,577,0.6860080964331781,1,physics.bio-ph
260,4265,2.1454850894410695,1,physics.bio-ph
54,3750,0.9102392266268373,1,physics.bio-ph
2057,2746,1.5271285822344165,1,physics.bio-ph
13322,13325,0.7213475204444817,1,physics.bio-ph
555,13959,2.541825973698156,1,physics.bio-ph
191,194,1.8204784532536746,1,physics.bio-ph
5053,5054,1.4426950408889634,1,physics.bio-ph
8753,8754,2.352934267515801,1,physics.bio-ph
172,13277,2.0867063603847376,1,physics.bio-ph
1419,3995,0.0,1,physics.bio-ph
4569,4571,1.8153303531842502,1,physics.bio-ph
592,4094,2.505865219610822,1,physics.bio-ph
3556,3560,1.9775630033325127,1,physics.bio-ph
297,730,2.065881228974571,1,physics.bio-ph
172,874,4.43921902049343,1,physics.bio-ph
3057,12930,0.0,1,physics.bio-ph
13595,13596,0.0,1,physics.bio-ph
967,13043,0.5138983423697507,1,physics.bio-ph
522,524,2.0998056536604994,1,physics.bio-ph
2223,12881,1.424137568996588,1,physics.bio-ph
1001,6576,1.039008973514235,1,physics.bio-ph
865,1513,1.0906168935133367,1,physics.bio-ph
2986,2991,0.6213349345596119,1,physics.bio-ph
2725,2723,0.7213475204444817,1,physics.bio-ph
12701,12702,2.164042561333445,1,physics.bio-ph
684,3425,1.4426950408889634,1,physics.bio-ph
4578,4579,0.0,1,physics.bio-ph
12791,12793,0.9102392266268373,1,physics.bio-ph
492,493,0.48089834696298783,1,physics.bio-ph
159,12682,0.0,1,physics.bio-ph
8020,9653,0.6213349345596119,1,physics.bio-ph
124,1035,0.0,1,physics.bio-ph
2754,13373,0.6213349345596119,1,physics.bio-ph
8,9,1.631586747071319,1,physics.bio-ph
12818,2128,1.2152833433063521,1,physics.bio-ph
1613,418,0.7213475204444817,1,physics.bio-ph
553,12805,0.35295612386476116,1,physics.bio-ph
12733,12994,0.6213349345596119,1,physics.bio-ph
711,12795,0.0,1,physics.bio-ph
5011,12276,1.4426950408889634,1,physics.bio-ph
2041,4629,1.0098865286222742,1,physics.bio-ph
1968,3069,0.48089834696298783,1,physics.bio-ph
94,2748,0.3898712452512801,1,physics.bio-ph
8790,11953,0.0,1,physics.bio-ph
862,13209,1.690298358480786,1,physics.bio-ph
37,14006,2.398311871466957,1,physics.bio-ph
1576,13895,1.344533708530089,1,physics.bio-ph
149,1656,0.0,1,physics.bio-ph
258,259,0.5138983423697507,1,physics.bio-ph
1759,6376,0.0,1,physics.bio-ph
270,2746,1.013230239864666,1,physics.bio-ph
967,12401,1.3272716180510837,1,physics.bio-ph
12141,12414,1.631586747071319,1,physics.bio-ph
1699,13096,0.0,1,physics.bio-ph
13,448,1.7325537002553735,1,physics.bio-ph
1647,1117,0.4170323914242463,1,physics.bio-ph
578,862,3.7241040213277605,1,physics.bio-ph
2986,2988,1.531574161186449,1,physics.bio-ph
527,1934,0.0,1,physics.bio-ph
742,8422,0.5581106265512472,1,physics.bio-ph
5165,5167,1.4426950408889634,1,physics.bio-ph
6439,7961,0.6213349345596119,1,physics.bio-ph
2180,2182,1.923593387851951,1,physics.bio-ph
37,1076,1.1556420023477334,1,physics.bio-ph
20,3780,2.470491725628465,1,physics.bio-ph
730,6287,0.6213349345596119,1,physics.bio-ph
481,2169,0.6213349345596119,1,physics.bio-ph
6848,12642,0.43429448190325176,1,physics.bio-ph
1893,1371,0.0,1,physics.bio-ph
583,14044,1.3272716180510837,1,physics.bio-ph
8680,11436,0.48089834696298783,1,physics.bio-ph
6891,6893,1.4426950408889634,1,physics.bio-ph
578,13113,0.3789231816899512,1,physics.bio-ph
12074,12077,1.3972262937145832,1,physics.bio-ph
6439,6440,0.0,1,physics.bio-ph
10761,10762,0.8833279513448324,1,physics.bio-ph
1969,1971,0.9102392266268373,1,physics.bio-ph
39,2347,1.4426950408889634,1,physics.bio-ph
1097,9668,0.43429448190325176,1,physics.bio-ph
9615,11240,1.7565682114889745,1,physics.bio-ph
5198,14486,1.2426698691192237,1,physics.bio-ph
6673,11071,2.91691397828855,1,physics.bio-ph
4359,8657,0.48089834696298783,1,physics.bio-ph
479,804,1.5232119860960602,1,physics.bio-ph
1463,1797,2.4221154302300825,1,physics.bio-ph
1323,1869,1.3426824550040934,1,physics.bio-ph
2810,2811,1.4426950408889634,1,physics.bio-ph
1096,1097,1.631586747071319,1,physics.bio-ph
1488,13572,2.352934267515801,1,physics.bio-ph
7153,7155,1.8204784532536746,1,physics.bio-ph
12075,12079,2.410456533579249,1,physics.bio-ph
11240,11476,1.7565682114889745,1,physics.bio-ph
12376,12580,0.0,1,physics.bio-ph
350,1996,2.4622412768456337,1,physics.bio-ph
663,5781,0.9102392266268373,1,physics.bio-ph
711,2009,1.4426950408889634,1,physics.bio-ph
300,543,1.23375467977551,1,physics.bio-ph
2022,11395,0.5581106265512472,1,physics.bio-ph
5984,5985,2.0486191384955657,1,physics.bio-ph
4568,7891,1.2724641612057814,1,physics.bio-ph
1385,2171,0.6994038087552148,1,physics.bio-ph
269,479,0.0,1,physics.bio-ph
1214,13065,2.0008056674402104,1,physics.bio-ph
260,152,0.5138983423697507,1,physics.bio-ph
975,13302,1.8597274323132096,1,physics.bio-ph
2262,2263,0.0,1,physics.bio-ph
3783,13843,0.9102392266268373,1,physics.bio-ph
13,859,0.0,1,physics.bio-ph
201,2122,2.2810371951030817,1,physics.bio-ph
900,1427,0.0,1,physics.bio-ph
890,6423,0.0,1,physics.bio-ph
2236,3771,1.3426824550040934,1,physics.bio-ph
2725,6606,0.3789231816899512,1,physics.bio-ph
39,40,0.0,1,physics.bio-ph
8680,13987,1.391137573589825,1,physics.bio-ph
12825,12826,0.7213475204444817,1,physics.bio-ph
1916,1917,0.7213475204444817,1,physics.bio-ph
1971,1972,0.9102392266268373,1,physics.bio-ph
12075,12080,0.8575492176952633,1,physics.bio-ph
34,2657,0.0,1,physics.bio-ph
4681,7768,1.631586747071319,1,physics.bio-ph
7313,7314,0.8243889863822738,1,physics.bio-ph
2989,2990,2.541825973698156,1,physics.bio-ph
3874,4790,0.0,1,physics.bio-ph
207,208,0.40242960438184466,1,physics.bio-ph
2621,2622,0.6213349345596119,1,physics.bio-ph
317,2161,0.0,1,physics.bio-ph
859,1146,0.0,1,physics.bio-ph
9612,11478,3.5323798286266594,1,physics.bio-ph
111,6062,1.4426950408889634,1,physics.bio-ph
100,13234,0.7213475204444817,1,physics.bio-ph
5394,7769,1.3426824550040934,1,physics.bio-ph
666,667,1.8216182225789146,1,physics.bio-ph
468,5591,1.1237771248263264,1,physics.bio-ph
4113,7686,0.6213349345596119,1,physics.bio-ph
1370,4917,2.7776598595355777,1,physics.bio-ph
823,824,2.0998056536604994,1,physics.bio-ph
578,3348,1.5897776840542088,1,physics.bio-ph
1385,1383,1.2072134310002074,1,physics.bio-ph
9,11,0.7213475204444817,1,physics.bio-ph
743,1269,0.7213475204444817,1,physics.bio-ph
12436,13495,1.4426950408889634,1,physics.bio-ph
2380,8818,2.2742548363284674,1,physics.bio-ph
481,12372,0.0,1,physics.bio-ph
9583,9584,2.8853900817779268,1,physics.bio-ph
12757,13000,1.531574161186449,1,physics.bio-ph
1391,1393,0.0,1,physics.bio-ph
1385,12818,2.161494975397968,1,physics.bio-ph
345,346,1.4426950408889634,1,physics.bio-ph
12896,12897,0.0,1,physics.bio-ph
553,2503,0.9102392266268373,1,physics.bio-ph
13957,13958,2.4853397382384474,1,physics.bio-ph
554,12303,0.3898712452512801,1,physics.bio-ph
13322,13324,0.7213475204444817,1,physics.bio-ph
795,6171,0.739596941912192,1,physics.bio-ph
1308,4579,0.0,1,physics.bio-ph
2022,6088,3.378847196054485,1,physics.bio-ph
2376,2378,1.1162212531024944,1,physics.bio-ph
6006,9507,0.7213475204444817,1,physics.bio-ph
821,828,3.3350515164747314,1,physics.bio-ph
1405,1406,2.2547729351569266,1,physics.bio-ph
4361,13236,0.7213475204444817,1,physics.bio-ph
4361,8657,0.0,1,physics.bio-ph
339,12341,3.602869684618177,1,physics.bio-ph
10691,10692,1.6743318796537416,1,physics.bio-ph
745,13326,1.4426950408889634,1,physics.bio-ph
8824,11066,3.3720335916019684,1,physics.bio-ph
711,12879,2.1896973736225664,1,physics.bio-ph
860,4394,0.0,1,physics.bio-ph
132,13286,0.0,1,physics.bio-ph
900,1818,1.0906168935133367,1,physics.bio-ph
2619,2620,2.064029975448575,1,physics.bio-ph
218,41,1.1863882995900403,1,physics.bio-ph
166,167,0.0,1,physics.bio-ph
201,2532,0.7213475204444817,1,physics.bio-ph
1280,1279,1.800780495670471,1,physics.bio-ph
98,99,0.0,1,physics.bio-ph
54,2172,0.0,1,physics.bio-ph
9161,9162,1.1352332769293625,1,physics.bio-ph
618,3573,0.9102392266268373,1,physics.bio-ph
1462,2559,1.631586747071319,1,physics.bio-ph
1945,3716,0.0,1,physics.bio-ph
2237,2241,0.7213475204444817,1,physics.bio-ph
1279,13030,0.5138983423697507,1,physics.bio-ph
1371,2656,0.0,1,physics.bio-ph
5228,5229,1.3702873969069884,1,physics.bio-ph
950,952,1.4426950408889634,1,physics.bio-ph
41,4663,1.6672866465530283,1,physics.bio-ph
62,13276,1.1764671337579005,1,physics.bio-ph
12688,3301,0.0,1,physics.bio-ph
4089,1291,0.0,1,physics.bio-ph
424,9531,0.0,1,physics.bio-ph
4571,4572,1.8153303531842502,1,physics.bio-ph
827,828,1.0277966847395015,1,physics.bio-ph
12318,12610,0.35295612386476116,1,physics.bio-ph
45,1142,0.0,1,physics.bio-ph
1460,1462,1.631586747071319,1,physics.bio-ph
615,13056,1.4426950408889634,1,physics.bio-ph
3138,3140,0.9102392266268373,1,physics.bio-ph
1918,5017,0.9102392266268373,1,physics.bio-ph
12355,13505,0.0,1,physics.bio-ph
1751,13039,1.1556420023477334,1,physics.bio-ph
5892,5893,2.8853900817779268,1,physics.bio-ph
1035,1073,0.0,1,physics.bio-ph
4680,7769,2.252921681630931,1,physics.bio-ph
2235,12788,0.7312686862766218,1,physics.bio-ph
9165,9166,2.314678838040222,1,physics.bio-ph
1232,1233,0.9102392266268373,1,physics.bio-ph
5600,12822,1.4426950408889634,1,physics.bio-ph
6343,6344,1.4426950408889634,1,physics.bio-ph
8823,11064,1.6277295821266387,1,physics.bio-ph
8430,8431,0.0,1,physics.bio-ph
91,201,0.4170323914242463,1,physics.bio-ph
5702,5703,1.4426950408889634,1,physics.bio-ph
13449,13450,1.631586747071319,1,physics.bio-ph
12667,12668,0.0,1,physics.bio-ph
1098,7561,1.039008973514235,1,physics.bio-ph
2772,3846,2.3332608413520464,1,physics.bio-ph
665,1442,0.7566556633193549,1,physics.bio-ph
4685,5379,0.0,1,physics.bio-ph
260,1309,0.33380820069533407,1,physics.bio-ph
684,481,0.0,1,physics.bio-ph
172,422,0.0,1,physics.bio-ph
9162,9163,1.1352332769293625,1,physics.bio-ph
1543,2275,0.9102392266268373,1,physics.bio-ph
1893,2656,0.3898712452512801,1,physics.bio-ph
2058,2196,1.179445561110859,1,physics.bio-ph
900,12975,0.0,1,physics.bio-ph
12364,12365,1.4426950408889634,1,physics.bio-ph
6673,11064,2.0620240640298904,1,physics.bio-ph
1892,10582,0.9479818718025272,1,physics.bio-ph
2041,5983,2.252921681630931,1,physics.bio-ph
2007,8768,1.279458146995729,1,physics.bio-ph
774,1374,0.0,1,physics.bio-ph
2297,13029,0.0,1,physics.bio-ph
4095,4096,1.7451120593859382,1,physics.bio-ph
3057,12934,0.7213475204444817,1,physics.bio-ph
942,943,1.4426950408889634,1,physics.bio-ph
260,481,0.0,1,physics.bio-ph
4290,10794,0.0,1,physics.bio-ph
263,12872,0.8979307383872341,1,physics.bio-ph
1613,13166,0.0,1,physics.bio-ph
2377,6188,1.5971196000654821,1,physics.bio-ph
3699,6299,0.705571399602039,1,physics.bio-ph
3044,5395,0.6213349345596119,1,physics.bio-ph
5379,5382,0.0,1,physics.bio-ph
985,13119,0.0,1,physics.bio-ph
297,296,0.0,1,physics.bio-ph
3035,3036,0.5138983423697507,1,physics.bio-ph
1378,1380,1.631586747071319,1,physics.bio-ph
397,5535,0.0,1,physics.bio-ph
13008,13009,0.0,1,physics.bio-ph
1892,1116,1.9192945028739417,1,physics.bio-ph
578,4394,0.6625016737412845,1,physics.bio-ph
420,6099,0.7213475204444817,1,physics.bio-ph
889,1001,1.179445561110859,1,physics.bio-ph
3558,3557,2.541825973698156,1,physics.bio-ph
209,211,1.3426824550040934,1,physics.bio-ph
260,4840,0.5581106265512472,1,physics.bio-ph
1419,1420,1.4426950408889634,1,physics.bio-ph
866,1141,1.1556420023477334,1,physics.bio-ph
1799,1802,1.1162212531024944,1,physics.bio-ph
2377,8817,1.660343908073847,1,physics.bio-ph
46,300,0.32351545314867247,1,physics.bio-ph
201,2533,0.7213475204444817,1,physics.bio-ph
51,4989,0.750545005473521,1,physics.bio-ph
4589,12467,0.0,1,physics.bio-ph
987,988,0.0,1,physics.bio-ph
1547,1912,1.631586747071319,1,physics.bio-ph
2138,2140,2.164042561333445,1,physics.bio-ph
19,159,0.0,1,physics.bio-ph
453,13498,0.9102392266268373,1,physics.bio-ph
4882,6006,0.7213475204444817,1,physics.bio-ph
11093,11095,2.3002608459452834,1,physics.bio-ph
1011,1012,0.9102392266268373,1,physics.bio-ph
127,13188,0.8340647828484926,1,physics.bio-ph
80,12545,0.9102392266268373,1,physics.bio-ph
13162,13290,0.9102392266268373,1,physics.bio-ph
7092,7228,0.3789231816899512,1,physics.bio-ph
1682,3192,0.0,1,physics.bio-ph
39,1759,0.0,1,physics.bio-ph
5603,5605,0.9102392266268373,1,physics.bio-ph
1886,13419,1.3426824550040934,1,physics.bio-ph
60,2335,0.7213475204444817,1,physics.bio-ph
12482,13571,2.8853900817779268,1,physics.bio-ph
2488,8673,0.0,1,physics.bio-ph
5381,5382,1.4426950408889634,1,physics.bio-ph
668,9999,0.0,1,physics.bio-ph
264,265,0.0,1,physics.bio-ph
3763,3766,0.45511961331341866,1,physics.bio-ph
807,5150,1.660343908073847,1,physics.bio-ph
47,3829,1.4426950408889634,1,physics.bio-ph
683,2441,0.0,1,physics.bio-ph
730,37,3.0999366002494035,1,physics.bio-ph
260,1045,1.3296917159054102,1,physics.bio-ph
12392,12516,0.2969742043733701,1,physics.bio-ph
1270,1271,2.164042561333445,1,physics.bio-ph
1161,1257,1.7769769369073454,1,physics.bio-ph
2350,5621,0.5138983423697507,1,physics.bio-ph
1763,12419,1.4426950408889634,1,physics.bio-ph
12542,12959,0.43429448190325176,1,physics.bio-ph
4066,10450,1.631586747071319,1,physics.bio-ph
469,8864,0.0,1,physics.bio-ph
12690,12692,0.7213475204444817,1,physics.bio-ph
2772,11095,1.8193624989822952,1,physics.bio-ph
13117,13118,0.0,1,physics.bio-ph
1360,1291,0.0,1,physics.bio-ph
615,4649,0.0,1,physics.bio-ph
2019,2023,0.0,1,physics.bio-ph
4840,5621,0.0,1,physics.bio-ph
6477,6476,1.4426950408889634,1,physics.bio-ph
615,13092,0.7213475204444817,1,physics.bio-ph
279,3076,1.4426950408889634,1,physics.bio-ph
2211,2212,0.0,1,physics.bio-ph
1896,2292,0.9102392266268373,1,physics.bio-ph
9881,9882,2.3956794000982233,1,physics.bio-ph
269,4689,0.0,1,physics.bio-ph
12465,2011,0.9102392266268373,1,physics.bio-ph
10689,10693,2.9170017487729654,1,physics.bio-ph
363,12744,0.6213349345596119,1,physics.bio-ph
615,12733,2.541825973698156,1,physics.bio-ph
9813,9815,0.9102392266268373,1,physics.bio-ph
527,2706,0.0,1,physics.bio-ph
218,12542,0.0,1,physics.bio-ph
7925,7926,0.5581106265512472,1,physics.bio-ph
10764,12074,1.3642262983078202,1,physics.bio-ph
2041,2208,0.28853900817779266,1,physics.bio-ph
13349,14486,1.2426698691192237,1,physics.bio-ph
41,219,1.2121670332396097,1,physics.bio-ph
269,729,2.9990067037059296,1,physics.bio-ph
218,859,0.3396232718951086,1,physics.bio-ph
1313,815,0.4170323914242463,1,physics.bio-ph
9164,9165,2.314678838040222,1,physics.bio-ph
6673,11068,3.3512084601918013,1,physics.bio-ph
13207,13209,1.690298358480786,1,physics.bio-ph
13304,13305,0.9102392266268373,1,physics.bio-ph
551,13314,1.011206179810892,1,physics.bio-ph
13302,13194,0.0,1,physics.bio-ph
12408,13558,1.4426950408889634,1,physics.bio-ph
12967,12968,0.48089834696298783,1,physics.bio-ph
1291,1359,1.4426950408889634,1,physics.bio-ph
754,12532,1.4426950408889634,1,physics.bio-ph
591,1968,0.48089834696298783,1,physics.bio-ph
13125,13126,0.0,1,physics.bio-ph
12074,12075,1.8781246406775711,1,physics.bio-ph
6997,12872,0.48089834696298783,1,physics.bio-ph
12597,12599,0.0,1,physics.bio-ph
1887,1888,0.0,1,physics.bio-ph
9168,9170,0.6213349345596119,1,physics.bio-ph
6363,7175,0.0,1,physics.bio-ph
541,4213,0.7213475204444817,1,physics.bio-ph
153,1352,0.4170323914242463,1,physics.bio-ph
1759,13057,0.0,1,physics.bio-ph
7613,7614,0.35295612386476116,1,physics.bio-ph
13417,13479,0.0,1,physics.bio-ph
5017,5018,1.3272716180510837,1,physics.bio-ph
1116,5765,0.0,1,physics.bio-ph
16,18,0.5581106265512472,1,physics.bio-ph
2379,2380,2.111017942435233,1,physics.bio-ph
5982,11093,1.8193624989822952,1,physics.bio-ph
10760,12080,1.5046628859044442,1,physics.bio-ph
151,8232,0.3789231816899512,1,physics.bio-ph
1461,2560,2.730717679880512,1,physics.bio-ph
3348,4394,0.2835784920513334,1,physics.bio-ph
13158,13159,0.9947966893327386,1,physics.bio-ph
9168,9169,0.6213349345596119,1,physics.bio-ph
53,13418,0.7520938176867887,1,physics.bio-ph
3103,5374,0.0,1,physics.bio-ph
865,3744,0.0,1,physics.bio-ph
12413,12416,0.9102392266268373,1,physics.bio-ph
12363,12366,1.4426950408889634,1,physics.bio-ph
941,12795,1.4426950408889634,1,physics.bio-ph
360,986,1.8204784532536746,1,physics.bio-ph
12971,12972,0.0,1,physics.bio-ph
479,12459,1.2891624083167885,1,physics.bio-ph
4359,4362,0.0,1,physics.bio-ph
900,1712,0.0,1,physics.bio-ph
9566,9567,0.9102392266268373,1,physics.bio-ph
13456,13457,0.0,1,physics.bio-ph
363,12398,0.0,1,physics.bio-ph
625,817,0.48089834696298783,1,physics.bio-ph
2639,13274,0.0,1,physics.bio-ph
1869,1870,1.3426824550040934,1,physics.bio-ph
1574,1575,1.344533708530089,1,physics.bio-ph
1374,12979,0.0,1,physics.bio-ph
1277,1278,1.424137568996588,1,physics.bio-ph
12629,12630,0.0,1,physics.bio-ph
2011,12591,1.4426950408889634,1,physics.bio-ph
2237,2238,0.7213475204444817,1,physics.bio-ph
5200,14486,1.8640048036788355,1,physics.bio-ph
468,1648,1.0237645389414565,1,physics.bio-ph
2674,2676,2.2755980665670936,1,physics.bio-ph
942,13076,0.0,1,physics.bio-ph
615,13186,0.0,1,physics.bio-ph
8750,8753,0.9102392266268373,1,physics.bio-ph
2754,271,0.9102392266268373,1,physics.bio-ph
1810,1812,1.1383799118687281,1,physics.bio-ph
13450,13453,0.7213475204444817,1,physics.bio-ph
12384,12385,2.0640299754485754,1,physics.bio-ph
12319,12320,1.4426950408889634,1,physics.bio-ph
13,12741,0.5138983423697507,1,physics.bio-ph
208,572,0.0,1,physics.bio-ph
1021,13243,1.531574161186449,1,physics.bio-ph
3779,4375,0.0,1,physics.bio-ph
112,550,0.5581106265512472,1,physics.bio-ph
1386,4807,1.4426950408889634,1,physics.bio-ph
2466,2468,0.0,1,physics.bio-ph
41,13418,0.7520938176867887,1,physics.bio-ph
1211,12500,0.0,1,physics.bio-ph
730,12517,0.7213475204444817,1,physics.bio-ph
400,403,1.4426950408889634,1,physics.bio-ph
260,543,1.631586747071319,1,physics.bio-ph
5379,5381,0.0,1,physics.bio-ph
80,1313,0.9102392266268373,1,physics.bio-ph
711,12796,0.5581106265512472,1,physics.bio-ph
7427,7428,0.0,1,physics.bio-ph
4605,12085,0.7213475204444817,1,physics.bio-ph
598,599,0.0,1,physics.bio-ph
12621,12620,0.48089834696298783,1,physics.bio-ph
1354,13043,0.8668544662345119,1,physics.bio-ph
2747,13043,0.35295612386476116,1,physics.bio-ph
890,3159,0.7213475204444817,1,physics.bio-ph
3801,9599,0.7213475204444817,1,physics.bio-ph
823,826,0.5138983423697507,1,physics.bio-ph
12405,12495,1.0556294164628637,1,physics.bio-ph
2490,3144,0.0,1,physics.bio-ph
12428,13236,1.2022458674074694,1,physics.bio-ph
988,989,0.0,1,physics.bio-ph
814,815,0.48089834696298783,1,physics.bio-ph
1698,1700,0.0,1,physics.bio-ph
54,270,0.9102392266268373,1,physics.bio-ph
1270,1269,0.7213475204444817,1,physics.bio-ph
1375,12979,1.4426950408889634,1,physics.bio-ph
1314,3809,0.5581106265512472,1,physics.bio-ph
259,6378,1.8204784532536746,1,physics.bio-ph
2754,8611,0.9102392266268373,1,physics.bio-ph
350,4570,1.7408937564011522,1,physics.bio-ph
1407,1408,1.8204784532536746,1,physics.bio-ph
1886,12683,0.0,1,physics.bio-ph
3576,1930,1.4426950408889634,1,physics.bio-ph
578,13114,0.6625016737412845,1,physics.bio-ph
5011,12277,0.7213475204444817,1,physics.bio-ph
12733,12463,1.531574161186449,1,physics.bio-ph
12530,12616,0.9479818718025272,1,physics.bio-ph
468,1647,1.0237645389414565,1,physics.bio-ph
684,9815,0.9102392266268373,1,physics.bio-ph
35,2657,0.0,1,physics.bio-ph
151,8231,0.0,1,physics.bio-ph
339,9401,0.6213349345596119,1,physics.bio-ph
10688,10689,1.2426698691192237,1,physics.bio-ph
859,12954,1.391137573589825,1,physics.bio-ph
730,2242,0.9481928242730024,1,physics.bio-ph
1613,4154,0.0,1,physics.bio-ph
72,317,0.7213475204444817,1,physics.bio-ph
6797,6171,0.739596941912192,1,physics.bio-ph
1962,13187,0.9102392266268373,1,physics.bio-ph
3057,12933,0.7213475204444817,1,physics.bio-ph
2099,13302,0.4170323914242463,1,physics.bio-ph
1973,2598,0.0,1,physics.bio-ph
4790,13427,0.0,1,physics.bio-ph
5781,5782,0.9102392266268373,1,physics.bio-ph
446,12536,0.3459762562611936,1,physics.bio-ph
4535,4839,0.9102392266268373,1,physics.bio-ph
1967,5161,0.0,1,physics.bio-ph
4570,4571,1.1939954186246384,1,physics.bio-ph
54,1710,0.43429448190325176,1,physics.bio-ph
69,67,1.9007930815553409,1,physics.bio-ph
1097,7562,1.6365403493107213,1,physics.bio-ph
3840,11897,0.4170323914242463,1,physics.bio-ph
149,12329,0.0,1,physics.bio-ph
804,6551,1.170255862231299,1,physics.bio-ph
2336,2339,1.179445561110859,1,physics.bio-ph
122,123,0.0,1,physics.bio-ph
1021,13000,0.6213349345596119,1,physics.bio-ph
4213,4215,0.7213475204444817,1,physics.bio-ph
172,860,2.6398675304793353,1,physics.bio-ph
12899,12900,0.0,1,physics.bio-ph
1709,3619,2.065881228974571,1,physics.bio-ph
4685,5380,0.0,1,physics.bio-ph
1628,12714,0.0,1,physics.bio-ph
6062,3569,0.0,1,physics.bio-ph
2292,9210,0.0,1,physics.bio-ph
1091,1092,0.48089834696298783,1,physics.bio-ph
541,542,2.8853900817779268,1,physics.bio-ph
3558,7800,1.4426950408889634,1,physics.bio-ph
3850,3851,1.4426950408889634,1,physics.bio-ph
12411,12788,0.0,1,physics.bio-ph
1116,2149,1.1606910129154575,1,physics.bio-ph
1488,9271,0.0,1,physics.bio-ph
4057,2768,1.531574161186449,1,physics.bio-ph
127,470,0.5581106265512472,1,physics.bio-ph
891,12891,0.5581106265512472,1,physics.bio-ph
1698,5384,0.0,1,physics.bio-ph
578,1407,1.96870086574416,1,physics.bio-ph
1796,1800,1.7375561876621062,1,physics.bio-ph
1203,1205,1.4426950408889634,1,physics.bio-ph
8038,11155,1.4426950408889634,1,physics.bio-ph
12081,12076,1.2022458674074694,1,physics.bio-ph
868,270,0.7213475204444817,1,physics.bio-ph
1796,1799,1.1162212531024944,1,physics.bio-ph
371,2802,0.7213475204444817,1,physics.bio-ph
5982,11095,1.8193624989822952,1,physics.bio-ph
6314,10309,0.8928215240597019,1,physics.bio-ph
323,12488,0.7797424905025602,1,physics.bio-ph
2675,4533,2.2755980665670936,1,physics.bio-ph
17,132,1.4426950408889634,1,physics.bio-ph
7773,7772,0.7213475204444817,1,physics.bio-ph
9159,9162,1.1352332769293625,1,physics.bio-ph
967,2196,1.0764545478730305,1,physics.bio-ph
12619,1297,0.48089834696298783,1,physics.bio-ph
13,53,0.3898712452512801,1,physics.bio-ph
54,1384,0.4170323914242463,1,physics.bio-ph
754,756,0.0,1,physics.bio-ph
397,901,0.7386981053647521,1,physics.bio-ph
404,405,0.48089834696298783,1,physics.bio-ph
10764,10762,0.40242960438184466,1,physics.bio-ph
1647,2411,0.0,1,physics.bio-ph
4053,4063,1.4426950408889634,1,physics.bio-ph
13153,13155,1.2631953504915985,1,physics.bio-ph
13576,13577,0.0,1,physics.bio-ph
1142,1141,0.0,1,physics.bio-ph
3750,2754,2.0454725035562,1,physics.bio-ph
12078,12079,3.031791468138861,1,physics.bio-ph
7961,7962,2.064029975448575,1,physics.bio-ph
12775,12779,1.631586747071319,1,physics.bio-ph
506,807,2.021457992322599,1,physics.bio-ph
270,7459,0.0,1,physics.bio-ph
950,953,1.4426950408889634,1,physics.bio-ph
588,13426,0.5581106265512472,1,physics.bio-ph
2827,10760,2.5436718594186796,1,physics.bio-ph
2022,2023,0.0,1,physics.bio-ph
977,2169,0.0,1,physics.bio-ph
630,13278,0.9102392266268373,1,physics.bio-ph
414,416,0.0,1,physics.bio-ph
11476,11477,1.6933439034806097,1,physics.bio-ph
4887,12669,0.0,1,physics.bio-ph
157,2613,0.0,1,physics.bio-ph
821,826,2.821153174104981,1,physics.bio-ph
2439,6375,0.0,1,physics.bio-ph
9173,428,2.999201177601952,1,physics.bio-ph
2171,2172,0.2969742043733701,1,physics.bio-ph
12620,12622,0.7213475204444817,1,physics.bio-ph
297,12741,0.5138983423697507,1,physics.bio-ph
260,269,1.3739040000869067,1,physics.bio-ph
1797,1800,1.179445561110859,1,physics.bio-ph
559,560,2.541825973698156,1,physics.bio-ph
4681,5393,2.541825973698156,1,physics.bio-ph
126,4290,0.6213349345596119,1,physics.bio-ph
541,1389,0.4170323914242463,1,physics.bio-ph
2057,7135,1.119894010059554,1,physics.bio-ph
3209,12653,0.0,1,physics.bio-ph
93,2262,0.0,1,physics.bio-ph
73,1543,0.0,1,physics.bio-ph
4910,4913,1.8204784532536746,1,physics.bio-ph
1616,975,2.721140588220111,1,physics.bio-ph
1308,2725,1.3888097103122254,1,physics.bio-ph
1478,9855,0.5581106265512472,1,physics.bio-ph
13405,13406,0.7213475204444817,1,physics.bio-ph
743,1271,0.7213475204444817,1,physics.bio-ph
54,220,3.18589759086474,1,physics.bio-ph
1870,5383,1.100270702134433,1,physics.bio-ph
4680,5394,2.252921681630931,1,physics.bio-ph
257,259,2.8668326098855514,1,physics.bio-ph
135,173,0.0,1,physics.bio-ph
13309,13311,0.9102392266268373,1,physics.bio-ph
448,831,0.7213475204444817,1,physics.bio-ph
13149,13151,0.0,1,physics.bio-ph
2196,10581,1.5401193213331,1,physics.bio-ph
1095,1098,1.279458146995729,1,physics.bio-ph
10581,10582,0.5581106265512472,1,physics.bio-ph
2881,2882,0.3789231816899512,1,physics.bio-ph
93,985,1.1383799118687281,1,physics.bio-ph
1279,1293,1.8565807973738442,1,physics.bio-ph
1175,5160,0.0,1,physics.bio-ph
96,881,3.2253626358944096,1,physics.bio-ph
127,967,0.8340647828484926,1,physics.bio-ph
899,4989,0.750545005473521,1,physics.bio-ph
300,1350,0.9102392266268373,1,physics.bio-ph
8020,8609,0.0,1,physics.bio-ph
215,216,0.0,1,physics.bio-ph
12530,12805,0.35295612386476116,1,physics.bio-ph
5962,5963,1.4426950408889634,1,physics.bio-ph
13491,13573,1.631586747071319,1,physics.bio-ph
9168,9172,0.6213349345596119,1,physics.bio-ph
159,1414,2.974269202075413,1,physics.bio-ph
829,1543,0.0,1,physics.bio-ph
12077,12078,2.4876688131675087,1,physics.bio-ph
985,426,0.4170323914242463,1,physics.bio-ph
10686,10692,2.232442506204989,1,physics.bio-ph
1073,2655,0.6213349345596119,1,physics.bio-ph
524,13014,2.7211405882201114,1,physics.bio-ph
591,1848,1.312668831008682,1,physics.bio-ph
745,12391,0.2969742043733701,1,physics.bio-ph
96,12957,0.48089834696298783,1,physics.bio-ph
1973,1974,0.0,1,physics.bio-ph
866,1142,0.0,1,physics.bio-ph
12818,9599,1.2152833433063521,1,physics.bio-ph
1682,3194,1.4426950408889634,1,physics.bio-ph
2237,2240,0.7213475204444817,1,physics.bio-ph
46,47,0.45511961331341866,1,physics.bio-ph
12504,3209,1.4426950408889634,1,physics.bio-ph
9884,9885,2.358891122221718,1,physics.bio-ph
286,1084,1.8204784532536746,1,physics.bio-ph
401,402,1.4426950408889634,1,physics.bio-ph
3821,9625,1.4426950408889634,1,physics.bio-ph
339,9786,0.0,0,physics.bio-ph
3766,5341,0.0,0,physics.bio-ph
7090,13626,0.0,0,physics.bio-ph
12465,12732,0.0,0,physics.bio-ph
869,1092,0.0,0,physics.bio-ph
212,12720,0.0,0,physics.bio-ph
1391,12837,0.0,0,physics.bio-ph
12669,13959,0.0,0,physics.bio-ph
166,13098,0.0,0,physics.bio-ph
927,5621,0.0,0,physics.bio-ph
12366,12600,0.0,0,physics.bio-ph
12410,12634,0.0,0,physics.bio-ph
847,6037,0.0,0,physics.bio-ph
1499,2656,0.0,0,physics.bio-ph
874,10304,0.0,0,physics.bio-ph
772,9390,0.0,0,physics.bio-ph
1608,7011,0.0,0,physics.bio-ph
1059,3296,0.0,0,physics.bio-ph
49,2341,0.0,0,physics.bio-ph
359,1115,0.0,0,physics.bio-ph
1393,7769,0.0,0,physics.bio-ph
151,2379,0.0,0,physics.bio-ph
580,13268,0.0,0,physics.bio-ph
5081,8612,0.0,0,physics.bio-ph
3593,5781,0.0,0,physics.bio-ph
259,2336,0.0,0,physics.bio-ph
470,1607,0.0,0,physics.bio-ph
1888,3794,0.0,0,physics.bio-ph
2212,2466,0.0,0,physics.bio-ph
445,638,0.0,0,physics.bio-ph
1727,3193,0.0,0,physics.bio-ph
1107,5700,0.0,0,physics.bio-ph
2213,13304,0.0,0,physics.bio-ph
12316,13129,0.0,0,physics.bio-ph
7154,12456,0.0,0,physics.bio-ph
363,4388,0.0,0,physics.bio-ph
11996,13057,0.0,0,physics.bio-ph
360,12428,0.0,0,physics.bio-ph
1046,5702,0.0,0,physics.bio-ph
2227,8354,0.0,0,physics.bio-ph
122,4572,0.0,0,physics.bio-ph
9668,12074,0.0,0,physics.bio-ph
5375,12469,0.0,0,physics.bio-ph
1035,14351,0.0,0,physics.bio-ph
371,13615,0.0,0,physics.bio-ph
1577,1802,0.0,0,physics.bio-ph
3618,7289,0.0,0,physics.bio-ph
4093,12376,0.0,0,physics.bio-ph
1848,9090,0.0,0,physics.bio-ph
833,2705,0.0,0,physics.bio-ph
351,13139,0.0,0,physics.bio-ph
635,13334,0.0,0,physics.bio-ph
3871,12857,0.0,0,physics.bio-ph
2342,13561,0.0,0,physics.bio-ph
3940,5381,0.0,0,physics.bio-ph
1657,12137,0.0,0,physics.bio-ph
12819,12968,0.0,0,physics.bio-ph
2081,8672,0.0,0,physics.bio-ph
527,13126,0.0,0,physics.bio-ph
9585,10507,0.0,0,physics.bio-ph
6266,8237,0.0,0,physics.bio-ph
12754,12857,0.0,0,physics.bio-ph
12733,13292,0.0,0,physics.bio-ph
1376,13188,0.0,0,physics.bio-ph
583,12896,0.0,0,physics.bio-ph
12839,14374,0.0,0,physics.bio-ph
2825,9584,0.0,0,physics.bio-ph
4671,13035,0.0,0,physics.bio-ph
1749,8604,0.0,0,physics.bio-ph
4681,7963,0.0,0,physics.bio-ph
11063,12299,0.0,0,physics.bio-ph
739,12753,0.0,0,physics.bio-ph
4744,13114,0.0,0,physics.bio-ph
5053,13622,0.0,0,physics.bio-ph
413,7228,0.0,0,physics.bio-ph
222,4213,0.0,0,physics.bio-ph
1916,8043,0.0,0,physics.bio-ph
3084,6564,0.0,0,physics.bio-ph
958,2988,0.0,0,physics.bio-ph
763,1181,0.0,0,physics.bio-ph
1628,12344,0.0,0,physics.bio-ph
1399,6374,0.0,0,physics.bio-ph
745,10599,0.0,0,physics.bio-ph
633,13009,0.0,0,physics.bio-ph
1425,10694,0.0,0,physics.bio-ph
612,2598,0.0,0,physics.bio-ph
1974,3703,0.0,0,physics.bio-ph
9508,12907,0.0,0,physics.bio-ph
4547,5384,0.0,0,physics.bio-ph
4911,5401,0.0,0,physics.bio-ph
12530,12568,0.0,0,physics.bio-ph
455,12859,0.0,0,physics.bio-ph
2379,2467,0.0,0,physics.bio-ph
1098,12389,0.0,0,physics.bio-ph
11471,12413,0.0,0,physics.bio-ph
10761,13696,0.0,0,physics.bio-ph
296,13836,0.0,0,physics.bio-ph
4388,5476,0.0,0,physics.bio-ph
934,1175,0.0,0,physics.bio-ph
11062,13306,0.0,0,physics.bio-ph
597,1270,0.0,0,physics.bio-ph
12288,13895,0.0,0,physics.bio-ph
3144,12487,0.0,0,physics.bio-ph
1389,13504,0.0,0,physics.bio-ph
6797,8357,0.0,0,physics.bio-ph
135,12588,0.0,0,physics.bio-ph
6781,12452,0.0,0,physics.bio-ph
1441,3352,0.0,0,physics.bio-ph
11193,13478,0.0,0,physics.bio-ph
345,11095,0.0,0,physics.bio-ph
4361,12450,0.0,0,physics.bio-ph
1350,4396,0.0,0,physics.bio-ph
148,12298,0.0,0,physics.bio-ph
599,12332,0.0,0,physics.bio-ph
1339,9073,0.0,0,physics.bio-ph
260,13104,0.0,0,physics.bio-ph
1321,12582,0.0,0,physics.bio-ph
4922,12365,0.0,0,physics.bio-ph
755,3540,0.0,0,physics.bio-ph
10309,13571,0.0,0,physics.bio-ph
1948,3704,0.0,0,physics.bio-ph
18,1184,0.0,0,physics.bio-ph
5175,6376,0.0,0,physics.bio-ph
467,2099,0.0,0,physics.bio-ph
5073,13028,0.0,0,physics.bio-ph
1352,2474,0.0,0,physics.bio-ph
12343,13137,0.0,0,physics.bio-ph
4227,12315,0.0,0,physics.bio-ph
2675,12556,0.0,0,physics.bio-ph
865,1727,0.0,0,physics.bio-ph
3637,12477,0.0,0,physics.bio-ph
2987,6635,0.0,0,physics.bio-ph
1972,5336,0.0,0,physics.bio-ph
5019,12657,0.0,0,physics.bio-ph
900,12948,0.0,0,physics.bio-ph
1611,9653,0.0,0,physics.bio-ph
6342,6613,0.0,0,physics.bio-ph
1001,6435,0.0,0,physics.bio-ph
51,1384,0.2969742043733701,0,physics.bio-ph
2341,10450,0.0,0,physics.bio-ph
1628,5523,0.0,0,physics.bio-ph
2396,14389,0.0,0,physics.bio-ph
439,5011,0.0,0,physics.bio-ph
3034,5929,0.0,0,physics.bio-ph
13440,14352,0.0,0,physics.bio-ph
12600,13134,0.0,0,physics.bio-ph
8,5053,0.0,0,physics.bio-ph
154,1751,0.0,0,physics.bio-ph
9612,13871,0.0,0,physics.bio-ph
1406,10303,0.0,0,physics.bio-ph
62,3712,0.0,0,physics.bio-ph
1519,12962,0.0,0,physics.bio-ph
426,8446,0.0,0,physics.bio-ph
819,1705,0.0,0,physics.bio-ph
1708,13225,0.0,0,physics.bio-ph
40,1073,0.0,0,physics.bio-ph
13347,13990,0.0,0,physics.bio-ph
3082,5606,0.0,0,physics.bio-ph
12706,13319,0.0,0,physics.bio-ph
1653,13963,0.0,0,physics.bio-ph
12820,13012,0.0,0,physics.bio-ph
205,2992,0.0,0,physics.bio-ph
633,5150,0.0,0,physics.bio-ph
1036,13259,0.0,0,physics.bio-ph
2501,12879,0.0,0,physics.bio-ph
8088,8768,0.0,0,physics.bio-ph
863,1420,0.0,0,physics.bio-ph
10515,13006,0.0,0,physics.bio-ph
489,9163,0.0,0,physics.bio-ph
12871,13508,0.0,0,physics.bio-ph
1289,12621,0.0,0,physics.bio-ph
525,1682,0.0,0,physics.bio-ph
827,5384,0.0,0,physics.bio-ph
12666,12828,0.0,0,physics.bio-ph
580,2227,0.0,0,physics.bio-ph
7616,8823,0.0,0,physics.bio-ph
3763,12459,0.0,0,physics.bio-ph
8432,12900,0.0,0,physics.bio-ph
733,1157,0.0,0,physics.bio-ph
12552,12973,0.0,0,physics.bio-ph
684,7150,0.0,0,physics.bio-ph
1610,4170,0.0,0,physics.bio-ph
12682,13348,0.0,0,physics.bio-ph
2908,3057,0.0,0,physics.bio-ph
125,4154,0.0,0,physics.bio-ph
1749,10512,0.0,0,physics.bio-ph
11066,12354,0.0,0,physics.bio-ph
3376,4214,0.0,0,physics.bio-ph
1511,9170,0.0,0,physics.bio-ph
2619,12363,0.0,0,physics.bio-ph
70,1418,0.0,0,physics.bio-ph
12311,12474,0.0,0,physics.bio-ph
99,12741,0.0,0,physics.bio-ph
1214,12428,0.0,0,physics.bio-ph
88,11847,0.0,0,physics.bio-ph
88,992,0.0,0,physics.bio-ph
7785,10693,0.0,0,physics.bio-ph
1059,12792,0.0,0,physics.bio-ph
866,12895,0.0,0,physics.bio-ph
976,4572,0.0,0,physics.bio-ph
3495,14486,0.0,0,physics.bio-ph
3285,12452,0.0,0,physics.bio-ph
1328,1842,0.0,0,physics.bio-ph
2802,12960,0.0,0,physics.bio-ph
1208,6099,0.0,0,physics.bio-ph
814,4519,0.0,0,physics.bio-ph
4837,6380,0.0,0,physics.bio-ph
2854,10517,0.0,0,physics.bio-ph
1391,2703,0.0,0,physics.bio-ph
828,8865,0.0,0,physics.bio-ph
11063,12531,0.0,0,physics.bio-ph
2172,4171,0.0,0,physics.bio-ph
1095,13150,0.0,0,physics.bio-ph
1418,12599,0.0,0,physics.bio-ph
933,7090,0.0,0,physics.bio-ph
1948,2211,0.0,0,physics.bio-ph
9614,13273,0.0,0,physics.bio-ph
90,13451,0.0,0,physics.bio-ph
1044,1045,0.0,0,physics.bio-ph
5772,13284,0.0,0,physics.bio-ph
4294,13118,0.0,0,physics.bio-ph
2262,13369,0.0,0,physics.bio-ph
2495,2627,0.0,0,physics.bio-ph
1414,5166,0.0,0,physics.bio-ph
3035,13603,0.0,0,physics.bio-ph
4142,12621,0.0,0,physics.bio-ph
7267,14006,0.0,0,physics.bio-ph
3618,8981,0.0,0,physics.bio-ph
2825,13226,0.0,0,physics.bio-ph
1463,6599,0.0,0,physics.bio-ph
1360,13417,0.0,0,physics.bio-ph
381,8657,0.0,0,physics.bio-ph
2338,6036,0.0,0,physics.bio-ph
39,12740,0.0,0,physics.bio-ph
2657,3043,0.0,0,physics.bio-ph
12735,12931,0.0,0,physics.bio-ph
2503,12290,0.0,0,physics.bio-ph
372,4673,0.0,0,physics.bio-ph
94,3896,0.0,0,physics.bio-ph
9937,13136,0.0,0,physics.bio-ph
3766,5963,0.0,0,physics.bio-ph
1545,2882,0.0,0,physics.bio-ph
47,7091,0.0,0,physics.bio-ph
11436,12669,0.0,0,physics.bio-ph
1638,12476,0.0,0,physics.bio-ph
1743,1814,0.0,0,physics.bio-ph
127,11239,0.0,0,physics.bio-ph
592,13572,0.0,0,physics.bio-ph
1421,9509,0.0,0,physics.bio-ph
2441,9929,0.0,0,physics.bio-ph
1362,1732,0.0,0,physics.bio-ph
282,4388,0.0,0,physics.bio-ph
1156,13394,0.0,0,physics.bio-ph
1414,12597,0.0,0,physics.bio-ph
2275,10302,0.0,0,physics.bio-ph
674,12976,0.0,0,physics.bio-ph
49,7155,0.0,0,physics.bio-ph
558,1272,0.0,0,physics.bio-ph
4810,13439,0.0,0,physics.bio-ph
1824,6363,0.0,0,physics.bio-ph
759,12931,0.0,0,physics.bio-ph
12056,12782,0.0,0,physics.bio-ph
12582,12959,0.0,0,physics.bio-ph
588,6395,0.0,0,physics.bio-ph
2731,3626,0.0,0,physics.bio-ph
381,12341,0.0,0,physics.bio-ph
45,634,0.0,0,physics.bio-ph
5375,12817,0.0,0,physics.bio-ph
739,6564,0.0,0,physics.bio-ph
12677,14041,0.0,0,physics.bio-ph
3538,5384,0.0,0,physics.bio-ph
591,14286,0.0,0,physics.bio-ph
637,12276,0.0,0,physics.bio-ph
1766,2593,0.0,0,physics.bio-ph
492,13844,0.0,0,physics.bio-ph
321,1868,0.0,0,physics.bio-ph
3783,14386,0.0,0,physics.bio-ph
6170,12642,0.0,0,physics.bio-ph
2007,12985,0.0,0,physics.bio-ph
1175,7768,0.0,0,physics.bio-ph
4062,13401,0.0,0,physics.bio-ph
135,12760,0.0,0,physics.bio-ph
12276,13962,0.0,0,physics.bio-ph
12879,13456,0.0,0,physics.bio-ph
1611,10541,0.0,0,physics.bio-ph
1036,8751,0.0,0,physics.bio-ph
113,8609,0.0,0,physics.bio-ph
6624,12830,0.0,0,physics.bio-ph
443,5604,0.0,0,physics.bio-ph
641,13585,0.0,0,physics.bio-ph
6666,7234,0.0,0,physics.bio-ph
258,12819,0.0,0,physics.bio-ph
12993,13697,0.0,0,physics.bio-ph
1407,12706,0.0,0,physics.bio-ph
452,11192,0.0,0,physics.bio-ph
1766,10271,0.0,0,physics.bio-ph
394,881,0.0,0,physics.bio-ph
8190,12965,0.0,0,physics.bio-ph
4546,7210,0.0,0,physics.bio-ph
1009,8751,0.0,0,physics.bio-ph
5154,12960,0.0,0,physics.bio-ph
1378,12279,0.0,0,physics.bio-ph
7926,13032,0.0,0,physics.bio-ph
36,13605,0.0,0,physics.bio-ph
1548,13584,0.0,0,physics.bio-ph
447,12282,0.0,0,physics.bio-ph
2265,12736,0.0,0,physics.bio-ph
4289,5358,0.0,0,physics.bio-ph
3369,8222,0.0,0,physics.bio-ph
13089,13450,0.0,0,physics.bio-ph
12475,12971,0.0,0,physics.bio-ph
2985,4840,0.0,0,physics.bio-ph
5384,12775,0.0,0,physics.bio-ph
16,157,0.0,0,physics.bio-ph
1297,9172,0.0,0,physics.bio-ph
2676,3703,0.0,0,physics.bio-ph
937,1955,0.0,0,physics.bio-ph
6628,13125,0.0,0,physics.bio-ph
2725,12366,0.0,0,physics.bio-ph
840,12725,0.0,0,physics.bio-ph
543,1009,0.0,0,physics.bio-ph
12838,13324,0.0,0,physics.bio-ph
740,772,0.0,0,physics.bio-ph
13102,13352,0.0,0,physics.bio-ph
55,13083,0.0,0,physics.bio-ph
17,2211,0.0,0,physics.bio-ph
3376,12830,0.0,0,physics.bio-ph
394,12805,0.0,0,physics.bio-ph
946,3348,0.0,0,physics.bio-ph
319,2274,0.0,0,physics.bio-ph
413,9786,0.0,0,physics.bio-ph
6341,8192,0.0,0,physics.bio-ph
508,12409,0.0,0,physics.bio-ph
868,14122,0.0,0,physics.bio-ph
70,267,0.0,0,physics.bio-ph
1784,1814,0.0,0,physics.bio-ph
123,7314,0.0,0,physics.bio-ph
289,3990,0.0,0,physics.bio-ph
2790,4075,0.0,0,physics.bio-ph
2581,4090,0.0,0,physics.bio-ph
608,13497,0.0,0,physics.bio-ph
4113,12836,0.0,0,physics.bio-ph
5871,7614,0.0,0,physics.bio-ph
281,12455,0.0,0,physics.bio-ph
884,13181,0.0,0,physics.bio-ph
3447,9210,0.0,0,physics.bio-ph
13047,14351,0.0,0,physics.bio-ph
1460,13633,0.0,0,physics.bio-ph
980,6342,0.0,0,physics.bio-ph
12080,12949,0.0,0,physics.bio-ph
9074,10761,0.0,0,physics.bio-ph
1705,10273,0.0,0,physics.bio-ph
172,13478,0.0,0,physics.bio-ph
12276,12366,0.0,0,physics.bio-ph
1241,4567,0.0,0,physics.bio-ph
2653,13477,0.0,0,physics.bio-ph
13486,13593,0.0,0,physics.bio-ph
1802,12457,0.0,0,physics.bio-ph
881,1628,0.0,0,physics.bio-ph
7673,12553,0.0,0,physics.bio-ph
1309,1660,0.0,0,physics.bio-ph
886,1706,0.0,0,physics.bio-ph
2394,12588,0.0,0,physics.bio-ph
167,10516,0.0,0,physics.bio-ph
3340,10517,0.0,0,physics.bio-ph
2801,12445,0.0,0,physics.bio-ph
598,13097,0.0,0,physics.bio-ph
12497,12608,0.0,0,physics.bio-ph
13476,13921,0.0,0,physics.bio-ph
615,5947,0.0,0,physics.bio-ph
2283,13422,0.0,0,physics.bio-ph
1707,3265,0.0,0,physics.bio-ph
15,2007,0.0,0,physics.bio-ph
12282,12311,0.0,0,physics.bio-ph
1272,1369,0.0,0,physics.bio-ph
577,4361,0.0,0,physics.bio-ph
490,3310,0.0,0,physics.bio-ph
10603,12500,0.0,0,physics.bio-ph
300,8272,0.0,0,physics.bio-ph
7773,12505,0.0,0,physics.bio-ph
3541,13005,0.0,0,physics.bio-ph
522,1969,0.0,0,physics.bio-ph
711,11689,0.0,0,physics.bio-ph
860,9930,0.0,0,physics.bio-ph
2438,12398,0.0,0,physics.bio-ph
1404,10582,0.0,0,physics.bio-ph
3617,13418,0.0,0,physics.bio-ph
1483,7614,0.0,0,physics.bio-ph
123,264,0.0,0,physics.bio-ph
12557,13943,0.0,0,physics.bio-ph
2302,12873,0.0,0,physics.bio-ph
630,1758,0.0,0,physics.bio-ph
3872,12457,0.0,0,physics.bio-ph
12874,12954,0.0,0,physics.bio-ph
4780,8544,0.0,0,physics.bio-ph
1398,2560,0.0,0,physics.bio-ph
728,4535,0.0,0,physics.bio-ph
3851,8062,0.0,0,physics.bio-ph
13035,13316,0.0,0,physics.bio-ph
6560,13051,0.0,0,physics.bio-ph
1638,1974,0.0,0,physics.bio-ph
1208,6600,0.0,0,physics.bio-ph
3830,12097,0.0,0,physics.bio-ph
1799,5702,0.0,0,physics.bio-ph
5849,6781,0.0,0,physics.bio-ph
11,1209,0.0,0,physics.bio-ph
815,2315,0.0,0,physics.bio-ph
9786,13283,0.0,0,physics.bio-ph
12818,13077,0.0,0,physics.bio-ph
1404,2966,0.0,0,physics.bio-ph
4312,12505,0.0,0,physics.bio-ph
262,4592,0.0,0,physics.bio-ph
93,12291,0.0,0,physics.bio-ph
3053,12661,0.0,0,physics.bio-ph
5093,9543,0.0,0,physics.bio-ph
9937,12289,0.0,0,physics.bio-ph
11533,13094,0.0,0,physics.bio-ph
151,712,0.0,0,physics.bio-ph
1500,6893,0.0,0,physics.bio-ph
3425,12551,0.0,0,physics.bio-ph
1418,9164,0.0,0,physics.bio-ph
6477,12482,0.0,0,physics.bio-ph
1801,3425,0.0,0,physics.bio-ph
763,13263,0.0,0,physics.bio-ph
1097,12623,0.0,0,physics.bio-ph
3626,12949,0.0,0,physics.bio-ph
10515,12293,0.0,0,physics.bio-ph
12533,13199,0.0,0,physics.bio-ph
1896,3043,0.0,0,physics.bio-ph
565,1349,0.0,0,physics.bio-ph
11192,13969,0.0,0,physics.bio-ph
2758,10506,0.0,0,physics.bio-ph
20,13502,0.0,0,physics.bio-ph
1279,3492,0.0,0,physics.bio-ph
1481,3209,0.0,0,physics.bio-ph
3336,8039,0.0,0,physics.bio-ph
13525,13575,0.0,0,physics.bio-ph
1309,4912,0.0,0,physics.bio-ph
4743,12175,0.0,0,physics.bio-ph
1574,13307,0.0,0,physics.bio-ph
13409,14285,0.0,0,physics.bio-ph
1609,10448,0.0,0,physics.bio-ph
371,13278,0.0,0,physics.bio-ph
408,10447,0.0,0,physics.bio-ph
2357,6415,0.0,0,physics.bio-ph
3533,8422,0.0,0,physics.bio-ph
881,1362,0.28853900817779266,0,physics.bio-ph
1010,12340,0.0,0,physics.bio-ph
5208,5548,0.0,0,physics.bio-ph
1866,11547,0.0,0,physics.bio-ph
1843,2011,0.0,0,physics.bio-ph
12907,12973,0.0,0,physics.bio-ph
1842,3462,0.0,0,physics.bio-ph
13,2235,0.0,0,physics.bio-ph
12898,13260,0.0,0,physics.bio-ph
8818,12478,0.0,0,physics.bio-ph
1796,8190,0.0,0,physics.bio-ph
2704,3188,0.0,0,physics.bio-ph
138,12703,0.0,0,physics.bio-ph
8354,13008,0.0,0,physics.bio-ph
12478,12603,0.0,0,physics.bio-ph
1161,13030,0.0,0,physics.bio-ph
12408,13005,0.0,0,physics.bio-ph
5120,13302,0.0,0,physics.bio-ph
10686,13836,0.0,0,physics.bio-ph
933,13013,0.0,0,physics.bio-ph
618,12620,0.0,0,physics.bio-ph
166,2013,0.0,0,physics.bio-ph
1574,13046,0.0,0,physics.bio-ph
10448,12881,0.0,0,physics.bio-ph
1540,14374,0.0,0,physics.bio-ph
2892,12805,0.0,0,physics.bio-ph
570,3921,0.0,0,physics.bio-ph
3592,12677,0.0,0,physics.bio-ph
874,1205,0.0,0,physics.bio-ph
3876,13479,0.0,0,physics.bio-ph
815,13969,0.0,0,physics.bio-ph
4673,13265,0.0,0,physics.bio-ph
419,7315,0.0,0,physics.bio-ph
764,4726,0.0,0,physics.bio-ph
111,13844,0.0,0,physics.bio-ph
2655,6571,0.0,0,physics.bio-ph
634,12582,0.0,0,physics.bio-ph
1561,3569,0.0,0,physics.bio-ph
9356,12292,0.0,0,physics.bio-ph
5073,12817,0.0,0,physics.bio-ph
46,12579,0.0,0,physics.bio-ph
6628,13343,0.0,0,physics.bio-ph
13046,13401,0.0,0,physics.bio-ph
2335,5196,0.0,0,physics.bio-ph
1871,7267,0.0,0,physics.bio-ph
2284,2908,0.0,0,physics.bio-ph
9882,12734,0.0,0,physics.bio-ph
2744,12454,0.0,0,physics.bio-ph
5,13035,0.0,0,physics.bio-ph
2490,4535,0.0,0,physics.bio-ph
4113,7429,0.0,0,physics.bio-ph
709,12788,0.0,0,physics.bio-ph
12623,12827,0.0,0,physics.bio-ph
10630,13149,0.0,0,physics.bio-ph
1391,12813,0.0,0,physics.bio-ph
11070,12091,0.0,0,physics.bio-ph
2241,12983,0.0,0,physics.bio-ph
3846,7430,0.0,0,physics.bio-ph
629,5934,0.0,0,physics.bio-ph
2810,3368,0.0,0,physics.bio-ph
641,6564,0.0,0,physics.bio-ph
975,1912,0.0,0,physics.bio-ph
598,1827,0.0,0,physics.bio-ph
4312,12342,0.0,0,physics.bio-ph
370,5603,0.0,0,physics.bio-ph
10451,13174,0.0,0,physics.bio-ph
5655,13959,0.0,0,physics.bio-ph
1359,1767,0.0,0,physics.bio-ph
20,9026,0.0,0,physics.bio-ph
639,1316,0.0,0,physics.bio-ph
716,5175,0.0,0,physics.bio-ph
675,2532,0.0,0,physics.bio-ph
4567,7891,0.0,0,physics.bio-ph
34,577,0.0,0,physics.bio-ph
1758,13289,0.0,0,physics.bio-ph
13458,14122,0.0,0,physics.bio-ph
8609,12838,0.0,0,physics.bio-ph
1995,4076,0.0,0,physics.bio-ph
4375,13557,0.0,0,physics.bio-ph
1281,13471,0.0,0,physics.bio-ph
987,3054,0.0,0,physics.bio-ph
1005,1540,0.0,0,physics.bio-ph
1270,7293,0.0,0,physics.bio-ph
764,13837,0.0,0,physics.bio-ph
856,1408,0.0,0,physics.bio-ph
2561,13374,0.0,0,physics.bio-ph
6477,12364,0.0,0,physics.bio-ph
1179,2339,0.0,0,physics.bio-ph
3265,13576,0.0,0,physics.bio-ph
12290,13422,0.0,0,physics.bio-ph
38,1706,0.0,0,physics.bio-ph
385,6997,0.0,0,physics.bio-ph
8755,12412,0.0,0,physics.bio-ph
2979,13478,0.0,0,physics.bio-ph
4091,11192,0.0,0,physics.bio-ph
12449,13186,0.0,0,physics.bio-ph
3576,8611,0.0,0,physics.bio-ph
1404,12903,0.0,0,physics.bio-ph
2603,12800,0.0,0,physics.bio-ph
2558,12420,0.0,0,physics.bio-ph
2757,8190,0.0,0,physics.bio-ph
899,6571,0.0,0,physics.bio-ph
2964,12690,0.0,0,physics.bio-ph
1704,7432,0.0,0,physics.bio-ph
6341,13226,0.0,0,physics.bio-ph
2142,12600,0.0,0,physics.bio-ph
2339,8190,0.0,0,physics.bio-ph
12320,13035,0.0,0,physics.bio-ph
464,9389,0.0,0,physics.bio-ph
1278,12791,0.0,0,physics.bio-ph
1001,3348,0.0,0,physics.bio-ph
2598,13225,0.0,0,physics.bio-ph
12546,13603,0.0,0,physics.bio-ph
12496,13117,0.0,0,physics.bio-ph
1545,8436,0.0,0,physics.bio-ph
9268,12286,0.0,0,physics.bio-ph
167,12329,0.0,0,physics.bio-ph
2917,9585,0.0,0,physics.bio-ph
252,12278,0.0,0,physics.bio-ph
1045,12808,0.0,0,physics.bio-ph
372,9162,0.0,0,physics.bio-ph
12872,13633,0.0,0,physics.bio-ph
12095,12364,0.0,0,physics.bio-ph
2266,13407,0.0,0,physics.bio-ph
1209,1805,0.0,0,physics.bio-ph
6254,9587,0.0,0,physics.bio-ph
6614,12630,0.0,0,physics.bio-ph
1375,4717,0.0,0,physics.bio-ph
2181,12963,0.0,0,physics.bio-ph
3425,13432,0.0,0,physics.bio-ph
218,12392,0.0,0,physics.bio-ph
8422,12342,0.0,0,physics.bio-ph
1930,12963,0.0,0,physics.bio-ph
150,12523,0.0,0,physics.bio-ph
53,158,0.0,0,physics.bio-ph
612,7175,0.0,0,physics.bio-ph
7150,9163,0.0,0,physics.bio-ph
570,13445,0.0,0,physics.bio-ph
12697,12725,0.0,0,physics.bio-ph
985,7626,0.0,0,physics.bio-ph
2622,4578,0.0,0,physics.bio-ph
5606,13432,0.0,0,physics.bio-ph
264,579,0.0,0,physics.bio-ph
4840,12349,0.0,0,physics.bio-ph
1638,13456,0.0,0,physics.bio-ph
416,10763,0.0,0,physics.bio-ph
3328,4066,0.0,0,physics.bio-ph
1891,2531,0.0,0,physics.bio-ph
1232,8753,0.0,0,physics.bio-ph
413,4360,0.0,0,physics.bio-ph
1229,4388,0.0,0,physics.bio-ph
37,6840,0.0,0,physics.bio-ph
6616,9130,0.0,0,physics.bio-ph
3209,6598,0.0,0,physics.bio-ph
12414,12778,0.0,0,physics.bio-ph
1092,1530,0.0,0,physics.bio-ph
1076,9161,0.0,0,physics.bio-ph
574,12697,0.0,0,physics.bio-ph
11744,13621,0.0,0,physics.bio-ph
12759,12812,0.0,0,physics.bio-ph
16,3348,0.0,0,physics.bio-ph
298,12631,0.0,0,physics.bio-ph
2595,12800,0.0,0,physics.bio-ph
2811,13117,0.0,0,physics.bio-ph
502,10304,0.0,0,physics.bio-ph
2411,9583,0.0,0,physics.bio-ph
12512,12810,0.0,0,physics.bio-ph
13477,13595,0.0,0,physics.bio-ph
6266,13056,0.0,0,physics.bio-ph
5736,13007,0.0,0,physics.bio-ph
261,10516,0.0,0,physics.bio-ph
2019,3228,0.0,0,physics.bio-ph
2561,10103,0.0,0,physics.bio-ph
13137,13276,0.0,0,physics.bio-ph
7011,11996,0.0,0,physics.bio-ph
3557,4437,0.0,0,physics.bio-ph
1349,3370,0.0,0,physics.bio-ph
226,12886,0.0,0,physics.bio-ph
763,1076,0.0,0,physics.bio-ph
88,12516,0.0,0,physics.bio-ph
231,541,0.0,0,physics.bio-ph
1425,1940,0.0,0,physics.bio-ph
3870,12890,0.0,0,physics.bio-ph
1731,10763,0.0,0,physics.bio-ph
582,13567,0.0,0,physics.bio-ph
12485,13615,0.0,0,physics.bio-ph
94,13502,0.0,0,physics.bio-ph
12563,13525,0.0,0,physics.bio-ph
8892,13189,0.0,0,physics.bio-ph
3052,12779,0.0,0,physics.bio-ph
674,4790,0.0,0,physics.bio-ph
300,2325,0.0,0,physics.bio-ph
1229,3871,0.0,0,physics.bio-ph
1013,13134,0.0,0,physics.bio-ph
1540,3077,0.0,0,physics.bio-ph
51,857,0.0,0,physics.bio-ph
18,9171,0.0,0,physics.bio-ph
992,5621,0.0,0,physics.bio-ph
2632,12979,0.0,0,physics.bio-ph
827,5801,0.0,0,physics.bio-ph
9210,13593,0.0,0,physics.bio-ph
1204,1559,0.0,0,physics.bio-ph
2561,2747,0.0,0,physics.bio-ph
1008,13958,0.0,0,physics.bio-ph
3781,12399,0.0,0,physics.bio-ph
829,1780,0.0,0,physics.bio-ph
1607,2358,0.0,0,physics.bio-ph
6673,9507,0.0,0,physics.bio-ph
385,4763,0.0,0,physics.bio-ph
2230,13112,0.0,0,physics.bio-ph
9587,12793,0.0,0,physics.bio-ph
100,7925,0.0,0,physics.bio-ph
10450,12902,0.0,0,physics.bio-ph
1758,3848,0.0,0,physics.bio-ph
3738,5393,0.0,0,physics.bio-ph
1548,12349,0.0,0,physics.bio-ph
15,6825,0.0,0,physics.bio-ph
823,4375,0.0,0,physics.bio-ph
5655,13005,0.0,0,physics.bio-ph
653,10450,0.0,0,physics.bio-ph
598,2679,0.0,0,physics.bio-ph
4265,6697,0.0,0,physics.bio-ph
2466,7061,0.0,0,physics.bio-ph
1833,1892,0.0,0,physics.bio-ph
5394,11801,0.0,0,physics.bio-ph
2621,12704,0.0,0,physics.bio-ph
2675,2854,0.0,0,physics.bio-ph
12665,13056,0.0,0,physics.bio-ph
6599,9566,0.0,0,physics.bio-ph
3621,5082,0.0,0,physics.bio-ph
2179,12081,0.0,0,physics.bio-ph
665,13960,0.0,0,physics.bio-ph
5655,12605,0.0,0,physics.bio-ph
1743,12682,0.0,0,physics.bio-ph
1016,2801,0.0,0,physics.bio-ph
125,653,0.0,0,physics.bio-ph
1529,12866,0.0,0,physics.bio-ph
1214,6438,0.0,0,physics.bio-ph
955,11193,0.0,0,physics.bio-ph
928,4912,0.0,0,physics.bio-ph
13376,13571,0.0,0,physics.bio-ph
208,6438,0.0,0,physics.bio-ph
1073,12735,0.0,0,physics.bio-ph
2917,5621,0.0,0,physics.bio-ph
12588,14349,0.0,0,physics.bio-ph
168,14349,0.0,0,physics.bio-ph
5229,10794,0.0,0,physics.bio-ph
1199,1211,0.0,0,physics.bio-ph
1117,5849,0.0,0,physics.bio-ph
1352,2207,0.0,0,physics.bio-ph
2619,12874,0.0,0,physics.bio-ph
464,10821,0.0,0,physics.bio-ph
960,3162,0.0,0,physics.bio-ph
5384,14352,0.0,0,physics.bio-ph
739,1891,0.0,0,physics.bio-ph
2690,9160,0.0,0,physics.bio-ph
317,2656,0.0,0,physics.bio-ph
1668,6137,0.0,0,physics.bio-ph
2207,2748,0.0,0,physics.bio-ph
5383,9814,0.0,0,physics.bio-ph
5893,10303,0.0,0,physics.bio-ph
2411,3301,0.0,0,physics.bio-ph
7925,13606,0.0,0,physics.bio-ph
845,8544,0.0,0,physics.bio-ph
8177,13342,0.0,0,physics.bio-ph
12435,12971,0.0,0,physics.bio-ph
360,6571,0.0,0,physics.bio-ph
1000,1257,0.0,0,physics.bio-ph
1374,12448,0.0,0,physics.bio-ph
12652,13094,0.0,0,physics.bio-ph
2896,13038,0.0,0,physics.bio-ph
9803,12897,0.0,0,physics.bio-ph
12483,12867,0.0,0,physics.bio-ph
12576,12955,0.0,0,physics.bio-ph
1610,8136,0.0,0,physics.bio-ph
944,6564,0.0,0,physics.bio-ph
3957,4361,0.0,0,physics.bio-ph
738,1373,0.0,0,physics.bio-ph
859,4790,0.0,0,physics.bio-ph
1203,12822,0.0,0,physics.bio-ph
8190,12713,0.0,0,physics.bio-ph
1097,12813,0.0,0,physics.bio-ph
560,12874,0.0,0,physics.bio-ph
221,8313,0.0,0,physics.bio-ph
976,6287,0.0,0,physics.bio-ph
4790,11547,0.0,0,physics.bio-ph
35,12741,0.0,0,physics.bio-ph
1974,2676,0.0,0,physics.bio-ph
1150,3937,0.0,0,physics.bio-ph
2359,5892,0.0,0,physics.bio-ph
7618,12654,0.0,0,physics.bio-ph
741,11753,0.0,0,physics.bio-ph
1374,2141,0.0,0,physics.bio-ph
97,12078,0.0,0,physics.bio-ph
426,743,0.0,0,physics.bio-ph
6893,13409,0.0,0,physics.bio-ph
2581,3699,0.0,0,physics.bio-ph
2266,5017,0.0,0,physics.bio-ph
290,10654,0.0,0,physics.bio-ph
193,275,0.0,0,physics.bio-ph
177,3138,0.0,0,physics.bio-ph
8150,13207,0.0,0,physics.bio-ph
2404,6299,0.0,0,physics.bio-ph
257,2758,0.0,0,physics.bio-ph
1448,5055,0.0,0,physics.bio-ph
3375,13022,0.0,0,physics.bio-ph
1843,8446,0.0,0,physics.bio-ph
381,6598,0.0,0,physics.bio-ph
1180,3425,0.0,0,physics.bio-ph
4582,5375,0.0,0,physics.bio-ph
111,13010,0.0,0,physics.bio-ph
13098,13139,0.0,0,physics.bio-ph
153,1734,0.0,0,physics.bio-ph
4436,12320,0.0,0,physics.bio-ph
9161,13178,0.0,0,physics.bio-ph
1012,3194,0.0,0,physics.bio-ph
12474,13150,0.0,0,physics.bio-ph
1660,9929,0.0,0,physics.bio-ph
13347,13471,0.0,0,physics.bio-ph
616,10302,0.0,0,physics.bio-ph
7769,13600,0.0,0,physics.bio-ph
241,12976,0.0,0,physics.bio-ph
439,7210,0.0,0,physics.bio-ph
7563,13123,0.0,0,physics.bio-ph
4533,7432,0.0,0,physics.bio-ph
1945,11239,0.0,0,physics.bio-ph
4535,12555,0.0,0,physics.bio-ph
6525,12725,0.0,0,physics.bio-ph
1397,12682,0.0,0,physics.bio-ph
1257,4584,0.0,0,physics.bio-ph
13031,14006,0.0,0,physics.bio-ph
1459,7153,0.0,0,physics.bio-ph
2685,12953,0.0,0,physics.bio-ph
351,11801,0.0,0,physics.bio-ph
456,12384,0.0,0,physics.bio-ph
3114,12950,0.0,0,physics.bio-ph
4840,13843,0.0,0,physics.bio-ph
1475,2411,0.0,0,physics.bio-ph
1609,12839,0.0,0,physics.bio-ph
2677,12442,0.0,0,physics.bio-ph
220,12382,0.0,0,physics.bio-ph
13349,13507,0.0,0,physics.bio-ph
69,10910,0.0,0,physics.bio-ph
4673,12552,0.0,0,physics.bio-ph
1418,11191,0.0,0,physics.bio-ph
1406,13688,0.0,0,physics.bio-ph
1085,9163,0.0,0,physics.bio-ph
8658,12818,0.0,0,physics.bio-ph
5766,13114,0.0,0,physics.bio-ph
20,208,0.0,0,physics.bio-ph
1083,4296,0.0,0,physics.bio-ph
97,12567,0.0,0,physics.bio-ph
1375,5200,0.0,0,physics.bio-ph
13316,13604,0.0,0,physics.bio-ph
578,6613,0.0,0,physics.bio-ph
934,9268,0.0,0,physics.bio-ph
2431,14390,0.0,0,physics.bio-ph
10448,13592,0.0,0,physics.bio-ph
1315,1668,0.0,0,physics.bio-ph
8135,12512,0.0,0,physics.bio-ph
1017,1309,0.0,0,physics.bio-ph
1704,7561,0.0,0,physics.bio-ph
3809,6314,0.0,0,physics.bio-ph
1135,12812,0.0,0,physics.bio-ph
2345,12898,0.0,0,physics.bio-ph
1094,12155,0.0,0,physics.bio-ph
2128,3079,0.0,0,physics.bio-ph
7496,13428,0.0,0,physics.bio-ph
1256,2503,0.0,0,physics.bio-ph
1654,8947,0.0,0,physics.bio-ph
1006,5199,0.0,0,physics.bio-ph
220,7179,0.0,0,physics.bio-ph
12791,13010,0.0,0,physics.bio-ph
951,12075,0.0,0,physics.bio-ph
1184,12713,0.0,0,physics.bio-ph
9353,12934,0.0,0,physics.bio-ph
1520,2558,0.0,0,physics.bio-ph
8432,10507,0.0,0,physics.bio-ph
2235,12873,0.0,0,physics.bio-ph
629,3033,0.0,0,physics.bio-ph
4396,13038,0.0,0,physics.bio-ph
1939,13872,0.0,0,physics.bio-ph
1705,14132,0.0,0,physics.bio-ph
9652,13248,0.0,0,physics.bio-ph
5621,13500,0.0,0,physics.bio-ph
2022,4125,0.0,0,physics.bio-ph
581,14482,0.0,0,physics.bio-ph
5773,13139,0.0,0,physics.bio-ph
272,6673,0.0,0,physics.bio-ph
988,8313,0.0,0,physics.bio-ph
890,13538,0.0,0,physics.bio-ph
1389,2241,0.0,0,physics.bio-ph
1421,12652,0.0,0,physics.bio-ph
7771,13506,0.0,0,physics.bio-ph
1479,12504,0.0,0,physics.bio-ph
12605,14005,0.0,0,physics.bio-ph
1548,13367,0.0,0,physics.bio-ph
413,12301,0.0,0,physics.bio-ph
1444,7150,0.0,0,physics.bio-ph
1022,2057,0.0,0,physics.bio-ph
453,12108,0.0,0,physics.bio-ph
6170,13696,0.0,0,physics.bio-ph
978,12985,0.0,0,physics.bio-ph
1537,13614,0.0,0,physics.bio-ph
11848,12760,0.0,0,physics.bio-ph
13217,13486,0.0,0,physics.bio-ph
1189,4794,0.0,0,physics.bio-ph
286,1750,0.0,0,physics.bio-ph
46,7687,0.0,0,physics.bio-ph
3114,7315,0.0,0,physics.bio-ph
1608,12609,0.0,0,physics.bio-ph
954,12475,0.0,0,physics.bio-ph
539,13554,0.0,0,physics.bio-ph
13178,13265,0.0,0,physics.bio-ph
308,13523,0.0,0,physics.bio-ph
1000,1498,0.0,0,physics.bio-ph
930,1272,0.0,0,physics.bio-ph
5871,13265,0.0,0,physics.bio-ph
2152,13499,0.0,0,physics.bio-ph
740,13189,0.0,0,physics.bio-ph
3069,12533,0.0,0,physics.bio-ph
2441,14285,0.0,0,physics.bio-ph
70,4215,0.0,0,physics.bio-ph
6287,12834,0.0,0,physics.bio-ph
6616,13409,0.0,0,physics.bio-ph
2213,8020,0.0,0,physics.bio-ph
12345,13022,0.0,0,physics.bio-ph
1383,9210,0.0,0,physics.bio-ph
1484,3780,0.0,0,physics.bio-ph
5120,12408,0.0,0,physics.bio-ph
220,2829,0.0,0,physics.bio-ph
5523,5604,0.0,0,physics.bio-ph
12668,13010,0.0,0,physics.bio-ph
442,825,0.0,0,physics.bio-ph
5382,12337,0.0,0,physics.bio-ph
3960,6324,0.0,0,physics.bio-ph
5228,8981,0.0,0,physics.bio-ph
795,11547,0.0,0,physics.bio-ph
12823,14488,0.0,0,physics.bio-ph
2341,14041,0.0,0,physics.bio-ph
626,13572,0.0,0,physics.bio-ph
432,12547,0.0,0,physics.bio-ph
135,13334,0.0,0,physics.bio-ph
3705,12873,0.0,0,physics.bio-ph
12312,13109,0.0,0,physics.bio-ph
6062,6439,0.0,0,physics.bio-ph
2120,12352,0.0,0,physics.bio-ph
2140,12986,0.0,0,physics.bio-ph
1544,2622,0.0,0,physics.bio-ph
11436,13286,0.0,0,physics.bio-ph
216,13426,0.0,0,physics.bio-ph
5666,12873,0.0,0,physics.bio-ph
12109,12359,0.0,0,physics.bio-ph
2238,12353,0.0,0,physics.bio-ph
2265,4395,0.0,0,physics.bio-ph
4377,12085,0.0,0,physics.bio-ph
40,4569,0.0,0,physics.bio-ph
1712,13317,0.0,0,physics.bio-ph
2979,12616,0.0,0,physics.bio-ph
846,1444,0.0,0,physics.bio-ph
287,663,0.0,0,physics.bio-ph
2180,12677,0.0,0,physics.bio-ph
975,5866,0.0,0,physics.bio-ph
208,379,0.0,0,physics.bio-ph
1887,2323,0.0,0,physics.bio-ph
1389,3925,0.0,0,physics.bio-ph
13316,13477,0.0,0,physics.bio-ph
3676,13843,0.0,0,physics.bio-ph
10760,13295,0.0,0,physics.bio-ph
4159,7432,0.0,0,physics.bio-ph
1479,2012,0.0,0,physics.bio-ph
281,1513,0.0,0,physics.bio-ph
5394,9817,0.0,0,physics.bio-ph
5073,12471,0.0,0,physics.bio-ph
610,11897,0.0,0,physics.bio-ph
6062,6560,0.0,0,physics.bio-ph
1584,1647,0.0,0,physics.bio-ph
862,13820,0.0,0,physics.bio-ph
5384,13349,0.0,0,physics.bio-ph
8192,10762,0.0,0,physics.bio-ph
474,992,0.0,0,physics.bio-ph
2974,13696,0.0,0,physics.bio-ph
5600,7963,0.0,0,physics.bio-ph
3559,5984,0.0,0,physics.bio-ph
8479,9543,0.0,0,physics.bio-ph
1076,9090,0.0,0,physics.bio-ph
8671,14152,0.0,0,physics.bio-ph
1065,1213,0.0,0,physics.bio-ph
772,9173,0.0,0,physics.bio-ph
2237,3618,0.0,0,physics.bio-ph
2776,13070,0.0,0,physics.bio-ph
2975,11064,0.0,0,physics.bio-ph
3779,9129,0.0,0,physics.bio-ph
1551,3559,0.0,0,physics.bio-ph
12175,13126,0.0,0,physics.bio-ph
2580,5934,0.0,0,physics.bio-ph
555,2023,0.0,0,physics.bio-ph
1941,7021,0.0,0,physics.bio-ph
1009,12819,0.0,0,physics.bio-ph
12481,12653,0.0,0,physics.bio-ph
3767,12718,0.0,0,physics.bio-ph
80,323,0.0,0,physics.bio-ph
2740,3699,0.0,0,physics.bio-ph
9185,13097,0.0,0,physics.bio-ph
3075,12966,0.0,0,physics.bio-ph
2223,13113,0.0,0,physics.bio-ph
12792,13439,0.0,0,physics.bio-ph
1751,2439,0.0,0,physics.bio-ph
1749,12467,0.0,0,physics.bio-ph
982,1547,0.0,0,physics.bio-ph
2377,10309,0.0,0,physics.bio-ph
2706,12620,0.0,0,physics.bio-ph
3034,13697,0.0,0,physics.bio-ph
1350,12312,0.0,0,physics.bio-ph
1297,12822,0.0,0,physics.bio-ph
4840,12493,0.0,0,physics.bio-ph
999,1608,0.0,0,physics.bio-ph
2438,3262,0.0,0,physics.bio-ph
1848,11533,0.0,0,physics.bio-ph
3920,12496,0.0,0,physics.bio-ph
3069,4395,0.0,0,physics.bio-ph
610,2178,0.0,0,physics.bio-ph
1135,13583,0.0,0,physics.bio-ph
13034,13103,0.0,0,physics.bio-ph
36,514,0.0,0,physics.bio-ph
2358,13697,0.0,0,physics.bio-ph
741,7774,0.0,0,physics.bio-ph
617,8144,0.0,0,physics.bio-ph
2257,13376,0.0,0,physics.bio-ph
10374,13083,0.0,0,physics.bio-ph
1044,12498,0.0,0,physics.bio-ph
2275,8753,0.0,0,physics.bio-ph
12724,13273,0.0,0,physics.bio-ph
1841,3137,0.0,0,physics.bio-ph
690,3527,0.0,0,physics.bio-ph
12732,13295,0.0,0,physics.bio-ph
1731,3750,0.0,0,physics.bio-ph
11,1616,0.0,0,physics.bio-ph
426,821,0.0,0,physics.bio-ph
812,4154,0.0,0,physics.bio-ph
152,1484,0.0,0,physics.bio-ph
989,13330,0.0,0,physics.bio-ph
2161,13035,0.0,0,physics.bio-ph
453,7092,0.0,0,physics.bio-ph
1196,4912,0.0,0,physics.bio-ph
6440,13407,0.0,0,physics.bio-ph
1604,12471,0.0,0,physics.bio-ph
2075,12474,0.0,0,physics.bio-ph
33,5850,0.0,0,physics.bio-ph
2283,10764,0.0,0,physics.bio-ph
31,13626,0.0,0,physics.bio-ph
10692,13132,0.0,0,physics.bio-ph
13314,13488,0.0,0,physics.bio-ph
2062,14350,0.0,0,physics.bio-ph
2725,4226,0.0,0,physics.bio-ph
9612,12091,0.0,0,physics.bio-ph
1547,2622,0.0,0,physics.bio-ph
4395,7769,0.0,0,physics.bio-ph
9815,13115,0.0,0,physics.bio-ph
42,12827,0.0,0,physics.bio-ph
474,12484,0.0,0,physics.bio-ph
6477,12498,0.0,0,physics.bio-ph
123,1551,0.0,0,physics.bio-ph
7130,12779,0.0,0,physics.bio-ph
1065,13590,0.0,0,physics.bio-ph
616,12842,0.0,0,physics.bio-ph
4093,12428,0.0,0,physics.bio-ph
641,839,0.0,0,physics.bio-ph
3704,3836,0.0,0,physics.bio-ph
5341,13044,0.0,0,physics.bio-ph
1229,12947,0.0,0,physics.bio-ph
263,408,0.0,0,physics.bio-ph
745,978,0.0,0,physics.bio-ph
2674,12091,0.0,0,physics.bio-ph
12428,12879,0.0,0,physics.bio-ph
8088,13440,0.0,0,physics.bio-ph
12228,12287,0.0,0,physics.bio-ph
226,13605,0.0,0,physics.bio-ph
509,3447,0.0,0,physics.bio-ph
5604,13283,0.0,0,physics.bio-ph
2689,5166,0.0,0,physics.bio-ph
339,8121,0.0,0,physics.bio-ph
261,712,0.0,0,physics.bio-ph
33,7130,0.0,0,physics.bio-ph
2336,11067,0.0,0,physics.bio-ph
1373,7155,0.0,0,physics.bio-ph
824,12736,0.0,0,physics.bio-ph
2668,7614,0.0,0,physics.bio-ph
4461,7090,0.0,0,physics.bio-ph
11744,12740,0.0,0,physics.bio-ph
12562,12824,0.0,0,physics.bio-ph
4592,12385,0.0,0,physics.bio-ph
298,13291,0.0,0,physics.bio-ph
8,12317,0.0,0,physics.bio-ph
3055,12996,0.0,0,physics.bio-ph
218,2754,0.0,0,physics.bio-ph
9625,12276,0.0,0,physics.bio-ph
12411,12682,0.0,0,physics.bio-ph
154,860,0.0,0,physics.bio-ph
308,1354,0.0,0,physics.bio-ph
3871,12603,0.0,0,physics.bio-ph
1420,13041,0.0,0,physics.bio-ph
1654,8769,0.0,0,physics.bio-ph
96,11801,0.0,0,physics.bio-ph
12365,13069,0.0,0,physics.bio-ph
1391,1732,0.0,0,physics.bio-ph
8818,12085,0.0,0,physics.bio-ph
766,7821,0.0,0,physics.bio-ph
12957,13102,0.0,0,physics.bio-ph
382,12652,0.0,0,physics.bio-ph
663,764,0.0,0,physics.bio-ph
2142,3348,0.0,0,physics.bio-ph
4091,13289,0.0,0,physics.bio-ph
1827,9999,0.0,0,physics.bio-ph
12428,13265,0.0,0,physics.bio-ph
1178,13373,0.0,0,physics.bio-ph
4606,6254,0.0,0,physics.bio-ph
3400,13273,0.0,0,physics.bio-ph
2007,3559,0.0,0,physics.bio-ph
1802,2623,0.0,0,physics.bio-ph
5766,12895,0.0,0,physics.bio-ph
363,7153,0.0,0,physics.bio-ph
612,3836,0.0,0,physics.bio-ph
95,419,0.0,0,physics.bio-ph
2966,8313,0.0,0,physics.bio-ph
616,1344,0.0,0,physics.bio-ph
3771,12808,0.0,0,physics.bio-ph
191,2867,0.0,0,physics.bio-ph
1228,13895,0.0,0,physics.bio-ph
12502,12525,0.0,0,physics.bio-ph
41,12880,0.0,0,physics.bio-ph
62,4461,0.0,0,physics.bio-ph
1318,10652,0.0,0,physics.bio-ph
713,12873,0.0,0,physics.bio-ph
673,9026,0.0,0,physics.bio-ph
1354,11063,0.0,0,physics.bio-ph
929,2725,0.0,0,physics.bio-ph
13352,13487,0.0,0,physics.bio-ph
525,12682,0.0,0,physics.bio-ph
6797,13351,0.0,0,physics.bio-ph
3084,12344,0.0,0,physics.bio-ph
3893,12513,0.0,0,physics.bio-ph
2235,12389,0.0,0,physics.bio-ph
3766,12805,0.0,0,physics.bio-ph
4526,13347,0.0,0,physics.bio-ph
1584,8672,0.0,0,physics.bio-ph
1289,2488,0.0,0,physics.bio-ph
308,1996,0.0,0,physics.bio-ph
5199,12411,0.0,0,physics.bio-ph
1767,3052,0.0,0,physics.bio-ph
7024,13277,0.0,0,physics.bio-ph
12075,12691,0.0,0,physics.bio-ph
1616,6666,0.0,0,physics.bio-ph
3841,5934,0.0,0,physics.bio-ph
468,5341,0.0,0,physics.bio-ph
2441,4546,0.0,0,physics.bio-ph
257,1276,0.0,0,physics.bio-ph
11744,13009,0.0,0,physics.bio-ph
6439,12605,0.0,0,physics.bio-ph
222,12500,0.0,0,physics.bio-ph
8980,9671,0.0,0,physics.bio-ph
215,4913,0.0,0,physics.bio-ph
4296,12085,0.0,0,physics.bio-ph
275,12283,0.0,0,physics.bio-ph
8192,13622,0.0,0,physics.bio-ph
3797,8865,0.0,0,physics.bio-ph
9583,9668,0.0,0,physics.bio-ph
13002,13486,0.0,0,physics.bio-ph
179,2632,0.0,0,physics.bio-ph
1294,2697,0.0,0,physics.bio-ph
2180,12095,0.0,0,physics.bio-ph
4034,9879,0.0,0,physics.bio-ph
12385,12642,0.0,0,physics.bio-ph
70,83,0.0,0,physics.bio-ph
4673,12337,0.0,0,physics.bio-ph
6362,10453,0.0,0,physics.bio-ph
1708,6614,0.0,0,physics.bio-ph
1279,3053,0.0,0,physics.bio-ph
1277,2226,0.0,0,physics.bio-ph
5645,12600,0.0,0,physics.bio-ph
684,12585,0.0,0,physics.bio-ph
582,10304,0.0,0,physics.bio-ph
1888,12836,0.0,0,physics.bio-ph
5150,12410,0.0,0,physics.bio-ph
5384,13242,0.0,0,physics.bio-ph
1484,1652,0.0,0,physics.bio-ph
4290,5374,0.0,0,physics.bio-ph
7774,12556,0.0,0,physics.bio-ph
1083,2778,0.0,0,physics.bio-ph
148,2393,0.0,0,physics.bio-ph
3539,11095,0.0,0,physics.bio-ph
450,8473,0.0,0,physics.bio-ph
1065,11239,0.0,0,physics.bio-ph
9598,12950,0.0,0,physics.bio-ph
9472,13637,0.0,0,physics.bio-ph
4395,12575,0.0,0,physics.bio-ph
93,8473,0.0,0,physics.bio-ph
1531,6190,0.0,0,physics.bio-ph
6314,10516,0.0,0,physics.bio-ph
4629,9544,0.0,0,physics.bio-ph
2301,2325,0.0,0,physics.bio-ph
508,13011,0.0,0,physics.bio-ph
3278,4086,0.0,0,physics.bio-ph
1081,2207,0.0,0,physics.bio-ph
847,1711,0.0,0,physics.bio-ph
1300,13347,0.0,0,physics.bio-ph
4807,9816,0.0,0,physics.bio-ph
1375,12834,0.0,0,physics.bio-ph
1187,3747,0.0,0,physics.bio-ph
17,207,0.0,0,physics.bio-ph
2657,6362,0.0,0,physics.bio-ph
1099,4290,0.0,0,physics.bio-ph
582,3771,0.0,0,physics.bio-ph
9999,13010,0.0,0,physics.bio-ph
1917,13837,0.0,0,physics.bio-ph
3454,13235,0.0,0,physics.bio-ph
12894,13561,0.0,0,physics.bio-ph
763,823,0.0,0,physics.bio-ph
958,2639,0.0,0,physics.bio-ph
3848,10483,0.0,0,physics.bio-ph
611,9167,0.0,0,physics.bio-ph
286,8980,0.0,0,physics.bio-ph
5393,13439,0.0,0,physics.bio-ph
1642,3271,0.0,0,physics.bio-ph
641,5919,0.0,0,physics.bio-ph
7291,10512,0.0,0,physics.bio-ph
7962,12764,0.0,0,physics.bio-ph
641,1727,0.0,0,physics.bio-ph
611,13395,0.0,0,physics.bio-ph
3557,14486,0.0,0,physics.bio-ph
888,2022,0.0,0,physics.bio-ph
2284,2613,0.0,0,physics.bio-ph
4546,13014,0.0,0,physics.bio-ph
629,6219,0.0,0,physics.bio-ph
12094,13989,0.0,0,physics.bio-ph
3055,10483,0.0,0,physics.bio-ph
3369,9587,0.0,0,physics.bio-ph
2593,7011,0.0,0,physics.bio-ph
11753,12536,0.0,0,physics.bio-ph
4923,7933,0.0,0,physics.bio-ph
4683,8827,0.0,0,physics.bio-ph
1574,13317,0.0,0,physics.bio-ph
824,4090,0.0,0,physics.bio-ph
4154,12535,0.0,0,physics.bio-ph
13558,13820,0.0,0,physics.bio-ph
257,992,0.0,0,physics.bio-ph
7771,8232,0.0,0,physics.bio-ph
4054,9815,0.0,0,physics.bio-ph
1616,13957,0.0,0,physics.bio-ph
350,662,0.0,0,physics.bio-ph
7024,12355,0.0,0,physics.bio-ph
269,826,0.0,0,physics.bio-ph
1309,10511,0.0,0,physics.bio-ph
2162,13069,0.0,0,physics.bio-ph
372,4204,0.0,0,physics.bio-ph
5427,5983,0.0,0,physics.bio-ph
2873,13328,0.0,0,physics.bio-ph
12871,14467,0.0,0,physics.bio-ph
5018,11395,0.0,0,physics.bio-ph
958,1048,0.0,0,physics.bio-ph
1973,2445,0.0,0,physics.bio-ph
12288,13490,0.0,0,physics.bio-ph
2358,4093,0.0,0,physics.bio-ph
6377,13178,0.0,0,physics.bio-ph
13500,13595,0.0,0,physics.bio-ph
12574,13277,0.0,0,physics.bio-ph
4882,5393,0.0,0,physics.bio-ph
763,3033,0.0,0,physics.bio-ph
220,5229,0.0,0,physics.bio-ph
37,5382,0.0,0,physics.bio-ph
560,13547,0.0,0,physics.bio-ph
3163,3852,0.0,0,physics.bio-ph
3082,9813,0.0,0,physics.bio-ph
9439,9440,1.3426824550040934,1,math-ph
6412,6413,0.0,1,math-ph
1252,1668,0.9102392266268373,1,math-ph
642,645,0.9102392266268373,1,math-ph
2519,3118,0.5581106265512472,1,math-ph
1239,6163,0.0,1,math-ph
9325,9326,1.8375687735469761,1,math-ph
366,368,2.252921681630931,1,math-ph
14454,14455,2.541825973698156,1,math-ph
5688,7440,0.0,1,math-ph
7279,7280,0.0,1,math-ph
11994,11995,1.8204784532536746,1,math-ph
202,203,1.4426950408889634,1,math-ph
11747,11750,2.252921681630931,1,math-ph
14429,14435,0.0,1,math-ph
4114,10913,0.0,1,math-ph
9437,9438,2.252921681630931,1,math-ph
12123,12125,0.7213475204444817,1,math-ph
5927,5928,2.8853900817779268,1,math-ph
11748,11750,1.3426824550040934,1,math-ph
3874,3875,0.0,1,math-ph
11747,11748,1.3426824550040934,1,math-ph
2168,2170,0.0,1,math-ph
2017,2018,1.6743318796537416,1,math-ph
12123,12126,0.7213475204444817,1,math-ph
991,3118,2.747808000173814,1,math-ph
992,3118,1.1162212531024944,1,math-ph
2013,13250,0.0,1,math-ph
2939,2942,2.164042561333445,1,math-ph
2166,2167,1.4426950408889634,1,math-ph
6012,6014,0.0,1,math-ph
12044,12046,1.631586747071319,1,math-ph
5739,10079,1.4426950408889634,1,math-ph
75,78,0.7213475204444817,1,math-ph
450,1291,0.0,1,math-ph
9436,9440,2.152909095746061,1,math-ph
600,601,0.0,1,math-ph
1211,3119,1.8375687735469761,1,math-ph
99,2477,0.0,1,math-ph
5924,14471,0.0,1,math-ph
2168,2169,1.4426950408889634,1,math-ph
11991,11994,1.8204784532536746,1,math-ph
5688,7439,0.0,1,math-ph
9436,9439,0.6213349345596119,1,math-ph
374,426,0.0,1,math-ph
6013,6014,0.0,1,math-ph
8992,8994,1.4426950408889634,1,math-ph
11479,12061,1.4426950408889634,1,math-ph
9435,9437,1.3426824550040934,1,math-ph
1521,9326,1.1162212531024944,1,math-ph
12060,12061,0.0,1,math-ph
2236,3762,0.9102392266268373,1,math-ph
638,839,1.531574161186449,1,math-ph
1374,1375,3.263173494142638,1,math-ph
6011,6012,1.4426950408889634,1,math-ph
1784,3261,1.4426950408889634,1,math-ph
12864,12865,0.7213475204444817,1,math-ph
11748,11751,0.6213349345596119,1,math-ph
1954,2631,1.4426950408889634,1,math-ph
2169,2170,1.4426950408889634,1,math-ph
3873,3875,1.4426950408889634,1,math-ph
627,4070,0.0,1,math-ph
8919,8920,2.541825973698156,1,math-ph
364,367,1.3426824550040934,1,math-ph
795,3290,0.9102392266268373,1,math-ph
2683,5898,2.8853900817779268,1,math-ph
643,645,0.9102392266268373,1,math-ph
3733,14435,0.0,1,math-ph
2940,2942,1.4426950408889634,1,math-ph
992,3119,1.6743318796537416,1,math-ph
992,1211,1.1162212531024944,1,math-ph
1251,1252,0.6213349345596119,1,math-ph
8932,8934,0.9102392266268373,1,math-ph
3259,3260,1.4426950408889634,1,math-ph
2519,3120,1.1162212531024944,1,math-ph
2495,9798,0.0,1,math-ph
76,78,0.0,1,math-ph
512,2463,1.4426950408889634,1,math-ph
7280,12060,1.4426950408889634,1,math-ph
8064,8113,0.0,1,math-ph
14422,14435,0.0,1,math-ph
9435,9436,1.2426698691192237,1,math-ph
1784,3259,0.0,1,math-ph
6687,6689,0.0,1,math-ph
254,255,1.4426950408889634,1,math-ph
1211,2519,0.5581106265512472,1,math-ph
4461,13649,1.631586747071319,1,math-ph
8534,8535,1.4426950408889634,1,math-ph
4478,9686,1.8204784532536746,1,math-ph
2938,2941,3.263173494142638,1,math-ph
10545,10546,1.4426950408889634,1,math-ph
13647,13648,1.3426824550040934,1,math-ph
2018,2484,2.2956668142133534,1,math-ph
14449,14450,0.0,1,math-ph
2523,2524,1.4426950408889634,1,math-ph
12043,12044,0.7213475204444817,1,math-ph
636,1668,1.8204784532536746,1,math-ph
709,4774,1.8204784532536746,1,math-ph
5924,8113,0.9102392266268373,1,math-ph
3761,3763,2.352934267515801,1,math-ph
1477,14458,1.8204784532536746,1,math-ph
2519,3119,1.1162212531024944,1,math-ph
625,818,1.4426950408889634,1,math-ph
604,8113,0.0,1,math-ph
364,366,1.3426824550040934,1,math-ph
99,7674,0.0,1,math-ph
9323,9324,1.8375687735469761,1,math-ph
76,77,2.164042561333445,1,math-ph
14422,14429,1.391137573589825,1,math-ph
6687,6688,0.0,1,math-ph
3290,12841,0.9102392266268373,1,math-ph
604,8114,1.4683498531780845,1,math-ph
367,369,2.252921681630931,1,math-ph
5249,5250,1.4426950408889634,1,math-ph
13647,13649,0.7213475204444817,1,math-ph
5929,5930,2.8853900817779268,1,math-ph
12042,12043,1.631586747071319,1,math-ph
8932,8933,0.9102392266268373,1,math-ph
1375,7288,0.0,0,math-ph
3261,12042,0.0,0,math-ph
4114,14371,0.0,0,math-ph
3608,7439,0.0,0,math-ph
6415,9436,0.0,0,math-ph
8392,11354,0.0,0,math-ph
142,14382,0.0,0,math-ph
3261,9436,0.0,0,math-ph
253,12864,0.0,0,math-ph
645,2524,0.0,0,math-ph
148,12875,0.0,0,math-ph
241,3121,0.0,0,math-ph
426,2463,0.0,0,math-ph
450,6013,0.0,0,math-ph
480,2100,0.0,0,math-ph
638,2631,0.0,0,math-ph
968,4462,0.0,0,math-ph
219,14457,0.0,0,math-ph
1239,2463,0.0,0,math-ph
991,9323,0.0,0,math-ph
2167,2937,0.0,0,math-ph
4773,11479,0.0,0,math-ph
5924,14423,0.0,0,math-ph
2017,3932,0.0,0,math-ph
2522,9437,0.0,0,math-ph
3105,5727,0.0,0,math-ph
3932,10545,0.0,0,math-ph
7169,12709,0.0,0,math-ph
7288,9438,0.0,0,math-ph
14382,14435,0.0,0,math-ph
8992,11676,0.0,0,math-ph
3288,12877,0.0,0,math-ph
366,4071,0.0,0,math-ph
6012,14074,0.0,0,math-ph
147,201,0.0,0,math-ph
8534,11353,0.0,0,math-ph
77,12126,0.0,0,math-ph
1239,1784,0.0,0,math-ph
148,2170,0.0,0,math-ph
2169,6163,0.0,0,math-ph
426,995,0.0,0,math-ph
3118,5250,0.0,0,math-ph
427,14410,0.0,0,math-ph
8994,14357,0.0,0,math-ph
2524,3733,0.0,0,math-ph
78,11352,0.0,0,math-ph
342,10699,0.0,0,math-ph
2524,4773,0.0,0,math-ph
555,2441,0.0,0,math-ph
3287,9436,0.0,0,math-ph
76,426,0.0,0,math-ph
8114,11992,0.0,0,math-ph
2014,10913,0.0,0,math-ph
991,8920,0.0,0,math-ph
9685,9798,0.0,0,math-ph
1291,5353,0.0,0,math-ph
1070,2477,0.0,0,math-ph
365,11676,0.0,0,math-ph
6011,13649,0.0,0,math-ph
255,2484,0.0,0,math-ph
5925,8533,0.0,0,math-ph
5928,13062,0.0,0,math-ph
369,9934,0.0,0,math-ph
5249,8920,0.0,0,math-ph
5688,14425,0.0,0,math-ph
4773,7288,0.0,0,math-ph
147,10399,0.0,0,math-ph
4773,12877,0.0,0,math-ph
2941,14382,0.0,0,math-ph
2484,4243,0.0,0,math-ph
2496,3259,0.0,0,math-ph
6688,11677,0.0,0,math-ph
5928,6412,0.0,0,math-ph
2475,7278,0.0,0,math-ph
2169,9438,0.0,0,math-ph
8917,14371,0.0,0,math-ph
1993,8113,0.0,0,math-ph
1477,2013,0.0,0,math-ph
839,2464,0.0,0,math-ph
642,3637,0.0,0,math-ph
625,9326,0.0,0,math-ph
3931,5930,0.0,0,math-ph
241,11350,0.0,0,math-ph
2940,3734,0.0,0,math-ph
10913,12875,0.0,0,math-ph
3259,3331,0.0,0,math-ph
796,14296,0.0,0,math-ph
1993,14357,0.0,0,math-ph
7288,13354,0.0,0,math-ph
2166,14450,0.0,0,math-ph
366,13647,0.0,0,math-ph
601,11479,0.0,0,math-ph
8533,11677,0.0,0,math-ph
3749,6413,0.0,0,math-ph
427,14425,0.0,0,math-ph
9436,12060,0.0,0,math-ph
5930,10547,0.0,0,math-ph
12876,14424,0.0,0,math-ph
12042,13649,0.0,0,math-ph
366,7288,0.0,0,math-ph
555,2938,0.0,0,math-ph
13648,14449,0.0,0,math-ph
6014,10546,0.0,0,math-ph
626,14454,0.0,0,math-ph
364,2519,0.0,0,math-ph
344,11995,0.0,0,math-ph
74,1374,0.0,0,math-ph
643,4774,0.0,0,math-ph
2524,14422,0.0,0,math-ph
1237,4774,0.0,0,math-ph
2013,7439,0.0,0,math-ph
8535,12557,0.0,0,math-ph
7280,14422,0.0,0,math-ph
2939,5899,0.0,0,math-ph
3733,12709,0.0,0,math-ph
344,349,0.0,0,math-ph
3875,14425,0.0,0,math-ph
2014,9435,0.0,0,math-ph
428,9173,1.8203448290106672,1,math.OC
1,5298,0.0,1,math.OC
8823,8824,2.5283380868288523,1,math.OC
3443,3446,1.631586747071319,1,math.OC
7531,7532,0.0,1,math.OC
2836,2838,1.1556420023477334,1,math.OC
1315,1316,0.5581106265512472,1,math.OC
14188,14214,5.116440462313067,1,math.OC
1145,578,0.7722161091770795,1,math.OC
1412,1413,0.5581106265512472,1,math.OC
14201,14203,7.189881740710128,1,math.OC
8521,8524,1.072008968920998,1,math.OC
2124,2125,2.352934267515801,1,math.OC
4437,4438,2.1154635213872655,1,math.OC
1763,5645,1.0556294164628637,1,math.OC
906,907,0.7213475204444817,1,math.OC
14198,14223,5.438074073031309,1,math.OC
13945,13948,1.69334390348061,1,math.OC
1894,11980,1.4426950408889634,1,math.OC
420,1659,0.9273799996201022,1,math.OC
4235,4238,0.6213349345596119,1,math.OC
14220,14221,5.979106108150901,1,math.OC
13964,13967,0.9102392266268373,1,math.OC
14189,14198,7.169032018521837,1,math.OC
2091,4859,0.9796652872518105,1,math.OC
14194,14211,8.284341747696155,1,math.OC
412,10562,0.9102392266268373,1,math.OC
96,1661,1.0906168935133367,1,math.OC
11067,11071,2.0940436049256004,1,math.OC
1291,8493,2.360130484000325,1,math.OC
2945,2947,0.9102392266268373,1,math.OC
14191,14193,5.986810506932956,1,math.OC
172,3383,2.2374665584519624,1,math.OC
2367,3131,0.7213475204444817,1,math.OC
14214,14228,6.885648184592342,1,math.OC
4381,7791,0.7213475204444817,1,math.OC
48,1425,1.3176224332480841,1,math.OC
1164,1165,0.0,1,math.OC
9988,14208,5.635194773021452,1,math.OC
201,1047,0.0,1,math.OC
382,9533,0.0,1,math.OC
781,1069,0.7213475204444817,1,math.OC
10062,10063,2.8853900817779268,1,math.OC
165,168,1.631586747071319,1,math.OC
9834,14204,7.450321803115,1,math.OC
13966,13967,0.9102392266268373,1,math.OC
2920,3241,0.9102392266268373,1,math.OC
1947,1949,2.112485094034307,1,math.OC
2632,5581,1.8204784532536746,1,math.OC
1001,6576,0.7213475204444817,1,math.OC
1291,1359,0.5581106265512472,1,math.OC
14193,14224,5.442055185442339,1,math.OC
172,887,1.6491316192991132,1,math.OC
14196,14220,4.528371229134988,1,math.OC
90,1484,1.631586747071319,1,math.OC
2091,3321,2.4223603281407735,1,math.OC
112,592,0.7213475204444817,1,math.OC
460,461,0.0,1,math.OC
96,1315,1.4426950408889634,1,math.OC
9988,14225,6.249816606253699,1,math.OC
10049,10050,1.4426950408889634,1,math.OC
11439,11440,1.4426950408889634,1,math.OC
591,4096,0.45511961331341866,1,math.OC
3131,4393,0.0,1,math.OC
450,452,0.25831776680732876,1,math.OC
48,1484,0.7213475204444817,1,math.OC
4481,6621,1.7339017171089257,1,math.OC
12047,12048,0.9102392266268373,1,math.OC
5499,5501,1.631586747071319,1,math.OC
14148,14149,1.4426950408889634,1,math.OC
14196,14218,5.94460326356671,1,math.OC
360,5757,1.4426950408889634,1,math.OC
14215,14219,4.845792894177139,1,math.OC
842,2002,0.0,1,math.OC
5498,5500,1.531574161186449,1,math.OC
13950,13951,1.7933564893654796,1,math.OC
14192,14225,4.832543214208609,1,math.OC
608,609,1.1237771248263264,1,math.OC
8823,11067,1.6561860820911876,1,math.OC
416,1710,0.9605402309330919,1,math.OC
14197,14208,6.536433980154016,1,math.OC
5485,5486,0.43429448190325176,1,math.OC
9834,14186,6.9319274840059375,1,math.OC
5484,5485,0.9151928288662396,1,math.OC
14200,14217,7.399232590310122,1,math.OC
14186,14212,6.27138811918056,1,math.OC
14190,14214,5.987587618841836,1,math.OC
1545,14079,1.2352458628142324,1,math.OC
9988,14202,5.957883088324818,1,math.OC
14097,14100,0.9102392266268373,1,math.OC
14187,14197,7.394988485236566,1,math.OC
14215,14227,5.735491275558149,1,math.OC
260,2208,0.9102392266268373,1,math.OC
1150,1148,0.0,1,math.OC
5699,5700,0.9102392266268373,1,math.OC
14188,14199,5.924793054383404,1,math.OC
1262,2091,0.0,1,math.OC
172,687,0.7213475204444817,1,math.OC
766,10372,0.0,1,math.OC
14195,14219,5.378051541599281,1,math.OC
9443,9444,2.358891122221718,1,math.OC
5654,7507,0.40242960438184466,1,math.OC
4093,5825,0.9102392266268373,1,math.OC
257,14231,1.8204784532536746,1,math.OC
14199,14229,6.848766525332265,1,math.OC
14206,14223,7.377113585752852,1,math.OC
1809,3802,0.6213349345596119,1,math.OC
1282,1283,0.0,1,math.OC
293,295,2.541825973698156,1,math.OC
17,132,1.4426950408889634,1,math.OC
14216,14230,7.979962492685857,1,math.OC
999,6576,0.7213475204444817,1,math.OC
42,585,0.0,1,math.OC
298,3190,2.8853900817779268,1,math.OC
412,4643,0.43429448190325176,1,math.OC
481,1946,1.179445561110859,1,math.OC
5404,5407,3.0742817879602824,1,math.OC
14253,14255,3.263173494142638,1,math.OC
14194,14204,6.8470372271873305,1,math.OC
38,3464,0.7213475204444817,1,math.OC
6928,10492,0.0,1,math.OC
5073,5503,1.8235808019670814,1,math.OC
304,10700,1.4426950408889634,1,math.OC
14190,14207,7.7112794647293255,1,math.OC
481,3387,1.531574161186449,1,math.OC
1385,2577,0.29120667621996243,1,math.OC
2246,2247,1.4426950408889634,1,math.OC
684,1155,1.4426950408889634,1,math.OC
14192,14197,6.246777686556176,1,math.OC
671,1519,1.007347187947156,1,math.OC
12459,14027,0.9102392266268373,1,math.OC
3375,2836,0.0,1,math.OC
14185,14223,6.83992880299348,1,math.OC
218,7791,4.697837418157624,1,math.OC
14202,14220,5.127474539837359,1,math.OC
931,3460,0.0,1,math.OC
4440,4616,1.7375561876621062,1,math.OC
14195,14206,6.5046032980560655,1,math.OC
597,870,1.7491442051839832,1,math.OC
9917,13954,0.6213349345596119,1,math.OC
9988,14196,7.393663313846028,1,math.OC
1949,2114,0.0,1,math.OC
96,3328,1.3426824550040934,1,math.OC
14191,14192,4.263658127448756,1,math.OC
14188,14220,4.545663270041828,1,math.OC
11907,11909,1.4426950408889634,1,math.OC
14207,14228,7.731882277653984,1,math.OC
901,876,1.4212329444320368,1,math.OC
1492,1494,1.8204784532536746,1,math.OC
5324,5325,1.4426950408889634,1,math.OC
14188,14219,6.80880991245559,1,math.OC
660,2667,1.5063034508242497,1,math.OC
4237,4239,0.0,1,math.OC
4236,4237,0.0,1,math.OC
14198,14225,5.453542086138627,1,math.OC
7811,7812,0.9102392266268373,1,math.OC
1327,2665,1.7933564893654796,1,math.OC
3842,4104,0.7213475204444817,1,math.OC
13959,13960,0.7213475204444817,1,math.OC
3659,3660,0.0,1,math.OC
14199,14205,8.014957285712244,1,math.OC
8450,8451,0.5138983423697507,1,math.OC
7791,11362,1.7235682160822114,1,math.OC
14204,14226,8.590583872972946,1,math.OC
14200,14205,6.274949163313406,1,math.OC
217,1383,0.6604760492888175,1,math.OC
9444,9448,2.358891122221718,1,math.OC
2007,7709,1.7161442097772202,1,math.OC
890,1758,1.4426950408889634,1,math.OC
1653,1654,1.4426950408889634,1,math.OC
6528,6529,0.9102392266268373,1,math.OC
14057,14059,0.9102392266268373,1,math.OC
105,2070,1.4683498531780845,1,math.OC
14222,14224,5.9756787973371965,1,math.OC
9988,14219,5.942083667120015,1,math.OC
4684,6547,0.0,1,math.OC
14130,14131,1.8204784532536746,1,math.OC
3871,3872,0.0,1,math.OC
73,2474,0.0,1,math.OC
14198,14228,7.166224590946593,1,math.OC
14222,14225,5.946509236242397,1,math.OC
14185,14206,7.10962081320648,1,math.OC
412,8512,0.0,1,math.OC
1963,3670,0.32351545314867247,1,math.OC
14188,14223,5.939271911858746,1,math.OC
2675,9557,1.344533708530089,1,math.OC
1599,5563,0.0,1,math.OC
5020,10840,0.7213475204444817,1,math.OC
5640,5643,1.179445561110859,1,math.OC
4381,8694,0.7213475204444817,1,math.OC
11798,11799,1.8204784532536746,1,math.OC
1950,1953,0.7213475204444817,1,math.OC
8525,8526,1.8565807973738444,1,math.OC
13370,13371,0.0,1,math.OC
14189,14229,6.58249210878423,1,math.OC
2680,7418,1.631586747071319,1,math.OC
2367,6221,0.0,1,math.OC
14209,14229,6.273447136880894,1,math.OC
14190,14200,5.972310258142877,1,math.OC
11954,11955,0.0,1,math.OC
14184,14224,6.252554658053287,1,math.OC
14192,14218,3.9606539372177374,1,math.OC
1,13971,1.3426824550040934,1,math.OC
5572,5573,2.541825973698156,1,math.OC
218,2577,1.2014459028467996,1,math.OC
14254,14256,1.8204784532536746,1,math.OC
2441,5642,0.5581106265512472,1,math.OC
1808,1809,2.974269202075413,1,math.OC
14194,14195,6.274329729388534,1,math.OC
14212,14224,5.676488346895039,1,math.OC
1362,1363,0.7213475204444817,1,math.OC
38,11718,0.9102392266268373,1,math.OC
132,13989,0.0,1,math.OC
9988,14229,5.685049663814801,1,math.OC
590,591,2.112485094034307,1,math.OC
14201,14209,8.022899945003868,1,math.OC
1746,13117,0.9102392266268373,1,math.OC
14194,14198,6.9002226098389725,1,math.OC
14207,14223,7.428277745898853,1,math.OC
14194,14229,6.866868479210603,1,math.OC
3382,3383,0.5138983423697507,1,math.OC
14200,14220,4.82911343472611,1,math.OC
729,804,6.529325415638235,1,math.OC
14195,14224,5.390370514168587,1,math.OC
9533,9534,0.0,1,math.OC
2844,3227,0.0,1,math.OC
9834,14192,6.0180328079512115,1,math.OC
6773,8667,2.8853900817779268,1,math.OC
172,2640,1.3624542153757049,1,math.OC
477,3692,0.0,1,math.OC
412,2674,1.344533708530089,1,math.OC
36,1196,0.0,1,math.OC
96,1316,0.0,1,math.OC
207,572,2.0008056674402104,1,math.OC
474,1335,1.4426950408889634,1,math.OC
14192,14224,5.1445141554458615,1,math.OC
105,106,2.1896973736225664,1,math.OC
450,451,0.25831776680732876,1,math.OC
2171,4104,0.7213475204444817,1,math.OC
14202,14212,6.24214603360243,1,math.OC
14197,14220,4.843685973121789,1,math.OC
9834,14212,7.421564644571488,1,math.OC
6202,6205,1.8640048036788355,1,math.OC
317,13874,0.0,1,math.OC
14225,14230,5.953717069708498,1,math.OC
251,1426,0.8833279513448324,1,math.OC
4810,13989,1.4426950408889634,1,math.OC
7828,7829,1.8204784532536746,1,math.OC
1724,6918,0.0,1,math.OC
14210,14226,7.696998596843494,1,math.OC
14203,14229,4.864112473013455,1,math.OC
2731,7242,0.0,1,math.OC
5975,9134,1.4426950408889634,1,math.OC
607,6723,1.531574161186449,1,math.OC
578,1518,0.7722161091770795,1,math.OC
4394,2367,1.531574161186449,1,math.OC
14202,14224,5.690921125757645,1,math.OC
14184,14194,7.426451201644803,1,math.OC
53,2803,0.0,1,math.OC
14197,14227,6.551499365146758,1,math.OC
1328,14235,0.0,1,math.OC
11068,11069,1.6561860820911876,1,math.OC
4241,4243,1.4426950408889634,1,math.OC
14210,14214,6.013005543234832,1,math.OC
14193,14211,7.1568004163581715,1,math.OC
14195,14220,5.394116581035417,1,math.OC
592,1961,1.0237645389414565,1,math.OC
14205,14222,7.114047308145934,1,math.OC
14202,14209,5.9517515146910975,1,math.OC
14187,14218,6.267245638046552,1,math.OC
10060,10061,2.352934267515801,1,math.OC
370,2400,2.911044894067048,1,math.OC
3525,6288,0.930930733793997,1,math.OC
1809,3803,0.0,1,math.OC
585,4607,0.0,1,math.OC
888,1765,0.0,1,math.OC
4656,4658,0.5581106265512472,1,math.OC
1575,13895,0.9102392266268373,1,math.OC
14213,14230,5.087738900639356,1,math.OC
4261,10492,0.0,1,math.OC
14206,14214,6.537592177944728,1,math.OC
2197,2198,0.6213349345596119,1,math.OC
5020,5022,0.7213475204444817,1,math.OC
1710,7880,0.9605402309330919,1,math.OC
14056,14057,0.9102392266268373,1,math.OC
14185,14205,6.892016753515485,1,math.OC
4235,4237,0.0,1,math.OC
6964,8472,0.0,1,math.OC
4234,4237,1.4426950408889634,1,math.OC
53,1385,0.7213475204444817,1,math.OC
9902,9903,0.48089834696298783,1,math.OC
300,2836,0.0,1,math.OC
9460,14171,1.631586747071319,1,math.OC
251,382,1.3642262983078204,1,math.OC
7543,9212,0.0,1,math.OC
6673,11067,1.6770112135013542,1,math.OC
412,8513,0.43429448190325176,1,math.OC
4533,8512,0.43429448190325176,1,math.OC
9266,14139,2.2956668142133534,1,math.OC
1081,1867,0.5581106265512472,1,math.OC
14193,14199,6.57332318986337,1,math.OC
710,711,0.0,1,math.OC
807,2844,0.40242960438184466,1,math.OC
7332,7335,0.0,1,math.OC
14191,14200,6.557121550899189,1,math.OC
10059,10061,0.9102392266268373,1,math.OC
13899,13900,0.0,1,math.OC
14202,14215,3.9773969154451096,1,math.OC
317,591,0.0,1,math.OC
14186,14217,7.142564339201747,1,math.OC
1809,14114,0.0,1,math.OC
2009,4067,0.0,1,math.OC
218,219,1.3632156451409605,1,math.OC
13946,13950,0.5138983423697507,1,math.OC
14212,14214,6.551937175369259,1,math.OC
13905,13906,1.4426950408889634,1,math.OC
428,11068,2.254639310913919,1,math.OC
2274,2789,0.5138983423697507,1,math.OC
9834,14189,8.334200862364796,1,math.OC
1587,2070,0.5581106265512472,1,math.OC
1621,434,0.0,1,math.OC
9173,11069,1.7357899425576864,1,math.OC
19,13920,0.0,1,math.OC
5480,5481,1.8204784532536746,1,math.OC
1548,1917,0.5581106265512472,1,math.OC
14189,14192,5.988863246856413,1,math.OC
3057,4859,2.2405659623551637,1,math.OC
1193,1195,0.5138983423697507,1,math.OC
14212,14213,6.523790469532027,1,math.OC
209,3979,0.6213349345596119,1,math.OC
1548,1916,0.5581106265512472,1,math.OC
6285,6286,0.0,1,math.OC
766,2340,0.0,1,math.OC
1621,5150,2.0340163514531637,1,math.OC
1587,2071,1.039008973514235,1,math.OC
3568,3670,0.32351545314867247,1,math.OC
14184,14216,8.868916616523313,1,math.OC
354,355,0.0,1,math.OC
2686,5792,0.9102392266268373,1,math.OC
14206,14220,5.692988275424449,1,math.OC
8523,8527,1.6933439034806097,1,math.OC
14195,14221,7.3916629110078595,1,math.OC
172,864,1.3580086364236723,1,math.OC
172,5913,0.5138983423697507,1,math.OC
6918,6964,0.0,1,math.OC
2226,2227,0.0,1,math.OC
14208,14209,6.817606713296406,1,math.OC
14190,14212,6.80946715154581,1,math.OC
14215,14218,4.571560099952286,1,math.OC
583,3670,0.663138725043781,1,math.OC
14186,14196,5.1254129932142005,1,math.OC
172,4394,2.889582797610122,1,math.OC
14190,14218,6.540825855704763,1,math.OC
14188,14215,4.256619338419359,1,math.OC
9834,14222,6.844272602400536,1,math.OC
1150,4166,2.301376800216662,1,math.OC
14197,14224,5.111402704046404,1,math.OC
1196,1746,1.8204784532536746,1,math.OC
13929,14175,0.0,1,math.OC
1952,1965,0.7213475204444817,1,math.OC
218,4381,0.7213475204444817,1,math.OC
914,5751,1.631586747071319,1,math.OC
578,8169,0.25831776680732876,1,math.OC
14209,14230,7.111636576943661,1,math.OC
589,593,1.384486245488263,1,math.OC
14204,14210,6.262768364013865,1,math.OC
14187,14199,7.987609398429666,1,math.OC
1838,1840,0.43429448190325176,1,math.OC
2675,8513,0.8685889638065035,1,math.OC
3326,8027,2.8489859058283433,1,math.OC
46,47,0.45511961331341866,1,math.OC
1339,1340,1.8204784532536746,1,math.OC
508,509,0.0,1,math.OC
412,9557,0.43429448190325176,1,math.OC
2639,4837,0.6213349345596119,1,math.OC
2797,5760,2.0640299754485754,1,math.OC
218,5072,0.7213475204444817,1,math.OC
1196,1194,1.4426950408889634,1,math.OC
2446,2814,2.2072422458503604,1,math.OC
1004,1006,1.4426950408889634,1,math.OC
407,54,1.9462447275154438,1,math.OC
5654,10655,0.0,1,math.OC
592,615,1.0237645389414565,1,math.OC
1711,2803,0.6604760492888175,1,math.OC
14214,14225,6.293844818170586,1,math.OC
13945,13949,2.603583130107447,1,math.OC
14219,14227,7.142410266414301,1,math.OC
4240,4245,1.4426950408889634,1,math.OC
3789,3792,0.9102392266268373,1,math.OC
72,3483,0.0,1,math.OC
876,5590,1.424137568996588,1,math.OC
5021,6337,0.5581106265512472,1,math.OC
10059,10062,0.0,1,math.OC
9988,14228,7.978582379018642,1,math.OC
420,1661,0.36926937306885504,1,math.OC
3482,3483,0.0,1,math.OC
1876,2386,2.352934267515801,1,math.OC
861,864,1.3580086364236723,1,math.OC
4655,4656,1.179445561110859,1,math.OC
4685,6547,0.0,1,math.OC
5919,5791,0.5138983423697507,1,math.OC
14058,14060,0.9102392266268373,1,math.OC
14193,14195,5.394362072242773,1,math.OC
683,10492,0.0,1,math.OC
14202,14211,6.536910262013501,1,math.OC
434,1150,1.039008973514235,1,math.OC
9988,14220,5.408422197846963,1,math.OC
37,867,1.072008968920998,1,math.OC
14200,14215,4.2895531949018295,1,math.OC
14215,14217,5.0960627097881215,1,math.OC
1911,14055,2.164042561333445,1,math.OC
14208,14213,6.840443382484435,1,math.OC
209,211,2.8853900817779268,1,math.OC
4653,4658,1.800780495670471,1,math.OC
14205,14226,7.741005816398681,1,math.OC
14200,14221,7.107061563698961,1,math.OC
14190,14203,5.998531725319606,1,math.OC
1168,3382,1.2065105910803313,1,math.OC
1948,2115,1.279458146995729,1,math.OC
37,2815,0.6213349345596119,1,math.OC
14192,14228,5.705612994693094,1,math.OC
3505,3507,1.8204784532536746,1,math.OC
1356,3569,1.7451120593859382,1,math.OC
229,230,1.8204784532536746,1,math.OC
2009,4068,0.0,1,math.OC
6489,6491,1.013230239864666,1,math.OC
1457,12040,1.4426950408889634,1,math.OC
39,40,2.7810186841867663,1,math.OC
5465,5466,1.9640173895637054,1,math.OC
53,3257,0.7213475204444817,1,math.OC
14200,14230,6.850026937109048,1,math.OC
1020,6288,0.0,1,math.OC
14186,14199,6.868739083904619,1,math.OC
3601,3603,1.4426950408889634,1,math.OC
8947,8948,0.0,1,math.OC
14215,14222,4.849278595452042,1,math.OC
2666,2667,2.416542677451087,1,math.OC
14185,14207,8.034745290894609,1,math.OC
474,1577,0.0,1,math.OC
14191,14201,6.8643933555928625,1,math.OC
14215,14230,4.551461982659942,1,math.OC
1704,6734,1.4426950408889634,1,math.OC
14186,14187,6.612672413983507,1,math.OC
14196,14229,6.252677514960387,1,math.OC
172,671,1.9175864145739934,1,math.OC
5021,6311,1.9007930815553407,1,math.OC
591,2943,1.2352458628142324,1,math.OC
3256,3257,0.6213349345596119,1,math.OC
428,887,0.0,1,math.OC
3254,3258,1.531574161186449,1,math.OC
1839,1840,0.9151928288662396,1,math.OC
14203,14212,5.67800541951679,1,math.OC
862,864,0.7998980098724251,1,math.OC
7295,8268,1.8204784532536746,1,math.OC
408,7332,0.9102392266268373,1,math.OC
46,2634,0.0,1,math.OC
4093,4095,1.0448629735931543,1,math.OC
3380,172,3.1477057850787995,1,math.OC
8566,8567,2.164042561333445,1,math.OC
217,1384,0.29120667621996243,1,math.OC
1903,6648,1.2795085996956923,1,math.OC
14193,14206,6.531091338835326,1,math.OC
698,702,1.631586747071319,1,math.OC
14198,14230,6.2848674665290885,1,math.OC
13946,13948,0.5138983423697507,1,math.OC
1196,10099,0.9102392266268373,1,math.OC
13919,13920,0.0,1,math.OC
10108,10110,0.0,1,math.OC
41,112,0.9102392266268373,1,math.OC
1484,1661,1.0906168935133367,1,math.OC
14191,14216,7.418437404944249,1,math.OC
14218,14229,6.837264948313228,1,math.OC
2939,12852,1.4426950408889634,1,math.OC
2917,4678,1.4426950408889634,1,math.OC
14199,14203,7.158938416178974,1,math.OC
3380,3383,2.2374665584519624,1,math.OC
8824,11067,2.5283380868288523,1,math.OC
660,1327,1.072008968920998,1,math.OC
8451,8452,1.0277966847395015,1,math.OC
14191,14229,5.998136141410363,1,math.OC
3328,5073,0.6213349345596119,1,math.OC
2695,2696,0.0,1,math.OC
14184,14226,8.306673670981331,1,math.OC
591,4094,1.897814654202382,1,math.OC
8321,8320,1.4426950408889634,1,math.OC
14208,14211,7.122104331109461,1,math.OC
8524,8527,1.6933439034806097,1,math.OC
9988,14217,7.647853602303627,1,math.OC
478,3692,0.0,1,math.OC
10711,10712,2.164042561333445,1,math.OC
14197,14204,7.707212062510765,1,math.OC
412,9558,0.43429448190325176,1,math.OC
791,2125,0.9102392266268373,1,math.OC
1807,3803,1.4683498531780845,1,math.OC
808,1572,1.9235933878519513,1,math.OC
14220,14222,5.122741286397413,1,math.OC
14186,14222,6.550685973895882,1,math.OC
434,3446,0.7213475204444817,1,math.OC
4238,4239,0.6213349345596119,1,math.OC
671,5759,1.631586747071319,1,math.OC
10108,10109,0.0,1,math.OC
3257,3258,1.3426824550040934,1,math.OC
159,5081,1.531574161186449,1,math.OC
4055,8485,1.4426950408889634,1,math.OC
12047,12050,0.9102392266268373,1,math.OC
1009,5500,2.4418133878132866,1,math.OC
14204,14221,7.107686831000041,1,math.OC
2006,7708,2.5676047073477255,1,math.OC
14191,14215,5.159202055418796,1,math.OC
6275,6277,1.4426950408889634,1,math.OC
2026,2024,0.7213475204444817,1,math.OC
591,1962,1.7769769369073452,1,math.OC
2637,3750,1.441278341989853,1,math.OC
684,13371,0.0,1,math.OC
14219,14220,5.967401828626738,1,math.OC
1168,1167,1.1962388941295117,1,math.OC
7810,7811,0.9102392266268373,1,math.OC
5110,5111,0.5581106265512472,1,math.OC
14191,14205,7.139391015113085,1,math.OC
14211,14214,6.279435322214927,1,math.OC
452,2639,1.279458146995729,1,math.OC
592,4095,0.7213475204444817,1,math.OC
407,220,1.9462447275154438,1,math.OC
426,12271,1.4426950408889634,1,math.OC
4093,9659,0.3396232718951086,1,math.OC
2091,3284,0.0,1,math.OC
12460,14027,0.9102392266268373,1,math.OC
213,760,3.263173494142638,1,math.OC
14227,14228,7.135596002011686,1,math.OC
9834,14194,7.45215855097918,1,math.OC
14201,14204,7.711735241286474,1,math.OC
14186,14200,5.707136337945649,1,math.OC
9173,11064,3.0422364291986033,1,math.OC
14174,14175,1.4426950408889634,1,math.OC
726,727,0.0,1,math.OC
4657,4658,1.800780495670471,1,math.OC
13964,13966,0.9102392266268373,1,math.OC
14202,14210,5.95319164701544,1,math.OC
800,5490,0.0,1,math.OC
14193,14218,5.98751419006355,1,math.OC
412,4132,1.344533708530089,1,math.OC
270,11997,0.6213349345596119,1,math.OC
428,5974,0.0,1,math.OC
13945,13950,1.072008968920998,1,math.OC
14201,14218,6.837776810595298,1,math.OC
14113,14114,0.5581106265512472,1,math.OC
4653,4656,1.179445561110859,1,math.OC
14198,14202,4.8416556574554255,1,math.OC
591,592,8.885283208680095,1,math.OC
3543,4061,0.6058646566640873,1,math.OC
901,4392,1.058215776679754,1,math.OC
887,3340,0.0,1,math.OC
1946,1949,0.0,1,math.OC
5498,13960,1.4426950408889634,1,math.OC
809,938,0.40242960438184466,1,math.OC
5323,5327,1.631586747071319,1,math.OC
2334,3736,0.0,1,math.OC
428,11067,1.4094374998787453,1,math.OC
14185,14193,6.30670232690076,1,math.OC
14212,14225,6.244745965137725,1,math.OC
13974,13976,1.4426950408889634,1,math.OC
14204,14215,4.285293549927519,1,math.OC
5872,5873,1.4426950408889634,1,math.OC
14196,14215,4.845336326922074,1,math.OC
7161,8587,0.0,1,math.OC
1317,9421,1.631586747071319,1,math.OC
14190,14222,6.519323238692025,1,math.OC
2676,4131,1.9848102169089978,1,math.OC
6673,11069,1.2218916001879356,1,math.OC
5463,5464,1.9640173895637054,1,math.OC
942,944,0.0,1,math.OC
14202,14227,6.575656575646106,1,math.OC
3789,3791,0.9102392266268373,1,math.OC
8823,11065,2.5283380868288523,1,math.OC
6990,6991,0.5581106265512472,1,math.OC
14193,14221,6.84564719943409,1,math.OC
14220,14224,5.709569136224158,1,math.OC
87,791,0.0,1,math.OC
2357,2979,1.4426950408889634,1,math.OC
37,2816,0.0,1,math.OC
215,216,1.5499038432583572,1,math.OC
1547,1913,1.179445561110859,1,math.OC
54,4104,0.7213475204444817,1,math.OC
1228,2441,0.0,1,math.OC
14210,14223,6.561870522998397,1,math.OC
220,1384,0.6058646566640873,1,math.OC
14184,14219,6.552860965745262,1,math.OC
14214,14223,6.308000690157038,1,math.OC
14220,14230,5.6634781247446355,1,math.OC
4605,4607,0.0,1,math.OC
14196,14222,6.528344490415026,1,math.OC
14211,14218,7.123938247533705,1,math.OC
2442,5643,0.5581106265512472,1,math.OC
14188,14192,4.834522822873435,1,math.OC
578,1416,0.9102392266268373,1,math.OC
53,54,0.7213475204444817,1,math.OC
14188,14213,5.6823662359205835,1,math.OC
132,1017,0.7213475204444817,1,math.OC
578,13116,1.1685569934341662,1,math.OC
112,593,1.0448629735931543,1,math.OC
4095,4096,0.7213475204444817,1,math.OC
14184,14185,7.174352608637631,1,math.OC
733,5374,0.0,1,math.OC
862,863,2.130224745600752,1,math.OC
3254,3255,0.6213349345596119,1,math.OC
5539,5545,2.064029975448575,1,math.OC
781,1067,0.7213475204444817,1,math.OC
14215,14216,5.9773893023656495,1,math.OC
8524,8525,0.5138983423697507,1,math.OC
1819,6410,1.3426824550040934,1,math.OC
592,13874,0.0,1,math.OC
597,1890,0.7213475204444817,1,math.OC
14252,14256,1.8204784532536746,1,math.OC
14196,14210,5.946305305024278,1,math.OC
3750,6338,1.6933439034806097,1,math.OC
13954,13958,0.6213349345596119,1,math.OC
4392,13142,1.058215776679754,1,math.OC
14203,14220,5.164973512043531,1,math.OC
2441,2442,2.3785890798049216,1,math.OC
1921,1922,1.8204784532536746,1,math.OC
4210,4211,1.8204784532536746,1,math.OC
14197,14219,5.660955327113465,1,math.OC
172,861,3.051352539904282,1,math.OC
1227,1229,1.4426950408889634,1,math.OC
14185,14190,7.434229984576345,1,math.OC
9443,9448,2.358891122221718,1,math.OC
2286,2334,0.0,1,math.OC
14195,14215,4.002811685221688,1,math.OC
14216,14227,7.427614341345924,1,math.OC
2009,3189,0.0,1,math.OC
13,53,1.4426950408889634,1,math.OC
14200,14206,6.228016387039699,1,math.OC
10620,13989,0.0,1,math.OC
2275,1076,0.9102392266268373,1,math.OC
8268,8269,1.8204784532536746,1,math.OC
573,385,0.0,1,math.OC
2006,4615,0.45511961331341866,1,math.OC
14187,14227,7.138630692273444,1,math.OC
713,3786,0.5581106265512472,1,math.OC
14057,14060,0.0,1,math.OC
14192,14204,5.7091337128837605,1,math.OC
11954,11956,0.0,1,math.OC
13949,13950,1.072008968920998,1,math.OC
8664,8665,0.9102392266268373,1,math.OC
293,294,1.631586747071319,1,math.OC
172,11574,1.1352332769293625,1,math.OC
1763,1838,1.344533708530089,1,math.OC
2367,2855,0.5581106265512472,1,math.OC
14186,14206,6.560118999645051,1,math.OC
494,1313,0.5581106265512472,1,math.OC
14195,14200,6.548857256227375,1,math.OC
13946,13947,1.9565933832587141,1,math.OC
2731,7243,0.0,1,math.OC
1327,1328,1.7933564893654796,1,math.OC
1045,9809,0.6213349345596119,1,math.OC
428,11066,3.3708605640164135,1,math.OC
14186,14223,6.014476681549347,1,math.OC
14189,14197,6.829511583649917,1,math.OC
14195,14230,5.9669941519628535,1,math.OC
591,1876,3.8224494404635454,1,math.OC
942,943,0.0,1,math.OC
7647,7648,0.0,1,math.OC
698,699,2.541825973698156,1,math.OC
14217,14225,7.972277523077512,1,math.OC
14191,14199,7.690592591489476,1,math.OC
5544,5545,1.9640173895637054,1,math.OC
3284,3321,1.6933439034806097,1,math.OC
9403,14142,2.2956668142133534,1,math.OC
874,876,1.528669536621898,1,math.OC
10453,10454,0.0,1,math.OC
14224,14228,6.855924424171009,1,math.OC
7960,13117,0.5138983423697507,1,math.OC
3597,3599,2.9992380806081984,1,math.OC
14212,14215,4.262995052070696,1,math.OC
14189,14228,8.02561422017391,1,math.OC
14210,14213,6.298020492833185,1,math.OC
14211,14226,8.593751979361691,1,math.OC
14213,14229,5.9720852611306,1,math.OC
2540,5126,1.279458146995729,1,math.OC
8823,11068,2.111305695404606,1,math.OC
14192,14212,6.236728326936206,1,math.OC
764,2340,0.9102392266268373,1,math.OC
938,13900,0.0,1,math.OC
1195,7960,1.072008968920998,1,math.OC
14203,14226,6.877662518281357,1,math.OC
1338,1340,1.8204784532536746,1,math.OC
14191,14230,6.240225762219928,1,math.OC
5020,10300,1.2426698691192237,1,math.OC
14,1413,0.0,1,math.OC
53,3254,0.0,1,math.OC
37,745,0.0,1,math.OC
608,2816,1.4426950408889634,1,math.OC
657,13972,2.2547729351569266,1,math.OC
1150,1149,0.0,1,math.OC
1903,495,2.192850175035937,1,math.OC
14221,14230,7.085520186772792,1,math.OC
6529,6531,0.9102392266268373,1,math.OC
2273,2789,0.5138983423697507,1,math.OC
573,6737,1.631586747071319,1,math.OC
791,2124,0.9102392266268373,1,math.OC
2437,2438,1.4426950408889634,1,math.OC
14194,14202,5.967489556111841,1,math.OC
927,926,0.0,1,math.OC
3240,3241,0.0,1,math.OC
3205,5438,1.4426950408889634,1,math.OC
2318,14231,1.8204784532536746,1,math.OC
14196,14214,5.391307014467893,1,math.OC
8523,8525,0.5138983423697507,1,math.OC
657,13970,1.344533708530089,1,math.OC
1385,5741,0.8051050185897132,1,math.OC
14187,14203,6.002955346110856,1,math.OC
14185,14215,4.886384047451176,1,math.OC
4241,4245,0.7213475204444817,1,math.OC
54,3842,0.7213475204444817,1,math.OC
14190,14209,7.381446243431602,1,math.OC
578,5215,0.25831776680732876,1,math.OC
1963,1961,1.7815744739933805,1,math.OC
14192,14208,5.106500200155833,1,math.OC
1077,8073,0.0,1,math.OC
216,4381,0.0,1,math.OC
72,14054,1.8597274323132096,1,math.OC
6311,10300,0.6213349345596119,1,math.OC
412,8516,0.0,1,math.OC
38,6439,0.0,1,math.OC
14223,14225,6.291192566670814,1,math.OC
14191,14197,6.2590688090335895,1,math.OC
1385,1384,0.6058646566640873,1,math.OC
799,7562,0.0,1,math.OC
13115,14103,0.25831776680732876,1,math.OC
229,340,0.9102392266268373,1,math.OC
13970,13971,1.1556420023477334,1,math.OC
1359,1361,0.5581106265512472,1,math.OC
14192,14202,4.262049732590744,1,math.OC
2577,4061,0.29120667621996243,1,math.OC
1081,3979,0.0,1,math.OC
2944,2947,0.9102392266268373,1,math.OC
14199,14225,7.1333972870020865,1,math.OC
428,11070,2.812749937465166,1,math.OC
13954,13956,0.6213349345596119,1,math.OC
72,8663,0.0,1,math.OC
9236,9237,2.8853900817779268,1,math.OC
14211,14229,7.147750176934472,1,math.OC
291,4422,1.631586747071319,1,math.OC
3594,3598,2.9360137725998334,1,math.OC
1863,7352,1.3426824550040934,1,math.OC
5073,5072,0.7213475204444817,1,math.OC
804,2046,2.352934267515801,1,math.OC
14193,14214,6.286246124919508,1,math.OC
2006,4440,1.9007930815553407,1,math.OC
1211,5126,0.5581106265512472,1,math.OC
8664,8666,2.352934267515801,1,math.OC
172,1262,0.5138983423697507,1,math.OC
14187,14192,6.0014519471515015,1,math.OC
615,1327,1.072008968920998,1,math.OC
3596,3600,2.9360137725998334,1,math.OC
450,901,1.2273357224904982,1,math.OC
730,885,1.4426950408889634,1,math.OC
1913,1915,2.2956668142133534,1,math.OC
1291,11361,2.360130484000325,1,math.OC
7295,8269,1.8204784532536746,1,math.OC
2437,768,0.0,1,math.OC
11069,11071,1.6389239916121818,1,math.OC
14208,14228,7.123635622411866,1,math.OC
9834,14201,7.7432924967018915,1,math.OC
14194,14213,6.567219568825636,1,math.OC
450,14118,0.5138983423697507,1,math.OC
452,2641,0.9796652872518105,1,math.OC
9445,9446,3.2802638144359397,1,math.OC
1385,10566,1.8204784532536746,1,math.OC
14193,14213,5.434471228770365,1,math.OC
1413,1121,1.4426950408889634,1,math.OC
2506,2505,0.25831776680732876,1,math.OC
14202,14206,6.800420656205177,1,math.OC
7648,7649,0.0,1,math.OC
2835,2838,0.7213475204444817,1,math.OC
782,633,0.43429448190325176,1,math.OC
1211,2541,1.4683498531780845,1,math.OC
14198,14206,6.55747581590632,1,math.OC
1549,1914,1.9007930815553407,1,math.OC
251,1425,0.8833279513448324,1,math.OC
2674,4533,0.8685889638065035,1,math.OC
5913,4393,0.6213349345596119,1,math.OC
5668,6220,0.0,1,math.OC
14203,14230,6.280567529983015,1,math.OC
782,781,2.164042561333445,1,math.OC
9988,14224,5.977518684317486,1,math.OC
172,686,0.7213475204444817,1,math.OC
14192,14220,3.7102959940285984,1,math.OC
1765,5488,1.923593387851951,1,math.OC
3071,3073,4.516976828849246,1,math.OC
5485,5487,2.4467669900526885,1,math.OC
14194,14218,7.134402985562874,1,math.OC
459,461,0.0,1,math.OC
1262,2731,0.5581106265512472,1,math.OC
657,659,1.4426950408889634,1,math.OC
14189,14201,8.01693072659599,1,math.OC
14184,14215,5.417067575027297,1,math.OC
14188,14197,6.24241987635881,1,math.OC
2539,5126,0.5581106265512472,1,math.OC
6489,9721,1.013230239864666,1,math.OC
14185,14191,6.886602049765179,1,math.OC
591,7335,0.0,1,math.OC
14198,14201,6.914278902619753,1,math.OC
14202,14207,6.557917344844297,1,math.OC
14195,14205,5.9667015464385065,1,math.OC
14206,14219,6.774515089940688,1,math.OC
730,2835,1.631586747071319,1,math.OC
11954,12087,0.0,1,math.OC
395,9581,1.4426950408889634,1,math.OC
14190,14213,6.26045120549585,1,math.OC
4126,4128,1.4426950408889634,1,math.OC
1168,3381,1.927858111524813,1,math.OC
434,517,0.0,1,math.OC
1808,3802,0.6213349345596119,1,math.OC
4243,4244,0.7213475204444817,1,math.OC
3340,4261,2.8853900817779268,1,math.OC
507,1084,1.631586747071319,1,math.OC
4437,4439,1.590352890242781,1,math.OC
2041,8948,0.0,1,math.OC
14185,14187,7.433467774885755,1,math.OC
9834,14223,6.871329110853546,1,math.OC
14185,14227,6.900739502293314,1,math.OC
14206,14212,7.636832450959308,1,math.OC
14188,14203,5.402925281178605,1,math.OC
597,867,1.2352458628142324,1,math.OC
13681,13684,1.8204784532536746,1,math.OC
14196,14227,6.558071088109673,1,math.OC
730,14079,1.2352458628142324,1,math.OC
9988,14227,6.830510285286541,1,math.OC
132,5700,0.9102392266268373,1,math.OC
7335,7338,1.4426950408889634,1,math.OC
949,5374,0.0,1,math.OC
166,168,0.7213475204444817,1,math.OC
452,578,2.0516742561728085,1,math.OC
907,908,1.631586747071319,1,math.OC
8665,8666,0.9102392266268373,1,math.OC
1,136,0.0,1,math.OC
14196,14198,5.981618524827523,1,math.OC
860,864,1.3580086364236723,1,math.OC
1248,8028,2.2072422458503604,1,math.OC
14202,14222,5.67751695800886,1,math.OC
3380,727,1.4426950408889634,1,math.OC
291,294,1.4426950408889634,1,math.OC
14223,14229,5.11695268923081,1,math.OC
1168,3385,1.927858111524813,1,math.OC
14213,14218,6.26214536238702,1,math.OC
3254,3257,0.6213349345596119,1,math.OC
3255,3256,1.3426824550040934,1,math.OC
2191,2194,1.4426950408889634,1,math.OC
3870,3872,0.0,1,math.OC
300,2634,1.4426950408889634,1,math.OC
14208,14215,4.271365078416793,1,math.OC
14184,14189,7.421130144494054,1,math.OC
999,1000,2.352934267515801,1,math.OC
14189,14225,7.171650965742139,1,math.OC
14207,14210,7.456879866156108,1,math.OC
4261,11440,1.4426950408889634,1,math.OC
8521,8523,1.072008968920998,1,math.OC
4951,5913,1.424137568996588,1,math.OC
4035,8575,1.8235808019670814,1,math.OC
14217,14220,6.238016800425102,1,math.OC
1093,8027,2.2276509712687314,1,math.OC
14204,14208,6.855051663479861,1,math.OC
8823,9173,1.6770112135013542,1,math.OC
370,6409,0.5581106265512472,1,math.OC
14188,14227,6.270290963319919,1,math.OC
2454,5501,2.252921681630931,1,math.OC
782,5288,1.4426950408889634,1,math.OC
14199,14222,7.6674599853094305,1,math.OC
591,2385,0.9102392266268373,1,math.OC
2007,4440,3.369142934733426,1,math.OC
114,2226,0.0,1,math.OC
41,1540,0.9102392266268373,1,math.OC
10491,10492,0.0,1,math.OC
14190,14215,5.145203246358767,1,math.OC
14189,14212,7.687574690296959,1,math.OC
14196,14230,6.244673887549178,1,math.OC
1045,4717,0.6213349345596119,1,math.OC
2981,2982,0.4170323914242463,1,math.OC
1045,8774,0.0,1,math.OC
9988,14198,6.298149478840926,1,math.OC
14060,14246,0.9102392266268373,1,math.OC
1,3380,2.252921681630931,1,math.OC
898,2171,0.0,1,math.OC
14198,14203,6.033194685842736,1,math.OC
3070,4991,0.0,0,math.OC
6724,7242,0.0,0,math.OC
6596,10839,0.0,0,math.OC
3189,7562,0.0,0,math.OC
1654,5730,0.0,0,math.OC
687,11799,0.0,0,math.OC
907,938,0.0,0,math.OC
860,3505,0.0,0,math.OC
860,5729,0.0,0,math.OC
10060,12459,0.0,0,math.OC
317,11955,0.0,0,math.OC
2918,4969,0.0,0,math.OC
1000,10300,0.0,0,math.OC
3445,3979,0.0,0,math.OC
873,4207,0.0,0,math.OC
2981,6337,0.0,0,math.OC
517,11909,0.0,0,math.OC
315,8656,0.0,0,math.OC
1964,5653,0.0,0,math.OC
160,905,0.0,0,math.OC
555,7829,0.0,0,math.OC
1948,4235,0.0,0,math.OC
3806,11276,0.0,0,math.OC
555,1413,0.0,0,math.OC
229,10566,0.0,0,math.OC
9917,10060,0.0,0,math.OC
1947,3205,0.0,0,math.OC
455,5792,0.0,0,math.OC
90,4211,0.0,0,math.OC
4655,10840,0.0,0,math.OC
4859,9834,0.0,0,math.OC
8521,8642,0.0,0,math.OC
2632,9562,0.0,0,math.OC
1809,1950,0.0,0,math.OC
769,3871,0.0,0,math.OC
5816,14188,0.0,0,math.OC
6027,14213,0.0,0,math.OC
6585,14132,0.0,0,math.OC
1047,5276,0.0,0,math.OC
2091,5577,0.0,0,math.OC
1000,5582,0.0,0,math.OC
176,13970,0.0,0,math.OC
660,7338,0.0,0,math.OC
585,10453,0.0,0,math.OC
4659,13955,0.0,0,math.OC
1006,4210,0.0,0,math.OC
863,10061,0.0,0,math.OC
315,2855,0.0,0,math.OC
7752,8563,0.0,0,math.OC
720,945,0.6213349345596119,0,math.OC
1572,8642,0.0,0,math.OC
103,13976,0.0,0,math.OC
2169,7082,0.0,0,math.OC
2234,14131,0.0,0,math.OC
9834,13966,0.0,0,math.OC
1362,8689,0.0,0,math.OC
4766,5288,0.0,0,math.OC
17,1904,0.0,0,math.OC
230,1621,0.0,0,math.OC
2816,10029,0.0,0,math.OC
1502,10142,0.0,0,math.OC
1165,1350,0.0,0,math.OC
699,769,0.0,0,math.OC
177,315,0.0,0,math.OC
769,2024,0.0,0,math.OC
1748,10054,0.0,0,math.OC
1546,5480,0.0,0,math.OC
700,10704,0.0,0,math.OC
1264,5502,0.0,0,math.OC
10054,14225,0.0,0,math.OC
1417,7074,0.0,0,math.OC
479,10565,0.0,0,math.OC
8912,9444,0.0,0,math.OC
5544,5573,0.0,0,math.OC
4132,4211,0.0,0,math.OC
577,2091,0.25831776680732876,0,math.OC
1664,5481,0.0,0,math.OC
783,13945,0.0,0,math.OC
859,5700,0.0,0,math.OC
1356,2634,0.0,0,math.OC
669,7418,0.0,0,math.OC
8774,14098,0.0,0,math.OC
4548,7173,0.0,0,math.OC
1107,11064,0.4170323914242463,0,math.OC
8564,10841,0.0,0,math.OC
1575,1873,0.0,0,math.OC
6420,14130,0.0,0,math.OC
1121,9421,0.0,0,math.OC
5374,7242,0.0,0,math.OC
1004,11954,0.0,0,math.OC
4656,8948,0.0,0,math.OC
1690,12040,0.0,0,math.OC
7552,13390,0.0,0,math.OC
4232,11909,0.0,0,math.OC
1176,2541,0.0,0,math.OC
373,14222,0.0,0,math.OC
2316,7752,0.0,0,math.OC
5806,10062,0.0,0,math.OC
1335,7507,0.0,0,math.OC
251,516,0.0,0,math.OC
52,14252,0.0,0,math.OC
1502,8587,0.0,0,math.OC
4767,11780,0.0,0,math.OC
1652,13370,0.0,0,math.OC
229,13000,0.0,0,math.OC
1951,5542,0.0,0,math.OC
2665,5699,0.0,0,math.OC
665,13957,0.0,0,math.OC
9027,10054,0.0,0,math.OC
2549,7074,0.0,0,math.OC
156,9659,0.0,0,math.OC
493,8527,0.0,0,math.OC
40,2385,0.0,0,math.OC
2873,2943,0.0,0,math.OC
1654,3464,0.0,0,math.OC
700,4548,0.0,0,math.OC
868,6338,0.0,0,math.OC
2956,6275,0.0,0,math.OC
5216,5879,0.0,0,math.OC
1147,2226,0.0,0,math.OC
2640,5462,0.0,0,math.OC
40,4627,0.0,0,math.OC
1193,5073,0.0,0,math.OC
37,2981,0.0,0,math.OC
2666,10704,0.0,0,math.OC
12460,14170,0.0,0,math.OC
1748,3507,0.0,0,math.OC
3284,13953,0.0,0,math.OC
2234,10976,0.0,0,math.OC
3375,3872,0.0,0,math.OC
573,1572,0.0,0,math.OC
1316,2547,0.0,0,math.OC
713,4850,0.0,0,math.OC
10186,10305,0.0,0,math.OC
573,925,0.0,0,math.OC
260,2500,0.0,0,math.OC
3959,10839,0.0,0,math.OC
4565,14432,0.0,0,math.OC
1690,10979,0.0,0,math.OC
721,927,0.0,0,math.OC
48,4096,0.0,0,math.OC
8663,14197,0.0,0,math.OC
2695,7743,0.0,0,math.OC
5544,14185,0.0,0,math.OC
1665,2956,0.0,0,math.OC
5792,13115,0.0,0,math.OC
1264,3506,0.0,0,math.OC
1870,14100,0.0,0,math.OC
2611,5287,0.0,0,math.OC
6203,7752,0.0,0,math.OC
1341,2981,0.0,0,math.OC
416,3543,0.0,0,math.OC
2550,14213,0.0,0,math.OC
1122,4770,0.0,0,math.OC
4717,6846,0.0,0,math.OC
2696,5111,0.0,0,math.OC
372,14221,0.0,0,math.OC
4067,5816,0.0,0,math.OC
8587,10060,0.0,0,math.OC
569,10704,0.0,0,math.OC
3072,5645,0.0,0,math.OC
179,13951,0.0,0,math.OC
40,686,0.0,0,math.OC
36,5640,0.0,0,math.OC
1721,7277,0.0,0,math.OC
229,2944,0.0,0,math.OC
659,2668,0.45511961331341866,0,math.OC
355,1848,0.0,0,math.OC
1712,1953,0.0,0,math.OC
3596,8805,0.0,0,math.OC
711,4237,0.0,0,math.OC
87,2442,0.0,0,math.OC
906,4104,0.0,0,math.OC
1921,1965,0.0,0,math.OC
2637,14231,0.0,0,math.OC
2454,13948,0.0,0,math.OC
10453,13956,0.0,0,math.OC
88,3319,0.0,0,math.OC
133,1017,0.0,0,math.OC
420,2242,0.0,0,math.OC
4094,14432,0.0,0,math.OC
5543,13955,0.0,0,math.OC
949,4410,0.0,0,math.OC
801,887,0.0,0,math.OC
2190,5643,0.0,0,math.OC
3872,13681,0.0,0,math.OC
72,103,0.0,0,math.OC
8268,14211,0.0,0,math.OC
47,1587,0.0,0,math.OC
360,1818,0.0,0,math.OC
9558,13243,0.0,0,math.OC
2063,4394,0.0,0,math.OC
726,7812,0.0,0,math.OC
704,6732,0.0,0,math.OC
774,1952,0.0,0,math.OC
5543,5589,0.0,0,math.OC
657,860,0.0,0,math.OC
1758,4850,0.0,0,math.OC
7977,11276,0.0,0,math.OC
6254,10049,0.0,0,math.OC
7075,13957,0.0,0,math.OC
1889,8689,0.0,0,math.OC
14206,14235,0.0,0,math.OC
10978,14060,0.0,0,math.OC
550,10704,0.0,0,math.OC
293,14169,0.0,0,math.OC
658,703,0.0,0,math.OC
450,5462,0.0,0,math.OC
689,1194,0.0,0,math.OC
2437,12048,0.0,0,math.OC
745,2815,0.0,0,math.OC
407,11149,0.0,0,math.OC
944,14243,0.0,0,math.OC
6424,7418,0.0,0,math.OC
1946,2115,0.5581106265512472,0,math.OC
2901,8485,0.0,0,math.OC
555,8689,0.0,0,math.OC
2543,3444,0.0,0,math.OC
53,9107,0.0,0,math.OC
6918,9903,0.0,0,math.OC
474,1543,0.0,0,math.OC
804,10714,0.0,0,math.OC
2542,6337,0.0,0,math.OC
733,1385,0.0,0,math.OC
1665,6311,0.0,0,math.OC
2945,11071,0.0,0,math.OC
3789,12339,0.0,0,math.OC
146,1961,0.0,0,math.OC
608,2135,0.0,0,math.OC
124,136,0.0,0,math.OC
38,9109,0.0,0,math.OC
8390,9851,0.0,0,math.OC
2367,12757,0.0,0,math.OC
8467,9558,0.0,0,math.OC
5092,6731,0.0,0,math.OC
4769,8689,0.0,0,math.OC
3870,7345,0.0,0,math.OC
2667,8866,0.0,0,math.OC
782,2198,0.0,0,math.OC
1586,10978,0.0,0,math.OC
1413,11068,0.0,0,math.OC
906,931,0.0,0,math.OC
2814,3790,0.0,0,math.OC
766,6531,0.0,0,math.OC
2947,12047,0.0,0,math.OC
4238,5126,0.0,0,math.OC
927,6732,0.0,0,math.OC
590,6552,0.0,0,math.OC
782,5581,0.0,0,math.OC
890,2500,0.0,0,math.OC
6206,8521,0.0,0,math.OC
477,10049,0.0,0,math.OC
1665,4235,0.0,0,math.OC
7708,10841,0.0,0,math.OC
4035,6185,0.0,0,math.OC
3351,14211,0.0,0,math.OC
4649,6673,0.0,0,math.OC
2125,8268,0.0,0,math.OC
1746,2112,0.0,0,math.OC
607,7562,0.0,0,math.OC
1587,7708,0.0,0,math.OC
3460,13956,0.0,0,math.OC
1921,9530,0.0,0,math.OC
4168,5668,0.0,0,math.OC
5874,14054,0.0,0,math.OC
6622,13966,0.0,0,math.OC
4126,14064,0.0,0,math.OC
801,2854,0.0,0,math.OC
608,4763,0.0,0,math.OC
13000,14235,0.0,0,math.OC
4479,4806,0.0,0,math.OC
888,2831,0.0,0,math.OC
3562,9421,0.0,0,math.OC
863,2011,0.0,0,math.OC
460,13681,0.0,0,math.OC
3600,5759,0.0,0,math.OC
13944,13960,0.0,0,math.OC
1519,2563,0.0,0,math.OC
4439,11262,0.0,0,math.OC
1020,6275,0.0,0,math.OC
710,1122,0.0,0,math.OC
2190,5480,0.0,0,math.OC
146,5110,0.0,0,math.OC
6374,6410,0.0,0,math.OC
1966,2901,0.0,0,math.OC
494,2409,0.0,0,math.OC
9235,13967,0.0,0,math.OC
2116,10155,0.0,0,math.OC
257,7826,0.0,0,math.OC
915,13681,0.0,0,math.OC
939,4086,0.0,0,math.OC
3568,3596,0.0,0,math.OC
3786,5643,0.0,0,math.OC
103,3594,0.0,0,math.OC
1164,12844,0.0,0,math.OC
5873,12772,0.0,0,math.OC
804,10978,0.0,0,math.OC
37,14220,0.0,0,math.OC
2855,11909,0.0,0,math.OC
495,945,0.0,0,math.OC
4625,7744,0.0,0,math.OC
1707,14129,0.0,0,math.OC
1867,3659,0.0,0,math.OC
766,1426,0.0,0,math.OC
660,3340,0.0,0,math.OC
2789,3189,0.0,0,math.OC
3602,14174,0.0,0,math.OC
577,7744,0.0,0,math.OC
12051,14211,0.0,0,math.OC
607,1518,0.0,0,math.OC
3792,7519,0.0,0,math.OC
890,9809,0.0,0,math.OC
592,2558,0.0,0,math.OC
2797,14173,0.0,0,math.OC
593,1867,0.0,0,math.OC
839,11066,0.0,0,math.OC
13946,14229,0.0,0,math.OC
4949,12047,0.0,0,math.OC
3318,11800,0.0,0,math.OC
4654,13899,0.0,0,math.OC
2609,2611,0.0,0,math.OC
2674,13684,0.0,0,math.OC
292,6723,0.0,0,math.OC
426,14131,0.0,0,math.OC
160,914,0.0,0,math.OC
1177,4654,0.0,0,math.OC
397,2831,0.0,0,math.OC
3227,11111,0.0,0,math.OC
87,13371,0.0,0,math.OC
3072,7552,0.0,0,math.OC
5504,14200,0.0,0,math.OC
412,1818,0.0,0,math.OC
1359,4392,0.0,0,math.OC
844,12852,0.0,0,math.OC
4378,14256,0.0,0,math.OC
4951,5914,0.0,0,math.OC
9235,10565,0.0,0,math.OC
1316,14248,0.0,0,math.OC
452,569,0.0,0,math.OC
36,14246,0.0,0,math.OC
925,2070,0.0,0,math.OC
1177,5022,0.0,0,math.OC
295,3340,0.0,0,math.OC
6275,8587,0.0,0,math.OC
2123,3597,0.0,0,math.OC
6576,13957,0.0,0,math.OC
4267,7218,0.0,0,math.OC
2191,13958,0.0,0,math.OC
169,6409,0.0,0,math.OC
687,3464,0.0,0,math.OC
4093,5879,0.0,0,math.OC
298,2191,0.0,0,math.OC
843,2009,0.0,0,math.OC
2666,4653,0.0,0,math.OC
461,1916,0.0,0,math.OC
905,3561,0.0,0,math.OC
4991,7532,0.0,0,math.OC
6409,10109,0.0,0,math.OC
1660,2011,0.0,0,math.OC
4235,10029,0.0,0,math.OC
104,12808,0.0,0,math.OC
873,10110,0.0,0,math.OC
178,12339,0.0,0,math.OC
1572,4131,0.0,0,math.OC
407,2637,0.31465798044412485,0,math.OC
2920,7296,0.0,0,math.OC
597,6419,0.0,0,math.OC
7648,14059,0.0,0,math.OC
1359,3596,0.0,0,math.OC
72,1084,0.0,0,math.OC
8524,11069,0.0,0,math.OC
11364,13899,0.0,0,math.OC
1457,2200,0.0,0,math.OC
2271,2286,0.0,0,math.OC
6205,14116,0.0,0,math.OC
1416,14195,0.0,0,math.OC
703,905,0.0,0,math.OC
3870,9234,0.0,0,math.OC
3568,12459,0.0,0,math.OC
460,6288,0.0,0,math.OC
159,3340,0.0,0,math.OC
1809,8518,0.0,0,math.OC
1704,10299,0.0,0,math.OC
634,4198,0.0,0,math.OC
9236,13117,0.0,0,math.OC
860,3387,0.0,0,math.OC
733,942,0.0,0,math.OC
124,1652,0.0,0,math.OC
885,927,0.0,0,math.OC
759,2410,0.0,0,math.OC
3562,3870,0.0,0,math.OC
3446,11148,0.0,0,math.OC
713,14079,0.0,0,math.OC
13945,13957,0.0,0,math.OC
1412,7512,0.0,0,math.OC
153,7811,0.0,0,math.OC
3979,5488,0.0,0,math.OC
36,8467,0.0,0,math.OC
907,2006,0.0,0,math.OC
633,711,0.0,0,math.OC
1283,3596,0.0,0,math.OC
2357,10979,0.0,0,math.OC
1077,8690,0.0,0,math.OC
107,4991,0.0,0,math.OC
13945,14222,0.0,0,math.OC
2126,14201,0.0,0,math.OC
14103,14180,0.0,0,math.OC
7709,14150,0.0,0,math.OC
1599,5150,0.0,0,math.OC
3979,7977,0.0,0,math.OC
3543,7904,0.0,0,math.OC
589,9308,0.0,0,math.OC
774,1360,0.0,0,math.OC
754,875,0.0,0,math.OC
13957,14223,0.0,0,math.OC
6723,14222,0.0,0,math.OC
4208,8806,0.0,0,math.OC
3561,6026,0.0,0,math.OC
2474,7075,0.0,0,math.OC
3256,5479,0.0,0,math.OC
54,774,0.0,0,math.OC
1661,5731,0.0,0,math.OC
1229,12889,0.0,0,math.OC
495,7161,0.0,0,math.OC
5760,5879,0.0,0,math.OC
5729,10776,0.0,0,math.OC
162,2680,0.0,0,math.OC
7751,14035,0.0,0,math.OC
61,889,0.0,0,math.OC
355,11068,0.0,0,math.OC
3189,9528,0.0,0,math.OC
459,8663,0.0,0,math.OC
1025,3543,0.0,0,math.OC
1914,4864,0.0,0,math.OC
2227,5751,0.0,0,math.OC
769,13435,0.0,0,math.OC
4422,9445,0.0,0,math.OC
4547,7243,0.0,0,math.OC
5324,6773,0.0,0,math.OC
665,10061,0.0,0,math.OC
3791,7763,0.0,0,math.OC
1903,3561,0.0,0,math.OC
2071,11111,0.0,0,math.OC
834,3850,0.0,0,math.OC
14,584,0.0,0,math.OC
1194,11997,0.0,0,math.OC
5582,8465,0.0,0,math.OC
2637,11778,0.0,0,math.OC
6621,12772,0.0,0,math.OC
2686,5654,0.0,0,math.OC
5582,7809,0.0,0,math.OC
1135,6596,0.0,0,math.OC
4763,5402,0.0,0,math.OC
2831,14142,0.0,0,math.OC
1412,4766,0.0,0,math.OC
2274,4236,0.0,0,math.OC
1846,9308,0.0,0,math.OC
3603,14231,0.0,0,math.OC
1546,11908,0.0,0,math.OC
1316,8859,0.0,0,math.OC
433,927,0.0,0,math.OC
1372,1413,0.0,0,math.OC
9833,14256,0.0,0,math.OC
1045,5466,0.0,0,math.OC
1069,10299,0.0,0,math.OC
2316,4763,0.0,0,math.OC
114,1457,0.0,0,math.OC
4769,14225,0.0,0,math.OC
958,1315,0.0,0,math.OC
371,1873,0.0,0,math.OC
2979,11361,0.0,0,math.OC
4210,13215,0.0,0,math.OC
156,4410,0.0,0,math.OC
665,9809,0.0,0,math.OC
4198,9448,0.0,0,math.OC
1950,10978,0.0,0,math.OC
659,857,0.0,0,math.OC
1914,8642,0.0,0,math.OC
1047,1747,0.0,0,math.OC
252,4127,0.0,0,math.OC
2835,14242,0.0,0,math.OC
48,721,0.0,0,math.OC
1916,8450,0.0,0,math.OC
5563,10186,0.0,0,math.OC
11950,13874,0.0,0,math.OC
1915,8643,0.0,0,math.OC
2442,6421,0.0,0,math.OC
3806,11907,0.0,0,math.OC
1711,2824,0.0,0,math.OC
1547,2981,0.0,0,math.OC
729,1949,0.0,0,math.OC
2410,5571,0.0,0,math.OC
2042,3189,0.0,0,math.OC
5540,11361,0.0,0,math.OC
8390,14223,0.0,0,math.OC
2789,10186,0.0,0,math.OC
509,1546,0.0,0,math.OC
2611,4410,0.0,0,math.OC
7417,11111,0.0,0,math.OC
939,2609,0.0,0,math.OC
52,10108,0.0,0,math.OC
1006,14128,0.0,0,math.OC
3482,4240,0.0,0,math.OC
658,13045,0.0,0,math.OC
4156,4166,0.0,0,math.OC
1965,10669,0.0,0,math.OC
2612,8948,0.0,0,math.OC
2361,5403,0.0,0,math.OC
7218,10492,0.0,0,math.OC
104,14432,0.0,0,math.OC
7880,8513,0.0,0,math.OC
2441,14170,0.0,0,math.OC
507,6734,0.0,0,math.OC
608,5325,0.0,0,math.OC
355,8690,0.0,0,math.OC
1356,12040,0.0,0,math.OC
939,2712,0.0,0,math.OC
4105,7531,0.0,0,math.OC
7944,9153,0.0,0,math.OC
11362,13946,0.0,0,math.OC
1707,2709,0.0,0,math.OC
7218,9445,0.0,0,math.OC
2318,9108,0.0,0,math.OC
1417,5481,0.0,0,math.OC
2367,3789,0.0,0,math.OC
5326,14118,0.0,0,math.OC
870,13970,0.0,0,math.OC
791,1501,0.0,0,math.OC
905,11722,0.0,0,math.OC
1191,1889,0.0,0,math.OC
904,5579,0.0,0,math.OC
8484,14225,0.0,0,math.OC
421,8518,0.0,0,math.OC
3258,14195,0.0,0,math.OC
1264,4439,0.0,0,math.OC
834,7744,0.0,0,math.OC
2091,2667,0.0,0,math.OC
1193,2609,0.0,0,math.OC
1704,6846,0.0,0,math.OC
1291,5643,0.0,0,math.OC
291,433,0.0,0,math.OC
2611,14213,0.0,0,math.OC
106,1690,0.0,0,math.OC
5577,14239,0.0,0,math.OC
726,8485,0.0,0,math.OC
5402,9530,0.0,0,math.OC
583,8665,0.0,0,math.OC
355,6205,0.0,0,math.OC
7026,13435,0.0,0,math.OC
11954,14216,0.0,0,math.OC
13390,13949,0.0,0,math.OC
2440,5700,0.0,0,math.OC
875,4245,0.0,0,math.OC
5539,11085,0.0,0,math.OC
4616,4676,0.0,0,math.OC
1743,4976,0.0,0,math.OC
373,14206,0.0,0,math.OC
1721,10169,0.0,0,math.OC
2275,5889,0.0,0,math.OC
799,4533,0.0,0,math.OC
3446,12808,0.0,0,math.OC
416,5406,0.0,0,math.OC
492,1362,0.0,0,math.OC
631,5480,0.0,0,math.OC
507,569,0.0,0,math.OC
168,11064,0.0,0,math.OC
874,14079,0.0,0,math.OC
509,5463,0.0,0,math.OC
583,1211,0.0,0,math.OC
315,4438,0.0,0,math.OC
5879,11702,0.0,0,math.OC
9444,12474,0.0,0,math.OC
6027,6185,0.0,0,math.OC
10071,10110,0.0,0,math.OC
593,7277,0.0,0,math.OC
4643,5327,0.0,0,math.OC
214,1084,0.0,0,math.OC
583,10372,0.0,0,math.OC
710,2200,0.0,0,math.OC
6418,8596,0.0,0,math.OC
1009,4482,0.0,0,math.OC
7732,11085,0.0,0,math.OC
1847,10029,0.0,0,math.OC
1653,11067,0.0,0,math.OC
1338,11064,0.0,0,math.OC
154,9557,0.0,0,math.OC
931,4410,0.0,0,math.OC
19,13951,0.0,0,math.OC
5545,8689,0.0,0,math.OC
1494,8688,0.0,0,math.OC
7297,14171,0.0,0,math.OC
5873,14223,0.0,0,math.OC
8690,14208,0.0,0,math.OC
699,14213,0.0,0,math.OC
1384,8565,0.0,0,math.OC
1077,1849,0.0,0,math.OC
1502,3871,0.0,0,math.OC
1372,1519,0.0,0,math.OC
1710,3482,0.0,0,math.OC
1540,7519,0.0,0,math.OC
1340,2070,0.0,0,math.OC
1690,2112,0.0,0,math.OC
1867,4625,0.0,0,math.OC
2242,13142,0.0,0,math.OC
4240,14219,0.0,0,math.OC
10453,13945,0.0,0,math.OC
1724,3255,0.0,0,math.OC
1005,14432,0.0,0,math.OC
1144,8867,0.0,0,math.OC
1017,4436,0.0,0,math.OC
7242,9234,0.0,0,math.OC
1904,3878,0.0,0,math.OC
666,12086,0.0,0,math.OC
8485,11718,0.0,0,math.OC
1659,9443,0.0,0,math.OC
1001,4199,0.0,0,math.OC
104,7880,0.0,0,math.OC
9235,10071,0.0,0,math.OC
4034,4949,0.0,0,math.OC
686,907,0.0,0,math.OC
2169,5438,0.0,0,math.OC
229,11950,0.0,0,math.OC
1870,7295,0.0,0,math.OC
5577,14229,0.0,0,math.OC
1147,5579,0.0,0,math.OC
1661,9107,0.0,0,math.OC
8666,13989,0.0,0,math.OC
87,10563,0.0,0,math.OC
8655,14227,0.0,0,math.OC
631,1004,0.0,0,math.OC
666,1599,0.0,0,math.OC
633,12048,0.0,0,math.OC
1949,2191,0.0,0,math.OC
4859,7709,0.0,0,math.OC
4422,4837,0.0,0,math.OC
3692,4156,0.0,0,math.OC
219,12844,0.0,0,math.OC
1920,4208,0.0,0,math.OC
2675,10306,0.0,0,math.OC
808,3543,0.0,0,math.OC
2208,8287,0.0,0,math.OC
3959,8450,0.0,0,math.OC
112,4096,0.0,0,math.OC
1322,4658,0.0,0,math.OC
4381,5806,0.0,0,math.OC
1904,3464,0.0,0,math.OC
1327,2558,0.0,0,math.OC
585,2815,0.0,0,math.OC
1322,4676,0.0,0,math.OC
2676,7754,0.0,0,math.OC
2440,14033,0.0,0,math.OC
10840,14056,0.0,0,math.OC
8451,9850,0.0,0,math.OC
2625,4810,0.0,0,math.OC
1914,9902,0.0,0,math.OC
266,686,0.0,0,math.OC
1747,3736,0.0,0,math.OC
6025,11364,0.0,0,math.OC
1707,9460,0.0,0,math.OC
2667,10167,0.0,0,math.OC
7744,12459,0.0,0,math.OC
5466,10839,0.0,0,math.OC
543,13947,0.0,0,math.OC
7827,8948,0.0,0,math.OC
4182,10071,0.0,0,math.OC
665,726,0.0,0,math.OC
4654,10704,0.0,0,math.OC
2637,4393,0.0,0,math.OC
2686,4267,0.0,0,math.OC
3071,9460,0.0,0,math.OC
888,11110,0.0,0,math.OC
1663,9529,0.0,0,math.OC
492,1576,0.0,0,math.OC
300,1653,0.0,0,math.OC
664,10975,0.0,0,math.OC
155,908,0.0,0,math.OC
1808,14243,0.0,0,math.OC
698,3240,0.0,0,math.OC
1262,14060,0.0,0,math.OC
1045,5571,0.0,0,math.OC
1165,7977,0.0,0,math.OC
550,781,0.0,0,math.OC
159,887,0.0,0,math.OC
133,1652,0.0,0,math.OC
3258,5490,0.0,0,math.OC
479,6737,0.0,0,math.OC
745,2835,0.0,0,math.OC
6026,13921,0.0,0,math.OC
4094,4212,0.0,0,math.OC
13435,14188,0.0,0,math.OC
1923,5022,0.0,0,math.OC
1229,2210,0.0,0,math.OC
2978,5082,0.0,0,math.OC
166,782,0.0,0,math.OC
298,3543,0.0,0,math.OC
5323,14187,0.0,0,math.OC
371,2063,0.0,0,math.OC
11909,14027,0.0,0,math.OC
72,11440,0.0,0,math.OC
6596,13920,0.0,0,math.OC
3505,4198,0.0,0,math.OC
96,8527,0.0,0,math.OC
2731,14204,0.0,0,math.OC
42,3568,0.0,0,math.OC
2247,3663,0.0,0,math.OC
2070,14229,0.0,0,math.OC
7344,8575,0.0,0,math.OC
8135,11814,0.0,0,math.OC
1549,14216,0.0,0,math.OC
167,2198,0.0,0,math.OC
684,11702,0.0,0,math.OC
3569,12459,0.0,0,math.OC
2234,3482,0.0,0,math.OC
7787,10978,0.0,0,math.OC
10840,14199,0.0,0,math.OC
1724,9903,0.0,0,math.OC
1144,14194,0.0,0,math.OC
2169,7791,0.0,0,math.OC
211,3790,0.0,0,math.OC
5402,14079,0.0,0,math.OC
1004,2105,0.0,0,math.OC
5590,9849,0.0,0,math.OC
5216,7811,0.0,0,math.OC
3240,5324,0.0,0,math.OC
1665,3190,0.0,0,math.OC
1922,8566,0.0,0,math.OC
8516,14161,0.0,0,math.OC
597,3444,0.0,0,math.OC
956,5857,0.0,0,math.OC
550,2200,0.0,0,math.OC
891,6276,0.0,0,math.OC
904,1865,0.0,0,math.OC
5407,6731,0.0,0,math.OC
3072,7829,0.0,0,math.OC
730,6206,0.0,0,math.OC
154,2474,0.0,0,math.OC
1313,4055,0.0,0,math.OC
2273,11276,0.0,0,math.OC
8565,14175,0.0,0,math.OC
1867,5481,0.0,0,math.OC
479,12460,0.0,0,math.OC
860,10620,0.0,0,math.OC
2979,6990,0.0,0,math.OC
6277,11440,0.0,0,math.OC
146,10054,0.0,0,math.OC
885,4615,0.0,0,math.OC
1661,8521,0.0,0,math.OC
105,479,0.0,0,math.OC
8287,8806,0.0,0,math.OC
4627,4684,0.0,0,math.OC
8688,14254,0.0,0,math.OC
1747,8322,0.0,0,math.OC
5654,8526,0.0,0,math.OC
590,3543,0.0,0,math.OC
636,8516,0.0,0,math.OC
461,10977,0.0,0,math.OC
2399,10063,0.0,0,math.OC
6339,8665,0.0,0,math.OC
7338,9443,0.0,0,math.OC
1283,9108,0.0,0,math.OC
2227,14139,0.0,0,math.OC
2797,13874,0.0,0,math.OC
4684,4763,0.0,0,math.OC
2192,5816,0.0,0,math.OC
3790,10566,0.0,0,math.OC
124,622,0.0,0,math.OC
2547,10977,0.0,0,math.OC
1361,3789,0.0,0,math.OC
1339,5082,0.0,0,math.OC
698,6990,0.0,0,math.OC
5589,8688,0.0,0,math.OC
5081,5487,0.0,0,math.OC
2700,2713,0.0,0,math.OC
161,9027,0.0,0,math.OC
455,843,0.0,0,math.OC
178,2026,0.0,0,math.OC
1413,5641,0.0,0,math.OC
6270,10492,0.0,0,math.OC
4678,6530,0.0,0,math.OC
1384,9308,0.0,0,math.OC
2009,6337,0.0,0,math.OC
2835,8136,0.0,0,math.OC
808,8694,0.0,0,math.OC
507,7543,0.0,0,math.OC
2634,3536,0.0,0,math.OC
1484,10167,0.0,0,math.OC
162,217,0.0,0,math.OC
2641,11379,0.0,0,math.OC
2844,4685,0.0,0,math.OC
1425,2362,0.0,0,math.OC
14224,14235,0.0,0,math.OC
17,1147,0.0,0,math.OC
3242,14228,0.0,0,math.OC
14,3872,0.0,0,math.OC
2438,4649,0.0,0,math.OC
634,3446,0.0,0,math.OC
702,859,0.0,0,math.OC
1870,12459,0.0,0,math.OC
859,6673,0.0,0,math.OC
2688,7829,0.0,0,math.OC
1492,4105,0.0,0,math.OC
2062,2946,0.0,0,math.OC
178,6204,0.0,0,math.OC
1019,5499,0.0,0,math.OC
1313,3227,0.0,0,math.OC
1047,5579,0.0,0,math.OC
10169,13967,0.0,0,math.OC
2506,8859,0.0,0,math.OC
666,783,0.0,0,math.OC
868,3380,0.0,0,math.OC
2367,7352,0.0,0,math.OC
2026,9948,0.0,0,math.OC
2577,6286,0.0,0,math.OC
1363,8197,0.0,0,math.OC
3536,8169,0.0,0,math.OC
370,906,0.0,0,math.OC
1921,4678,0.0,0,math.OC
9421,14198,0.0,0,math.OC
5889,14169,0.0,0,math.OC
3536,13947,0.0,0,math.OC
1168,9108,0.0,0,math.OC
2438,2820,0.0,0,math.OC
1211,13954,0.0,0,math.OC
721,831,0.0,0,math.OC
9234,13953,0.0,0,math.OC
1123,4127,0.0,0,math.OC
412,1006,0.0,0,math.OC
5298,8197,0.0,0,math.OC
10071,14199,0.0,0,math.OC
1540,4168,0.0,0,math.OC
3525,3842,0.0,0,math.OC
682,8823,0.0,0,math.OC
167,6846,0.0,0,math.OC
1194,2210,0.0,0,math.OC
4394,8464,0.0,0,math.OC
207,4011,0.0,0,math.OC
9659,10099,0.0,0,math.OC
2169,4864,0.0,0,math.OC
1342,4677,0.0,0,math.OC
298,2161,0.0,0,math.OC
1535,2112,0.0,0,math.OC
4393,7709,0.0,0,math.OC
1949,5791,0.0,0,math.OC
461,2731,0.0,0,math.OC
10669,11148,0.0,0,math.OC
370,3525,0.0,0,math.OC
3506,4520,0.0,0,math.OC
495,5582,0.0,0,math.OC
105,12087,0.0,0,math.OC
5572,5579,0.0,0,math.OC
868,10977,0.0,0,math.OC
3789,10168,0.0,0,math.OC
2577,3495,0.0,0,math.OC
2789,4717,0.0,0,math.OC
2638,7297,0.0,0,math.OC
939,9536,0.0,0,math.OC
3535,4659,0.0,0,math.OC
609,10564,0.0,0,math.OC
6202,6286,0.0,0,math.OC
96,783,0.0,0,math.OC
6204,11799,0.0,0,math.OC
1843,5485,0.0,0,math.OC
2939,2944,0.0,0,math.OC
1291,2803,0.0,0,math.OC
4232,4605,0.0,0,math.OC
901,1952,0.0,0,math.OC
136,1502,0.0,0,math.OC
687,10492,0.0,0,math.OC
543,1359,0.0,0,math.OC
450,14210,0.0,0,math.OC
3598,8525,0.0,0,math.OC
38,3258,0.0,0,math.OC
4769,9016,0.0,0,math.OC
508,6990,0.0,0,math.OC
5502,5730,0.0,0,math.OC
4067,13946,0.0,0,math.OC
7173,8664,0.0,0,math.OC
3603,9134,0.0,0,math.OC
7787,11950,0.0,0,math.OC
584,7074,0.0,0,math.OC
1155,14254,0.0,0,math.OC
4410,7649,0.0,0,math.OC
1176,4245,0.0,0,math.OC
689,7532,0.0,0,math.OC
720,4392,0.0,0,math.OC
3793,3794,0.7213475204444817,1,cond-mat.dis-nn
222,5529,2.0640299754485754,1,cond-mat.dis-nn
2555,10028,1.4426950408889634,1,cond-mat.dis-nn
13678,13679,1.4426950408889634,1,cond-mat.dis-nn
453,12389,0.0,1,cond-mat.dis-nn
146,5479,1.4426950408889634,1,cond-mat.dis-nn
1863,1866,2.5810749527576915,1,cond-mat.dis-nn
772,9401,1.4426950408889634,1,cond-mat.dis-nn
759,2348,0.9102392266268373,1,cond-mat.dis-nn
12684,12685,0.6213349345596119,1,cond-mat.dis-nn
2135,4083,1.7161442097772204,1,cond-mat.dis-nn
37,1304,1.4426950408889634,1,cond-mat.dis-nn
1269,13441,0.7213475204444817,1,cond-mat.dis-nn
3113,3117,0.7213475204444817,1,cond-mat.dis-nn
172,862,2.07801794702847,1,cond-mat.dis-nn
1616,480,1.4018424435938384,1,cond-mat.dis-nn
765,7517,1.224897207070962,1,cond-mat.dis-nn
7427,14062,1.4426950408889634,1,cond-mat.dis-nn
317,1826,0.7213475204444817,1,cond-mat.dis-nn
9398,9399,0.0,1,cond-mat.dis-nn
269,1948,1.2103408551272503,1,cond-mat.dis-nn
1207,1209,0.7213475204444817,1,cond-mat.dis-nn
2737,2738,0.0,1,cond-mat.dis-nn
37,1747,1.6045152358830874,1,cond-mat.dis-nn
72,1322,0.9102392266268373,1,cond-mat.dis-nn
5813,5815,0.0,1,cond-mat.dis-nn
665,1442,3.039172993424069,1,cond-mat.dis-nn
5014,5015,1.424137568996588,1,cond-mat.dis-nn
809,808,1.8325662861402434,1,cond-mat.dis-nn
1545,12855,0.8285563228138756,1,cond-mat.dis-nn
3217,3222,1.1162212531024944,1,cond-mat.dis-nn
3750,4835,2.0953860309961683,1,cond-mat.dis-nn
13019,13020,0.0,1,cond-mat.dis-nn
12179,12472,1.4426950408889634,1,cond-mat.dis-nn
9268,763,0.6213349345596119,1,cond-mat.dis-nn
2004,12474,1.4426950408889634,1,cond-mat.dis-nn
2619,9587,1.631586747071319,1,cond-mat.dis-nn
12921,12924,2.411712996572133,1,cond-mat.dis-nn
279,2079,0.45511961331341866,1,cond-mat.dis-nn
96,978,1.7119518280729487,1,cond-mat.dis-nn
591,6551,1.1013880044850304,1,cond-mat.dis-nn
2759,2761,0.9102392266268373,1,cond-mat.dis-nn
2441,5642,0.6213349345596119,1,cond-mat.dis-nn
7561,7562,1.7603564939587166,1,cond-mat.dis-nn
1920,2224,0.6213349345596119,1,cond-mat.dis-nn
13163,13294,1.2795085996956923,1,cond-mat.dis-nn
2020,6574,1.279458146995729,1,cond-mat.dis-nn
13162,13290,0.7213475204444817,1,cond-mat.dis-nn
938,9678,0.9273799996201022,1,cond-mat.dis-nn
54,633,0.33380820069533407,1,cond-mat.dis-nn
2944,2947,2.8853900817779268,1,cond-mat.dis-nn
12916,12920,2.9276653370156764,1,cond-mat.dis-nn
3558,6276,1.631586747071319,1,cond-mat.dis-nn
8835,8837,0.7213475204444817,1,cond-mat.dis-nn
1864,1867,0.9273799996201022,1,cond-mat.dis-nn
12913,12919,1.8462571869032436,1,cond-mat.dis-nn
745,14388,0.5581106265512472,1,cond-mat.dis-nn
1263,1967,0.5581106265512472,1,cond-mat.dis-nn
11963,11964,0.7213475204444817,1,cond-mat.dis-nn
2872,5409,1.4426950408889634,1,cond-mat.dis-nn
279,404,0.0,1,cond-mat.dis-nn
12368,12370,0.7213475204444817,1,cond-mat.dis-nn
13335,13337,0.0,1,cond-mat.dis-nn
13065,13066,0.0,1,cond-mat.dis-nn
149,12527,0.6213349345596119,1,cond-mat.dis-nn
5555,11775,1.3426824550040934,1,cond-mat.dis-nn
8121,13059,0.9102392266268373,1,cond-mat.dis-nn
1771,14312,0.0,1,cond-mat.dis-nn
4307,1127,0.31465798044412485,1,cond-mat.dis-nn
807,505,0.5581106265512472,1,cond-mat.dis-nn
6751,4681,0.0,1,cond-mat.dis-nn
8134,8136,1.905035915959576,1,cond-mat.dis-nn
323,448,1.5307046061605205,1,cond-mat.dis-nn
80,3336,1.4426950408889634,1,cond-mat.dis-nn
12928,13213,0.7213475204444817,1,cond-mat.dis-nn
5010,12276,2.6853649100081873,1,cond-mat.dis-nn
953,954,3.508576269863534,1,cond-mat.dis-nn
695,697,0.0,1,cond-mat.dis-nn
317,314,0.9102392266268373,1,cond-mat.dis-nn
217,4663,0.5979410387024373,1,cond-mat.dis-nn
1970,3527,0.7213475204444817,1,cond-mat.dis-nn
1398,12296,1.2426698691192237,1,cond-mat.dis-nn
990,992,0.0,1,cond-mat.dis-nn
2596,4085,0.0,1,cond-mat.dis-nn
931,4607,0.0,1,cond-mat.dis-nn
938,505,1.4854906261713494,1,cond-mat.dis-nn
13598,13599,0.0,1,cond-mat.dis-nn
3462,13312,1.4426950408889634,1,cond-mat.dis-nn
13580,13581,1.4426950408889634,1,cond-mat.dis-nn
10029,14487,1.4426950408889634,1,cond-mat.dis-nn
13247,13248,1.8204784532536746,1,cond-mat.dis-nn
1992,1995,0.9102392266268373,1,cond-mat.dis-nn
1377,1380,1.3426824550040934,1,cond-mat.dis-nn
3938,3942,1.179445561110859,1,cond-mat.dis-nn
795,290,0.990604307628467,1,cond-mat.dis-nn
3169,3465,1.4426950408889634,1,cond-mat.dis-nn
807,4089,2.124179958546432,1,cond-mat.dis-nn
12707,12708,0.8550848309246173,1,cond-mat.dis-nn
111,2251,0.2969742043733701,1,cond-mat.dis-nn
12523,12524,0.3284587387530511,1,cond-mat.dis-nn
958,8538,0.0,1,cond-mat.dis-nn
99,13217,0.0,1,cond-mat.dis-nn
251,382,1.344533708530089,1,cond-mat.dis-nn
2011,12542,0.6222386319291522,1,cond-mat.dis-nn
730,12410,0.921436563060025,1,cond-mat.dis-nn
231,6375,0.48089834696298783,1,cond-mat.dis-nn
60,111,2.507363085163096,1,cond-mat.dis-nn
2710,12866,0.0,1,cond-mat.dis-nn
13339,13345,1.9663889731343371,1,cond-mat.dis-nn
457,2521,0.7213475204444817,1,cond-mat.dis-nn
298,13420,1.4426950408889634,1,cond-mat.dis-nn
2945,2946,2.8853900817779268,1,cond-mat.dis-nn
12672,12673,0.0,1,cond-mat.dis-nn
100,1923,1.2072134310002074,1,cond-mat.dis-nn
1905,1907,2.8853900817779268,1,cond-mat.dis-nn
5284,5285,0.0,1,cond-mat.dis-nn
929,13399,0.6213349345596119,1,cond-mat.dis-nn
1301,3442,1.4683498531780845,1,cond-mat.dis-nn
201,13352,0.974291058424373,1,cond-mat.dis-nn
395,1851,1.1238488075975515,1,cond-mat.dis-nn
1649,5523,0.3898712452512801,1,cond-mat.dis-nn
317,727,0.9102392266268373,1,cond-mat.dis-nn
5049,8213,0.6213349345596119,1,cond-mat.dis-nn
305,308,1.4426950408889634,1,cond-mat.dis-nn
2761,4078,1.4426950408889634,1,cond-mat.dis-nn
10831,10832,0.5581106265512472,1,cond-mat.dis-nn
37,2394,0.0,1,cond-mat.dis-nn
8947,10593,2.811082760882141,1,cond-mat.dis-nn
4607,9724,1.0673237767056754,1,cond-mat.dis-nn
166,1617,0.40242960438184466,1,cond-mat.dis-nn
54,166,0.8575492176952633,1,cond-mat.dis-nn
473,815,0.5138983423697507,1,cond-mat.dis-nn
6265,6266,2.352934267515801,1,cond-mat.dis-nn
179,538,0.0,1,cond-mat.dis-nn
12377,12378,1.4426950408889634,1,cond-mat.dis-nn
730,1353,0.7213475204444817,1,cond-mat.dis-nn
957,12511,1.4426950408889634,1,cond-mat.dis-nn
6580,12325,0.0,1,cond-mat.dis-nn
668,13622,0.0,1,cond-mat.dis-nn
12768,12770,0.5581106265512472,1,cond-mat.dis-nn
1969,3527,1.631586747071319,1,cond-mat.dis-nn
502,5611,1.8325662861402434,1,cond-mat.dis-nn
8150,12315,0.2969742043733701,1,cond-mat.dis-nn
92,985,1.072008968920998,1,cond-mat.dis-nn
748,3634,1.669329392247009,1,cond-mat.dis-nn
138,3338,0.0,1,cond-mat.dis-nn
1150,434,0.0,1,cond-mat.dis-nn
9162,9165,1.179445561110859,1,cond-mat.dis-nn
2171,2637,0.33380820069533407,1,cond-mat.dis-nn
158,2790,0.9924051084544989,1,cond-mat.dis-nn
1161,1256,0.7213475204444817,1,cond-mat.dis-nn
4616,7707,0.48089834696298783,1,cond-mat.dis-nn
5120,5121,0.930930733793997,1,cond-mat.dis-nn
12917,12920,2.0080269291974044,1,cond-mat.dis-nn
13244,13245,0.0,1,cond-mat.dis-nn
12528,12529,0.0,1,cond-mat.dis-nn
4290,13481,3.1023973014324335,1,cond-mat.dis-nn
13227,13228,0.6213349345596119,1,cond-mat.dis-nn
260,1309,0.3284587387530511,1,cond-mat.dis-nn
412,2674,0.0,1,cond-mat.dis-nn
140,142,1.8204784532536746,1,cond-mat.dis-nn
4835,7686,2.164042561333445,1,cond-mat.dis-nn
12918,12920,2.3393303978628275,1,cond-mat.dis-nn
54,4061,0.603090708759725,1,cond-mat.dis-nn
11775,11777,1.3426824550040934,1,cond-mat.dis-nn
7312,7943,0.0,1,cond-mat.dis-nn
172,13209,0.9617966939259757,1,cond-mat.dis-nn
13227,13400,0.0,1,cond-mat.dis-nn
218,242,2.0640299754485754,1,cond-mat.dis-nn
3945,8383,1.4426950408889634,1,cond-mat.dis-nn
382,13198,0.0,1,cond-mat.dis-nn
580,13522,0.3284587387530511,1,cond-mat.dis-nn
2754,13109,1.8064817389289427,1,cond-mat.dis-nn
13124,10518,0.318928988903801,1,cond-mat.dis-nn
7312,9596,0.3789231816899512,1,cond-mat.dis-nn
730,885,0.0,1,cond-mat.dis-nn
1892,1893,0.0,1,cond-mat.dis-nn
12376,12380,0.0,1,cond-mat.dis-nn
11966,11967,2.0640299754485754,1,cond-mat.dis-nn
54,9279,1.3061991920028755,1,cond-mat.dis-nn
13421,13422,0.0,1,cond-mat.dis-nn
7420,7421,0.6662435774422251,1,cond-mat.dis-nn
9730,11967,2.0640299754485754,1,cond-mat.dis-nn
12376,12381,0.0,1,cond-mat.dis-nn
1558,2251,0.2969742043733701,1,cond-mat.dis-nn
711,12879,1.365358839940256,1,cond-mat.dis-nn
2439,9855,2.498324457351827,1,cond-mat.dis-nn
12919,12921,1.391137573589825,1,cond-mat.dis-nn
1654,13029,0.0,1,cond-mat.dis-nn
1747,12392,0.36926937306885504,1,cond-mat.dis-nn
1385,581,1.9143660500437998,1,cond-mat.dis-nn
3836,3292,0.0,1,cond-mat.dis-nn
226,10560,2.0008056674402104,1,cond-mat.dis-nn
2281,2282,0.0,1,cond-mat.dis-nn
4592,12866,0.0,1,cond-mat.dis-nn
12945,12946,0.9102392266268373,1,cond-mat.dis-nn
802,2499,3.0999366002494035,1,cond-mat.dis-nn
927,428,0.6213349345596119,1,cond-mat.dis-nn
317,2438,0.3459762562611936,1,cond-mat.dis-nn
2178,2182,0.0,1,cond-mat.dis-nn
1394,9294,0.0,1,cond-mat.dis-nn
2297,6666,0.43429448190325176,1,cond-mat.dis-nn
7276,7277,1.0764545478730305,1,cond-mat.dis-nn
2604,7425,1.7565682114889745,1,cond-mat.dis-nn
1098,9668,0.6213349345596119,1,cond-mat.dis-nn
3114,4820,2.0008056674402104,1,cond-mat.dis-nn
5167,12769,2.311700410687263,1,cond-mat.dis-nn
582,13308,0.9906300285088727,1,cond-mat.dis-nn
127,10177,0.40242960438184466,1,cond-mat.dis-nn
749,750,0.3898712452512801,1,cond-mat.dis-nn
12801,12803,0.6213349345596119,1,cond-mat.dis-nn
407,2225,0.31465798044412485,1,cond-mat.dis-nn
3744,480,1.072008968920998,1,cond-mat.dis-nn
9016,9018,0.0,1,cond-mat.dis-nn
5757,8553,1.4426950408889634,1,cond-mat.dis-nn
578,13209,1.4756950362957264,1,cond-mat.dis-nn
2841,12330,0.0,1,cond-mat.dis-nn
2442,2440,0.0,1,cond-mat.dis-nn
209,210,0.6213349345596119,1,cond-mat.dis-nn
899,12100,0.6213349345596119,1,cond-mat.dis-nn
888,1529,1.4426950408889634,1,cond-mat.dis-nn
2965,6606,0.0,1,cond-mat.dis-nn
1300,2620,1.631586747071319,1,cond-mat.dis-nn
62,5987,1.76040694665868,1,cond-mat.dis-nn
2748,2058,1.6900713521141322,1,cond-mat.dis-nn
6396,6398,0.9102392266268373,1,cond-mat.dis-nn
1545,14079,0.6253254477239307,1,cond-mat.dis-nn
3276,3787,0.0,1,cond-mat.dis-nn
1203,2801,1.4426950408889634,1,cond-mat.dis-nn
320,1014,0.7213475204444817,1,cond-mat.dis-nn
14139,14142,2.974269202075413,1,cond-mat.dis-nn
4481,6622,1.701012807696292,1,cond-mat.dis-nn
5118,10709,1.90086925513571,1,cond-mat.dis-nn
650,13055,0.0,1,cond-mat.dis-nn
5049,5169,0.3898712452512801,1,cond-mat.dis-nn
46,424,1.2751982113772167,1,cond-mat.dis-nn
124,339,0.0,1,cond-mat.dis-nn
2022,6088,0.9102392266268373,1,cond-mat.dis-nn
12072,12073,0.9102392266268373,1,cond-mat.dis-nn
96,420,2.936807030677417,1,cond-mat.dis-nn
307,308,1.4426950408889634,1,cond-mat.dis-nn
955,2169,0.8582122550516603,1,cond-mat.dis-nn
14479,14480,2.06575991148883,1,cond-mat.dis-nn
2283,12645,0.0,1,cond-mat.dis-nn
895,897,1.9640173895637054,1,cond-mat.dis-nn
397,578,0.8575492176952633,1,cond-mat.dis-nn
3334,3335,1.8204784532536746,1,cond-mat.dis-nn
12643,13561,0.45511961331341866,1,cond-mat.dis-nn
37,9625,0.31066746727980593,1,cond-mat.dis-nn
12926,12927,2.352934267515801,1,cond-mat.dis-nn
1820,1821,0.0,1,cond-mat.dis-nn
804,7943,1.8859822045162922,1,cond-mat.dis-nn
2350,10448,0.7213475204444817,1,cond-mat.dis-nn
152,12722,0.0,1,cond-mat.dis-nn
2748,2755,2.1060571649836266,1,cond-mat.dis-nn
13059,13061,0.7213475204444817,1,cond-mat.dis-nn
617,1876,0.43429448190325176,1,cond-mat.dis-nn
866,1142,0.8194619958060909,1,cond-mat.dis-nn
938,1851,1.2642853951941755,1,cond-mat.dis-nn
2441,5641,0.6213349345596119,1,cond-mat.dis-nn
9555,9556,1.4426950408889634,1,cond-mat.dis-nn
1319,3360,0.0,1,cond-mat.dis-nn
11841,11842,2.164042561333445,1,cond-mat.dis-nn
12697,12698,1.4426950408889634,1,cond-mat.dis-nn
217,220,1.8814924111976867,1,cond-mat.dis-nn
2799,7942,0.48089834696298783,1,cond-mat.dis-nn
1425,591,1.0547841394252944,1,cond-mat.dis-nn
270,7416,1.1022332815225997,1,cond-mat.dis-nn
126,10561,1.876989522792215,1,cond-mat.dis-nn
1374,1375,2.7668200240006815,1,cond-mat.dis-nn
9403,14139,2.974269202075413,1,cond-mat.dis-nn
2350,290,0.6213349345596119,1,cond-mat.dis-nn
12962,12963,1.1383799118687281,1,cond-mat.dis-nn
12411,12788,0.3001016285004131,1,cond-mat.dis-nn
2057,2776,1.1901004066087333,1,cond-mat.dis-nn
3454,1540,2.352934267515801,1,cond-mat.dis-nn
13338,13344,2.3688185775161816,1,cond-mat.dis-nn
1862,5867,0.0,1,cond-mat.dis-nn
96,1484,1.9551022002199914,1,cond-mat.dis-nn
13053,13054,0.0,1,cond-mat.dis-nn
2223,1920,0.6213349345596119,1,cond-mat.dis-nn
6245,13652,1.4426950408889634,1,cond-mat.dis-nn
901,13115,0.5979843021794247,1,cond-mat.dis-nn
1743,12392,1.7716042830918677,1,cond-mat.dis-nn
2059,7135,0.9273799996201022,1,cond-mat.dis-nn
216,1328,0.0,1,cond-mat.dis-nn
1076,2275,0.9102392266268373,1,cond-mat.dis-nn
1542,13293,1.3889616247533678,1,cond-mat.dis-nn
748,749,0.3898712452512801,1,cond-mat.dis-nn
229,12611,0.6519741919017236,1,cond-mat.dis-nn
479,1116,0.29401410379520604,1,cond-mat.dis-nn
1080,10358,0.0,1,cond-mat.dis-nn
578,861,2.355912694868759,1,cond-mat.dis-nn
13338,13345,1.8107079509649349,1,cond-mat.dis-nn
12960,172,1.7469633129119337,1,cond-mat.dis-nn
4616,7709,0.48089834696298783,1,cond-mat.dis-nn
3086,13384,1.8204784532536746,1,cond-mat.dis-nn
578,13285,0.7213475204444817,1,cond-mat.dis-nn
2091,4089,1.4813011806830931,1,cond-mat.dis-nn
1992,12583,0.0,1,cond-mat.dis-nn
1863,1867,0.0,1,cond-mat.dis-nn
13339,13342,2.5919162893982213,1,cond-mat.dis-nn
2283,8462,0.0,1,cond-mat.dis-nn
12408,12409,0.0,1,cond-mat.dis-nn
418,472,0.0,1,cond-mat.dis-nn
218,217,3.1949658991448313,1,cond-mat.dis-nn
5813,5816,0.0,1,cond-mat.dis-nn
1594,1736,1.4426950408889634,1,cond-mat.dis-nn
42,4605,1.1162212531024944,1,cond-mat.dis-nn
1851,808,0.2969742043733701,1,cond-mat.dis-nn
2275,13173,0.0,1,cond-mat.dis-nn
382,13266,1.4426950408889634,1,cond-mat.dis-nn
13341,13344,2.9901535120757936,1,cond-mat.dis-nn
270,13373,1.344533708530089,1,cond-mat.dis-nn
807,9678,0.0,1,cond-mat.dis-nn
226,225,0.0,1,cond-mat.dis-nn
5749,6365,1.4426950408889634,1,cond-mat.dis-nn
125,709,0.40242960438184466,1,cond-mat.dis-nn
12765,12770,1.072008968920998,1,cond-mat.dis-nn
4663,3869,0.4170323914242463,1,cond-mat.dis-nn
1545,13293,1.0360055008886064,1,cond-mat.dis-nn
8698,8699,1.631586747071319,1,cond-mat.dis-nn
551,3515,0.3284587387530511,1,cond-mat.dis-nn
6066,8479,0.0,1,cond-mat.dis-nn
3870,3872,0.0,1,cond-mat.dis-nn
1173,9572,1.8204784532536746,1,cond-mat.dis-nn
6052,10940,1.4426950408889634,1,cond-mat.dis-nn
3945,8385,0.0,1,cond-mat.dis-nn
2619,2620,3.074281787960282,1,cond-mat.dis-nn
729,7312,0.3789231816899512,1,cond-mat.dis-nn
3823,3825,2.541825973698156,1,cond-mat.dis-nn
584,13290,0.7213475204444817,1,cond-mat.dis-nn
260,665,0.9102392266268373,1,cond-mat.dis-nn
317,2627,0.0,1,cond-mat.dis-nn
7486,11109,1.4426950408889634,1,cond-mat.dis-nn
2207,7257,2.164042561333445,1,cond-mat.dis-nn
1974,4406,1.179445561110859,1,cond-mat.dis-nn
6635,13389,0.0,1,cond-mat.dis-nn
1072,1484,0.7213475204444817,1,cond-mat.dis-nn
890,3159,0.0,1,cond-mat.dis-nn
8391,8392,0.0,1,cond-mat.dis-nn
695,1684,1.4426950408889634,1,cond-mat.dis-nn
83,13065,0.0,1,cond-mat.dis-nn
807,938,2.707503543845026,1,cond-mat.dis-nn
881,9268,0.2969742043733701,1,cond-mat.dis-nn
2972,2973,0.0,1,cond-mat.dis-nn
493,496,1.4398939740295416,1,cond-mat.dis-nn
975,14124,0.5581106265512472,1,cond-mat.dis-nn
593,6525,0.3789231816899512,1,cond-mat.dis-nn
1328,2452,0.0,1,cond-mat.dis-nn
37,1738,2.1543754136515036,1,cond-mat.dis-nn
733,5374,0.0,1,cond-mat.dis-nn
270,7135,1.713803081598944,1,cond-mat.dis-nn
13309,13311,1.4426950408889634,1,cond-mat.dis-nn
1425,7943,1.6924986264430404,1,cond-mat.dis-nn
83,12850,0.0,1,cond-mat.dis-nn
138,4880,0.5138983423697507,1,cond-mat.dis-nn
4663,6298,1.0383673259838582,1,cond-mat.dis-nn
4499,4500,1.4426950408889634,1,cond-mat.dis-nn
269,624,1.2352458628142324,1,cond-mat.dis-nn
1713,10750,0.6213349345596119,1,cond-mat.dis-nn
8321,8322,0.0,1,cond-mat.dis-nn
37,12451,0.7130970716616506,1,cond-mat.dis-nn
9587,9588,0.5138983423697507,1,cond-mat.dis-nn
1736,3233,0.7213475204444817,1,cond-mat.dis-nn
5741,3543,0.43429448190325176,1,cond-mat.dis-nn
13220,13223,1.5522656683536087,1,cond-mat.dis-nn
6762,11985,1.4426950408889634,1,cond-mat.dis-nn
447,449,0.0,1,cond-mat.dis-nn
8221,8223,1.4426950408889634,1,cond-mat.dis-nn
6324,13492,0.5581106265512472,1,cond-mat.dis-nn
7674,7675,1.3001104718781173,1,cond-mat.dis-nn
412,410,0.9102392266268373,1,cond-mat.dis-nn
1531,2332,1.9640173895637054,1,cond-mat.dis-nn
51,4989,1.7629806527117733,1,cond-mat.dis-nn
1076,45,0.31465798044412485,1,cond-mat.dis-nn
10453,12581,1.4426950408889634,1,cond-mat.dis-nn
5498,13921,0.7213475204444817,1,cond-mat.dis-nn
771,2999,1.4426950408889634,1,cond-mat.dis-nn
2020,5620,1.4426950408889634,1,cond-mat.dis-nn
4243,4244,1.2352458628142324,1,cond-mat.dis-nn
7707,7709,0.48089834696298783,1,cond-mat.dis-nn
2556,10027,0.0,1,cond-mat.dis-nn
975,479,1.9822166558452332,1,cond-mat.dis-nn
497,1116,0.29401410379520604,1,cond-mat.dis-nn
1543,12479,0.5138983423697507,1,cond-mat.dis-nn
9161,9166,2.5853523241233174,1,cond-mat.dis-nn
665,1369,0.0,1,cond-mat.dis-nn
61,1851,1.3992074858959698,1,cond-mat.dis-nn
13106,13442,0.3284587387530511,1,cond-mat.dis-nn
11591,13297,1.4426950408889634,1,cond-mat.dis-nn
12490,12762,3.263173494142638,1,cond-mat.dis-nn
12639,13078,1.8204784532536746,1,cond-mat.dis-nn
12915,12917,2.841053876235982,1,cond-mat.dis-nn
4256,4257,0.0,1,cond-mat.dis-nn
479,729,4.365688813851458,1,cond-mat.dis-nn
4607,9080,0.7213475204444817,1,cond-mat.dis-nn
1322,1321,1.4426950408889634,1,cond-mat.dis-nn
551,13314,0.3284587387530511,1,cond-mat.dis-nn
7011,7293,1.3426824550040934,1,cond-mat.dis-nn
12750,14290,1.279458146995729,1,cond-mat.dis-nn
107,1587,0.0,1,cond-mat.dis-nn
1673,1674,0.0,1,cond-mat.dis-nn
10940,10942,1.4426950408889634,1,cond-mat.dis-nn
2747,13043,2.4165815958715733,1,cond-mat.dis-nn
624,12316,0.0,1,cond-mat.dis-nn
48,50,0.9102392266268373,1,cond-mat.dis-nn
8859,8860,0.5138983423697507,1,cond-mat.dis-nn
12919,12923,0.9102392266268373,1,cond-mat.dis-nn
1545,2275,4.587195122647558,1,cond-mat.dis-nn
1954,2631,0.6213349345596119,1,cond-mat.dis-nn
12412,12141,1.631586747071319,1,cond-mat.dis-nn
12767,12770,1.5271285822344165,1,cond-mat.dis-nn
2623,12627,0.0,1,cond-mat.dis-nn
812,813,0.9102392266268373,1,cond-mat.dis-nn
1735,3234,1.3426824550040934,1,cond-mat.dis-nn
2748,7135,0.9273799996201022,1,cond-mat.dis-nn
1378,1377,1.3426824550040934,1,cond-mat.dis-nn
80,12510,0.0,1,cond-mat.dis-nn
297,12488,1.6711411937571445,1,cond-mat.dis-nn
2057,13265,2.8668326098855514,1,cond-mat.dis-nn
72,3482,2.2032101000523157,1,cond-mat.dis-nn
5741,8158,0.6926122487105806,1,cond-mat.dis-nn
370,1628,0.0,1,cond-mat.dis-nn
2328,2331,1.611939242188079,1,cond-mat.dis-nn
13480,13483,2.4779157319334564,1,cond-mat.dis-nn
829,4929,0.40242960438184466,1,cond-mat.dis-nn
2204,2499,0.5581106265512472,1,cond-mat.dis-nn
888,12997,0.9102392266268373,1,cond-mat.dis-nn
4240,4243,1.3426824550040934,1,cond-mat.dis-nn
54,2748,1.5811067697453691,1,cond-mat.dis-nn
2137,2499,0.9102392266268373,1,cond-mat.dis-nn
2747,5120,0.930930733793997,1,cond-mat.dis-nn
938,2822,0.8367240862850964,1,cond-mat.dis-nn
5150,37,0.5581106265512472,1,cond-mat.dis-nn
3113,3116,0.7213475204444817,1,cond-mat.dis-nn
729,866,0.4170323914242463,1,cond-mat.dis-nn
492,12688,1.8030607506865393,1,cond-mat.dis-nn
5072,5073,0.43429448190325176,1,cond-mat.dis-nn
12308,12686,2.785377495893057,1,cond-mat.dis-nn
958,1072,0.9609582064547204,1,cond-mat.dis-nn
3290,3291,1.4426950408889634,1,cond-mat.dis-nn
502,1356,0.7294945171463887,1,cond-mat.dis-nn
1004,1006,0.0,1,cond-mat.dis-nn
2839,650,0.0,1,cond-mat.dis-nn
1067,1256,1.4426950408889634,1,cond-mat.dis-nn
62,5867,0.5138983423697507,1,cond-mat.dis-nn
12911,12919,1.391137573589825,1,cond-mat.dis-nn
424,5591,1.7677884443221008,1,cond-mat.dis-nn
3750,4086,0.6647788229937737,1,cond-mat.dis-nn
942,943,1.4426950408889634,1,cond-mat.dis-nn
323,2907,0.4170323914242463,1,cond-mat.dis-nn
1192,1850,1.2243542039934723,1,cond-mat.dis-nn
12426,12427,0.9102392266268373,1,cond-mat.dis-nn
424,684,0.29401410379520604,1,cond-mat.dis-nn
46,1072,1.682305726899202,1,cond-mat.dis-nn
1080,1305,0.0,1,cond-mat.dis-nn
322,1633,1.3232554280857896,1,cond-mat.dis-nn
7293,12803,0.6213349345596119,1,cond-mat.dis-nn
72,931,0.6213349345596119,1,cond-mat.dis-nn
12275,12426,1.4683498531780845,1,cond-mat.dis-nn
1076,12411,0.7025312328822577,1,cond-mat.dis-nn
2161,8986,1.9235933878519513,1,cond-mat.dis-nn
2137,2205,1.011206179810892,1,cond-mat.dis-nn
12433,12434,0.0,1,cond-mat.dis-nn
13376,13377,0.3396232718951086,1,cond-mat.dis-nn
2072,13207,2.6950142730347633,1,cond-mat.dis-nn
8730,8731,1.0383673259838582,1,cond-mat.dis-nn
1821,11114,0.0,1,cond-mat.dis-nn
1385,4307,1.3561565976855956,1,cond-mat.dis-nn
2556,12861,1.4426950408889634,1,cond-mat.dis-nn
2178,2181,0.9102392266268373,1,cond-mat.dis-nn
96,5504,1.876989522792215,1,cond-mat.dis-nn
8604,13123,0.9102392266268373,1,cond-mat.dis-nn
223,224,0.45511961331341866,1,cond-mat.dis-nn
1441,12303,0.0,1,cond-mat.dis-nn
12413,12415,2.164042561333445,1,cond-mat.dis-nn
12679,13556,0.0,1,cond-mat.dis-nn
3197,13356,0.5581106265512472,1,cond-mat.dis-nn
766,764,0.7213475204444817,1,cond-mat.dis-nn
557,625,0.5581106265512472,1,cond-mat.dis-nn
9129,9130,0.0,1,cond-mat.dis-nn
1945,12814,1.4426950408889634,1,cond-mat.dis-nn
2020,2022,2.352934267515801,1,cond-mat.dis-nn
9655,9656,0.0,1,cond-mat.dis-nn
7686,7687,2.8853900817779268,1,cond-mat.dis-nn
446,6433,0.0,1,cond-mat.dis-nn
96,5072,0.0,1,cond-mat.dis-nn
2137,2204,0.3898712452512801,1,cond-mat.dis-nn
6997,6999,0.0,1,cond-mat.dis-nn
237,794,0.0,1,cond-mat.dis-nn
693,12799,0.0,1,cond-mat.dis-nn
1097,1344,1.179445561110859,1,cond-mat.dis-nn
1389,4215,1.279458146995729,1,cond-mat.dis-nn
13528,13531,2.064029975448575,1,cond-mat.dis-nn
1770,14312,0.0,1,cond-mat.dis-nn
4605,4606,0.0,1,cond-mat.dis-nn
2650,2649,1.8204784532536746,1,cond-mat.dis-nn
263,5015,0.5138983423697507,1,cond-mat.dis-nn
3221,3222,2.358891122221718,1,cond-mat.dis-nn
12997,12999,0.9102392266268373,1,cond-mat.dis-nn
418,473,0.5581106265512472,1,cond-mat.dis-nn
652,8317,1.8204784532536746,1,cond-mat.dis-nn
1892,9648,0.0,1,cond-mat.dis-nn
270,2058,1.6900713521141322,1,cond-mat.dis-nn
4308,11636,1.4426950408889634,1,cond-mat.dis-nn
217,1226,0.0,1,cond-mat.dis-nn
6396,6399,0.0,1,cond-mat.dis-nn
12757,13243,1.631586747071319,1,cond-mat.dis-nn
541,1390,1.4683498531780845,1,cond-mat.dis-nn
97,99,1.1556420023477334,1,cond-mat.dis-nn
1017,13989,1.631586747071319,1,cond-mat.dis-nn
683,9645,1.344533708530089,1,cond-mat.dis-nn
713,12660,0.0,1,cond-mat.dis-nn
938,2062,1.4854906261713494,1,cond-mat.dis-nn
210,4019,0.9102392266268373,1,cond-mat.dis-nn
13018,13020,0.0,1,cond-mat.dis-nn
4840,4839,1.4426950408889634,1,cond-mat.dis-nn
201,3869,0.0,1,cond-mat.dis-nn
93,3869,0.4170323914242463,1,cond-mat.dis-nn
111,1861,0.8550848309246173,1,cond-mat.dis-nn
585,4607,0.40242960438184466,1,cond-mat.dis-nn
151,1175,0.7687944269412312,1,cond-mat.dis-nn
61,13211,1.0183217248178518,1,cond-mat.dis-nn
2323,2325,1.4426950408889634,1,cond-mat.dis-nn
585,4391,0.43429448190325176,1,cond-mat.dis-nn
132,13989,0.7213475204444817,1,cond-mat.dis-nn
9266,14140,2.164042561333445,1,cond-mat.dis-nn
446,12535,1.3272716180510837,1,cond-mat.dis-nn
14,1572,0.0,1,cond-mat.dis-nn
11819,11820,0.955143135254946,1,cond-mat.dis-nn
12477,12478,0.0,1,cond-mat.dis-nn
5919,6545,1.2209066939066433,1,cond-mat.dis-nn
209,6781,0.0,1,cond-mat.dis-nn
807,2233,1.1556420023477334,1,cond-mat.dis-nn
138,3339,1.4426950408889634,1,cond-mat.dis-nn
1398,12294,1.8640048036788355,1,cond-mat.dis-nn
4138,4140,2.523979269640948,1,cond-mat.dis-nn
2393,7366,1.4426950408889634,1,cond-mat.dis-nn
2275,3714,0.0,1,cond-mat.dis-nn
420,1661,0.48089834696298783,1,cond-mat.dis-nn
673,884,1.4426950408889634,1,cond-mat.dis-nn
8880,8881,2.541825973698156,1,cond-mat.dis-nn
572,2172,1.3983698670859877,1,cond-mat.dis-nn
123,4858,0.0,1,cond-mat.dis-nn
12392,12788,1.3238661674418695,1,cond-mat.dis-nn
4210,4212,0.0,1,cond-mat.dis-nn
279,3427,0.45511961331341866,1,cond-mat.dis-nn
1161,2479,0.9102392266268373,1,cond-mat.dis-nn
54,3543,2.065881228974571,1,cond-mat.dis-nn
218,12466,1.3426824550040934,1,cond-mat.dis-nn
4099,11425,0.0,1,cond-mat.dis-nn
639,726,0.33380820069533407,1,cond-mat.dis-nn
2006,7707,0.48089834696298783,1,cond-mat.dis-nn
691,12799,0.0,1,cond-mat.dis-nn
422,577,0.2790553132756236,1,cond-mat.dis-nn
60,1027,1.2917708937061088,1,cond-mat.dis-nn
2060,2420,0.0,1,cond-mat.dis-nn
12070,12072,0.9102392266268373,1,cond-mat.dis-nn
71,2567,2.0640299754485754,1,cond-mat.dis-nn
1456,2096,0.40242960438184466,1,cond-mat.dis-nn
3750,7416,1.1022332815225997,1,cond-mat.dis-nn
127,5591,0.8575492176952633,1,cond-mat.dis-nn
11591,13133,0.0,1,cond-mat.dis-nn
1098,1344,1.179445561110859,1,cond-mat.dis-nn
2283,12854,0.0,1,cond-mat.dis-nn
633,422,0.0,1,cond-mat.dis-nn
1647,13216,0.0,1,cond-mat.dis-nn
865,2445,0.0,1,cond-mat.dis-nn
12775,12776,0.7213475204444817,1,cond-mat.dis-nn
13066,13067,0.45511961331341866,1,cond-mat.dis-nn
4607,317,1.256215482888031,1,cond-mat.dis-nn
859,577,1.3555098611486542,1,cond-mat.dis-nn
9161,9165,1.2426698691192237,1,cond-mat.dis-nn
881,1045,0.5909883081685761,1,cond-mat.dis-nn
13442,13443,0.3284587387530511,1,cond-mat.dis-nn
4210,4211,0.0,1,cond-mat.dis-nn
3080,3081,0.7213475204444817,1,cond-mat.dis-nn
2498,10944,0.0,1,cond-mat.dis-nn
12913,12923,2.8532287402325784,1,cond-mat.dis-nn
12633,7473,1.4426950408889634,1,cond-mat.dis-nn
12275,7473,0.0,1,cond-mat.dis-nn
2965,5055,0.0,1,cond-mat.dis-nn
3689,3690,1.4426950408889634,1,cond-mat.dis-nn
12745,12746,0.0,1,cond-mat.dis-nn
782,3543,1.4426950408889634,1,cond-mat.dis-nn
551,549,0.0,1,cond-mat.dis-nn
13135,13369,0.0,1,cond-mat.dis-nn
179,539,0.0,1,cond-mat.dis-nn
217,1356,1.3344199612278471,1,cond-mat.dis-nn
1066,3370,0.7213475204444817,1,cond-mat.dis-nn
202,1738,1.5962647871002564,1,cond-mat.dis-nn
4139,4141,1.0556294164628637,1,cond-mat.dis-nn
3558,3576,1.4426950408889634,1,cond-mat.dis-nn
1763,5486,1.0556294164628637,1,cond-mat.dis-nn
12649,12651,1.4426950408889634,1,cond-mat.dis-nn
12748,12751,1.279458146995729,1,cond-mat.dis-nn
80,12545,1.4426950408889634,1,cond-mat.dis-nn
12792,12793,0.9102392266268373,1,cond-mat.dis-nn
1424,1770,0.45511961331341866,1,cond-mat.dis-nn
1098,10910,0.0,1,cond-mat.dis-nn
765,766,0.7213475204444817,1,cond-mat.dis-nn
260,1308,0.0,1,cond-mat.dis-nn
90,231,0.48089834696298783,1,cond-mat.dis-nn
1385,5118,0.7831808504341418,1,cond-mat.dis-nn
111,1558,0.2969742043733701,1,cond-mat.dis-nn
650,651,0.0,1,cond-mat.dis-nn
876,5590,0.9102392266268373,1,cond-mat.dis-nn
1370,4917,0.0,1,cond-mat.dis-nn
9163,9164,1.9007930815553409,1,cond-mat.dis-nn
1759,6376,0.0,1,cond-mat.dis-nn
231,467,0.5138983423697507,1,cond-mat.dis-nn
8619,8621,0.7213475204444817,1,cond-mat.dis-nn
985,13292,1.4249650927857591,1,cond-mat.dis-nn
1939,12688,0.8928215240597019,1,cond-mat.dis-nn
1543,14137,0.33380820069533407,1,cond-mat.dis-nn
726,4916,0.33380820069533407,1,cond-mat.dis-nn
7685,7686,0.7213475204444817,1,cond-mat.dis-nn
214,3396,1.1352332769293625,1,cond-mat.dis-nn
1192,1851,0.6429504606345637,1,cond-mat.dis-nn
407,3604,1.0360055008886064,1,cond-mat.dis-nn
1592,3232,0.7213475204444817,1,cond-mat.dis-nn
2235,12411,0.7025312328822577,1,cond-mat.dis-nn
2283,12644,0.0,1,cond-mat.dis-nn
1386,1388,1.4426950408889634,1,cond-mat.dis-nn
12791,12793,0.9102392266268373,1,cond-mat.dis-nn
778,3739,0.0,1,cond-mat.dis-nn
1097,9668,0.6213349345596119,1,cond-mat.dis-nn
2315,13271,0.9102392266268373,1,cond-mat.dis-nn
13143,13145,1.4426950408889634,1,cond-mat.dis-nn
412,2676,0.0,1,cond-mat.dis-nn
125,967,1.0820212806667224,1,cond-mat.dis-nn
7289,12801,1.531574161186449,1,cond-mat.dis-nn
218,12538,0.6213349345596119,1,cond-mat.dis-nn
1751,4947,0.9102392266268373,1,cond-mat.dis-nn
2197,3319,0.7213475204444817,1,cond-mat.dis-nn
315,314,0.9102392266268373,1,cond-mat.dis-nn
252,12486,0.0,1,cond-mat.dis-nn
64,231,0.0,1,cond-mat.dis-nn
2060,135,1.4426950408889634,1,cond-mat.dis-nn
7425,7426,0.5138983423697507,1,cond-mat.dis-nn
231,1867,0.9273799996201022,1,cond-mat.dis-nn
12818,13261,0.9102392266268373,1,cond-mat.dis-nn
42,9724,0.3459762562611936,1,cond-mat.dis-nn
955,977,0.8582122550516603,1,cond-mat.dis-nn
1513,2445,0.0,1,cond-mat.dis-nn
8835,8836,0.7213475204444817,1,cond-mat.dis-nn
4365,6066,0.9102392266268373,1,cond-mat.dis-nn
1328,12889,1.4426950408889634,1,cond-mat.dis-nn
10027,10028,0.0,1,cond-mat.dis-nn
201,4294,0.974291058424373,1,cond-mat.dis-nn
420,422,1.279458146995729,1,cond-mat.dis-nn
13,886,0.9102392266268373,1,cond-mat.dis-nn
2833,2834,0.9151928288662396,1,cond-mat.dis-nn
12768,12769,1.3426824550040934,1,cond-mat.dis-nn
132,10620,1.3426824550040934,1,cond-mat.dis-nn
5754,5758,0.6213349345596119,1,cond-mat.dis-nn
1419,3995,1.4426950408889634,1,cond-mat.dis-nn
1237,1238,1.4426950408889634,1,cond-mat.dis-nn
9997,9998,0.0,1,cond-mat.dis-nn
54,13616,0.0,1,cond-mat.dis-nn
12918,12921,1.391137573589825,1,cond-mat.dis-nn
269,1141,0.31465798044412485,1,cond-mat.dis-nn
1821,3131,1.4426950408889634,1,cond-mat.dis-nn
1592,1736,2.164042561333445,1,cond-mat.dis-nn
308,12504,0.0,1,cond-mat.dis-nn
1939,13417,0.8535216142648594,1,cond-mat.dis-nn
12775,12777,0.7213475204444817,1,cond-mat.dis-nn
12081,12483,0.7213475204444817,1,cond-mat.dis-nn
2186,2189,0.9102392266268373,1,cond-mat.dis-nn
12367,12370,0.7213475204444817,1,cond-mat.dis-nn
479,1606,1.424137568996588,1,cond-mat.dis-nn
317,12492,0.6213349345596119,1,cond-mat.dis-nn
6563,8561,1.1022332815225997,1,cond-mat.dis-nn
1945,3716,0.0,1,cond-mat.dis-nn
420,1659,1.1022332815225997,1,cond-mat.dis-nn
497,12459,0.2969742043733701,1,cond-mat.dis-nn
1300,1301,0.0,1,cond-mat.dis-nn
452,3284,1.2150732735520302,1,cond-mat.dis-nn
3533,5790,0.43429448190325176,1,cond-mat.dis-nn
663,5783,1.4426950408889634,1,cond-mat.dis-nn
12491,12761,1.8204784532536746,1,cond-mat.dis-nn
772,9400,0.0,1,cond-mat.dis-nn
7562,9668,0.0,1,cond-mat.dis-nn
1260,12840,0.9102392266268373,1,cond-mat.dis-nn
220,4663,1.3633878108365651,1,cond-mat.dis-nn
2329,2331,1.611939242188079,1,cond-mat.dis-nn
54,2755,1.1786771653635244,1,cond-mat.dis-nn
1180,9398,0.0,1,cond-mat.dis-nn
13854,13855,0.9102392266268373,1,cond-mat.dis-nn
54,1356,1.2174753323373935,1,cond-mat.dis-nn
71,73,0.3459762562611936,1,cond-mat.dis-nn
1993,1995,0.9102392266268373,1,cond-mat.dis-nn
12453,12673,1.249862498521946,1,cond-mat.dis-nn
729,1318,1.7533625081687694,1,cond-mat.dis-nn
415,1292,0.48089834696298783,1,cond-mat.dis-nn
1308,1441,0.0,1,cond-mat.dis-nn
298,272,0.2749075777424936,1,cond-mat.dis-nn
9582,9583,1.4426950408889634,1,cond-mat.dis-nn
12392,12663,0.7809999754634009,1,cond-mat.dis-nn
1207,1210,0.7213475204444817,1,cond-mat.dis-nn
2639,13275,0.0,1,cond-mat.dis-nn
412,4533,0.0,1,cond-mat.dis-nn
3266,13206,0.0,1,cond-mat.dis-nn
3114,3113,0.7213475204444817,1,cond-mat.dis-nn
1618,6770,1.6629788657717155,1,cond-mat.dis-nn
1950,10111,1.4426950408889634,1,cond-mat.dis-nn
1618,2632,2.46645957983042,1,cond-mat.dis-nn
5055,6606,1.344533708530089,1,cond-mat.dis-nn
2275,2001,0.0,1,cond-mat.dis-nn
543,3836,0.6927848262175276,1,cond-mat.dis-nn
7563,9668,2.0640299754485754,1,cond-mat.dis-nn
424,1116,0.915349038354818,1,cond-mat.dis-nn
807,2625,0.5581106265512472,1,cond-mat.dis-nn
3638,1941,0.6213349345596119,1,cond-mat.dis-nn
1751,4946,0.7213475204444817,1,cond-mat.dis-nn
866,865,4.531917217359171,1,cond-mat.dis-nn
5396,10591,1.2426698691192237,1,cond-mat.dis-nn
12454,10175,0.0,1,cond-mat.dis-nn
7416,2754,0.0,1,cond-mat.dis-nn
12287,12285,0.0,1,cond-mat.dis-nn
424,13678,0.31465798044412485,1,cond-mat.dis-nn
2596,2597,0.0,1,cond-mat.dis-nn
5038,5039,0.7213475204444817,1,cond-mat.dis-nn
2748,9278,1.8643098185541227,1,cond-mat.dis-nn
1350,2223,0.9359929150037367,1,cond-mat.dis-nn
260,1150,0.35295612386476116,1,cond-mat.dis-nn
93,426,0.6680820106481598,1,cond-mat.dis-nn
6350,7735,0.9102392266268373,1,cond-mat.dis-nn
397,3346,1.0237645389414565,1,cond-mat.dis-nn
1597,7687,0.5581106265512472,1,cond-mat.dis-nn
1300,2619,2.541825973698156,1,cond-mat.dis-nn
12766,12768,0.0,1,cond-mat.dis-nn
272,273,0.2749075777424936,1,cond-mat.dis-nn
269,1150,0.3001016285004131,1,cond-mat.dis-nn
467,8422,1.4426950408889634,1,cond-mat.dis-nn
1161,1067,0.7213475204444817,1,cond-mat.dis-nn
958,959,0.0,1,cond-mat.dis-nn
2782,2783,1.4426950408889634,1,cond-mat.dis-nn
1344,7562,0.5581106265512472,1,cond-mat.dis-nn
13043,13044,0.0,1,cond-mat.dis-nn
730,12516,0.921436563060025,1,cond-mat.dis-nn
696,697,1.4426950408889634,1,cond-mat.dis-nn
218,633,0.33380820069533407,1,cond-mat.dis-nn
1397,12296,1.9640173895637054,1,cond-mat.dis-nn
958,1230,0.45511961331341866,1,cond-mat.dis-nn
494,13417,1.249862498521946,1,cond-mat.dis-nn
290,13343,2.655140597406586,1,cond-mat.dis-nn
592,6525,0.3789231816899512,1,cond-mat.dis-nn
209,4644,0.6213349345596119,1,cond-mat.dis-nn
54,13617,0.0,1,cond-mat.dis-nn
1464,8420,2.541825973698156,1,cond-mat.dis-nn
418,8685,0.0,1,cond-mat.dis-nn
3563,3565,1.631586747071319,1,cond-mat.dis-nn
1543,2275,7.129021096345714,1,cond-mat.dis-nn
12916,12924,2.365109131512397,1,cond-mat.dis-nn
1711,1712,1.7933564893654796,1,cond-mat.dis-nn
317,12751,0.5581106265512472,1,cond-mat.dis-nn
1751,7316,1.4426950408889634,1,cond-mat.dis-nn
3482,4607,0.9605402309330919,1,cond-mat.dis-nn
9730,11966,0.6213349345596119,1,cond-mat.dis-nn
12679,13555,0.0,1,cond-mat.dis-nn
6395,6399,1.8204784532536746,1,cond-mat.dis-nn
413,416,0.0,1,cond-mat.dis-nn
3152,3153,0.7213475204444817,1,cond-mat.dis-nn
12913,12924,2.423887860568729,1,cond-mat.dis-nn
14,1360,0.5581106265512472,1,cond-mat.dis-nn
13549,13618,0.949793673312663,1,cond-mat.dis-nn
12816,12817,0.0,1,cond-mat.dis-nn
4294,13352,0.974291058424373,1,cond-mat.dis-nn
13115,13124,2.429946931339034,1,cond-mat.dis-nn
866,96,0.6519741919017236,1,cond-mat.dis-nn
4290,13205,0.0,1,cond-mat.dis-nn
1228,1227,0.9102392266268373,1,cond-mat.dis-nn
811,813,0.9102392266268373,1,cond-mat.dis-nn
5641,5642,1.3426824550040934,1,cond-mat.dis-nn
745,12391,0.610769095780219,1,cond-mat.dis-nn
12286,12285,0.0,1,cond-mat.dis-nn
14140,14141,2.164042561333445,1,cond-mat.dis-nn
1313,815,0.8132176635932029,1,cond-mat.dis-nn
2004,12670,0.0,1,cond-mat.dis-nn
2006,9728,0.48089834696298783,1,cond-mat.dis-nn
6935,6936,0.7213475204444817,1,cond-mat.dis-nn
1821,3132,0.0,1,cond-mat.dis-nn
62,13433,0.0,1,cond-mat.dis-nn
54,9278,1.3061991920028755,1,cond-mat.dis-nn
3139,8908,1.8204784532536746,1,cond-mat.dis-nn
538,539,0.0,1,cond-mat.dis-nn
938,13359,0.8035638549721068,1,cond-mat.dis-nn
14,62,1.4365931497745303,1,cond-mat.dis-nn
412,2675,0.0,1,cond-mat.dis-nn
913,13172,3.435345670094749,1,cond-mat.dis-nn
2844,13110,1.4426950408889634,1,cond-mat.dis-nn
166,153,0.0,1,cond-mat.dis-nn
13162,432,0.0,1,cond-mat.dis-nn
370,12714,0.9102392266268373,1,cond-mat.dis-nn
1779,2642,0.7213475204444817,1,cond-mat.dis-nn
796,3226,0.0,1,cond-mat.dis-nn
1543,10022,0.48089834696298783,1,cond-mat.dis-nn
308,12503,0.0,1,cond-mat.dis-nn
2081,2082,0.0,1,cond-mat.dis-nn
494,2341,1.249862498521946,1,cond-mat.dis-nn
2041,5396,1.2426698691192237,1,cond-mat.dis-nn
668,3037,1.876989522792215,1,cond-mat.dis-nn
888,13780,0.0,1,cond-mat.dis-nn
1743,1746,0.990604307628467,1,cond-mat.dis-nn
2498,10943,0.0,1,cond-mat.dis-nn
977,4642,2.3785890798049216,1,cond-mat.dis-nn
3442,2621,1.800780495670471,1,cond-mat.dis-nn
270,4154,2.0008056674402104,1,cond-mat.dis-nn
1318,1563,1.7396692452623335,1,cond-mat.dis-nn
13355,13356,0.5581106265512472,1,cond-mat.dis-nn
4165,4358,0.31066746727980593,1,cond-mat.dis-nn
2388,11132,2.0640299754485754,1,cond-mat.dis-nn
551,578,0.7213475204444817,1,cond-mat.dis-nn
492,12672,0.9102392266268373,1,cond-mat.dis-nn
13514,13522,0.3284587387530511,1,cond-mat.dis-nn
317,12352,0.7213475204444817,1,cond-mat.dis-nn
418,1612,2.0008056674402104,1,cond-mat.dis-nn
8349,13544,0.0,1,cond-mat.dis-nn
1545,12721,0.31465798044412485,1,cond-mat.dis-nn
241,1624,1.4426950408889634,1,cond-mat.dis-nn
1158,9730,0.9102392266268373,1,cond-mat.dis-nn
215,216,0.0,1,cond-mat.dis-nn
360,12609,1.424137568996588,1,cond-mat.dis-nn
914,2026,0.48089834696298783,1,cond-mat.dis-nn
809,605,0.7923008496331247,1,cond-mat.dis-nn
3447,12678,1.4426950408889634,1,cond-mat.dis-nn
7202,7203,0.0,1,cond-mat.dis-nn
4875,4876,1.4426950408889634,1,cond-mat.dis-nn
269,420,0.6838853490464861,1,cond-mat.dis-nn
2060,10308,0.0,1,cond-mat.dis-nn
339,12340,0.9102392266268373,1,cond-mat.dis-nn
3266,3269,1.4426950408889634,1,cond-mat.dis-nn
218,220,3.8000410535870124,1,cond-mat.dis-nn
698,5982,0.7213475204444817,1,cond-mat.dis-nn
1597,7688,1.179445561110859,1,cond-mat.dis-nn
13065,13067,1.4426950408889634,1,cond-mat.dis-nn
5589,5590,0.9102392266268373,1,cond-mat.dis-nn
12990,12991,1.4426950408889634,1,cond-mat.dis-nn
39,1759,0.0,1,cond-mat.dis-nn
3403,3404,1.8204784532536746,1,cond-mat.dis-nn
2330,2332,1.3426824550040934,1,cond-mat.dis-nn
12921,12922,1.8978146542023824,1,cond-mat.dis-nn
13220,13222,1.5522656683536087,1,cond-mat.dis-nn
12408,13557,0.0,1,cond-mat.dis-nn
951,952,0.5581106265512472,1,cond-mat.dis-nn
1713,10751,1.3426824550040934,1,cond-mat.dis-nn
112,3128,1.4426950408889634,1,cond-mat.dis-nn
985,2120,0.5581106265512472,1,cond-mat.dis-nn
803,2136,1.011206179810892,1,cond-mat.dis-nn
1150,2799,0.921436563060025,1,cond-mat.dis-nn
1735,3232,0.7213475204444817,1,cond-mat.dis-nn
127,9910,0.7716989774506997,1,cond-mat.dis-nn
4472,5066,2.1362762030230393,1,cond-mat.dis-nn
5755,5756,0.9102392266268373,1,cond-mat.dis-nn
1269,1270,1.631586747071319,1,cond-mat.dis-nn
2060,3170,0.9102392266268373,1,cond-mat.dis-nn
2477,7470,0.3898712452512801,1,cond-mat.dis-nn
2328,2329,2.233274176747691,1,cond-mat.dis-nn
2857,4752,1.4426950408889634,1,cond-mat.dis-nn
12912,12924,1.917210779956172,1,cond-mat.dis-nn
13343,13344,2.218454534625094,1,cond-mat.dis-nn
1864,14479,2.06575991148883,1,cond-mat.dis-nn
1944,3494,1.6161316238923504,1,cond-mat.dis-nn
4165,3387,1.2480835003029405,1,cond-mat.dis-nn
668,1654,1.4426950408889634,1,cond-mat.dis-nn
2223,12881,0.9359929150037367,1,cond-mat.dis-nn
4294,13167,2.7759235136459646,1,cond-mat.dis-nn
297,831,0.949793673312663,1,cond-mat.dis-nn
1000,2213,0.9102392266268373,1,cond-mat.dis-nn
1475,13378,1.391137573589825,1,cond-mat.dis-nn
5504,13866,1.4426950408889634,1,cond-mat.dis-nn
1543,1751,0.0,1,cond-mat.dis-nn
8619,8620,0.7213475204444817,1,cond-mat.dis-nn
166,975,0.8575492176952633,1,cond-mat.dis-nn
370,372,1.8204784532536746,1,cond-mat.dis-nn
1543,1941,0.0,1,cond-mat.dis-nn
2608,7426,1.6491316192991134,1,cond-mat.dis-nn
13147,13424,0.0,1,cond-mat.dis-nn
20,21,0.0,1,cond-mat.dis-nn
172,13124,1.5971196000654821,1,cond-mat.dis-nn
944,4748,0.7213475204444817,1,cond-mat.dis-nn
13604,13605,0.0,1,cond-mat.dis-nn
468,4530,0.9187843867734881,1,cond-mat.dis-nn
11706,11707,0.0,1,cond-mat.dis-nn
1076,479,1.535564674350768,1,cond-mat.dis-nn
6,13359,1.382276353705779,1,cond-mat.dis-nn
8384,8385,1.4426950408889634,1,cond-mat.dis-nn
12916,12921,2.3859342629225635,1,cond-mat.dis-nn
3999,4240,0.0,1,cond-mat.dis-nn
1150,8562,0.7809999754634009,1,cond-mat.dis-nn
73,1080,0.7170875848259695,1,cond-mat.dis-nn
1264,7412,2.8853900817779268,1,cond-mat.dis-nn
2495,2496,1.4426950408889634,1,cond-mat.dis-nn
2326,2327,2.722203640584656,1,cond-mat.dis-nn
967,12697,2.3527156403328315,1,cond-mat.dis-nn
3968,3970,1.4426950408889634,1,cond-mat.dis-nn
1923,13867,0.9102392266268373,1,cond-mat.dis-nn
1713,3436,0.9102392266268373,1,cond-mat.dis-nn
54,502,1.4756950362957264,1,cond-mat.dis-nn
13473,13474,0.0,1,cond-mat.dis-nn
866,7125,1.206843404493505,1,cond-mat.dis-nn
1854,12740,1.4426950408889634,1,cond-mat.dis-nn
12920,12923,2.4423214111006564,1,cond-mat.dis-nn
179,12617,0.0,1,cond-mat.dis-nn
543,9049,1.4426950408889634,1,cond-mat.dis-nn
13607,13608,0.0,1,cond-mat.dis-nn
2225,3605,1.224897207070962,1,cond-mat.dis-nn
94,12643,1.2022458674074694,1,cond-mat.dis-nn
1116,1611,1.396247385317806,1,cond-mat.dis-nn
480,6770,1.8042720479756833,1,cond-mat.dis-nn
428,5974,0.0,1,cond-mat.dis-nn
2417,12284,0.43429448190325176,1,cond-mat.dis-nn
13207,13209,1.4756950362957264,1,cond-mat.dis-nn
1374,12979,0.5138983423697507,1,cond-mat.dis-nn
3750,6338,0.2749075777424936,1,cond-mat.dis-nn
5484,5485,0.7213475204444817,1,cond-mat.dis-nn
13540,13541,0.0,1,cond-mat.dis-nn
684,12456,1.4426950408889634,1,cond-mat.dis-nn
61,1401,0.2969742043733701,1,cond-mat.dis-nn
13046,13047,1.365358839940256,1,cond-mat.dis-nn
745,12968,1.4426950408889634,1,cond-mat.dis-nn
3277,3787,0.0,1,cond-mat.dis-nn
2351,4775,0.5581106265512472,1,cond-mat.dis-nn
3936,3941,1.279458146995729,1,cond-mat.dis-nn
730,1228,1.8046042784986307,1,cond-mat.dis-nn
12316,12317,1.4426950408889634,1,cond-mat.dis-nn
13621,13622,0.0,1,cond-mat.dis-nn
13380,13382,0.0,1,cond-mat.dis-nn
553,12530,1.8204784532536746,1,cond-mat.dis-nn
13100,13101,0.0,1,cond-mat.dis-nn
172,450,1.1383799118687281,1,cond-mat.dis-nn
201,1229,1.4426950408889634,1,cond-mat.dis-nn
1660,1661,1.0183217248178518,1,cond-mat.dis-nn
360,12339,0.0,1,cond-mat.dis-nn
317,7076,0.4170323914242463,1,cond-mat.dis-nn
12700,12702,0.7213475204444817,1,cond-mat.dis-nn
1198,7896,0.0,1,cond-mat.dis-nn
2026,5751,0.0,1,cond-mat.dis-nn
479,13045,0.9102392266268373,1,cond-mat.dis-nn
1959,5050,0.9479818718025272,1,cond-mat.dis-nn
63,423,0.7152456293300486,1,cond-mat.dis-nn
4154,7032,1.4426950408889634,1,cond-mat.dis-nn
12911,12917,2.4889252761603924,1,cond-mat.dis-nn
61,1027,0.7778725513363579,1,cond-mat.dis-nn
13852,13855,0.9102392266268373,1,cond-mat.dis-nn
8316,8319,0.0,1,cond-mat.dis-nn
13132,13133,1.4426950408889634,1,cond-mat.dis-nn
339,12081,0.0,1,cond-mat.dis-nn
572,4031,1.620950447241647,1,cond-mat.dis-nn
1521,1525,0.0,1,cond-mat.dis-nn
462,464,2.164042561333445,1,cond-mat.dis-nn
745,13327,0.0,1,cond-mat.dis-nn
807,1161,2.9030471688014416,1,cond-mat.dis-nn
7428,7425,1.7565682114889745,1,cond-mat.dis-nn
3483,4605,0.5581106265512472,1,cond-mat.dis-nn
12943,12945,0.0,1,cond-mat.dis-nn
13597,13599,0.0,1,cond-mat.dis-nn
543,684,0.9321875373880034,1,cond-mat.dis-nn
46,13093,0.0,1,cond-mat.dis-nn
5682,5556,1.4426950408889634,1,cond-mat.dis-nn
7707,7708,0.0,1,cond-mat.dis-nn
94,12286,0.7213475204444817,1,cond-mat.dis-nn
1047,1048,1.4426950408889634,1,cond-mat.dis-nn
9162,9163,1.179445561110859,1,cond-mat.dis-nn
634,4141,0.43429448190325176,1,cond-mat.dis-nn
1616,1617,3.1345987837040097,1,cond-mat.dis-nn
2242,3821,1.1022332815225997,1,cond-mat.dis-nn
8984,8985,2.1640425613334453,1,cond-mat.dis-nn
2799,8584,0.0,1,cond-mat.dis-nn
152,5866,0.3898712452512801,1,cond-mat.dis-nn
4809,7258,2.352934267515801,1,cond-mat.dis-nn
166,1618,0.40242960438184466,1,cond-mat.dis-nn
13454,13455,0.0,1,cond-mat.dis-nn
4166,4358,1.7533625081687694,1,cond-mat.dis-nn
72,4606,0.0,1,cond-mat.dis-nn
13270,13271,0.9102392266268373,1,cond-mat.dis-nn
666,1383,0.6213349345596119,1,cond-mat.dis-nn
12411,308,0.0,1,cond-mat.dis-nn
412,1191,1.4426950408889634,1,cond-mat.dis-nn
1385,580,1.9143660500437998,1,cond-mat.dis-nn
54,899,1.4788841522548752,1,cond-mat.dis-nn
668,1203,0.43429448190325176,1,cond-mat.dis-nn
297,886,0.9102392266268373,1,cond-mat.dis-nn
3750,11957,0.2749075777424936,1,cond-mat.dis-nn
93,3532,0.4170323914242463,1,cond-mat.dis-nn
54,2637,1.6390962096483315,1,cond-mat.dis-nn
1901,12765,1.6933439034806097,1,cond-mat.dis-nn
12918,12919,1.365358839940256,1,cond-mat.dis-nn
886,2242,0.45511961331341866,1,cond-mat.dis-nn
1470,1471,1.4426950408889634,1,cond-mat.dis-nn
12860,4346,0.45511961331341866,1,cond-mat.dis-nn
4106,9057,1.923593387851951,1,cond-mat.dis-nn
3170,5678,0.7213475204444817,1,cond-mat.dis-nn
260,1909,0.990604307628467,1,cond-mat.dis-nn
2283,2284,0.0,1,cond-mat.dis-nn
207,1116,0.36926937306885504,1,cond-mat.dis-nn
1523,1525,0.9102392266268373,1,cond-mat.dis-nn
1531,9132,2.8853900817779268,1,cond-mat.dis-nn
543,13093,0.0,1,cond-mat.dis-nn
970,971,1.4426950408889634,1,cond-mat.dis-nn
231,1478,0.48089834696298783,1,cond-mat.dis-nn
12392,12664,0.7809999754634009,1,cond-mat.dis-nn
137,138,0.0,1,cond-mat.dis-nn
5357,5358,0.0,1,cond-mat.dis-nn
12960,715,0.43429448190325176,1,cond-mat.dis-nn
1967,5159,0.5581106265512472,1,cond-mat.dis-nn
1618,2067,0.6213349345596119,1,cond-mat.dis-nn
633,4061,0.33380820069533407,1,cond-mat.dis-nn
223,5530,1.897814654202382,1,cond-mat.dis-nn
1072,1141,0.7213475204444817,1,cond-mat.dis-nn
1968,10303,0.0,1,cond-mat.dis-nn
260,48,0.0,1,cond-mat.dis-nn
2205,5169,1.011206179810892,1,cond-mat.dis-nn
13219,13224,1.6522782542384786,1,cond-mat.dis-nn
13147,13148,0.0,1,cond-mat.dis-nn
3940,3942,1.179445561110859,1,cond-mat.dis-nn
1211,12982,0.9102392266268373,1,cond-mat.dis-nn
13168,13169,2.609708192399771,1,cond-mat.dis-nn
179,13215,0.0,1,cond-mat.dis-nn
1356,1967,0.8521247303464532,1,cond-mat.dis-nn
4880,4883,0.5138983423697507,1,cond-mat.dis-nn
2393,11208,0.0,1,cond-mat.dis-nn
152,12301,0.0,1,cond-mat.dis-nn
54,2844,1.4426950408889634,1,cond-mat.dis-nn
424,13093,0.0,1,cond-mat.dis-nn
3079,3081,1.3426824550040934,1,cond-mat.dis-nn
944,13076,0.7213475204444817,1,cond-mat.dis-nn
3989,9833,0.31465798044412485,1,cond-mat.dis-nn
8562,6563,1.1022332815225997,1,cond-mat.dis-nn
479,3360,2.8668326098855514,1,cond-mat.dis-nn
929,891,1.1022332815225997,1,cond-mat.dis-nn
4211,4212,0.0,1,cond-mat.dis-nn
682,4717,0.36926937306885504,1,cond-mat.dis-nn
9474,9475,0.0,1,cond-mat.dis-nn
1313,12487,0.5138983423697507,1,cond-mat.dis-nn
1116,9564,1.8204784532536746,1,cond-mat.dis-nn
132,385,1.631586747071319,1,cond-mat.dis-nn
13852,13858,0.9102392266268373,1,cond-mat.dis-nn
13006,13005,0.0,1,cond-mat.dis-nn
153,2882,0.9102392266268373,1,cond-mat.dis-nn
46,2225,0.31465798044412485,1,cond-mat.dis-nn
12860,13200,0.9102392266268373,1,cond-mat.dis-nn
45,2710,1.1764671337579005,1,cond-mat.dis-nn
929,1444,1.531574161186449,1,cond-mat.dis-nn
1763,1838,0.43429448190325176,1,cond-mat.dis-nn
5843,5845,1.4426950408889634,1,cond-mat.dis-nn
147,148,0.7213475204444817,1,cond-mat.dis-nn
4908,4909,0.0,1,cond-mat.dis-nn
2120,2121,0.5581106265512472,1,cond-mat.dis-nn
886,3821,0.0,1,cond-mat.dis-nn
260,10514,0.0,1,cond-mat.dis-nn
55,217,1.2273357224904982,1,cond-mat.dis-nn
1,6801,2.164042561333445,1,cond-mat.dis-nn
959,3103,0.9102392266268373,1,cond-mat.dis-nn
1165,12518,1.4426950408889634,1,cond-mat.dis-nn
3744,3743,0.5138983423697507,1,cond-mat.dis-nn
2992,1181,0.0,1,cond-mat.dis-nn
4290,10421,0.0,1,cond-mat.dis-nn
1045,1316,1.0183217248178518,1,cond-mat.dis-nn
9730,9731,0.9102392266268373,1,cond-mat.dis-nn
730,886,1.5695277588326144,1,cond-mat.dis-nn
9160,9163,1.279458146995729,1,cond-mat.dis-nn
3426,3427,0.45511961331341866,1,cond-mat.dis-nn
36,1743,1.29070593612888,1,cond-mat.dis-nn
217,2637,1.0551557211398157,1,cond-mat.dis-nn
1286,13294,1.2795085996956923,1,cond-mat.dis-nn
1633,11317,0.3284587387530511,1,cond-mat.dis-nn
929,7314,0.48089834696298783,1,cond-mat.dis-nn
765,764,0.7213475204444817,1,cond-mat.dis-nn
12913,12921,1.930814649609145,1,cond-mat.dis-nn
6066,14430,0.9102392266268373,1,cond-mat.dis-nn
397,3347,0.40242960438184466,1,cond-mat.dis-nn
543,91,0.0,1,cond-mat.dis-nn
12733,3278,1.4426950408889634,1,cond-mat.dis-nn
481,3640,0.3898712452512801,1,cond-mat.dis-nn
260,5621,1.9221766889528409,1,cond-mat.dis-nn
12275,3609,0.7213475204444817,1,cond-mat.dis-nn
2242,3967,0.9370338082411984,1,cond-mat.dis-nn
211,4019,0.9102392266268373,1,cond-mat.dis-nn
7221,7223,0.9102392266268373,1,cond-mat.dis-nn
13486,13487,0.0,1,cond-mat.dis-nn
665,666,1.1383799118687281,1,cond-mat.dis-nn
4605,7480,1.4683498531780845,1,cond-mat.dis-nn
12913,12914,2.8532287402325784,1,cond-mat.dis-nn
895,896,1.2426698691192237,1,cond-mat.dis-nn
7228,7229,0.9102392266268373,1,cond-mat.dis-nn
93,5790,0.0,1,cond-mat.dis-nn
46,3604,1.0360055008886064,1,cond-mat.dis-nn
424,9531,0.0,1,cond-mat.dis-nn
220,1115,1.1237771248263264,1,cond-mat.dis-nn
1213,9026,1.797802068317512,1,cond-mat.dis-nn
543,1349,0.872152004737665,1,cond-mat.dis-nn
1395,4989,0.6213349345596119,1,cond-mat.dis-nn
272,7459,0.0,1,cond-mat.dis-nn
1597,7685,0.0,1,cond-mat.dis-nn
395,5988,1.4992200717808395,1,cond-mat.dis-nn
7060,12541,1.4426950408889634,1,cond-mat.dis-nn
2798,2799,0.921436563060025,1,cond-mat.dis-nn
269,3828,0.5138983423697507,1,cond-mat.dis-nn
1713,2029,0.6213349345596119,1,cond-mat.dis-nn
2350,4840,0.29401410379520604,1,cond-mat.dis-nn
1228,12392,1.29070593612888,1,cond-mat.dis-nn
748,3635,1.669329392247009,1,cond-mat.dis-nn
172,4394,0.9617966939259757,1,cond-mat.dis-nn
591,1968,2.37871300116537,1,cond-mat.dis-nn
13340,13345,2.3688185775161816,1,cond-mat.dis-nn
36,1746,0.990604307628467,1,cond-mat.dis-nn
13200,13201,0.9102392266268373,1,cond-mat.dis-nn
580,13618,0.949793673312663,1,cond-mat.dis-nn
92,93,0.5138983423697507,1,cond-mat.dis-nn
2452,12890,0.0,1,cond-mat.dis-nn
173,12706,0.6213349345596119,1,cond-mat.dis-nn
653,12405,1.4426950408889634,1,cond-mat.dis-nn
14,3454,0.0,1,cond-mat.dis-nn
3750,2171,1.3134734879471446,1,cond-mat.dis-nn
2822,605,0.3898712452512801,1,cond-mat.dis-nn
691,3904,0.9102392266268373,1,cond-mat.dis-nn
13,730,2.352934267515801,1,cond-mat.dis-nn
218,2645,1.179445561110859,1,cond-mat.dis-nn
929,890,3.2662758428560448,1,cond-mat.dis-nn
730,158,0.43429448190325176,1,cond-mat.dis-nn
1713,3437,1.631586747071319,1,cond-mat.dis-nn
3130,3132,1.4426950408889634,1,cond-mat.dis-nn
4501,5038,0.7213475204444817,1,cond-mat.dis-nn
684,12607,1.4426950408889634,1,cond-mat.dis-nn
12917,12922,1.872035920552813,1,cond-mat.dis-nn
582,12539,1.8854141319567415,1,cond-mat.dis-nn
874,4526,1.5731273201549183,1,cond-mat.dis-nn
50,12280,0.0,1,cond-mat.dis-nn
3943,3944,0.9102392266268373,1,cond-mat.dis-nn
4616,7708,0.0,1,cond-mat.dis-nn
13003,13004,0.0,1,cond-mat.dis-nn
149,1240,0.0,1,cond-mat.dis-nn
80,557,0.0,1,cond-mat.dis-nn
13211,12569,0.0,1,cond-mat.dis-nn
4406,4409,0.5581106265512472,1,cond-mat.dis-nn
54,53,1.0055203131415698,1,cond-mat.dis-nn
1132,12284,0.43429448190325176,1,cond-mat.dis-nn
481,480,3.548178762113083,1,cond-mat.dis-nn
4296,3637,0.870769592214268,1,cond-mat.dis-nn
4139,772,0.0,1,cond-mat.dis-nn
6848,4941,1.4426950408889634,1,cond-mat.dis-nn
269,729,5.423144676958466,1,cond-mat.dis-nn
6848,13604,0.0,1,cond-mat.dis-nn
1186,3188,0.9102392266268373,1,cond-mat.dis-nn
2025,13821,0.0,1,cond-mat.dis-nn
412,419,1.1556420023477334,1,cond-mat.dis-nn
798,1873,1.4426950408889634,1,cond-mat.dis-nn
975,6769,2.150082626527105,1,cond-mat.dis-nn
1851,1862,1.5886461253804174,1,cond-mat.dis-nn
9154,9156,1.8204784532536746,1,cond-mat.dis-nn
407,219,1.038060257309889,1,cond-mat.dis-nn
12848,12849,0.0,1,cond-mat.dis-nn
13482,13484,2.4779157319334564,1,cond-mat.dis-nn
26,1531,0.9102392266268373,1,cond-mat.dis-nn
2490,1350,0.7213475204444817,1,cond-mat.dis-nn
2658,959,0.0,1,cond-mat.dis-nn
2415,13310,0.0,1,cond-mat.dis-nn
4607,9081,0.7213475204444817,1,cond-mat.dis-nn
8111,8112,1.4426950408889634,1,cond-mat.dis-nn
1377,1944,0.0,1,cond-mat.dis-nn
12367,12368,1.631586747071319,1,cond-mat.dis-nn
1299,3442,0.5581106265512472,1,cond-mat.dis-nn
339,338,2.8853900817779268,1,cond-mat.dis-nn
1116,13179,0.5138983423697507,1,cond-mat.dis-nn
1968,10302,0.0,1,cond-mat.dis-nn
1863,1865,0.0,1,cond-mat.dis-nn
270,4087,0.9479818718025272,1,cond-mat.dis-nn
1618,479,0.6895906489697572,1,cond-mat.dis-nn
2022,2965,0.0,1,cond-mat.dis-nn
553,12287,0.9102392266268373,1,cond-mat.dis-nn
5457,5458,0.0,1,cond-mat.dis-nn
80,12680,0.0,1,cond-mat.dis-nn
551,550,0.7213475204444817,1,cond-mat.dis-nn
6350,9794,0.9102392266268373,1,cond-mat.dis-nn
1070,13217,0.0,1,cond-mat.dis-nn
584,13288,1.3426824550040934,1,cond-mat.dis-nn
12360,12362,1.4426950408889634,1,cond-mat.dis-nn
5679,8390,0.9102392266268373,1,cond-mat.dis-nn
42,7407,0.8598745986309444,1,cond-mat.dis-nn
1543,2435,1.724945774285159,1,cond-mat.dis-nn
6997,7000,0.0,1,cond-mat.dis-nn
270,7459,0.3898712452512801,1,cond-mat.dis-nn
5205,5206,0.0,1,cond-mat.dis-nn
159,1414,1.424137568996588,1,cond-mat.dis-nn
1867,8835,0.7213475204444817,1,cond-mat.dis-nn
12914,12922,2.9606653324224395,1,cond-mat.dis-nn
12391,12516,0.921436563060025,1,cond-mat.dis-nn
3232,3233,0.7213475204444817,1,cond-mat.dis-nn
802,5048,0.0,1,cond-mat.dis-nn
153,165,0.6213349345596119,1,cond-mat.dis-nn
541,1389,0.5581106265512472,1,cond-mat.dis-nn
543,958,1.4329163188013245,1,cond-mat.dis-nn
12833,12835,1.631586747071319,1,cond-mat.dis-nn
3767,3776,0.6213349345596119,1,cond-mat.dis-nn
317,1824,0.7213475204444817,1,cond-mat.dis-nn
472,473,0.0,1,cond-mat.dis-nn
4240,4244,0.7213475204444817,1,cond-mat.dis-nn
2060,13197,0.9102392266268373,1,cond-mat.dis-nn
4840,5621,0.0,1,cond-mat.dis-nn
468,933,1.537140893980141,1,cond-mat.dis-nn
1864,1865,0.36926937306885504,1,cond-mat.dis-nn
93,4665,3.1023973014324335,1,cond-mat.dis-nn
5757,5755,0.9102392266268373,1,cond-mat.dis-nn
928,7253,0.0,1,cond-mat.dis-nn
414,415,0.0,1,cond-mat.dis-nn
1633,4240,0.35295612386476116,1,cond-mat.dis-nn
1992,5843,0.0,1,cond-mat.dis-nn
12912,12923,2.9304410198208375,1,cond-mat.dis-nn
153,167,0.6213349345596119,1,cond-mat.dis-nn
13335,13336,0.0,1,cond-mat.dis-nn
9082,9678,2.062613276549465,1,cond-mat.dis-nn
252,12403,0.0,1,cond-mat.dis-nn
5050,5169,0.3898712452512801,1,cond-mat.dis-nn
3750,2754,3.12523931768417,1,cond-mat.dis-nn
256,2350,1.1556420023477334,1,cond-mat.dis-nn
4607,7408,1.0673237767056754,1,cond-mat.dis-nn
684,12754,1.4426950408889634,1,cond-mat.dis-nn
1826,12352,1.4426950408889634,1,cond-mat.dis-nn
1322,2680,0.9102392266268373,1,cond-mat.dis-nn
270,6339,2.0008056674402104,1,cond-mat.dis-nn
8317,8319,0.0,1,cond-mat.dis-nn
412,9016,0.0,1,cond-mat.dis-nn
653,928,1.4426950408889634,1,cond-mat.dis-nn
12875,12876,0.9102392266268373,1,cond-mat.dis-nn
53,2803,0.40242960438184466,1,cond-mat.dis-nn
3750,5208,0.5332253445498223,1,cond-mat.dis-nn
2350,288,0.43429448190325176,1,cond-mat.dis-nn
5049,5050,0.3898712452512801,1,cond-mat.dis-nn
12359,12361,0.0,1,cond-mat.dis-nn
420,6099,0.9102392266268373,1,cond-mat.dis-nn
1256,1257,0.7213475204444817,1,cond-mat.dis-nn
1299,1300,0.0,1,cond-mat.dis-nn
1161,2822,0.43429448190325176,1,cond-mat.dis-nn
13510,13511,1.9640173895637054,1,cond-mat.dis-nn
147,4296,0.0,1,cond-mat.dis-nn
12915,12919,2.3013768002166626,1,cond-mat.dis-nn
9403,14142,2.974269202075413,1,cond-mat.dis-nn
83,13553,0.43429448190325176,1,cond-mat.dis-nn
3053,5547,1.4426950408889634,1,cond-mat.dis-nn
9252,9253,0.0,1,cond-mat.dis-nn
93,13119,0.8423570811228018,1,cond-mat.dis-nn
479,6769,1.7503707417549652,1,cond-mat.dis-nn
124,12341,0.0,1,cond-mat.dis-nn
11965,11966,0.6213349345596119,1,cond-mat.dis-nn
2328,2332,1.2426698691192237,1,cond-mat.dis-nn
1370,1892,3.165012161783764,1,cond-mat.dis-nn
12414,12415,1.4426950408889634,1,cond-mat.dis-nn
650,2206,0.0,1,cond-mat.dis-nn
3806,3807,0.0,1,cond-mat.dis-nn
218,502,2.436653242750447,1,cond-mat.dis-nn
223,12446,0.0,1,cond-mat.dis-nn
713,12659,0.0,1,cond-mat.dis-nn
2020,795,2.8853900817779268,1,cond-mat.dis-nn
2438,12352,0.7213475204444817,1,cond-mat.dis-nn
10591,10592,1.3426824550040934,1,cond-mat.dis-nn
202,1228,1.183269343939019,1,cond-mat.dis-nn
54,4086,1.185146804369331,1,cond-mat.dis-nn
12587,12589,0.0,1,cond-mat.dis-nn
891,12891,1.6161316238923504,1,cond-mat.dis-nn
3376,3375,0.43429448190325176,1,cond-mat.dis-nn
2007,7708,0.9102392266268373,1,cond-mat.dis-nn
13978,13980,0.0,1,cond-mat.dis-nn
1425,804,1.1786002840732897,1,cond-mat.dis-nn
12587,12588,0.0,1,cond-mat.dis-nn
213,2348,0.9102392266268373,1,cond-mat.dis-nn
1484,1660,1.1556420023477334,1,cond-mat.dis-nn
5268,7416,1.1022332815225997,1,cond-mat.dis-nn
1076,2441,0.4170323914242463,1,cond-mat.dis-nn
12639,13080,1.8204784532536746,1,cond-mat.dis-nn
13124,13209,0.9947966893327386,1,cond-mat.dis-nn
207,7646,0.5138983423697507,1,cond-mat.dis-nn
124,8135,2.3343767956234256,1,cond-mat.dis-nn
12917,12919,1.365358839940256,1,cond-mat.dis-nn
5757,12339,0.0,1,cond-mat.dis-nn
492,3967,0.8132176635932029,1,cond-mat.dis-nn
1765,1764,0.5581106265512472,1,cond-mat.dis-nn
1291,1959,0.9479818718025272,1,cond-mat.dis-nn
92,13292,1.072008968920998,1,cond-mat.dis-nn
684,1385,0.5276002748717198,1,cond-mat.dis-nn
12417,12418,0.0,1,cond-mat.dis-nn
809,2873,0.3898712452512801,1,cond-mat.dis-nn
1616,1618,2.323726236960889,1,cond-mat.dis-nn
5893,10603,1.4426950408889634,1,cond-mat.dis-nn
8620,8622,0.7213475204444817,1,cond-mat.dis-nn
730,2242,0.0,1,cond-mat.dis-nn
1150,1949,1.2103408551272503,1,cond-mat.dis-nn
1385,4663,1.1489352094313316,1,cond-mat.dis-nn
4140,4141,1.0556294164628637,1,cond-mat.dis-nn
279,466,0.0,1,cond-mat.dis-nn
1128,2027,0.5138983423697507,1,cond-mat.dis-nn
12286,12473,0.6213349345596119,1,cond-mat.dis-nn
13387,13388,0.0,1,cond-mat.dis-nn
776,2066,0.0,1,cond-mat.dis-nn
7517,14240,0.9102392266268373,1,cond-mat.dis-nn
434,1621,1.4683498531780845,1,cond-mat.dis-nn
45,1383,1.0764545478730305,1,cond-mat.dis-nn
1313,814,1.495265274242842,1,cond-mat.dis-nn
260,481,1.3476584400600373,1,cond-mat.dis-nn
41,42,0.9102392266268373,1,cond-mat.dis-nn
480,6769,1.559987852533887,1,cond-mat.dis-nn
2348,3396,0.0,1,cond-mat.dis-nn
96,97,1.1556420023477334,1,cond-mat.dis-nn
11131,11132,2.0640299754485754,1,cond-mat.dis-nn
580,581,1.9143660500437998,1,cond-mat.dis-nn
13514,13515,0.8423570811228018,1,cond-mat.dis-nn
5781,6175,1.531574161186449,1,cond-mat.dis-nn
517,2024,1.5831316284855874,1,cond-mat.dis-nn
3558,957,1.4426950408889634,1,cond-mat.dis-nn
220,5610,1.9235933878519513,1,cond-mat.dis-nn
975,2067,1.6450994735010682,1,cond-mat.dis-nn
2801,1399,0.0,1,cond-mat.dis-nn
290,13339,2.403075035915829,1,cond-mat.dis-nn
1356,503,2.172189558035352,1,cond-mat.dis-nn
684,2437,0.0,1,cond-mat.dis-nn
9159,9165,2.0896847877376965,1,cond-mat.dis-nn
12558,13654,1.4426950408889634,1,cond-mat.dis-nn
2179,2181,2.352934267515801,1,cond-mat.dis-nn
1385,220,0.6213349345596119,1,cond-mat.dis-nn
3170,13229,0.9102392266268373,1,cond-mat.dis-nn
447,831,2.470491725628465,1,cond-mat.dis-nn
12671,12672,0.9102392266268373,1,cond-mat.dis-nn
9037,9038,0.7213475204444817,1,cond-mat.dis-nn
1385,1384,1.4755821466742471,1,cond-mat.dis-nn
179,9997,0.0,1,cond-mat.dis-nn
12911,12914,2.4423214111006564,1,cond-mat.dis-nn
4200,4202,1.8204784532536746,1,cond-mat.dis-nn
41,286,0.9102392266268373,1,cond-mat.dis-nn
12943,12944,0.4170323914242463,1,cond-mat.dis-nn
6266,9390,0.9102392266268373,1,cond-mat.dis-nn
891,1441,0.48089834696298783,1,cond-mat.dis-nn
147,2013,0.9102392266268373,1,cond-mat.dis-nn
563,13986,0.9102392266268373,1,cond-mat.dis-nn
3336,3333,0.9102392266268373,1,cond-mat.dis-nn
4881,4883,0.5138983423697507,1,cond-mat.dis-nn
172,13285,1.1764671337579005,1,cond-mat.dis-nn
8562,8737,1.2907059361288802,1,cond-mat.dis-nn
1683,1682,0.7213475204444817,1,cond-mat.dis-nn
958,209,0.0,1,cond-mat.dis-nn
3290,13610,0.0,1,cond-mat.dis-nn
263,5013,0.5138983423697507,1,cond-mat.dis-nn
2326,2331,1.9008435342553043,1,cond-mat.dis-nn
890,1441,0.48089834696298783,1,cond-mat.dis-nn
9625,3821,0.6213349345596119,1,cond-mat.dis-nn
54,898,3.2928929665027438,1,cond-mat.dis-nn
38,1745,0.6213349345596119,1,cond-mat.dis-nn
955,956,0.0,1,cond-mat.dis-nn
2591,10549,2.8853900817779268,1,cond-mat.dis-nn
12716,12717,0.0,1,cond-mat.dis-nn
5038,5040,0.7213475204444817,1,cond-mat.dis-nn
1213,3788,1.0764545478730305,1,cond-mat.dis-nn
1765,5645,0.0,1,cond-mat.dis-nn
288,796,2.2794191271740596,1,cond-mat.dis-nn
42,931,1.179445561110859,1,cond-mat.dis-nn
2760,9908,0.0,1,cond-mat.dis-nn
397,4394,0.0,1,cond-mat.dis-nn
100,2173,0.0,1,cond-mat.dis-nn
1734,12461,0.0,1,cond-mat.dis-nn
985,12378,1.4426950408889634,1,cond-mat.dis-nn
809,172,1.3172512448713822,1,cond-mat.dis-nn
730,1542,1.6227572395638319,1,cond-mat.dis-nn
1617,1618,3.255728638800307,1,cond-mat.dis-nn
502,1115,0.7213475204444817,1,cond-mat.dis-nn
1543,11819,0.33380820069533407,1,cond-mat.dis-nn
6279,11636,1.4426950408889634,1,cond-mat.dis-nn
3346,6112,2.419137002877124,1,cond-mat.dis-nn
19,2161,4.849407471341633,1,cond-mat.dis-nn
991,992,0.0,1,cond-mat.dis-nn
4605,4607,1.4426950408889634,1,cond-mat.dis-nn
363,12744,2.974269202075413,1,cond-mat.dis-nn
6848,12286,1.4426950408889634,1,cond-mat.dis-nn
978,979,0.43429448190325176,1,cond-mat.dis-nn
218,2171,1.7159030923289893,1,cond-mat.dis-nn
942,13076,0.0,1,cond-mat.dis-nn
2695,2696,0.0,1,cond-mat.dis-nn
1543,13173,0.33380820069533407,1,cond-mat.dis-nn
8604,13121,0.9102392266268373,1,cond-mat.dis-nn
9584,9585,1.4426950408889634,1,cond-mat.dis-nn
1654,13622,0.0,1,cond-mat.dis-nn
13342,13345,1.9995492044473269,1,cond-mat.dis-nn
1540,3347,0.8833279513448324,1,cond-mat.dis-nn
1970,9041,1.424137568996588,1,cond-mat.dis-nn
1763,1839,0.43429448190325176,1,cond-mat.dis-nn
3936,3940,1.279458146995729,1,cond-mat.dis-nn
1302,11521,1.2072134310002074,1,cond-mat.dis-nn
6145,6146,0.6213349345596119,1,cond-mat.dis-nn
12564,12565,0.0,1,cond-mat.dis-nn
13979,13980,0.0,1,cond-mat.dis-nn
10281,10282,0.0,1,cond-mat.dis-nn
13005,13007,0.0,1,cond-mat.dis-nn
12775,12779,0.7213475204444817,1,cond-mat.dis-nn
12917,12918,2.3859342629225635,1,cond-mat.dis-nn
412,417,0.9102392266268373,1,cond-mat.dis-nn
1865,1866,0.9273799996201022,1,cond-mat.dis-nn
742,1271,0.5138983423697507,1,cond-mat.dis-nn
1385,2803,0.6607473711891734,1,cond-mat.dis-nn
4240,2274,0.35295612386476116,1,cond-mat.dis-nn
3824,3826,2.541825973698156,1,cond-mat.dis-nn
2079,3426,0.45511961331341866,1,cond-mat.dis-nn
8882,8883,2.541825973698156,1,cond-mat.dis-nn
40,1425,0.7213475204444817,1,cond-mat.dis-nn
8948,10592,1.7119518280729484,1,cond-mat.dis-nn
1004,1005,0.0,1,cond-mat.dis-nn
7475,8390,0.0,1,cond-mat.dis-nn
977,2169,0.8582122550516603,1,cond-mat.dis-nn
96,1904,0.6213349345596119,1,cond-mat.dis-nn
2011,5073,0.269282508064391,1,cond-mat.dis-nn
2441,2442,1.2426698691192237,1,cond-mat.dis-nn
62,12569,0.0,1,cond-mat.dis-nn
153,1181,0.0,1,cond-mat.dis-nn
269,7312,0.3789231816899512,1,cond-mat.dis-nn
1633,2273,0.35295612386476116,1,cond-mat.dis-nn
951,954,0.7213475204444817,1,cond-mat.dis-nn
3263,13103,0.0,1,cond-mat.dis-nn
5055,6088,0.43429448190325176,1,cond-mat.dis-nn
990,991,0.0,1,cond-mat.dis-nn
12497,12525,0.0,1,cond-mat.dis-nn
729,1350,0.0,1,cond-mat.dis-nn
1005,1006,0.0,1,cond-mat.dis-nn
2006,9727,0.48089834696298783,1,cond-mat.dis-nn
2627,2435,0.33380820069533407,1,cond-mat.dis-nn
1080,12847,0.0,1,cond-mat.dis-nn
985,5194,1.4426950408889634,1,cond-mat.dis-nn
684,1155,0.0,1,cond-mat.dis-nn
3836,7229,0.9102392266268373,1,cond-mat.dis-nn
5756,5758,0.6213349345596119,1,cond-mat.dis-nn
288,13342,2.4362352672288186,1,cond-mat.dis-nn
13,447,0.5138983423697507,1,cond-mat.dis-nn
68,69,3.163160908257768,1,cond-mat.dis-nn
4918,12093,1.4683498531780845,1,cond-mat.dis-nn
1955,3080,1.631586747071319,1,cond-mat.dis-nn
2965,6088,0.0,1,cond-mat.dis-nn
901,4394,0.7998273358667889,1,cond-mat.dis-nn
2329,2332,1.2426698691192237,1,cond-mat.dis-nn
635,1854,1.4426950408889634,1,cond-mat.dis-nn
9596,591,1.1833369818016115,1,cond-mat.dis-nn
3267,3269,1.4426950408889634,1,cond-mat.dis-nn
40,252,0.7213475204444817,1,cond-mat.dis-nn
360,12549,0.5138983423697507,1,cond-mat.dis-nn
807,2062,0.5581106265512472,1,cond-mat.dis-nn
12919,12924,0.9360179602764065,1,cond-mat.dis-nn
1126,4374,0.9102392266268373,1,cond-mat.dis-nn
1385,10709,0.5977412468174421,1,cond-mat.dis-nn
1304,12330,0.0,1,cond-mat.dis-nn
7289,12803,1.9640173895637054,1,cond-mat.dis-nn
2262,2263,0.35295612386476116,1,cond-mat.dis-nn
3788,6840,0.45511961331341866,1,cond-mat.dis-nn
4607,4606,0.0,1,cond-mat.dis-nn
4834,4836,1.1476761847378656,1,cond-mat.dis-nn
876,5589,0.9102392266268373,1,cond-mat.dis-nn
615,616,0.0,1,cond-mat.dis-nn
1706,1705,0.4170323914242463,1,cond-mat.dis-nn
96,13390,1.0906168935133367,1,cond-mat.dis-nn
2674,4533,1.4426950408889634,1,cond-mat.dis-nn
48,4629,0.0,1,cond-mat.dis-nn
12412,12416,1.631586747071319,1,cond-mat.dis-nn
269,480,1.2340080126145685,1,cond-mat.dis-nn
778,2063,0.0,1,cond-mat.dis-nn
633,2731,0.0,1,cond-mat.dis-nn
4607,7480,1.3065164871942856,1,cond-mat.dis-nn
1543,5925,0.5138983423697507,1,cond-mat.dis-nn
12928,12925,2.8853900817779268,1,cond-mat.dis-nn
12894,12895,1.4426950408889634,1,cond-mat.dis-nn
13394,13395,0.0,1,cond-mat.dis-nn
52,4589,0.40242960438184466,1,cond-mat.dis-nn
2150,2151,1.4426950408889634,1,cond-mat.dis-nn
2284,13198,0.0,0,cond-mat.dis-nn
125,1168,0.0,0,cond-mat.dis-nn
1948,2402,0.0,0,cond-mat.dis-nn
1873,4294,0.0,0,cond-mat.dis-nn
11317,13398,0.0,0,cond-mat.dis-nn
235,12330,0.0,0,cond-mat.dis-nn
4775,13780,0.0,0,cond-mat.dis-nn
2598,14269,0.0,0,cond-mat.dis-nn
8112,12312,0.0,0,cond-mat.dis-nn
4681,5371,0.0,0,cond-mat.dis-nn
2058,13272,0.0,0,cond-mat.dis-nn
9080,13606,0.0,0,cond-mat.dis-nn
19,12791,0.0,0,cond-mat.dis-nn
1270,5614,0.0,0,cond-mat.dis-nn
1673,6376,0.0,0,cond-mat.dis-nn
4988,8267,0.0,0,cond-mat.dis-nn
810,4546,0.0,0,cond-mat.dis-nn
4927,13361,0.0,0,cond-mat.dis-nn
551,9655,0.0,0,cond-mat.dis-nn
3132,3743,0.0,0,cond-mat.dis-nn
1911,5237,0.0,0,cond-mat.dis-nn
5268,8177,0.0,0,cond-mat.dis-nn
713,5781,0.0,0,cond-mat.dis-nn
2471,9775,0.0,0,cond-mat.dis-nn
763,9165,0.0,0,cond-mat.dis-nn
814,2422,0.0,0,cond-mat.dis-nn
1263,8584,0.0,0,cond-mat.dis-nn
976,4061,0.0,0,cond-mat.dis-nn
1118,13270,0.0,0,cond-mat.dis-nn
286,1893,0.0,0,cond-mat.dis-nn
748,12541,0.0,0,cond-mat.dis-nn
727,3213,0.0,0,cond-mat.dis-nn
944,2653,0.0,0,cond-mat.dis-nn
208,5357,0.0,0,cond-mat.dis-nn
3493,12329,0.0,0,cond-mat.dis-nn
4810,13054,0.0,0,cond-mat.dis-nn
3232,12590,0.0,0,cond-mat.dis-nn
13310,13312,0.0,0,cond-mat.dis-nn
13218,13574,0.0,0,cond-mat.dis-nn
6307,13336,0.0,0,cond-mat.dis-nn
3945,13285,0.0,0,cond-mat.dis-nn
1387,12276,0.0,0,cond-mat.dis-nn
1782,12280,0.0,0,cond-mat.dis-nn
1468,5259,0.0,0,cond-mat.dis-nn
11741,12524,0.0,0,cond-mat.dis-nn
706,9668,0.0,0,cond-mat.dis-nn
3132,8837,0.0,0,cond-mat.dis-nn
652,8385,0.0,0,cond-mat.dis-nn
423,1731,0.36926937306885504,0,cond-mat.dis-nn
256,1474,0.0,0,cond-mat.dis-nn
2179,5801,0.0,0,cond-mat.dis-nn
453,8849,0.0,0,cond-mat.dis-nn
844,1272,0.0,0,cond-mat.dis-nn
6376,12775,0.0,0,cond-mat.dis-nn
3113,5790,0.0,0,cond-mat.dis-nn
1901,13111,0.0,0,cond-mat.dis-nn
3689,6251,0.0,0,cond-mat.dis-nn
73,12850,0.0,0,cond-mat.dis-nn
3536,12690,0.0,0,cond-mat.dis-nn
416,13369,0.0,0,cond-mat.dis-nn
655,12488,0.0,0,cond-mat.dis-nn
3062,12541,0.0,0,cond-mat.dis-nn
774,13342,0.0,0,cond-mat.dis-nn
10312,12919,0.0,0,cond-mat.dis-nn
2326,2679,0.0,0,cond-mat.dis-nn
1731,5093,0.0,0,cond-mat.dis-nn
1726,12742,0.0,0,cond-mat.dis-nn
782,1008,0.0,0,cond-mat.dis-nn
12698,12775,0.0,0,cond-mat.dis-nn
252,2685,0.0,0,cond-mat.dis-nn
2001,9154,0.0,0,cond-mat.dis-nn
894,11314,0.0,0,cond-mat.dis-nn
800,1587,0.0,0,cond-mat.dis-nn
3328,6137,0.0,0,cond-mat.dis-nn
315,4547,0.0,0,cond-mat.dis-nn
9165,12912,0.0,0,cond-mat.dis-nn
4019,12406,0.0,0,cond-mat.dis-nn
983,12819,0.0,0,cond-mat.dis-nn
9411,13053,0.0,0,cond-mat.dis-nn
3564,10550,0.0,0,cond-mat.dis-nn
12886,13361,0.0,0,cond-mat.dis-nn
1725,4947,0.0,0,cond-mat.dis-nn
397,5641,0.0,0,cond-mat.dis-nn
81,11820,0.0,0,cond-mat.dis-nn
506,9074,0.0,0,cond-mat.dis-nn
742,13143,0.0,0,cond-mat.dis-nn
1094,1108,0.0,0,cond-mat.dis-nn
12518,12821,0.0,0,cond-mat.dis-nn
1067,5849,0.0,0,cond-mat.dis-nn
975,12527,0.0,0,cond-mat.dis-nn
2151,5814,0.0,0,cond-mat.dis-nn
1522,12287,0.0,0,cond-mat.dis-nn
1581,8321,0.0,0,cond-mat.dis-nn
158,12390,0.0,0,cond-mat.dis-nn
1820,13527,0.0,0,cond-mat.dis-nn
8620,12802,0.0,0,cond-mat.dis-nn
7496,9475,0.0,0,cond-mat.dis-nn
1213,8540,0.0,0,cond-mat.dis-nn
950,2653,0.0,0,cond-mat.dis-nn
99,977,0.0,0,cond-mat.dis-nn
2006,10921,0.0,0,cond-mat.dis-nn
10749,13382,0.0,0,cond-mat.dis-nn
4099,12999,0.0,0,cond-mat.dis-nn
12341,12877,0.0,0,cond-mat.dis-nn
5611,12651,0.0,0,cond-mat.dis-nn
12564,12922,0.0,0,cond-mat.dis-nn
1180,1839,0.0,0,cond-mat.dis-nn
12392,13224,0.0,0,cond-mat.dis-nn
552,12298,0.0,0,cond-mat.dis-nn
573,12766,0.0,0,cond-mat.dis-nn
1346,10358,0.0,0,cond-mat.dis-nn
1225,4061,0.0,0,cond-mat.dis-nn
5083,13290,0.0,0,cond-mat.dis-nn
1886,6287,0.0,0,cond-mat.dis-nn
133,5297,0.0,0,cond-mat.dis-nn
1414,13238,0.0,0,cond-mat.dis-nn
809,13244,0.0,0,cond-mat.dis-nn
1213,1584,0.0,0,cond-mat.dis-nn
3233,9599,0.0,0,cond-mat.dis-nn
4107,8177,0.0,0,cond-mat.dis-nn
3638,4809,0.0,0,cond-mat.dis-nn
1681,13474,0.0,0,cond-mat.dis-nn
5947,13638,0.0,0,cond-mat.dis-nn
37,4663,0.0,0,cond-mat.dis-nn
12389,13397,0.0,0,cond-mat.dis-nn
4244,12877,0.0,0,cond-mat.dis-nn
7474,9297,0.0,0,cond-mat.dis-nn
473,12512,0.0,0,cond-mat.dis-nn
3231,7316,0.0,0,cond-mat.dis-nn
1813,3427,0.0,0,cond-mat.dis-nn
5085,8883,0.0,0,cond-mat.dis-nn
12424,13540,0.0,0,cond-mat.dis-nn
6435,11591,0.0,0,cond-mat.dis-nn
424,727,0.0,0,cond-mat.dis-nn
10112,12406,0.0,0,cond-mat.dis-nn
7230,12877,0.0,0,cond-mat.dis-nn
3741,10312,0.0,0,cond-mat.dis-nn
572,6525,0.0,0,cond-mat.dis-nn
2649,11776,0.0,0,cond-mat.dis-nn
581,4215,0.0,0,cond-mat.dis-nn
2393,12875,0.0,0,cond-mat.dis-nn
12684,12689,0.0,0,cond-mat.dis-nn
955,1014,0.0,0,cond-mat.dis-nn
11317,12674,0.0,0,cond-mat.dis-nn
504,12634,0.0,0,cond-mat.dis-nn
3793,8349,0.0,0,cond-mat.dis-nn
9724,12688,0.0,0,cond-mat.dis-nn
7441,13455,0.0,0,cond-mat.dis-nn
5350,5645,0.0,0,cond-mat.dis-nn
538,13944,0.0,0,cond-mat.dis-nn
2456,8622,0.0,0,cond-mat.dis-nn
1746,5048,0.0,0,cond-mat.dis-nn
6635,12802,0.0,0,cond-mat.dis-nn
202,668,0.0,0,cond-mat.dis-nn
585,2621,0.0,0,cond-mat.dis-nn
2495,5580,0.0,0,cond-mat.dis-nn
1771,12576,0.0,0,cond-mat.dis-nn
351,2719,0.0,0,cond-mat.dis-nn
1242,1758,0.0,0,cond-mat.dis-nn
12334,13227,0.0,0,cond-mat.dis-nn
12186,12920,0.0,0,cond-mat.dis-nn
1005,1522,0.0,0,cond-mat.dis-nn
3655,8392,0.0,0,cond-mat.dis-nn
1471,12957,0.0,0,cond-mat.dis-nn
1941,2555,0.0,0,cond-mat.dis-nn
4244,12844,0.0,0,cond-mat.dis-nn
2627,14079,0.31465798044412485,0,cond-mat.dis-nn
2608,4531,0.0,0,cond-mat.dis-nn
1138,1498,0.0,0,cond-mat.dis-nn
2011,9645,0.0,0,cond-mat.dis-nn
315,4988,0.0,0,cond-mat.dis-nn
1857,13379,0.0,0,cond-mat.dis-nn
1214,12635,0.0,0,cond-mat.dis-nn
3234,10591,0.0,0,cond-mat.dis-nn
5485,5787,0.0,0,cond-mat.dis-nn
45,4346,0.0,0,cond-mat.dis-nn
5666,13038,0.0,0,cond-mat.dis-nn
26,2755,0.0,0,cond-mat.dis-nn
944,9598,0.0,0,cond-mat.dis-nn
897,3515,0.0,0,cond-mat.dis-nn
3337,13285,0.0,0,cond-mat.dis-nn
2711,10378,0.0,0,cond-mat.dis-nn
2063,9934,0.0,0,cond-mat.dis-nn
811,13539,0.0,0,cond-mat.dis-nn
4840,7869,0.0,0,cond-mat.dis-nn
1819,5372,0.0,0,cond-mat.dis-nn
2456,7421,0.0,0,cond-mat.dis-nn
2024,12980,0.0,0,cond-mat.dis-nn
7563,8164,0.0,0,cond-mat.dis-nn
517,8110,0.0,0,cond-mat.dis-nn
91,12697,0.0,0,cond-mat.dis-nn
5736,12966,0.0,0,cond-mat.dis-nn
5691,6399,0.0,0,cond-mat.dis-nn
3871,12967,0.0,0,cond-mat.dis-nn
387,6279,0.0,0,cond-mat.dis-nn
4526,9371,0.0,0,cond-mat.dis-nn
486,9555,0.0,0,cond-mat.dis-nn
1814,12733,0.0,0,cond-mat.dis-nn
928,12640,0.0,0,cond-mat.dis-nn
992,1141,0.0,0,cond-mat.dis-nn
777,12593,0.0,0,cond-mat.dis-nn
5479,12564,0.0,0,cond-mat.dis-nn
3340,13308,0.0,0,cond-mat.dis-nn
641,12848,0.0,0,cond-mat.dis-nn
4144,13892,0.0,0,cond-mat.dis-nn
554,3925,0.0,0,cond-mat.dis-nn
4201,6146,0.0,0,cond-mat.dis-nn
3942,10910,0.0,0,cond-mat.dis-nn
3495,13339,0.0,0,cond-mat.dis-nn
838,1734,0.0,0,cond-mat.dis-nn
1638,8319,0.0,0,cond-mat.dis-nn
5057,5758,0.0,0,cond-mat.dis-nn
13275,13352,0.0,0,cond-mat.dis-nn
1704,7367,0.0,0,cond-mat.dis-nn
771,5621,0.0,0,cond-mat.dis-nn
1437,4515,0.0,0,cond-mat.dis-nn
2719,7497,0.0,0,cond-mat.dis-nn
2759,13540,0.0,0,cond-mat.dis-nn
963,8158,0.0,0,cond-mat.dis-nn
776,11041,0.0,0,cond-mat.dis-nn
1333,3639,0.0,0,cond-mat.dis-nn
2696,8910,0.0,0,cond-mat.dis-nn
5121,7031,0.0,0,cond-mat.dis-nn
3558,13112,0.0,0,cond-mat.dis-nn
2002,7675,0.0,0,cond-mat.dis-nn
13179,13361,0.0,0,cond-mat.dis-nn
3037,7253,0.0,0,cond-mat.dis-nn
6551,11425,0.0,0,cond-mat.dis-nn
1455,13320,0.0,0,cond-mat.dis-nn
91,7416,0.0,0,cond-mat.dis-nn
2798,3566,0.0,0,cond-mat.dis-nn
492,12306,0.0,0,cond-mat.dis-nn
1807,9049,0.0,0,cond-mat.dis-nn
1180,4835,0.0,0,cond-mat.dis-nn
539,3234,0.0,0,cond-mat.dis-nn
6551,10270,0.0,0,cond-mat.dis-nn
1350,11963,0.0,0,cond-mat.dis-nn
1822,12596,0.0,0,cond-mat.dis-nn
938,4785,0.0,0,cond-mat.dis-nn
810,8837,0.0,0,cond-mat.dis-nn
13442,13604,0.0,0,cond-mat.dis-nn
2021,4031,0.0,0,cond-mat.dis-nn
506,12855,0.0,0,cond-mat.dis-nn
1321,13333,0.0,0,cond-mat.dis-nn
486,4166,0.0,0,cond-mat.dis-nn
713,2079,0.0,0,cond-mat.dis-nn
13310,13533,0.0,0,cond-mat.dis-nn
3733,4467,0.0,0,cond-mat.dis-nn
217,4243,0.0,0,cond-mat.dis-nn
2415,5619,0.0,0,cond-mat.dis-nn
12347,13049,0.0,0,cond-mat.dis-nn
465,4084,0.0,0,cond-mat.dis-nn
202,13244,0.0,0,cond-mat.dis-nn
4530,14137,0.0,0,cond-mat.dis-nn
154,12795,0.0,0,cond-mat.dis-nn
840,13388,0.0,0,cond-mat.dis-nn
633,9037,0.0,0,cond-mat.dis-nn
4780,8835,0.0,0,cond-mat.dis-nn
5039,7109,0.0,0,cond-mat.dis-nn
2281,12979,0.0,0,cond-mat.dis-nn
557,5371,0.0,0,cond-mat.dis-nn
434,1594,0.0,0,cond-mat.dis-nn
1758,13469,0.0,0,cond-mat.dis-nn
2213,12701,0.0,0,cond-mat.dis-nn
3268,13240,0.0,0,cond-mat.dis-nn
2152,12276,0.0,0,cond-mat.dis-nn
80,9583,0.0,0,cond-mat.dis-nn
1001,12294,0.0,0,cond-mat.dis-nn
771,4927,0.0,0,cond-mat.dis-nn
1995,3209,0.0,0,cond-mat.dis-nn
10308,12761,0.0,0,cond-mat.dis-nn
6621,13213,0.0,0,cond-mat.dis-nn
473,13077,0.0,0,cond-mat.dis-nn
1361,1876,0.0,0,cond-mat.dis-nn
5614,9532,0.0,0,cond-mat.dis-nn
1747,1911,0.0,0,cond-mat.dis-nn
1873,1907,0.0,0,cond-mat.dis-nn
1603,8319,0.0,0,cond-mat.dis-nn
7869,13285,0.0,0,cond-mat.dis-nn
90,4012,0.0,0,cond-mat.dis-nn
3639,12635,0.0,0,cond-mat.dis-nn
3937,13003,0.0,0,cond-mat.dis-nn
3284,3956,0.0,0,cond-mat.dis-nn
3113,13379,0.0,0,cond-mat.dis-nn
3936,4227,0.0,0,cond-mat.dis-nn
2564,13057,0.0,0,cond-mat.dis-nn
1153,13079,0.0,0,cond-mat.dis-nn
2625,2944,0.0,0,cond-mat.dis-nn
1532,12846,0.0,0,cond-mat.dis-nn
1238,4226,0.0,0,cond-mat.dis-nn
2552,3634,0.0,0,cond-mat.dis-nn
404,3277,0.0,0,cond-mat.dis-nn
9655,13527,0.0,0,cond-mat.dis-nn
9953,13858,0.0,0,cond-mat.dis-nn
2742,13179,0.0,0,cond-mat.dis-nn
489,10560,0.0,0,cond-mat.dis-nn
140,3990,0.0,0,cond-mat.dis-nn
6654,9058,0.0,0,cond-mat.dis-nn
1995,4210,0.0,0,cond-mat.dis-nn
123,13062,0.0,0,cond-mat.dis-nn
4406,8620,0.0,0,cond-mat.dis-nn
466,4276,0.0,0,cond-mat.dis-nn
5336,5372,0.0,0,cond-mat.dis-nn
4989,13370,0.0,0,cond-mat.dis-nn
263,13487,0.0,0,cond-mat.dis-nn
1954,5642,0.0,0,cond-mat.dis-nn
12700,14079,0.0,0,cond-mat.dis-nn
3139,13615,0.0,0,cond-mat.dis-nn
2471,2984,0.0,0,cond-mat.dis-nn
1900,5118,0.0,0,cond-mat.dis-nn
2564,6330,0.0,0,cond-mat.dis-nn
4087,13161,0.0,0,cond-mat.dis-nn
6338,12707,0.0,0,cond-mat.dis-nn
2357,13615,0.0,0,cond-mat.dis-nn
5260,13432,0.0,0,cond-mat.dis-nn
1771,2645,0.0,0,cond-mat.dis-nn
10591,12788,0.0,0,cond-mat.dis-nn
801,12766,0.0,0,cond-mat.dis-nn
9564,12804,0.0,0,cond-mat.dis-nn
517,12827,0.0,0,cond-mat.dis-nn
4276,5984,0.0,0,cond-mat.dis-nn
13059,13207,0.0,0,cond-mat.dis-nn
20,12286,0.0,0,cond-mat.dis-nn
1954,3116,0.0,0,cond-mat.dis-nn
13208,13335,0.0,0,cond-mat.dis-nn
12748,12941,0.0,0,cond-mat.dis-nn
985,2207,0.0,0,cond-mat.dis-nn
6686,12994,0.0,0,cond-mat.dis-nn
508,5845,0.0,0,cond-mat.dis-nn
12306,12861,0.0,0,cond-mat.dis-nn
8164,8977,0.0,0,cond-mat.dis-nn
769,13959,0.0,0,cond-mat.dis-nn
1974,11208,0.0,0,cond-mat.dis-nn
9474,12515,0.0,0,cond-mat.dis-nn
26,6824,0.0,0,cond-mat.dis-nn
12860,12894,0.0,0,cond-mat.dis-nn
3209,3348,0.0,0,cond-mat.dis-nn
9599,12631,0.0,0,cond-mat.dis-nn
6299,12589,0.0,0,cond-mat.dis-nn
2731,9057,0.0,0,cond-mat.dis-nn
6083,10112,0.0,0,cond-mat.dis-nn
5481,13390,0.0,0,cond-mat.dis-nn
2488,12453,0.0,0,cond-mat.dis-nn
505,13252,0.0,0,cond-mat.dis-nn
1186,3113,0.0,0,cond-mat.dis-nn
13587,13609,0.0,0,cond-mat.dis-nn
1597,4144,0.0,0,cond-mat.dis-nn
955,1379,0.0,0,cond-mat.dis-nn
3218,9152,0.0,0,cond-mat.dis-nn
1604,12936,0.0,0,cond-mat.dis-nn
12382,12460,0.0,0,cond-mat.dis-nn
12098,13604,0.0,0,cond-mat.dis-nn
7688,12758,0.0,0,cond-mat.dis-nn
9268,9655,0.0,0,cond-mat.dis-nn
942,1970,0.0,0,cond-mat.dis-nn
2567,13248,0.0,0,cond-mat.dis-nn
5268,10550,0.0,0,cond-mat.dis-nn
2002,2773,0.0,0,cond-mat.dis-nn
12783,13563,0.0,0,cond-mat.dis-nn
7590,9073,0.0,0,cond-mat.dis-nn
3169,7202,0.0,0,cond-mat.dis-nn
12637,12691,0.0,0,cond-mat.dis-nn
7223,13188,0.0,0,cond-mat.dis-nn
579,876,0.0,0,cond-mat.dis-nn
69,13048,0.0,0,cond-mat.dis-nn
9041,11985,0.0,0,cond-mat.dis-nn
7869,13713,0.0,0,cond-mat.dis-nn
891,12073,0.0,0,cond-mat.dis-nn
8605,13260,0.0,0,cond-mat.dis-nn
1661,3360,0.0,0,cond-mat.dis-nn
66,2807,0.0,0,cond-mat.dis-nn
794,12671,0.0,0,cond-mat.dis-nn
1909,13261,0.0,0,cond-mat.dis-nn
1378,13216,0.0,0,cond-mat.dis-nn
50,12927,0.0,0,cond-mat.dis-nn
2420,12424,0.0,0,cond-mat.dis-nn
1,202,0.0,0,cond-mat.dis-nn
1228,12410,0.3001016285004131,0,cond-mat.dis-nn
290,5445,0.0,0,cond-mat.dis-nn
3604,5013,0.0,0,cond-mat.dis-nn
8561,8621,0.0,0,cond-mat.dis-nn
3226,12529,0.0,0,cond-mat.dis-nn
715,978,0.0,0,cond-mat.dis-nn
2839,5066,0.0,0,cond-mat.dis-nn
92,743,0.0,0,cond-mat.dis-nn
1070,14388,0.0,0,cond-mat.dis-nn
2350,12342,0.0,0,cond-mat.dis-nn
3969,12694,0.0,0,cond-mat.dis-nn
1359,8111,0.0,0,cond-mat.dis-nn
9370,12523,0.0,0,cond-mat.dis-nn
936,13298,0.0,0,cond-mat.dis-nn
12490,12518,0.0,0,cond-mat.dis-nn
3714,13227,0.0,0,cond-mat.dis-nn
10551,13058,0.0,0,cond-mat.dis-nn
4290,12111,0.0,0,cond-mat.dis-nn
1072,12484,0.0,0,cond-mat.dis-nn
1375,12405,0.0,0,cond-mat.dis-nn
84,4307,0.0,0,cond-mat.dis-nn
1751,9129,0.0,0,cond-mat.dis-nn
3050,13183,0.0,0,cond-mat.dis-nn
4358,5866,0.0,0,cond-mat.dis-nn
3231,8685,0.0,0,cond-mat.dis-nn
235,12926,0.0,0,cond-mat.dis-nn
3939,7315,0.0,0,cond-mat.dis-nn
7495,13619,0.0,0,cond-mat.dis-nn
62,3442,0.0,0,cond-mat.dis-nn
5687,12284,0.0,0,cond-mat.dis-nn
9412,11041,0.0,0,cond-mat.dis-nn
10921,13019,0.0,0,cond-mat.dis-nn
2826,6398,0.0,0,cond-mat.dis-nn
3052,12748,0.0,0,cond-mat.dis-nn
2225,13119,0.0,0,cond-mat.dis-nn
9644,13269,0.0,0,cond-mat.dis-nn
12072,12893,0.0,0,cond-mat.dis-nn
5004,11997,0.0,0,cond-mat.dis-nn
1208,12771,0.0,0,cond-mat.dis-nn
426,578,0.0,0,cond-mat.dis-nn
3691,6324,0.0,0,cond-mat.dis-nn
3335,12547,0.0,0,cond-mat.dis-nn
6382,13604,0.0,0,cond-mat.dis-nn
125,5196,0.0,0,cond-mat.dis-nn
754,1346,0.0,0,cond-mat.dis-nn
1628,12576,0.0,0,cond-mat.dis-nn
69,8562,0.0,0,cond-mat.dis-nn
7498,13372,0.0,0,cond-mat.dis-nn
3320,6762,0.0,0,cond-mat.dis-nn
4240,4287,0.0,0,cond-mat.dis-nn
4499,8977,0.0,0,cond-mat.dis-nn
6276,12921,0.0,0,cond-mat.dis-nn
7202,12821,0.0,0,cond-mat.dis-nn
557,6695,0.0,0,cond-mat.dis-nn
6628,6993,0.0,0,cond-mat.dis-nn
12697,13560,0.0,0,cond-mat.dis-nn
4646,12675,0.0,0,cond-mat.dis-nn
2621,3907,0.0,0,cond-mat.dis-nn
107,2150,0.0,0,cond-mat.dis-nn
2435,12762,0.0,0,cond-mat.dis-nn
410,13298,0.0,0,cond-mat.dis-nn
250,2171,0.0,0,cond-mat.dis-nn
73,12975,0.0,0,cond-mat.dis-nn
2329,10421,0.0,0,cond-mat.dis-nn
2137,4738,0.0,0,cond-mat.dis-nn
605,13021,0.0,0,cond-mat.dis-nn
9908,13598,0.0,0,cond-mat.dis-nn
5066,12866,0.0,0,cond-mat.dis-nn
3968,5238,0.0,0,cond-mat.dis-nn
13054,13731,0.0,0,cond-mat.dis-nn
3053,12703,0.0,0,cond-mat.dis-nn
1132,2451,0.0,0,cond-mat.dis-nn
979,4307,0.0,0,cond-mat.dis-nn
2474,12995,0.0,0,cond-mat.dis-nn
13437,14142,0.0,0,cond-mat.dis-nn
1531,13271,0.0,0,cond-mat.dis-nn
728,6122,0.0,0,cond-mat.dis-nn
493,12937,0.0,0,cond-mat.dis-nn
3788,12784,0.0,0,cond-mat.dis-nn
11985,13085,0.0,0,cond-mat.dis-nn
5965,11706,0.0,0,cond-mat.dis-nn
305,2614,0.0,0,cond-mat.dis-nn
287,12688,0.0,0,cond-mat.dis-nn
9910,13621,0.0,0,cond-mat.dis-nn
1547,12613,0.0,0,cond-mat.dis-nn
5358,6455,0.0,0,cond-mat.dis-nn
3284,4210,0.0,0,cond-mat.dis-nn
2973,11753,0.0,0,cond-mat.dis-nn
1401,2207,0.0,0,cond-mat.dis-nn
1854,8685,0.0,0,cond-mat.dis-nn
3825,13052,0.0,0,cond-mat.dis-nn
2451,3836,0.0,0,cond-mat.dis-nn
1072,2004,0.0,0,cond-mat.dis-nn
4297,11964,0.0,0,cond-mat.dis-nn
2161,12139,0.0,0,cond-mat.dis-nn
5160,12827,0.0,0,cond-mat.dis-nn
4582,12999,0.0,0,cond-mat.dis-nn
2024,13073,0.0,0,cond-mat.dis-nn
3401,5261,0.0,0,cond-mat.dis-nn
6655,13558,0.0,0,cond-mat.dis-nn
12758,12905,0.0,0,cond-mat.dis-nn
3989,12341,0.0,0,cond-mat.dis-nn
885,12098,0.0,0,cond-mat.dis-nn
2325,13531,0.0,0,cond-mat.dis-nn
8835,8915,0.0,0,cond-mat.dis-nn
4629,5504,0.0,0,cond-mat.dis-nn
12321,14480,0.0,0,cond-mat.dis-nn
12461,13557,0.0,0,cond-mat.dis-nn
541,1182,0.0,0,cond-mat.dis-nn
1437,2488,0.0,0,cond-mat.dis-nn
4061,4875,0.0,0,cond-mat.dis-nn
4307,8463,0.0,0,cond-mat.dis-nn
10940,13074,0.0,0,cond-mat.dis-nn
894,1198,0.0,0,cond-mat.dis-nn
1243,12457,0.0,0,cond-mat.dis-nn
2251,2862,0.0,0,cond-mat.dis-nn
1838,8322,0.0,0,cond-mat.dis-nn
3740,9929,0.0,0,cond-mat.dis-nn
11939,13080,0.0,0,cond-mat.dis-nn
1449,4834,0.0,0,cond-mat.dis-nn
1747,12713,0.0,0,cond-mat.dis-nn
1525,1674,0.0,0,cond-mat.dis-nn
1141,3634,0.0,0,cond-mat.dis-nn
10304,13542,0.0,0,cond-mat.dis-nn
2452,3116,0.0,0,cond-mat.dis-nn
1970,13172,0.0,0,cond-mat.dis-nn
7008,13852,0.0,0,cond-mat.dis-nn
3533,13400,0.0,0,cond-mat.dis-nn
1023,9398,0.0,0,cond-mat.dis-nn
12938,13621,0.0,0,cond-mat.dis-nn
4031,12449,0.0,0,cond-mat.dis-nn
8112,12302,0.0,0,cond-mat.dis-nn
1766,2388,0.0,0,cond-mat.dis-nn
1118,5205,0.0,0,cond-mat.dis-nn
5336,12791,0.0,0,cond-mat.dis-nn
5371,12111,0.0,0,cond-mat.dis-nn
892,13380,0.0,0,cond-mat.dis-nn
617,2973,0.0,0,cond-mat.dis-nn
13058,13393,0.0,0,cond-mat.dis-nn
139,1393,0.0,0,cond-mat.dis-nn
2966,3350,0.0,0,cond-mat.dis-nn
3824,7173,0.0,0,cond-mat.dis-nn
1876,5004,0.0,0,cond-mat.dis-nn
515,1649,0.0,0,cond-mat.dis-nn
2727,13398,0.0,0,cond-mat.dis-nn
3266,12889,0.0,0,cond-mat.dis-nn
672,11777,0.0,0,cond-mat.dis-nn
7230,12485,0.0,0,cond-mat.dis-nn
1076,13587,0.0,0,cond-mat.dis-nn
3828,6096,0.0,0,cond-mat.dis-nn
1694,1851,0.0,0,cond-mat.dis-nn
2945,13476,0.0,0,cond-mat.dis-nn
2797,4947,0.0,0,cond-mat.dis-nn
4241,12946,0.0,0,cond-mat.dis-nn
2265,8384,0.0,0,cond-mat.dis-nn
12085,12491,0.0,0,cond-mat.dis-nn
6438,13015,0.0,0,cond-mat.dis-nn
1782,12702,0.0,0,cond-mat.dis-nn
1000,3132,0.0,0,cond-mat.dis-nn
1001,6066,0.0,0,cond-mat.dis-nn
8135,13094,0.0,0,cond-mat.dis-nn
927,13356,0.0,0,cond-mat.dis-nn
3290,12585,0.0,0,cond-mat.dis-nn
2495,12085,0.0,0,cond-mat.dis-nn
2680,9278,0.0,0,cond-mat.dis-nn
2025,13893,0.0,0,cond-mat.dis-nn
80,12287,0.0,0,cond-mat.dis-nn
8496,13221,0.0,0,cond-mat.dis-nn
9181,12362,0.0,0,cond-mat.dis-nn
8790,13560,0.0,0,cond-mat.dis-nn
543,12440,0.0,0,cond-mat.dis-nn
99,13446,0.0,0,cond-mat.dis-nn
1660,4323,0.0,0,cond-mat.dis-nn
3634,7267,0.0,0,cond-mat.dis-nn
1959,13143,0.0,0,cond-mat.dis-nn
132,9049,0.0,0,cond-mat.dis-nn
2841,13494,0.0,0,cond-mat.dis-nn
7949,12921,0.0,0,cond-mat.dis-nn
2597,10281,0.0,0,cond-mat.dis-nn
447,11132,0.0,0,cond-mat.dis-nn
12716,12729,0.0,0,cond-mat.dis-nn
417,672,0.0,0,cond-mat.dis-nn
9776,12441,0.0,0,cond-mat.dis-nn
1572,10603,0.0,0,cond-mat.dis-nn
503,1498,0.0,0,cond-mat.dis-nn
308,9661,0.0,0,cond-mat.dis-nn
10220,12417,0.0,0,cond-mat.dis-nn
9629,12278,0.0,0,cond-mat.dis-nn
3111,13103,0.0,0,cond-mat.dis-nn
470,12962,0.0,0,cond-mat.dis-nn
1368,3346,0.0,0,cond-mat.dis-nn
72,12952,0.0,0,cond-mat.dis-nn
12296,13315,0.0,0,cond-mat.dis-nn
1004,1263,0.0,0,cond-mat.dis-nn
43,3211,0.0,0,cond-mat.dis-nn
308,12936,0.0,0,cond-mat.dis-nn
92,12494,0.0,0,cond-mat.dis-nn
2438,3826,0.0,0,cond-mat.dis-nn
1209,13422,0.0,0,cond-mat.dis-nn
4241,13384,0.0,0,cond-mat.dis-nn
1362,5150,0.0,0,cond-mat.dis-nn
9507,11591,0.0,0,cond-mat.dis-nn
605,5845,0.0,0,cond-mat.dis-nn
2242,13421,0.0,0,cond-mat.dis-nn
1432,13058,0.0,0,cond-mat.dis-nn
2653,3750,0.0,0,cond-mat.dis-nn
836,12538,0.0,0,cond-mat.dis-nn
944,9039,0.0,0,cond-mat.dis-nn
7277,8317,0.0,0,cond-mat.dis-nn
12293,12994,0.0,0,cond-mat.dis-nn
12887,13095,0.0,0,cond-mat.dis-nn
152,8464,0.0,0,cond-mat.dis-nn
5620,8463,0.0,0,cond-mat.dis-nn
4794,6435,0.0,0,cond-mat.dis-nn
5987,12686,0.0,0,cond-mat.dis-nn
297,602,0.0,0,cond-mat.dis-nn
13205,13526,0.0,0,cond-mat.dis-nn
1883,13609,0.0,0,cond-mat.dis-nn
1033,1424,0.0,0,cond-mat.dis-nn
975,11133,0.0,0,cond-mat.dis-nn
2224,6848,0.0,0,cond-mat.dis-nn
951,982,0.0,0,cond-mat.dis-nn
12642,13039,0.0,0,cond-mat.dis-nn
443,12706,0.0,0,cond-mat.dis-nn
9910,12488,0.0,0,cond-mat.dis-nn
3360,3970,0.0,0,cond-mat.dis-nn
12186,13290,0.0,0,cond-mat.dis-nn
3336,13067,0.0,0,cond-mat.dis-nn
1908,7258,0.0,0,cond-mat.dis-nn
3113,3604,0.0,0,cond-mat.dis-nn
12758,12927,0.0,0,cond-mat.dis-nn
4988,12513,0.0,0,cond-mat.dis-nn
934,12534,0.0,0,cond-mat.dis-nn
3536,13357,0.0,0,cond-mat.dis-nn
339,12733,0.0,0,cond-mat.dis-nn
1035,12702,0.0,0,cond-mat.dis-nn
1009,8134,0.0,0,cond-mat.dis-nn
668,12536,0.0,0,cond-mat.dis-nn
379,913,0.0,0,cond-mat.dis-nn
881,3640,0.0,0,cond-mat.dis-nn
2282,14270,0.0,0,cond-mat.dis-nn
236,1358,0.0,0,cond-mat.dis-nn
1328,5757,0.0,0,cond-mat.dis-nn
3633,7260,0.0,0,cond-mat.dis-nn
226,3565,0.0,0,cond-mat.dis-nn
2281,12584,0.0,0,cond-mat.dis-nn
2358,4582,0.0,0,cond-mat.dis-nn
40,665,0.0,0,cond-mat.dis-nn
1904,13537,0.0,0,cond-mat.dis-nn
9555,11635,0.0,0,cond-mat.dis-nn
1625,5756,0.0,0,cond-mat.dis-nn
379,12639,0.0,0,cond-mat.dis-nn
815,1420,0.0,0,cond-mat.dis-nn
7813,12725,0.0,0,cond-mat.dis-nn
8880,13387,0.0,0,cond-mat.dis-nn
517,12465,0.0,0,cond-mat.dis-nn
1529,2871,0.0,0,cond-mat.dis-nn
1313,12664,0.0,0,cond-mat.dis-nn
2135,12098,0.0,0,cond-mat.dis-nn
1992,13892,0.0,0,cond-mat.dis-nn
1210,12279,0.0,0,cond-mat.dis-nn
8910,12628,0.0,0,cond-mat.dis-nn
915,5866,0.0,0,cond-mat.dis-nn
3806,13171,0.0,0,cond-mat.dis-nn
12447,13549,0.0,0,cond-mat.dis-nn
4835,12675,0.0,0,cond-mat.dis-nn
12344,12490,0.0,0,cond-mat.dis-nn
1529,3401,0.0,0,cond-mat.dis-nn
639,12463,0.0,0,cond-mat.dis-nn
4209,13561,0.0,0,cond-mat.dis-nn
3638,8110,0.0,0,cond-mat.dis-nn
891,3113,0.0,0,cond-mat.dis-nn
882,2161,0.0,0,cond-mat.dis-nn
12100,12803,0.0,0,cond-mat.dis-nn
728,13443,0.0,0,cond-mat.dis-nn
6648,12111,0.0,0,cond-mat.dis-nn
4357,5996,0.0,0,cond-mat.dis-nn
135,1036,0.0,0,cond-mat.dis-nn
10771,13537,0.0,0,cond-mat.dis-nn
6563,7313,0.0,0,cond-mat.dis-nn
1470,6999,0.0,0,cond-mat.dis-nn
7131,7276,0.0,0,cond-mat.dis-nn
2421,7221,0.0,0,cond-mat.dis-nn
838,4836,0.0,0,cond-mat.dis-nn
1648,8317,0.0,0,cond-mat.dis-nn
1036,6398,0.0,0,cond-mat.dis-nn
2180,2585,0.0,0,cond-mat.dis-nn
3558,4717,0.0,0,cond-mat.dis-nn
835,1389,0.0,0,cond-mat.dis-nn
7251,9412,0.0,0,cond-mat.dis-nn
698,1271,0.0,0,cond-mat.dis-nn
1133,6824,0.0,0,cond-mat.dis-nn
6251,13355,0.0,0,cond-mat.dis-nn
1363,12390,0.0,0,cond-mat.dis-nn
1572,3604,0.0,0,cond-mat.dis-nn
943,9589,0.0,0,cond-mat.dis-nn
1537,6801,0.0,0,cond-mat.dis-nn
11741,12438,0.0,0,cond-mat.dis-nn
12783,12815,0.0,0,cond-mat.dis-nn
3447,10483,0.0,0,cond-mat.dis-nn
1023,13755,0.0,0,cond-mat.dis-nn
5138,13484,0.0,0,cond-mat.dis-nn
1127,5590,0.0,0,cond-mat.dis-nn
7060,7229,0.0,0,cond-mat.dis-nn
12961,13086,0.0,0,cond-mat.dis-nn
1350,1546,0.0,0,cond-mat.dis-nn
2022,8391,0.0,0,cond-mat.dis-nn
1218,12538,0.0,0,cond-mat.dis-nn
726,12750,0.33380820069533407,0,cond-mat.dis-nn
774,9114,0.0,0,cond-mat.dis-nn
442,4152,0.0,0,cond-mat.dis-nn
1299,1478,0.0,0,cond-mat.dis-nn
2032,8827,0.0,0,cond-mat.dis-nn
286,2363,0.0,0,cond-mat.dis-nn
2746,8584,0.0,0,cond-mat.dis-nn
1966,12939,0.0,0,cond-mat.dis-nn
13447,14161,0.0,0,cond-mat.dis-nn
1192,1616,0.0,0,cond-mat.dis-nn
260,3213,0.0,0,cond-mat.dis-nn
2495,5295,0.0,0,cond-mat.dis-nn
2798,13326,0.0,0,cond-mat.dis-nn
1654,4307,0.0,0,cond-mat.dis-nn
448,8553,0.0,0,cond-mat.dis-nn
2181,11371,0.0,0,cond-mat.dis-nn
2283,4365,0.0,0,cond-mat.dis-nn
48,2023,0.0,0,cond-mat.dis-nn
1727,2197,0.0,0,cond-mat.dis-nn
2567,13514,0.0,0,cond-mat.dis-nn
152,4969,0.0,0,cond-mat.dis-nn
1005,1129,0.0,0,cond-mat.dis-nn
211,216,0.0,0,cond-mat.dis-nn
12469,13144,0.0,0,cond-mat.dis-nn
42,1198,0.0,0,cond-mat.dis-nn
8910,14270,0.0,0,cond-mat.dis-nn
8685,13514,0.0,0,cond-mat.dis-nn
650,5138,0.0,0,cond-mat.dis-nn
1186,2983,0.0,0,cond-mat.dis-nn
7407,7569,0.0,0,cond-mat.dis-nn
3483,12624,0.0,0,cond-mat.dis-nn
2490,2834,0.0,0,cond-mat.dis-nn
46,944,0.0,0,cond-mat.dis-nn
122,4200,0.0,0,cond-mat.dis-nn
7083,10748,0.0,0,cond-mat.dis-nn
1230,9855,0.0,0,cond-mat.dis-nn
1523,1706,0.0,0,cond-mat.dis-nn
2394,3656,0.0,0,cond-mat.dis-nn
1543,12975,0.0,0,cond-mat.dis-nn
2477,3956,0.0,0,cond-mat.dis-nn
1691,13075,0.0,0,cond-mat.dis-nn
4500,9910,0.0,0,cond-mat.dis-nn
1857,12878,0.0,0,cond-mat.dis-nn
5374,6502,0.0,0,cond-mat.dis-nn
5396,6935,0.0,0,cond-mat.dis-nn
941,1471,0.0,0,cond-mat.dis-nn
2006,13086,0.0,0,cond-mat.dis-nn
12139,14270,0.0,0,cond-mat.dis-nn
2207,3542,0.0,0,cond-mat.dis-nn
1531,6297,0.0,0,cond-mat.dis-nn
807,9729,0.0,0,cond-mat.dis-nn
3370,12696,0.0,0,cond-mat.dis-nn
9789,10028,0.0,0,cond-mat.dis-nn
4731,12529,0.0,0,cond-mat.dis-nn
1391,12796,0.0,0,cond-mat.dis-nn
1269,8111,0.0,0,cond-mat.dis-nn
12466,12692,0.0,0,cond-mat.dis-nn
4409,13417,0.0,0,cond-mat.dis-nn
2172,12314,0.0,0,cond-mat.dis-nn
11208,13221,0.0,0,cond-mat.dis-nn
7813,12878,0.0,0,cond-mat.dis-nn
6696,13410,0.0,0,cond-mat.dis-nn
12317,12339,0.0,0,cond-mat.dis-nn
2639,14445,0.0,0,cond-mat.dis-nn
937,12826,0.0,0,cond-mat.dis-nn
3231,12779,0.0,0,cond-mat.dis-nn
12471,12891,0.0,0,cond-mat.dis-nn
4117,6456,0.0,0,cond-mat.dis-nn
4740,7258,0.0,0,cond-mat.dis-nn
2066,9155,0.0,0,cond-mat.dis-nn
8384,12442,0.0,0,cond-mat.dis-nn
9668,13893,0.0,0,cond-mat.dis-nn
1014,13316,0.0,0,cond-mat.dis-nn
1258,5045,0.0,0,cond-mat.dis-nn
4141,6525,0.0,0,cond-mat.dis-nn
893,13062,0.0,0,cond-mat.dis-nn
940,4363,0.0,0,cond-mat.dis-nn
1854,12511,0.0,0,cond-mat.dis-nn
2025,13067,0.0,0,cond-mat.dis-nn
2599,13073,0.0,0,cond-mat.dis-nn
169,693,0.0,0,cond-mat.dis-nn
800,5371,0.0,0,cond-mat.dis-nn
773,5045,0.0,0,cond-mat.dis-nn
554,2197,0.0,0,cond-mat.dis-nn
2648,3782,0.0,0,cond-mat.dis-nn
428,13986,0.0,0,cond-mat.dis-nn
13294,13587,0.0,0,cond-mat.dis-nn
1484,3824,0.0,0,cond-mat.dis-nn
11912,13147,0.0,0,cond-mat.dis-nn
2739,12945,0.0,0,cond-mat.dis-nn
5457,12631,0.0,0,cond-mat.dis-nn
410,876,0.0,0,cond-mat.dis-nn
3154,7790,0.0,0,cond-mat.dis-nn
5119,8062,0.0,0,cond-mat.dis-nn
9795,13457,0.0,0,cond-mat.dis-nn
885,12662,0.0,0,cond-mat.dis-nn
5073,10282,0.0,0,cond-mat.dis-nn
3743,13559,0.0,0,cond-mat.dis-nn
5641,12280,0.0,0,cond-mat.dis-nn
624,3586,0.0,0,cond-mat.dis-nn
9016,12910,0.0,0,cond-mat.dis-nn
12414,12733,0.0,0,cond-mat.dis-nn
5012,13389,0.0,0,cond-mat.dis-nn
3223,12742,0.0,0,cond-mat.dis-nn
4357,8619,0.0,0,cond-mat.dis-nn
12368,12473,0.0,0,cond-mat.dis-nn
2702,3442,0.0,0,cond-mat.dis-nn
896,3263,0.0,0,cond-mat.dis-nn
411,12639,0.0,0,cond-mat.dis-nn
3350,12293,0.0,0,cond-mat.dis-nn
1971,2325,0.0,0,cond-mat.dis-nn
1425,7255,0.0,0,cond-mat.dis-nn
425,12659,0.0,0,cond-mat.dis-nn
928,936,0.0,0,cond-mat.dis-nn
2623,5405,0.0,0,cond-mat.dis-nn
881,5736,0.0,0,cond-mat.dis-nn
3904,13755,0.0,0,cond-mat.dis-nn
882,6338,0.0,0,cond-mat.dis-nn
84,882,0.0,0,cond-mat.dis-nn
2742,13169,0.0,0,cond-mat.dis-nn
1673,8036,0.0,0,cond-mat.dis-nn
11392,12994,0.0,0,cond-mat.dis-nn
2639,2761,0.0,0,cond-mat.dis-nn
1652,1682,0.0,0,cond-mat.dis-nn
410,13145,0.0,0,cond-mat.dis-nn
6456,12712,0.0,0,cond-mat.dis-nn
1876,8745,0.0,0,cond-mat.dis-nn
11770,12536,0.0,0,cond-mat.dis-nn
1563,7202,0.0,0,cond-mat.dis-nn
774,8619,0.0,0,cond-mat.dis-nn
9370,11964,0.0,0,cond-mat.dis-nn
1316,3655,0.0,0,cond-mat.dis-nn
4078,4988,0.0,0,cond-mat.dis-nn
615,718,0.0,0,cond-mat.dis-nn
1387,13249,0.0,0,cond-mat.dis-nn
4089,4737,0.0,0,cond-mat.dis-nn
3970,3999,0.0,0,cond-mat.dis-nn
1826,1955,0.0,0,cond-mat.dis-nn
8540,13959,0.0,0,cond-mat.dis-nn
1624,2760,0.0,0,cond-mat.dis-nn
320,13265,0.0,0,cond-mat.dis-nn
48,9279,0.0,0,cond-mat.dis-nn
5485,10831,0.0,0,cond-mat.dis-nn
772,5783,0.0,0,cond-mat.dis-nn
2210,11636,0.0,0,cond-mat.dis-nn
5853,7700,0.0,0,cond-mat.dis-nn
6405,12414,0.0,0,cond-mat.dis-nn
12323,13336,0.0,0,cond-mat.dis-nn
213,5038,0.0,0,cond-mat.dis-nn
6563,13116,0.0,0,cond-mat.dis-nn
1549,6005,0.0,0,cond-mat.dis-nn
3532,12561,0.0,0,cond-mat.dis-nn
3371,13510,0.0,0,cond-mat.dis-nn
9081,12368,0.0,0,cond-mat.dis-nn
815,2711,0.0,0,cond-mat.dis-nn
11965,12581,0.0,0,cond-mat.dis-nn
832,5015,0.0,0,cond-mat.dis-nn
1572,8697,0.0,0,cond-mat.dis-nn
892,12910,0.0,0,cond-mat.dis-nn
1227,2283,0.0,0,cond-mat.dis-nn
6545,13597,0.0,0,cond-mat.dis-nn
452,12085,0.0,0,cond-mat.dis-nn
632,2747,0.0,0,cond-mat.dis-nn
1362,1955,0.0,0,cond-mat.dis-nn
1599,4671,0.0,0,cond-mat.dis-nn
4472,7498,0.0,0,cond-mat.dis-nn
1237,12540,0.0,0,cond-mat.dis-nn
5015,13524,0.0,0,cond-mat.dis-nn
5679,13046,0.0,0,cond-mat.dis-nn
4946,13015,0.0,0,cond-mat.dis-nn
1540,13337,0.0,0,cond-mat.dis-nn
4436,12535,0.0,0,cond-mat.dis-nn
1468,12674,0.0,0,cond-mat.dis-nn
131,2357,0.0,0,cond-mat.dis-nn
45,4240,0.0,0,cond-mat.dis-nn
4783,13402,0.0,0,cond-mat.dis-nn
211,12939,0.0,0,cond-mat.dis-nn
9308,13039,0.0,0,cond-mat.dis-nn
2411,9401,0.0,0,cond-mat.dis-nn
3514,13135,0.0,0,cond-mat.dis-nn
683,4532,0.0,0,cond-mat.dis-nn
1636,7540,0.0,0,cond-mat.dis-nn
36,3265,0.0,0,cond-mat.dis-nn
8319,9268,0.0,0,cond-mat.dis-nn
12543,12547,0.0,0,cond-mat.dis-nn
13580,14270,0.0,0,cond-mat.dis-nn
2738,5981,0.0,0,cond-mat.dis-nn
5530,5845,0.0,0,cond-mat.dis-nn
12552,12781,0.0,0,cond-mat.dis-nn
1314,1374,0.0,0,cond-mat.dis-nn
489,13046,0.0,0,cond-mat.dis-nn
2760,11109,0.0,0,cond-mat.dis-nn
7125,12441,0.0,0,cond-mat.dis-nn
2057,12678,0.0,0,cond-mat.dis-nn
1883,13136,0.0,0,cond-mat.dis-nn
5434,8622,0.0,0,cond-mat.dis-nn
263,13084,0.0,0,cond-mat.dis-nn
13420,14289,0.0,0,cond-mat.dis-nn
6112,9625,0.0,0,cond-mat.dis-nn
269,11028,0.0,0,cond-mat.dis-nn
3794,12878,0.0,0,cond-mat.dis-nn
1468,9137,0.0,0,cond-mat.dis-nn
434,9789,0.0,0,cond-mat.dis-nn
12606,12994,0.0,0,cond-mat.dis-nn
730,13494,0.0,0,cond-mat.dis-nn
1893,14124,0.0,0,cond-mat.dis-nn
13054,13944,0.0,0,cond-mat.dis-nn
5612,7474,0.0,0,cond-mat.dis-nn
6137,6801,0.0,0,cond-mat.dis-nn
8319,10943,0.0,0,cond-mat.dis-nn
2274,12769,0.0,0,cond-mat.dis-nn
4836,9584,0.0,0,cond-mat.dis-nn
4308,12317,0.0,0,cond-mat.dis-nn
1866,6006,0.0,0,cond-mat.dis-nn
2961,9656,0.0,0,cond-mat.dis-nn
339,3750,0.0,0,cond-mat.dis-nn
1241,7265,0.0,0,cond-mat.dis-nn
4209,12316,0.0,0,cond-mat.dis-nn
1533,10304,0.0,0,cond-mat.dis-nn
1388,13821,0.0,0,cond-mat.dis-nn
866,12284,0.0,0,cond-mat.dis-nn
415,13436,0.0,0,cond-mat.dis-nn
5666,12912,0.0,0,cond-mat.dis-nn
314,5656,0.0,0,cond-mat.dis-nn
2152,5558,0.0,0,cond-mat.dis-nn
12754,12999,0.0,0,cond-mat.dis-nn
5073,8462,0.0,0,cond-mat.dis-nn
4642,9587,0.0,0,cond-mat.dis-nn
1498,1656,0.0,0,cond-mat.dis-nn
1005,8319,0.0,0,cond-mat.dis-nn
158,12584,0.0,0,cond-mat.dis-nn
4316,11637,0.0,0,cond-mat.dis-nn
838,11705,0.0,0,cond-mat.dis-nn
1756,3528,0.0,0,cond-mat.dis-nn
2242,5982,0.0,0,cond-mat.dis-nn
1316,1652,0.0,0,cond-mat.dis-nn
12435,14270,0.0,0,cond-mat.dis-nn
836,898,0.0,0,cond-mat.dis-nn
7407,13411,0.0,0,cond-mat.dis-nn
1901,7000,0.0,0,cond-mat.dis-nn
338,13081,0.0,0,cond-mat.dis-nn
1045,5358,0.0,0,cond-mat.dis-nn
3437,13282,0.0,0,cond-mat.dis-nn
1219,9532,0.0,0,cond-mat.dis-nn
6395,12275,0.0,0,cond-mat.dis-nn
3633,10942,0.0,0,cond-mat.dis-nn
963,6308,0.0,0,cond-mat.dis-nn
6525,12650,0.0,0,cond-mat.dis-nn
5849,8315,0.0,0,cond-mat.dis-nn
760,13713,0.0,0,cond-mat.dis-nn
1730,7532,0.0,0,cond-mat.dis-nn
12607,12777,0.0,0,cond-mat.dis-nn
7277,13157,0.0,0,cond-mat.dis-nn
2160,7790,0.0,0,cond-mat.dis-nn
1441,10175,0.0,0,cond-mat.dis-nn
954,3226,0.0,0,cond-mat.dis-nn
2881,5866,0.3898712452512801,0,cond-mat.dis-nn
98,13598,0.0,0,cond-mat.dis-nn
639,13544,0.0,0,cond-mat.dis-nn
1484,12961,0.0,0,cond-mat.dis-nn
69,1004,0.0,0,cond-mat.dis-nn
150,849,0.0,0,cond-mat.dis-nn
1587,14142,0.0,0,cond-mat.dis-nn
4061,5474,0.0,0,cond-mat.dis-nn
8880,12675,0.0,0,cond-mat.dis-nn
9475,12970,0.0,0,cond-mat.dis-nn
582,1790,0.0,0,cond-mat.dis-nn
2004,4114,0.0,0,cond-mat.dis-nn
1242,12687,0.0,0,cond-mat.dis-nn
3829,9266,0.0,0,cond-mat.dis-nn
11963,13254,0.0,0,cond-mat.dis-nn
1008,1116,0.0,0,cond-mat.dis-nn
743,12073,0.0,0,cond-mat.dis-nn
1001,1077,0.0,0,cond-mat.dis-nn
12516,12649,0.0,0,cond-mat.dis-nn
179,6338,0.0,0,cond-mat.dis-nn
4171,13581,0.0,0,cond-mat.dis-nn
4140,12690,0.0,0,cond-mat.dis-nn
262,12379,0.0,0,cond-mat.dis-nn
7688,8553,0.0,0,cond-mat.dis-nn
2441,3040,0.0,0,cond-mat.dis-nn
410,12277,0.0,0,cond-mat.dis-nn
7030,9599,0.0,0,cond-mat.dis-nn
300,742,0.0,0,cond-mat.dis-nn
4142,13410,0.0,0,cond-mat.dis-nn
2479,14263,0.0,0,cond-mat.dis-nn
12740,13152,0.0,0,cond-mat.dis-nn
2440,5295,0.0,0,cond-mat.dis-nn
3529,9131,0.0,0,cond-mat.dis-nn
13385,13447,0.0,0,cond-mat.dis-nn
2755,13300,0.0,0,cond-mat.dis-nn
12412,13206,0.0,0,cond-mat.dis-nn
4265,12433,0.0,0,cond-mat.dis-nn
5981,7125,0.0,0,cond-mat.dis-nn
12389,13195,0.0,0,cond-mat.dis-nn
137,5680,0.0,0,cond-mat.dis-nn
2438,8790,0.0,0,cond-mat.dis-nn
4086,13370,0.0,0,cond-mat.dis-nn
10507,13372,0.0,0,cond-mat.dis-nn
6099,7791,0.0,0,cond-mat.dis-nn
2790,3436,0.0,0,cond-mat.dis-nn
4141,5843,0.0,0,cond-mat.dis-nn
2136,3320,0.0,0,cond-mat.dis-nn
2567,13486,0.0,0,cond-mat.dis-nn
3334,4582,0.0,0,cond-mat.dis-nn
1321,8620,0.0,0,cond-mat.dis-nn
1425,12204,0.0,0,cond-mat.dis-nn
6654,9855,0.0,0,cond-mat.dis-nn
2748,9073,0.0,0,cond-mat.dis-nn
41,13188,0.0,0,cond-mat.dis-nn
210,4100,0.0,0,cond-mat.dis-nn
12441,13893,0.0,0,cond-mat.dis-nn
1239,10514,0.0,0,cond-mat.dis-nn
515,2081,0.0,0,cond-mat.dis-nn
835,2882,0.0,0,cond-mat.dis-nn
1379,2451,0.0,0,cond-mat.dis-nn
53,860,0.0,0,cond-mat.dis-nn
223,7687,0.0,0,cond-mat.dis-nn
211,13491,0.0,0,cond-mat.dis-nn
1098,8561,0.0,0,cond-mat.dis-nn
944,9177,0.0,0,cond-mat.dis-nn
7486,13224,0.0,0,cond-mat.dis-nn
12303,13411,0.0,0,cond-mat.dis-nn
3128,9572,0.0,0,cond-mat.dis-nn
2067,12745,0.0,0,cond-mat.dis-nn
3041,12456,0.0,0,cond-mat.dis-nn
419,3698,0.0,0,cond-mat.dis-nn
3944,12903,0.0,0,cond-mat.dis-nn
3319,13080,0.0,0,cond-mat.dis-nn
158,12904,0.0,0,cond-mat.dis-nn
1255,13360,0.0,0,cond-mat.dis-nn
69,552,0.0,0,cond-mat.dis-nn
4142,13004,0.0,0,cond-mat.dis-nn
2625,13157,0.0,0,cond-mat.dis-nn
13179,13202,0.0,0,cond-mat.dis-nn
9082,13261,0.0,0,cond-mat.dis-nn
8039,13679,0.0,0,cond-mat.dis-nn
462,4275,0.0,0,cond-mat.dis-nn
7674,12763,0.0,0,cond-mat.dis-nn
578,1597,0.0,0,cond-mat.dis-nn
2992,8111,0.0,0,cond-mat.dis-nn
2180,10039,0.0,0,cond-mat.dis-nn
5662,13239,0.0,0,cond-mat.dis-nn
13320,13442,0.0,0,cond-mat.dis-nn
12863,13346,0.0,0,cond-mat.dis-nn
813,13550,0.0,0,cond-mat.dis-nn
12844,13598,0.0,0,cond-mat.dis-nn
2443,13652,0.0,0,cond-mat.dis-nn
2329,2964,0.0,0,cond-mat.dis-nn
3698,12330,0.0,0,cond-mat.dis-nn
6769,12549,0.0,0,cond-mat.dis-nn
67,2591,0.0,0,cond-mat.dis-nn
493,4011,0.0,0,cond-mat.dis-nn
13,13731,0.0,0,cond-mat.dis-nn
1638,10859,0.0,0,cond-mat.dis-nn
5600,12518,0.0,0,cond-mat.dis-nn
1529,2358,0.0,0,cond-mat.dis-nn
6251,12070,0.0,0,cond-mat.dis-nn
150,3793,0.0,0,cond-mat.dis-nn
881,1648,0.0,0,cond-mat.dis-nn
5849,7480,0.0,0,cond-mat.dis-nn
11435,14079,0.0,0,cond-mat.dis-nn
4202,5159,0.0,0,cond-mat.dis-nn
695,9599,0.0,0,cond-mat.dis-nn
147,9910,0.0,0,cond-mat.dis-nn
2452,12545,0.0,0,cond-mat.dis-nn
8837,13564,0.0,0,cond-mat.dis-nn
3999,12649,0.0,0,cond-mat.dis-nn
733,3740,0.0,0,cond-mat.dis-nn
382,4794,0.0,0,cond-mat.dis-nn
1683,7497,0.0,0,cond-mat.dis-nn
12367,12639,0.0,0,cond-mat.dis-nn
3336,13244,0.0,0,cond-mat.dis-nn
4059,13081,0.0,0,cond-mat.dis-nn
850,10942,0.0,0,cond-mat.dis-nn
10308,13384,0.0,0,cond-mat.dis-nn
1331,6268,0.0,0,cond-mat.dis-nn
2283,10507,0.0,0,cond-mat.dis-nn
3404,13392,0.0,0,cond-mat.dis-nn
8618,13209,0.0,0,cond-mat.dis-nn
1347,12628,0.0,0,cond-mat.dis-nn
8136,12940,0.0,0,cond-mat.dis-nn
5529,13616,0.0,0,cond-mat.dis-nn
578,12711,0.0,0,cond-mat.dis-nn
10900,12370,0.0,0,cond-mat.dis-nn
152,3563,0.0,0,cond-mat.dis-nn
10748,13633,0.0,0,cond-mat.dis-nn
635,944,0.0,0,cond-mat.dis-nn
488,4946,0.0,0,cond-mat.dis-nn
1621,3747,0.0,0,cond-mat.dis-nn
12281,13344,0.0,0,cond-mat.dis-nn
398,13539,0.0,0,cond-mat.dis-nn
5085,12793,0.0,0,cond-mat.dis-nn
579,639,0.0,0,cond-mat.dis-nn
3354,12465,0.0,0,cond-mat.dis-nn
2999,13320,0.0,0,cond-mat.dis-nn
1957,12305,0.0,0,cond-mat.dis-nn
11316,13308,0.0,0,cond-mat.dis-nn
2207,2653,0.0,0,cond-mat.dis-nn
4358,13223,0.0,0,cond-mat.dis-nn
466,4346,0.0,0,cond-mat.dis-nn
1374,3740,0.0,0,cond-mat.dis-nn
10111,12945,0.0,0,cond-mat.dis-nn
10281,13622,0.0,0,cond-mat.dis-nn
1322,3284,0.0,0,cond-mat.dis-nn
3797,9399,0.0,0,cond-mat.dis-nn
472,9795,0.0,0,cond-mat.dis-nn
1599,7470,0.0,0,cond-mat.dis-nn
2357,13564,0.0,0,cond-mat.dis-nn
467,2626,0.0,0,cond-mat.dis-nn
2061,13422,0.0,0,cond-mat.dis-nn
864,6234,0.0,0,cond-mat.dis-nn
492,7265,0.0,0,cond-mat.dis-nn
2012,13157,0.0,0,cond-mat.dis-nn
3402,12783,0.0,0,cond-mat.dis-nn
61,5092,0.0,0,cond-mat.dis-nn
1388,5336,0.0,0,cond-mat.dis-nn
1484,1597,0.0,0,cond-mat.dis-nn
12855,13713,0.0,0,cond-mat.dis-nn
977,6525,0.0,0,cond-mat.dis-nn
1711,12936,0.0,0,cond-mat.dis-nn
13855,13944,0.0,0,cond-mat.dis-nn
2340,11646,0.0,0,cond-mat.dis-nn
10308,13207,0.0,0,cond-mat.dis-nn
305,1638,0.0,0,cond-mat.dis-nn
4527,12641,0.0,0,cond-mat.dis-nn
4839,10921,0.0,0,cond-mat.dis-nn
2565,12294,0.0,0,cond-mat.dis-nn
1213,6364,0.0,0,cond-mat.dis-nn
10603,13133,0.0,0,cond-mat.dis-nn
944,2649,0.0,0,cond-mat.dis-nn
2658,9080,0.0,0,cond-mat.dis-nn
12296,12945,0.0,0,cond-mat.dis-nn
4916,5892,0.0,0,cond-mat.dis-nn
950,13345,0.0,0,cond-mat.dis-nn
12539,13197,0.0,0,cond-mat.dis-nn
10151,14140,0.0,0,cond-mat.dis-nn
4297,13468,0.0,0,cond-mat.dis-nn
666,4546,0.0,0,cond-mat.dis-nn
151,13979,0.0,0,cond-mat.dis-nn
632,3586,0.0,0,cond-mat.dis-nn
718,13080,0.0,0,cond-mat.dis-nn
256,2023,0.0,0,cond-mat.dis-nn
470,13652,0.0,0,cond-mat.dis-nn
63,2648,0.0,0,cond-mat.dis-nn
4210,12309,0.0,0,cond-mat.dis-nn
12464,13144,0.0,0,cond-mat.dis-nn
2783,3081,0.0,0,cond-mat.dis-nn
12294,14161,0.0,0,cond-mat.dis-nn
3269,12100,0.0,0,cond-mat.dis-nn
497,12968,0.0,0,cond-mat.dis-nn
7258,11461,0.0,0,cond-mat.dis-nn
12664,13434,0.0,0,cond-mat.dis-nn
2189,9252,0.0,0,cond-mat.dis-nn
635,8737,0.0,0,cond-mat.dis-nn
6350,6999,0.0,0,cond-mat.dis-nn
2023,4875,0.0,0,cond-mat.dis-nn
2206,3190,0.0,0,cond-mat.dis-nn
13558,14061,0.0,0,cond-mat.dis-nn
1449,8697,0.0,0,cond-mat.dis-nn
11842,13892,0.0,0,cond-mat.dis-nn
83,7033,0.0,0,cond-mat.dis-nn
505,12275,0.0,0,cond-mat.dis-nn
5085,7790,0.0,0,cond-mat.dis-nn
4246,6546,0.0,0,cond-mat.dis-nn
55,14289,0.0,0,cond-mat.dis-nn
3604,13086,0.0,0,cond-mat.dis-nn
1153,13106,0.0,0,cond-mat.dis-nn
865,12968,0.0,0,cond-mat.dis-nn
969,6115,0.0,0,cond-mat.dis-nn
2439,3635,0.0,0,cond-mat.dis-nn
1470,5988,0.0,0,cond-mat.dis-nn
3690,7267,0.0,0,cond-mat.dis-nn
11966,13374,0.0,0,cond-mat.dis-nn
421,4031,0.0,0,cond-mat.dis-nn
135,6297,0.0,0,cond-mat.dis-nn
71,3689,0.0,0,cond-mat.dis-nn
4057,4436,0.0,0,cond-mat.dis-nn
9627,10453,0.0,0,cond-mat.dis-nn
95,339,0.0,0,cond-mat.dis-nn
3566,12457,0.0,0,cond-mat.dis-nn
551,8463,0.0,0,cond-mat.dis-nn
3233,9507,0.0,0,cond-mat.dis-nn
970,9727,0.0,0,cond-mat.dis-nn
1390,3376,0.0,0,cond-mat.dis-nn
6580,12290,0.0,0,cond-mat.dis-nn
2999,12760,0.0,0,cond-mat.dis-nn
1766,13197,0.0,0,cond-mat.dis-nn
4099,10152,0.0,0,cond-mat.dis-nn
4607,13511,0.0,0,cond-mat.dis-nn
1027,9596,0.0,0,cond-mat.dis-nn
8915,13528,0.0,0,cond-mat.dis-nn
12389,12523,0.0,0,cond-mat.dis-nn
7709,13839,0.0,0,cond-mat.dis-nn
1329,5207,0.0,0,cond-mat.dis-nn
1472,3944,0.0,0,cond-mat.dis-nn
9728,12733,0.0,0,cond-mat.dis-nn
229,2647,0.0,0,cond-mat.dis-nn
88,13145,0.0,0,cond-mat.dis-nn
12792,13959,0.0,0,cond-mat.dis-nn
4405,12451,0.0,0,cond-mat.dis-nn
12772,12854,0.0,0,cond-mat.dis-nn
5907,13077,0.0,0,cond-mat.dis-nn
9803,13522,0.0,0,cond-mat.dis-nn
3621,3716,0.0,0,cond-mat.dis-nn
1866,5160,0.0,0,cond-mat.dis-nn
12937,13308,0.0,0,cond-mat.dis-nn
5643,13152,0.0,0,cond-mat.dis-nn
423,12697,0.0,0,cond-mat.dis-nn
4083,9789,0.0,0,cond-mat.dis-nn
1546,4107,0.0,0,cond-mat.dis-nn
1237,2863,0.0,0,cond-mat.dis-nn
1333,4408,0.0,0,cond-mat.dis-nn
2595,12336,0.0,0,cond-mat.dis-nn
3697,10921,0.0,0,cond-mat.dis-nn
3289,12524,0.0,0,cond-mat.dis-nn
3154,12479,0.0,0,cond-mat.dis-nn
562,13018,0.0,0,cond-mat.dis-nn
1606,3232,0.0,0,cond-mat.dis-nn
951,13100,0.0,0,cond-mat.dis-nn
8385,8985,0.0,0,cond-mat.dis-nn
591,1044,0.0,0,cond-mat.dis-nn
1592,1612,0.0,0,cond-mat.dis-nn
4582,8322,0.0,0,cond-mat.dis-nn
1380,1958,0.0,0,cond-mat.dis-nn
4308,12894,0.0,0,cond-mat.dis-nn
434,6695,0.0,0,cond-mat.dis-nn
339,6686,0.0,0,cond-mat.dis-nn
351,1593,0.0,0,cond-mat.dis-nn
457,13094,0.0,0,cond-mat.dis-nn
894,12952,0.0,0,cond-mat.dis-nn
599,13443,0.0,0,cond-mat.dis-nn
442,6406,0.0,0,cond-mat.dis-nn
496,2325,0.0,0,cond-mat.dis-nn
12690,14445,0.0,0,cond-mat.dis-nn
2066,13438,0.0,0,cond-mat.dis-nn
4031,9997,0.0,0,cond-mat.dis-nn
12594,12936,0.0,0,cond-mat.dis-nn
4143,13213,0.0,0,cond-mat.dis-nn
2020,4776,0.0,0,cond-mat.dis-nn
4592,13713,0.0,0,cond-mat.dis-nn
1209,3285,0.0,0,cond-mat.dis-nn
2577,13855,0.0,0,cond-mat.dis-nn
2206,7675,0.0,0,cond-mat.dis-nn
2275,3116,0.0,0,cond-mat.dis-nn
11435,12504,0.0,0,cond-mat.dis-nn
3052,12278,0.0,0,cond-mat.dis-nn
1440,2022,0.0,0,cond-mat.dis-nn
1131,10541,0.0,0,cond-mat.dis-nn
13352,13373,0.0,0,cond-mat.dis-nn
2608,13204,0.0,0,cond-mat.dis-nn
8876,13256,0.0,0,cond-mat.dis-nn
12494,13873,0.0,0,cond-mat.dis-nn
970,3533,0.0,0,cond-mat.dis-nn
307,8144,0.0,0,cond-mat.dis-nn
4589,10302,0.0,0,cond-mat.dis-nn
1544,12552,0.0,0,cond-mat.dis-nn
1386,11032,0.0,0,cond-mat.dis-nn
9597,13254,0.0,0,cond-mat.dis-nn
1190,10748,0.0,0,cond-mat.dis-nn
1154,13040,0.0,0,cond-mat.dis-nn
226,7029,0.0,0,cond-mat.dis-nn
11963,13046,0.0,0,cond-mat.dis-nn
3040,3305,0.0,0,cond-mat.dis-nn
1659,2595,0.0,0,cond-mat.dis-nn
2324,2805,0.0,0,cond-mat.dis-nn
10910,12781,0.0,0,cond-mat.dis-nn
2960,13340,0.0,0,cond-mat.dis-nn
2499,10421,0.0,0,cond-mat.dis-nn
3989,5259,0.0,0,cond-mat.dis-nn
1449,7044,0.0,0,cond-mat.dis-nn
8164,12511,0.0,0,cond-mat.dis-nn
6282,13060,0.0,0,cond-mat.dis-nn
1771,13102,0.0,0,cond-mat.dis-nn
1635,3936,0.0,0,cond-mat.dis-nn
1094,13497,0.0,0,cond-mat.dis-nn
860,9803,0.0,0,cond-mat.dis-nn
12939,13454,0.0,0,cond-mat.dis-nn
4645,10151,0.0,0,cond-mat.dis-nn
1208,4887,0.0,0,cond-mat.dis-nn
6525,12939,0.0,0,cond-mat.dis-nn
2012,2058,0.0,0,cond-mat.dis-nn
2862,13339,0.0,0,cond-mat.dis-nn
7813,9930,0.0,0,cond-mat.dis-nn
1314,4087,0.0,0,cond-mat.dis-nn
2420,13079,0.0,0,cond-mat.dis-nn
3069,6062,0.0,0,cond-mat.dis-nn
11966,12516,0.0,0,cond-mat.dis-nn
8480,10514,0.0,0,cond-mat.dis-nn
11435,13145,0.0,0,cond-mat.dis-nn
1209,8621,0.0,0,cond-mat.dis-nn
4843,12889,0.0,0,cond-mat.dis-nn
464,12525,0.0,0,cond-mat.dis-nn
12758,14444,0.0,0,cond-mat.dis-nn
5700,12775,0.0,0,cond-mat.dis-nn
2136,5484,0.0,0,cond-mat.dis-nn
1133,2740,0.0,0,cond-mat.dis-nn
956,5030,0.0,0,cond-mat.dis-nn
6266,13335,0.0,0,cond-mat.dis-nn
4089,12426,0.0,0,cond-mat.dis-nn
7791,12368,0.0,0,cond-mat.dis-nn
2801,12784,0.0,0,cond-mat.dis-nn
12840,13960,0.0,0,cond-mat.dis-nn
8391,13531,0.0,0,cond-mat.dis-nn
849,2019,0.0,0,cond-mat.dis-nn
2251,14079,0.0,0,cond-mat.dis-nn
3370,4202,0.0,0,cond-mat.dis-nn
1661,8880,0.0,0,cond-mat.dis-nn
12534,13480,0.0,0,cond-mat.dis-nn
2764,11976,0.0,0,cond-mat.dis-nn
1745,5432,0.0,0,cond-mat.dis-nn
6397,13359,0.0,0,cond-mat.dis-nn
697,4114,0.0,0,cond-mat.dis-nn
3620,7616,0.0,0,cond-mat.dis-nn
1759,12685,0.0,0,cond-mat.dis-nn
578,11741,0.0,0,cond-mat.dis-nn
5985,13679,0.0,0,cond-mat.dis-nn
318,447,0.0,0,cond-mat.dis-nn
4165,9401,0.0,0,cond-mat.dis-nn
214,1521,0.0,0,cond-mat.dis-nn
759,12841,0.0,0,cond-mat.dis-nn
168,3211,0.0,0,cond-mat.dis-nn
3442,5479,0.0,0,cond-mat.dis-nn
2121,2197,0.0,0,cond-mat.dis-nn
3210,9294,0.0,0,cond-mat.dis-nn
1131,12978,0.0,0,cond-mat.dis-nn
1321,12989,0.0,0,cond-mat.dis-nn
7083,14487,0.0,0,cond-mat.dis-nn
1289,2834,0.0,0,cond-mat.dis-nn
749,2066,0.0,0,cond-mat.dis-nn
663,8150,0.0,0,cond-mat.dis-nn
339,999,0.0,0,cond-mat.dis-nn
2027,3437,0.0,0,cond-mat.dis-nn
1654,13549,0.0,0,cond-mat.dis-nn
5040,12611,0.0,0,cond-mat.dis-nn
5350,12279,0.0,0,cond-mat.dis-nn
1457,13529,0.0,0,cond-mat.dis-nn
207,9596,0.0,0,cond-mat.dis-nn
2281,12478,0.0,0,cond-mat.dis-nn
3716,12521,0.0,0,cond-mat.dis-nn
1768,5168,0.0,0,cond-mat.dis-nn
4887,8316,0.0,0,cond-mat.dis-nn
1070,4717,0.0,0,cond-mat.dis-nn
12339,13375,0.0,0,cond-mat.dis-nn
54,12773,0.0,0,cond-mat.dis-nn
2760,7121,0.0,0,cond-mat.dis-nn
3609,12430,0.0,0,cond-mat.dis-nn
775,13063,0.0,0,cond-mat.dis-nn
5867,13040,0.0,0,cond-mat.dis-nn
4969,9037,0.0,0,cond-mat.dis-nn
4644,13527,0.0,0,cond-mat.dis-nn
900,2742,0.0,0,cond-mat.dis-nn
990,12435,0.0,0,cond-mat.dis-nn
476,1368,0.0,0,cond-mat.dis-nn
40,1066,0.0,0,cond-mat.dis-nn
7475,11963,0.0,0,cond-mat.dis-nn
5115,12330,0.0,0,cond-mat.dis-nn
13369,13494,0.0,0,cond-mat.dis-nn
1094,13202,0.0,0,cond-mat.dis-nn
7685,12446,0.0,0,cond-mat.dis-nn
5736,6297,0.0,0,cond-mat.dis-nn
9037,12869,0.0,0,cond-mat.dis-nn
1866,2283,0.0,0,cond-mat.dis-nn
2598,12297,0.0,0,cond-mat.dis-nn
6324,12968,0.0,0,cond-mat.dis-nn
12284,13169,0.0,0,cond-mat.dis-nn
151,10709,0.0,0,cond-mat.dis-nn
81,442,0.0,0,cond-mat.dis-nn
1226,2223,0.0,0,cond-mat.dis-nn
2520,3687,0.0,0,cond-mat.dis-nn
4166,6308,0.0,0,cond-mat.dis-nn
3741,13075,0.0,0,cond-mat.dis-nn
4365,5205,0.0,0,cond-mat.dis-nn
10593,12540,0.0,0,cond-mat.dis-nn
4887,13652,0.0,0,cond-mat.dis-nn
2627,8136,0.0,0,cond-mat.dis-nn
1333,2061,0.0,0,cond-mat.dis-nn
1885,2803,0.0,0,cond-mat.dis-nn
5457,13890,0.0,0,cond-mat.dis-nn
507,1839,0.0,0,cond-mat.dis-nn
54,3062,0.0,0,cond-mat.dis-nn
1863,12471,0.0,0,cond-mat.dis-nn
8698,12490,0.0,0,cond-mat.dis-nn
1400,3404,0.0,0,cond-mat.dis-nn
8849,12659,0.0,0,cond-mat.dis-nn
4275,9081,0.0,0,cond-mat.dis-nn
2262,4717,0.0,0,cond-mat.dis-nn
3404,12909,0.0,0,cond-mat.dis-nn
125,6096,0.0,0,cond-mat.dis-nn
5296,11842,0.0,0,cond-mat.dis-nn
12881,13522,0.0,0,cond-mat.dis-nn
5295,12408,0.0,0,cond-mat.dis-nn
1292,8422,0.0,0,cond-mat.dis-nn
2173,13275,0.0,0,cond-mat.dis-nn
446,3563,0.0,0,cond-mat.dis-nn
3209,3750,0.0,0,cond-mat.dis-nn
96,5377,0.0,0,cond-mat.dis-nn
9295,12578,0.0,0,cond-mat.dis-nn
3269,8267,0.0,0,cond-mat.dis-nn
17,5120,0.0,0,cond-mat.dis-nn
1393,13442,0.0,0,cond-mat.dis-nn
928,13342,0.0,0,cond-mat.dis-nn
3743,4479,0.0,0,cond-mat.dis-nn
1401,4406,0.0,0,cond-mat.dis-nn
9166,10334,0.0,0,cond-mat.dis-nn
1971,13455,0.0,0,cond-mat.dis-nn
1821,3159,0.0,0,cond-mat.dis-nn
2041,12696,0.0,0,cond-mat.dis-nn
2357,3776,0.0,0,cond-mat.dis-nn
3346,13446,0.0,0,cond-mat.dis-nn
481,1812,0.0,0,cond-mat.dis-nn
728,10549,0.0,0,cond-mat.dis-nn
6848,12689,0.0,0,cond-mat.dis-nn
1389,13858,0.0,0,cond-mat.dis-nn
1498,12453,0.0,0,cond-mat.dis-nn
3370,11939,0.0,0,cond-mat.dis-nn
2004,2727,0.0,0,cond-mat.dis-nn
12650,13615,0.0,0,cond-mat.dis-nn
12742,12795,0.0,0,cond-mat.dis-nn
815,2596,0.0,0,cond-mat.dis-nn
1024,3493,0.0,0,cond-mat.dis-nn
1300,1478,0.0,0,cond-mat.dis-nn
2543,5372,0.0,0,cond-mat.dis-nn
1210,12287,0.0,0,cond-mat.dis-nn
2739,10271,0.0,0,cond-mat.dis-nn
2534,6455,0.0,0,cond-mat.dis-nn
4665,9728,0.0,0,cond-mat.dis-nn
1464,9399,0.0,0,cond-mat.dis-nn
12920,13188,0.0,0,cond-mat.dis-nn
814,1971,0.0,0,cond-mat.dis-nn
5118,6591,0.0,0,cond-mat.dis-nn
6685,12415,0.0,0,cond-mat.dis-nn
8604,13059,0.0,0,cond-mat.dis-nn
44,1500,0.0,0,cond-mat.dis-nn
2595,11775,0.0,0,cond-mat.dis-nn
5974,11127,0.0,0,cond-mat.dis-nn
316,1470,0.0,0,cond-mat.dis-nn
263,10620,0.0,0,cond-mat.dis-nn
4113,12675,0.0,0,cond-mat.dis-nn
759,13416,0.0,0,cond-mat.dis-nn
10179,11131,0.0,0,cond-mat.dis-nn
2251,6265,0.0,0,cond-mat.dis-nn
1945,6338,0.0,0,cond-mat.dis-nn
12778,13346,0.0,0,cond-mat.dis-nn
4361,12596,0.0,0,cond-mat.dis-nn
1537,1790,0.0,0,cond-mat.dis-nn
4286,12538,0.0,0,cond-mat.dis-nn
4061,13094,0.0,0,cond-mat.dis-nn
3437,12778,0.0,0,cond-mat.dis-nn
3529,12861,0.0,0,cond-mat.dis-nn
9661,12723,0.0,0,cond-mat.dis-nn
208,13370,0.0,0,cond-mat.dis-nn
300,1475,0.0,0,cond-mat.dis-nn
2099,3484,0.0,0,cond-mat.dis-nn
5115,13072,0.0,0,cond-mat.dis-nn
476,12403,0.0,0,cond-mat.dis-nn
1950,7562,0.0,0,cond-mat.dis-nn
5983,8421,0.0,0,cond-mat.dis-nn
13112,13119,0.0,0,cond-mat.dis-nn
1708,2961,0.0,0,cond-mat.dis-nn
555,5642,0.0,0,cond-mat.dis-nn
6628,9656,0.0,0,cond-mat.dis-nn
929,6606,0.0,0,cond-mat.dis-nn
4726,8915,0.0,0,cond-mat.dis-nn
617,1681,0.0,0,cond-mat.dis-nn
518,8320,0.0,0,cond-mat.dis-nn
114,5261,0.0,0,cond-mat.dis-nn
464,1704,0.0,0,cond-mat.dis-nn
5912,11371,0.0,0,cond-mat.dis-nn
173,5167,0.0,0,cond-mat.dis-nn
1710,8110,0.0,0,cond-mat.dis-nn
1064,12694,0.0,0,cond-mat.dis-nn
651,8849,0.0,0,cond-mat.dis-nn
1866,2207,0.0,0,cond-mat.dis-nn
6592,12298,0.0,0,cond-mat.dis-nn
90,12982,0.0,0,cond-mat.dis-nn
1078,9596,0.0,0,cond-mat.dis-nn
96,1313,0.0,0,cond-mat.dis-nn
5815,13280,0.0,0,cond-mat.dis-nn
1350,12763,0.0,0,cond-mat.dis-nn
4663,10709,0.269282508064391,0,cond-mat.dis-nn
5974,12406,0.0,0,cond-mat.dis-nn
5237,13196,0.0,0,cond-mat.dis-nn
3382,3385,2.872789464591469,1,cond-mat.stat-mech
12223,12224,0.9102392266268373,1,cond-mat.stat-mech
446,12412,1.4426950408889634,1,cond-mat.stat-mech
7058,7059,1.4426950408889634,1,cond-mat.stat-mech
1077,8651,1.4426950408889634,1,cond-mat.stat-mech
765,1763,0.0,1,cond-mat.stat-mech
4683,5971,0.45511961331341866,1,cond-mat.stat-mech
270,5268,1.8565807973738444,1,cond-mat.stat-mech
479,12459,0.32351545314867247,1,cond-mat.stat-mech
5393,5395,1.279458146995729,1,cond-mat.stat-mech
5307,5313,3.128971944059348,1,cond-mat.stat-mech
982,13894,0.0,1,cond-mat.stat-mech
2097,2099,0.5581106265512472,1,cond-mat.stat-mech
5304,5315,2.615073601689598,1,cond-mat.stat-mech
3062,11842,2.0640299754485754,1,cond-mat.stat-mech
394,2055,2.3588911222217184,1,cond-mat.stat-mech
8429,10157,1.4426950408889634,1,cond-mat.stat-mech
6,397,0.5581106265512472,1,cond-mat.stat-mech
10107,10773,1.7759834605209686,1,cond-mat.stat-mech
8429,10156,0.0,1,cond-mat.stat-mech
73,12321,0.0,1,cond-mat.stat-mech
5379,5381,0.9102392266268373,1,cond-mat.stat-mech
10818,10819,1.4553997174081044,1,cond-mat.stat-mech
7022,7025,0.6213349345596119,1,cond-mat.stat-mech
269,12318,1.4426950408889634,1,cond-mat.stat-mech
12209,12211,0.0,1,cond-mat.stat-mech
975,7520,0.9102392266268373,1,cond-mat.stat-mech
6,4915,1.1162212531024944,1,cond-mat.stat-mech
96,978,0.0,1,cond-mat.stat-mech
1827,9836,1.8204784532536746,1,cond-mat.stat-mech
3604,3605,1.7565682114889745,1,cond-mat.stat-mech
251,252,1.072008968920998,1,cond-mat.stat-mech
2223,7010,2.393191678852591,1,cond-mat.stat-mech
2072,2074,0.0,1,cond-mat.stat-mech
5416,5417,0.0,1,cond-mat.stat-mech
12380,12381,0.0,1,cond-mat.stat-mech
4093,9659,0.8598745986309444,1,cond-mat.stat-mech
12251,12253,0.9102392266268373,1,cond-mat.stat-mech
3114,11604,1.8769895227922153,1,cond-mat.stat-mech
317,13874,0.3459762562611936,1,cond-mat.stat-mech
10212,10214,2.033805662846974,1,cond-mat.stat-mech
263,9417,0.0,1,cond-mat.stat-mech
13700,13755,0.0,1,cond-mat.stat-mech
2944,2945,0.0,1,cond-mat.stat-mech
3946,4485,0.7213475204444817,1,cond-mat.stat-mech
1328,1573,0.0,1,cond-mat.stat-mech
226,4089,0.0,1,cond-mat.stat-mech
10213,10216,2.463146542510823,1,cond-mat.stat-mech
3558,7801,1.4426950408889634,1,cond-mat.stat-mech
1826,2579,0.0,1,cond-mat.stat-mech
1923,13867,0.9102392266268373,1,cond-mat.stat-mech
5304,5309,2.9660034601901937,1,cond-mat.stat-mech
5311,5314,1.7135798223712022,1,cond-mat.stat-mech
252,207,1.8658835767384163,1,cond-mat.stat-mech
8337,8422,0.7213475204444817,1,cond-mat.stat-mech
270,7416,1.8565807973738444,1,cond-mat.stat-mech
7606,7607,0.0,1,cond-mat.stat-mech
411,9363,2.8853900817779268,1,cond-mat.stat-mech
1537,2595,0.5581106265512472,1,cond-mat.stat-mech
385,9017,1.1383799118687281,1,cond-mat.stat-mech
4681,4679,0.36926937306885504,1,cond-mat.stat-mech
1375,12979,0.9102392266268373,1,cond-mat.stat-mech
1319,1606,0.0,1,cond-mat.stat-mech
12140,12141,1.4426950408889634,1,cond-mat.stat-mech
874,1291,0.48089834696298783,1,cond-mat.stat-mech
2051,2052,1.3426824550040934,1,cond-mat.stat-mech
7508,11341,0.0,1,cond-mat.stat-mech
13847,13849,2.685364910008187,1,cond-mat.stat-mech
12234,12235,0.9102392266268373,1,cond-mat.stat-mech
344,7936,2.5221280161149524,1,cond-mat.stat-mech
6125,6126,0.9102392266268373,1,cond-mat.stat-mech
96,12903,0.48089834696298783,1,cond-mat.stat-mech
323,557,0.0,1,cond-mat.stat-mech
591,4093,3.424943236436799,1,cond-mat.stat-mech
799,13739,0.0,1,cond-mat.stat-mech
83,207,1.8658835767384163,1,cond-mat.stat-mech
479,5315,2.1929539837829424,1,cond-mat.stat-mech
2610,6870,0.0,1,cond-mat.stat-mech
9446,10818,1.0383673259838582,1,cond-mat.stat-mech
671,2578,1.4426950408889634,1,cond-mat.stat-mech
9698,9699,0.4170323914242463,1,cond-mat.stat-mech
4713,4714,0.0,1,cond-mat.stat-mech
6773,8664,1.179445561110859,1,cond-mat.stat-mech
7020,7508,1.631586747071319,1,cond-mat.stat-mech
252,2709,0.0,1,cond-mat.stat-mech
450,874,0.0,1,cond-mat.stat-mech
829,12321,0.0,1,cond-mat.stat-mech
8667,10718,0.5581106265512472,1,cond-mat.stat-mech
975,2632,1.2426698691192237,1,cond-mat.stat-mech
5683,9772,2.164042561333445,1,cond-mat.stat-mech
4431,4432,0.7213475204444817,1,cond-mat.stat-mech
599,3188,0.0,1,cond-mat.stat-mech
3926,8368,0.9820086947818527,1,cond-mat.stat-mech
172,3385,1.6301195954722452,1,cond-mat.stat-mech
718,7520,1.631586747071319,1,cond-mat.stat-mech
2055,6896,2.3588911222217184,1,cond-mat.stat-mech
205,946,0.0,1,cond-mat.stat-mech
7828,9052,0.9102392266268373,1,cond-mat.stat-mech
1045,1315,0.5138983423697507,1,cond-mat.stat-mech
1498,1500,0.0,1,cond-mat.stat-mech
842,11814,0.0,1,cond-mat.stat-mech
323,2907,2.8853900817779268,1,cond-mat.stat-mech
6,1618,1.259978822077108,1,cond-mat.stat-mech
426,4125,0.0,1,cond-mat.stat-mech
1953,3653,2.8853900817779268,1,cond-mat.stat-mech
11604,11606,2.3321091361056343,1,cond-mat.stat-mech
397,3278,2.0896847877376965,1,cond-mat.stat-mech
10207,10210,1.69334390348061,1,cond-mat.stat-mech
1810,1813,1.8204784532536746,1,cond-mat.stat-mech
382,2709,0.7213475204444817,1,cond-mat.stat-mech
10206,10210,1.1352332769293625,1,cond-mat.stat-mech
1572,8975,1.4426950408889634,1,cond-mat.stat-mech
8697,8699,0.0,1,cond-mat.stat-mech
479,2046,2.1306122137954486,1,cond-mat.stat-mech
252,5654,0.36926937306885504,1,cond-mat.stat-mech
6646,6647,0.0,1,cond-mat.stat-mech
902,2578,0.7213475204444817,1,cond-mat.stat-mech
6,54,1.259978822077108,1,cond-mat.stat-mech
166,269,0.0,1,cond-mat.stat-mech
1618,9444,2.5067171791619427,1,cond-mat.stat-mech
2048,2052,1.3426824550040934,1,cond-mat.stat-mech
481,1150,2.5988979378921244,1,cond-mat.stat-mech
3652,3654,2.8853900817779268,1,cond-mat.stat-mech
1617,10662,1.739175297395183,1,cond-mat.stat-mech
172,1168,1.6301195954722452,1,cond-mat.stat-mech
2636,13767,0.9102392266268373,1,cond-mat.stat-mech
938,2062,2.7080412949443495,1,cond-mat.stat-mech
1007,1009,0.0,1,cond-mat.stat-mech
588,5271,0.0,1,cond-mat.stat-mech
982,957,0.0,1,cond-mat.stat-mech
5306,5309,2.6644504405809717,1,cond-mat.stat-mech
9697,9698,0.4170323914242463,1,cond-mat.stat-mech
975,8855,1.4426950408889634,1,cond-mat.stat-mech
2099,12459,0.0,1,cond-mat.stat-mech
13854,13855,0.7213475204444817,1,cond-mat.stat-mech
7497,7498,0.5138983423697507,1,cond-mat.stat-mech
10209,10214,1.5831316284855874,1,cond-mat.stat-mech
4042,4043,0.0,1,cond-mat.stat-mech
1967,1968,0.6213349345596119,1,cond-mat.stat-mech
534,535,0.9102392266268373,1,cond-mat.stat-mech
5190,5192,0.7213475204444817,1,cond-mat.stat-mech
269,12316,0.0,1,cond-mat.stat-mech
6139,6138,0.0,1,cond-mat.stat-mech
252,7507,0.36926937306885504,1,cond-mat.stat-mech
7826,7829,0.0,1,cond-mat.stat-mech
12459,13302,0.0,1,cond-mat.stat-mech
6,7935,0.5581106265512472,1,cond-mat.stat-mech
975,13302,0.3459762562611936,1,cond-mat.stat-mech
2944,2947,0.0,1,cond-mat.stat-mech
2632,7277,0.4170323914242463,1,cond-mat.stat-mech
2788,13819,0.0,1,cond-mat.stat-mech
154,13134,0.0,1,cond-mat.stat-mech
24,9308,2.164042561333445,1,cond-mat.stat-mech
591,1848,1.4426950408889634,1,cond-mat.stat-mech
13668,13669,0.0,1,cond-mat.stat-mech
6771,6772,1.631586747071319,1,cond-mat.stat-mech
13863,13864,1.4426950408889634,1,cond-mat.stat-mech
10818,10820,1.4553997174081044,1,cond-mat.stat-mech
592,1848,1.4426950408889634,1,cond-mat.stat-mech
2405,2406,0.0,1,cond-mat.stat-mech
2073,2076,0.0,1,cond-mat.stat-mech
3510,7796,0.7213475204444817,1,cond-mat.stat-mech
5259,5261,0.0,1,cond-mat.stat-mech
4158,4157,1.7662104940376357,1,cond-mat.stat-mech
8698,8699,0.0,1,cond-mat.stat-mech
9650,10766,2.064029975448575,1,cond-mat.stat-mech
11416,11418,2.541825973698156,1,cond-mat.stat-mech
1150,1949,0.9673111908208054,1,cond-mat.stat-mech
2707,2708,1.2795085996956923,1,cond-mat.stat-mech
2046,5311,1.7601836874309382,1,cond-mat.stat-mech
1962,1963,1.531574161186449,1,cond-mat.stat-mech
172,1057,1.2426698691192237,1,cond-mat.stat-mech
4703,4704,0.0,1,cond-mat.stat-mech
698,5982,1.4426950408889634,1,cond-mat.stat-mech
13824,13825,0.0,1,cond-mat.stat-mech
12555,13535,0.9102392266268373,1,cond-mat.stat-mech
4568,7891,1.0277966847395015,1,cond-mat.stat-mech
13700,13754,0.0,1,cond-mat.stat-mech
159,5867,0.6213349345596119,1,cond-mat.stat-mech
210,4018,0.0,1,cond-mat.stat-mech
410,1495,0.9102392266268373,1,cond-mat.stat-mech
766,2558,0.9102392266268373,1,cond-mat.stat-mech
1250,2464,0.0,1,cond-mat.stat-mech
12249,12250,0.9102392266268373,1,cond-mat.stat-mech
4379,4844,2.0640299754485754,1,cond-mat.stat-mech
3509,9213,1.270912986849078,1,cond-mat.stat-mech
505,9677,1.7565682114889745,1,cond-mat.stat-mech
13853,13854,0.7213475204444817,1,cond-mat.stat-mech
315,3999,1.4426950408889634,1,cond-mat.stat-mech
9297,12098,0.0,1,cond-mat.stat-mech
467,2048,0.0,1,cond-mat.stat-mech
7508,11342,0.0,1,cond-mat.stat-mech
153,351,0.7213475204444817,1,cond-mat.stat-mech
96,7949,0.48089834696298783,1,cond-mat.stat-mech
948,6310,0.0,1,cond-mat.stat-mech
1923,13866,0.9102392266268373,1,cond-mat.stat-mech
3946,4484,0.7213475204444817,1,cond-mat.stat-mech
2025,4354,0.0,1,cond-mat.stat-mech
1007,1222,2.352934267515801,1,cond-mat.stat-mech
1814,1833,1.4426950408889634,1,cond-mat.stat-mech
6156,7606,0.0,1,cond-mat.stat-mech
12238,12240,1.3426824550040934,1,cond-mat.stat-mech
1997,1998,2.3146788380402215,1,cond-mat.stat-mech
11564,12251,0.9102392266268373,1,cond-mat.stat-mech
8791,8792,0.32351545314867247,1,cond-mat.stat-mech
2085,8574,1.6661979081527658,1,cond-mat.stat-mech
7020,7021,1.3426824550040934,1,cond-mat.stat-mech
2772,3848,2.164042561333445,1,cond-mat.stat-mech
2635,13767,0.9102392266268373,1,cond-mat.stat-mech
2085,8571,0.6213349345596119,1,cond-mat.stat-mech
2047,2052,0.6213349345596119,1,cond-mat.stat-mech
44,515,0.7213475204444817,1,cond-mat.stat-mech
10210,10212,1.072008968920998,1,cond-mat.stat-mech
12215,12216,0.0,1,cond-mat.stat-mech
1881,1882,0.0,1,cond-mat.stat-mech
2709,2707,0.9102392266268373,1,cond-mat.stat-mech
592,1962,1.2426698691192237,1,cond-mat.stat-mech
590,317,0.6855995281563022,1,cond-mat.stat-mech
589,590,1.8650450892671613,1,cond-mat.stat-mech
9295,9297,0.0,1,cond-mat.stat-mech
251,3615,1.1352332769293625,1,cond-mat.stat-mech
4304,4388,0.0,1,cond-mat.stat-mech
591,592,10.149488977044653,1,cond-mat.stat-mech
4093,5825,0.9102392266268373,1,cond-mat.stat-mech
842,4815,1.4426950408889634,1,cond-mat.stat-mech
765,12255,1.4426950408889634,1,cond-mat.stat-mech
422,506,0.990604307628467,1,cond-mat.stat-mech
5309,5316,3.0543216858322517,1,cond-mat.stat-mech
8645,8646,1.800780495670471,1,cond-mat.stat-mech
2311,12272,1.8204784532536746,1,cond-mat.stat-mech
12893,13818,0.0,1,cond-mat.stat-mech
157,10702,1.4426950408889634,1,cond-mat.stat-mech
4681,5393,1.648727520064584,1,cond-mat.stat-mech
207,7009,0.8268746032241814,1,cond-mat.stat-mech
4322,1270,0.8816260796999197,1,cond-mat.stat-mech
37,730,0.0,1,cond-mat.stat-mech
1186,3188,0.0,1,cond-mat.stat-mech
317,12241,0.0,1,cond-mat.stat-mech
5315,5316,2.159953988376179,1,cond-mat.stat-mech
5047,13703,0.0,1,cond-mat.stat-mech
4250,4576,1.8204784532536746,1,cond-mat.stat-mech
4681,7769,0.36926937306885504,1,cond-mat.stat-mech
1034,11608,2.7843840195066805,1,cond-mat.stat-mech
9677,9678,1.7565682114889745,1,cond-mat.stat-mech
12229,12230,0.0,1,cond-mat.stat-mech
12237,12240,2.252921681630931,1,cond-mat.stat-mech
10208,10213,2.111017942435233,1,cond-mat.stat-mech
88,754,0.7213475204444817,1,cond-mat.stat-mech
1008,1009,0.0,1,cond-mat.stat-mech
1168,3383,2.872789464591469,1,cond-mat.stat-mech
1751,6614,1.8204784532536746,1,cond-mat.stat-mech
5133,5134,0.0,1,cond-mat.stat-mech
6978,8139,1.8204784532536746,1,cond-mat.stat-mech
90,676,0.0,1,cond-mat.stat-mech
1499,1500,0.0,1,cond-mat.stat-mech
7020,7511,0.7213475204444817,1,cond-mat.stat-mech
205,5871,0.0,1,cond-mat.stat-mech
3044,5394,2.112485094034307,1,cond-mat.stat-mech
492,985,1.4426950408889634,1,cond-mat.stat-mech
807,2625,0.9690179556831694,1,cond-mat.stat-mech
902,2575,1.2022458674074694,1,cond-mat.stat-mech
2502,11837,0.0,1,cond-mat.stat-mech
133,11823,1.4426950408889634,1,cond-mat.stat-mech
2097,4109,0.0,1,cond-mat.stat-mech
3444,3446,2.164042561333445,1,cond-mat.stat-mech
4680,9499,1.2022458674074694,1,cond-mat.stat-mech
5791,10374,1.2631953504915985,1,cond-mat.stat-mech
5394,9501,0.48089834696298783,1,cond-mat.stat-mech
3646,12191,1.4426950408889634,1,cond-mat.stat-mech
1805,6274,0.9102392266268373,1,cond-mat.stat-mech
1045,1316,0.5138983423697507,1,cond-mat.stat-mech
10453,13814,1.4426950408889634,1,cond-mat.stat-mech
2632,10818,0.8340647828484926,1,cond-mat.stat-mech
975,10818,0.0,1,cond-mat.stat-mech
532,534,1.8204784532536746,1,cond-mat.stat-mech
636,2770,0.0,1,cond-mat.stat-mech
9822,9824,0.9102392266268373,1,cond-mat.stat-mech
7764,11112,1.4426950408889634,1,cond-mat.stat-mech
506,505,1.1022332815225997,1,cond-mat.stat-mech
547,548,1.9565933832587141,1,cond-mat.stat-mech
1439,7159,1.631586747071319,1,cond-mat.stat-mech
4096,6525,1.314766289870602,1,cond-mat.stat-mech
10774,10775,0.5138983423697507,1,cond-mat.stat-mech
11180,11181,0.0,1,cond-mat.stat-mech
9361,9362,1.9565933832587141,1,cond-mat.stat-mech
982,2048,0.7213475204444817,1,cond-mat.stat-mech
4681,8833,0.0,1,cond-mat.stat-mech
5308,5312,4.340107747438891,1,cond-mat.stat-mech
7024,7025,0.6213349345596119,1,cond-mat.stat-mech
159,12613,1.4426950408889634,1,cond-mat.stat-mech
718,4159,2.164042561333445,1,cond-mat.stat-mech
5394,9500,1.391137573589825,1,cond-mat.stat-mech
12316,12317,1.4426950408889634,1,cond-mat.stat-mech
765,12257,0.0,1,cond-mat.stat-mech
890,891,1.4426950408889634,1,cond-mat.stat-mech
12223,12226,0.9102392266268373,1,cond-mat.stat-mech
1008,1223,2.352934267515801,1,cond-mat.stat-mech
1763,1765,1.4426950408889634,1,cond-mat.stat-mech
1618,9446,1.5332536445267406,1,cond-mat.stat-mech
2099,13302,0.3459762562611936,1,cond-mat.stat-mech
8857,8858,0.9102392266268373,1,cond-mat.stat-mech
5260,5261,0.0,1,cond-mat.stat-mech
1000,1001,0.0,1,cond-mat.stat-mech
13703,13704,1.4426950408889634,1,cond-mat.stat-mech
82,1882,0.3284587387530511,1,cond-mat.stat-mech
636,1251,1.4426950408889634,1,cond-mat.stat-mech
7785,9114,0.3459762562611936,1,cond-mat.stat-mech
10792,10793,0.0,1,cond-mat.stat-mech
2199,7423,0.9102392266268373,1,cond-mat.stat-mech
6563,6564,1.4426950408889634,1,cond-mat.stat-mech
2944,2946,0.0,1,cond-mat.stat-mech
6,975,1.259978822077108,1,cond-mat.stat-mech
829,1129,0.9102392266268373,1,cond-mat.stat-mech
2230,7521,1.7662104940376357,1,cond-mat.stat-mech
798,799,0.9102392266268373,1,cond-mat.stat-mech
6308,10271,1.631586747071319,1,cond-mat.stat-mech
12210,12211,0.0,1,cond-mat.stat-mech
10006,10007,0.0,1,cond-mat.stat-mech
1054,1057,1.2426698691192237,1,cond-mat.stat-mech
166,8314,1.7497095964719738,1,cond-mat.stat-mech
3205,3206,0.0,1,cond-mat.stat-mech
210,13824,1.4683498531780845,1,cond-mat.stat-mech
4915,7935,1.179445561110859,1,cond-mat.stat-mech
1034,2502,0.0,1,cond-mat.stat-mech
4680,4682,1.4426950408889634,1,cond-mat.stat-mech
2046,5313,2.632335692168603,1,cond-mat.stat-mech
2577,2578,1.4426950408889634,1,cond-mat.stat-mech
975,1805,0.9102392266268373,1,cond-mat.stat-mech
6,7936,0.5581106265512472,1,cond-mat.stat-mech
7752,7754,1.3272716180510837,1,cond-mat.stat-mech
5306,5316,3.072966188834654,1,cond-mat.stat-mech
1881,10773,1.4475247217679175,1,cond-mat.stat-mech
279,2043,0.6213349345596119,1,cond-mat.stat-mech
592,1961,1.3426824550040934,1,cond-mat.stat-mech
456,5190,0.7213475204444817,1,cond-mat.stat-mech
10208,10210,1.072008968920998,1,cond-mat.stat-mech
1618,8946,0.4170323914242463,1,cond-mat.stat-mech
6869,6870,0.0,1,cond-mat.stat-mech
10773,11606,0.8894140952166705,1,cond-mat.stat-mech
5304,5307,3.441948204913779,1,cond-mat.stat-mech
5955,5956,1.4426950408889634,1,cond-mat.stat-mech
2574,2576,2.352934267515801,1,cond-mat.stat-mech
924,1007,0.9102392266268373,1,cond-mat.stat-mech
4681,4682,0.0,1,cond-mat.stat-mech
479,5316,2.5268194738095278,1,cond-mat.stat-mech
7176,9671,2.498441213305831,1,cond-mat.stat-mech
9309,9310,0.0,1,cond-mat.stat-mech
975,2230,0.32351545314867247,1,cond-mat.stat-mech
975,10820,0.0,1,cond-mat.stat-mech
19,13283,0.36926937306885504,1,cond-mat.stat-mech
8570,8571,0.6213349345596119,1,cond-mat.stat-mech
479,1319,0.0,1,cond-mat.stat-mech
591,13874,0.0,1,cond-mat.stat-mech
210,2097,0.5581106265512472,1,cond-mat.stat-mech
1322,5422,0.0,1,cond-mat.stat-mech
7087,10007,1.4426950408889634,1,cond-mat.stat-mech
5308,5314,3.058113530901291,1,cond-mat.stat-mech
269,729,2.352934267515801,1,cond-mat.stat-mech
3358,4484,1.631586747071319,1,cond-mat.stat-mech
4004,4005,1.4426950408889634,1,cond-mat.stat-mech
694,696,0.7213475204444817,1,cond-mat.stat-mech
938,2625,0.45511961331341866,1,cond-mat.stat-mech
4161,4164,2.252921681630931,1,cond-mat.stat-mech
505,3250,1.531574161186449,1,cond-mat.stat-mech
20,5971,0.45511961331341866,1,cond-mat.stat-mech
693,13404,0.0,1,cond-mat.stat-mech
9651,10767,2.8110323081821784,1,cond-mat.stat-mech
799,1875,0.0,1,cond-mat.stat-mech
3278,7915,1.179445561110859,1,cond-mat.stat-mech
588,10361,0.9102392266268373,1,cond-mat.stat-mech
2595,3738,0.5581106265512472,1,cond-mat.stat-mech
718,5108,1.8204784532536746,1,cond-mat.stat-mech
543,5270,0.5138983423697507,1,cond-mat.stat-mech
592,4094,1.6522782542384788,1,cond-mat.stat-mech
543,3605,1.7565682114889745,1,cond-mat.stat-mech
1034,691,0.7802707381644454,1,cond-mat.stat-mech
8605,10718,1.9007930815553407,1,cond-mat.stat-mech
530,535,0.0,1,cond-mat.stat-mech
412,9018,1.631586747071319,1,cond-mat.stat-mech
7673,9822,0.9102392266268373,1,cond-mat.stat-mech
13860,13861,1.8204784532536746,1,cond-mat.stat-mech
6359,6360,1.4426950408889634,1,cond-mat.stat-mech
9446,10820,2.1545885790863526,1,cond-mat.stat-mech
507,2063,0.0,1,cond-mat.stat-mech
10773,11608,0.7835783520664698,1,cond-mat.stat-mech
412,422,0.36926937306885504,1,cond-mat.stat-mech
7276,10663,0.40242960438184466,1,cond-mat.stat-mech
7768,7769,0.8501677200318429,1,cond-mat.stat-mech
1001,2213,0.0,1,cond-mat.stat-mech
572,718,1.631586747071319,1,cond-mat.stat-mech
5309,5313,2.1857327220257483,1,cond-mat.stat-mech
11181,11182,0.0,1,cond-mat.stat-mech
251,382,1.6933439034806097,1,cond-mat.stat-mech
2465,2468,1.631586747071319,1,cond-mat.stat-mech
2120,11865,1.923593387851951,1,cond-mat.stat-mech
5304,5311,2.0803812100425625,1,cond-mat.stat-mech
1881,10107,3.481330384614891,1,cond-mat.stat-mech
159,4125,0.0,1,cond-mat.stat-mech
8421,12497,0.0,1,cond-mat.stat-mech
2864,2865,0.0,1,cond-mat.stat-mech
1721,1724,1.8204784532536746,1,cond-mat.stat-mech
166,7276,1.4407969303657029,1,cond-mat.stat-mech
5547,5548,0.9102392266268373,1,cond-mat.stat-mech
4922,4923,0.0,1,cond-mat.stat-mech
9499,9501,1.2022458674074694,1,cond-mat.stat-mech
241,13820,0.0,1,cond-mat.stat-mech
4096,6786,0.9751430179754935,1,cond-mat.stat-mech
83,1881,3.80780417240136,1,cond-mat.stat-mech
2046,5314,2.168699435684621,1,cond-mat.stat-mech
83,8156,1.8204784532536746,1,cond-mat.stat-mech
317,2438,0.0,1,cond-mat.stat-mech
2433,12259,0.0,1,cond-mat.stat-mech
12245,13845,0.0,1,cond-mat.stat-mech
10206,10212,2.033805662846974,1,cond-mat.stat-mech
3632,3633,0.48089834696298783,1,cond-mat.stat-mech
10772,10775,0.5138983423697507,1,cond-mat.stat-mech
122,123,0.0,1,cond-mat.stat-mech
7751,7753,1.3272716180510837,1,cond-mat.stat-mech
10211,10214,1.5199073204772229,1,cond-mat.stat-mech
199,4216,0.6213349345596119,1,cond-mat.stat-mech
83,4403,1.4426950408889634,1,cond-mat.stat-mech
9964,9965,0.0,1,cond-mat.stat-mech
3358,3946,0.7213475204444817,1,cond-mat.stat-mech
112,913,1.4426950408889634,1,cond-mat.stat-mech
4093,7226,0.5138983423697507,1,cond-mat.stat-mech
1939,2804,2.0008056674402104,1,cond-mat.stat-mech
83,11604,2.365109131512397,1,cond-mat.stat-mech
636,3846,1.9565933832587141,1,cond-mat.stat-mech
7826,7828,0.0,1,cond-mat.stat-mech
8570,8572,2.3875454285972477,1,cond-mat.stat-mech
1195,1196,0.7213475204444817,1,cond-mat.stat-mech
985,11741,1.4426950408889634,1,cond-mat.stat-mech
480,1319,0.0,1,cond-mat.stat-mech
13,557,0.9102392266268373,1,cond-mat.stat-mech
9696,9698,0.4170323914242463,1,cond-mat.stat-mech
241,1624,0.6213349345596119,1,cond-mat.stat-mech
2067,7277,1.1429774489547633,1,cond-mat.stat-mech
1414,4125,0.0,1,cond-mat.stat-mech
13270,13271,1.8204784532536746,1,cond-mat.stat-mech
721,10006,0.9102392266268373,1,cond-mat.stat-mech
71,1378,1.4426950408889634,1,cond-mat.stat-mech
507,2062,0.45511961331341866,1,cond-mat.stat-mech
1942,2464,0.0,1,cond-mat.stat-mech
8044,8646,0.5581106265512472,1,cond-mat.stat-mech
2340,2558,0.9102392266268373,1,cond-mat.stat-mech
5307,5315,3.128971944059349,1,cond-mat.stat-mech
3381,3384,2.872789464591469,1,cond-mat.stat-mech
10211,10213,1.039008973514235,1,cond-mat.stat-mech
5380,5382,2.352934267515801,1,cond-mat.stat-mech
506,1414,1.2795085996956923,1,cond-mat.stat-mech
5306,5310,4.067762878167393,1,cond-mat.stat-mech
591,1962,1.2426698691192237,1,cond-mat.stat-mech
4158,8791,0.32351545314867247,1,cond-mat.stat-mech
636,1997,2.3146788380402215,1,cond-mat.stat-mech
13804,13805,0.0,1,cond-mat.stat-mech
975,9444,0.6213349345596119,1,cond-mat.stat-mech
1984,1985,0.6213349345596119,1,cond-mat.stat-mech
466,1520,0.0,1,cond-mat.stat-mech
671,2575,1.923593387851951,1,cond-mat.stat-mech
2357,3296,0.0,1,cond-mat.stat-mech
382,207,3.4974703238097353,1,cond-mat.stat-mech
10212,10213,1.039008973514235,1,cond-mat.stat-mech
2046,5305,2.606556958519034,1,cond-mat.stat-mech
1128,6126,0.9102392266268373,1,cond-mat.stat-mech
2047,2049,1.9640173895637054,1,cond-mat.stat-mech
10662,10663,1.2840556840817645,1,cond-mat.stat-mech
269,4689,0.0,1,cond-mat.stat-mech
5380,5381,0.9102392266268373,1,cond-mat.stat-mech
48,3615,1.9387971319014694,1,cond-mat.stat-mech
1439,6771,0.7213475204444817,1,cond-mat.stat-mech
5047,13700,1.4426950408889634,1,cond-mat.stat-mech
4158,4322,1.23375467977551,1,cond-mat.stat-mech
774,12979,0.9102392266268373,1,cond-mat.stat-mech
10210,10215,0.5138983423697507,1,cond-mat.stat-mech
1782,2405,0.0,1,cond-mat.stat-mech
485,9050,2.398311871466957,1,cond-mat.stat-mech
479,5313,2.172128852372775,1,cond-mat.stat-mech
842,11841,2.8853900817779268,1,cond-mat.stat-mech
312,313,2.8853900817779268,1,cond-mat.stat-mech
5106,5108,1.8204784532536746,1,cond-mat.stat-mech
506,450,1.4426950408889634,1,cond-mat.stat-mech
1996,2000,2.253749205420102,1,cond-mat.stat-mech
81,5004,0.3459762562611936,1,cond-mat.stat-mech
1186,3323,0.0,1,cond-mat.stat-mech
1750,1751,0.9102392266268373,1,cond-mat.stat-mech
3750,9308,2.164042561333445,1,cond-mat.stat-mech
210,4019,1.4426950408889634,1,cond-mat.stat-mech
10206,10211,1.5199073204772229,1,cond-mat.stat-mech
506,12612,0.36926937306885504,1,cond-mat.stat-mech
10209,10215,1.660343908073847,1,cond-mat.stat-mech
44,4930,0.7213475204444817,1,cond-mat.stat-mech
11604,11608,1.8978146542023824,1,cond-mat.stat-mech
557,455,0.9102392266268373,1,cond-mat.stat-mech
975,10819,0.6213349345596119,1,cond-mat.stat-mech
5394,7769,0.48089834696298783,1,cond-mat.stat-mech
7737,12136,1.8376192262469395,1,cond-mat.stat-mech
5305,5313,3.5632664259626,1,cond-mat.stat-mech
2574,2577,2.352934267515801,1,cond-mat.stat-mech
10213,10215,1.072008968920998,1,cond-mat.stat-mech
4431,8097,0.0,1,cond-mat.stat-mech
2334,2904,0.0,1,cond-mat.stat-mech
10206,10209,1.5831316284855874,1,cond-mat.stat-mech
211,4018,1.4426950408889634,1,cond-mat.stat-mech
432,12239,2.252921681630931,1,cond-mat.stat-mech
1196,13117,0.7213475204444817,1,cond-mat.stat-mech
1034,11837,0.0,1,cond-mat.stat-mech
2223,4373,2.0640299754485754,1,cond-mat.stat-mech
2074,2076,0.0,1,cond-mat.stat-mech
5308,5311,2.9955740389088024,1,cond-mat.stat-mech
263,767,0.0,1,cond-mat.stat-mech
8853,8854,0.32351545314867247,1,cond-mat.stat-mech
6156,6157,1.4426950408889634,1,cond-mat.stat-mech
7781,8814,1.8204784532536746,1,cond-mat.stat-mech
4160,5134,0.0,1,cond-mat.stat-mech
83,11606,2.365109131512397,1,cond-mat.stat-mech
2334,7346,0.0,1,cond-mat.stat-mech
207,4810,0.0,0,cond-mat.stat-mech
6058,11591,0.0,0,cond-mat.stat-mech
2613,12223,0.0,0,cond-mat.stat-mech
1328,1624,0.0,0,cond-mat.stat-mech
545,5955,0.0,0,cond-mat.stat-mech
11203,12244,0.0,0,cond-mat.stat-mech
1500,6156,0.0,0,cond-mat.stat-mech
794,13853,0.0,0,cond-mat.stat-mech
10774,11182,0.0,0,cond-mat.stat-mech
4428,11341,0.0,0,cond-mat.stat-mech
8167,10271,0.0,0,cond-mat.stat-mech
4714,12220,0.0,0,cond-mat.stat-mech
1624,10765,0.0,0,cond-mat.stat-mech
721,4990,0.0,0,cond-mat.stat-mech
2000,5194,0.0,0,cond-mat.stat-mech
2468,4216,0.0,0,cond-mat.stat-mech
2357,13824,0.0,0,cond-mat.stat-mech
2750,9963,0.0,0,cond-mat.stat-mech
447,931,0.0,0,cond-mat.stat-mech
426,11336,0.0,0,cond-mat.stat-mech
8157,9677,0.0,0,cond-mat.stat-mech
801,4708,0.0,0,cond-mat.stat-mech
2577,4815,0.0,0,cond-mat.stat-mech
4426,7826,0.0,0,cond-mat.stat-mech
4681,13885,0.0,0,cond-mat.stat-mech
2311,3356,0.0,0,cond-mat.stat-mech
4585,12209,0.0,0,cond-mat.stat-mech
11416,13668,0.0,0,cond-mat.stat-mech
1765,3606,0.0,0,cond-mat.stat-mech
515,576,0.0,0,cond-mat.stat-mech
2098,7022,0.0,0,cond-mat.stat-mech
4116,10656,0.0,0,cond-mat.stat-mech
1953,4816,0.0,0,cond-mat.stat-mech
6266,13835,0.0,0,cond-mat.stat-mech
1157,9205,0.0,0,cond-mat.stat-mech
2097,9049,0.0,0,cond-mat.stat-mech
1810,7796,0.0,0,cond-mat.stat-mech
2099,7243,0.0,0,cond-mat.stat-mech
7204,13853,0.0,0,cond-mat.stat-mech
57,1055,0.0,0,cond-mat.stat-mech
1080,12893,0.0,0,cond-mat.stat-mech
3515,7025,0.0,0,cond-mat.stat-mech
6113,12555,0.0,0,cond-mat.stat-mech
956,1203,0.0,0,cond-mat.stat-mech
1978,10107,0.0,0,cond-mat.stat-mech
4373,4584,0.0,0,cond-mat.stat-mech
9309,13875,0.0,0,cond-mat.stat-mech
157,1007,0.0,0,cond-mat.stat-mech
1000,10663,0.0,0,cond-mat.stat-mech
1986,9949,0.0,0,cond-mat.stat-mech
6403,10663,0.0,0,cond-mat.stat-mech
421,1947,0.0,0,cond-mat.stat-mech
2877,3848,0.0,0,cond-mat.stat-mech
6638,9770,0.0,0,cond-mat.stat-mech
1315,3383,0.0,0,cond-mat.stat-mech
6771,12258,0.0,0,cond-mat.stat-mech
4288,11581,0.0,0,cond-mat.stat-mech
801,9416,0.0,0,cond-mat.stat-mech
4157,9511,0.0,0,cond-mat.stat-mech
9948,10819,0.0,0,cond-mat.stat-mech
4431,9769,0.0,0,cond-mat.stat-mech
973,12497,0.0,0,cond-mat.stat-mech
3350,12191,0.0,0,cond-mat.stat-mech
208,774,0.0,0,cond-mat.stat-mech
532,767,0.0,0,cond-mat.stat-mech
8574,13874,0.0,0,cond-mat.stat-mech
2629,4712,0.0,0,cond-mat.stat-mech
1491,2427,0.0,0,cond-mat.stat-mech
730,8354,0.0,0,cond-mat.stat-mech
382,7509,0.0,0,cond-mat.stat-mech
546,2751,0.0,0,cond-mat.stat-mech
2490,4382,0.0,0,cond-mat.stat-mech
931,1537,0.0,0,cond-mat.stat-mech
411,7828,0.0,0,cond-mat.stat-mech
806,868,0.0,0,cond-mat.stat-mech
166,1581,0.0,0,cond-mat.stat-mech
2498,3446,0.0,0,cond-mat.stat-mech
592,7458,0.0,0,cond-mat.stat-mech
7454,12270,0.0,0,cond-mat.stat-mech
7520,12215,0.0,0,cond-mat.stat-mech
6772,13404,0.0,0,cond-mat.stat-mech
4704,5321,0.0,0,cond-mat.stat-mech
20,13806,0.0,0,cond-mat.stat-mech
3465,3878,0.0,0,cond-mat.stat-mech
6625,13879,0.0,0,cond-mat.stat-mech
10677,11710,0.0,0,cond-mat.stat-mech
10208,13873,0.0,0,cond-mat.stat-mech
159,13848,0.0,0,cond-mat.stat-mech
7021,8860,0.0,0,cond-mat.stat-mech
7511,7592,0.0,0,cond-mat.stat-mech
7644,13854,0.0,0,cond-mat.stat-mech
4485,8382,0.0,0,cond-mat.stat-mech
627,2707,0.0,0,cond-mat.stat-mech
3531,10131,0.0,0,cond-mat.stat-mech
831,4163,0.0,0,cond-mat.stat-mech
25,6403,0.0,0,cond-mat.stat-mech
2487,4991,0.0,0,cond-mat.stat-mech
5260,8814,0.0,0,cond-mat.stat-mech
2199,2867,0.0,0,cond-mat.stat-mech
1983,4402,0.0,0,cond-mat.stat-mech
1584,10663,0.0,0,cond-mat.stat-mech
12271,13852,0.0,0,cond-mat.stat-mech
718,5966,0.0,0,cond-mat.stat-mech
489,1722,0.0,0,cond-mat.stat-mech
2821,8664,0.0,0,cond-mat.stat-mech
2947,11113,0.0,0,cond-mat.stat-mech
946,12892,0.0,0,cond-mat.stat-mech
890,4626,0.0,0,cond-mat.stat-mech
984,2576,0.0,0,cond-mat.stat-mech
592,13837,0.0,0,cond-mat.stat-mech
791,11822,0.0,0,cond-mat.stat-mech
7204,13815,0.0,0,cond-mat.stat-mech
297,3052,0.0,0,cond-mat.stat-mech
697,13886,0.0,0,cond-mat.stat-mech
200,913,0.0,0,cond-mat.stat-mech
7914,8983,0.0,0,cond-mat.stat-mech
210,2754,0.0,0,cond-mat.stat-mech
5644,11391,0.0,0,cond-mat.stat-mech
1499,6535,0.0,0,cond-mat.stat-mech
2391,4218,0.0,0,cond-mat.stat-mech
4957,9814,0.0,0,cond-mat.stat-mech
5682,11112,0.0,0,cond-mat.stat-mech
2027,8905,0.0,0,cond-mat.stat-mech
7023,10217,0.0,0,cond-mat.stat-mech
1080,7243,0.0,0,cond-mat.stat-mech
2121,7786,0.0,0,cond-mat.stat-mech
206,9339,0.0,0,cond-mat.stat-mech
8464,13848,0.0,0,cond-mat.stat-mech
12459,13283,0.0,0,cond-mat.stat-mech
557,7458,0.0,0,cond-mat.stat-mech
1876,1947,0.0,0,cond-mat.stat-mech
4922,13095,0.0,0,cond-mat.stat-mech
3784,8446,0.0,0,cond-mat.stat-mech
2042,7596,0.0,0,cond-mat.stat-mech
8860,13802,0.0,0,cond-mat.stat-mech
577,12903,0.0,0,cond-mat.stat-mech
3999,5374,0.0,0,cond-mat.stat-mech
8855,8857,0.0,0,cond-mat.stat-mech
3788,5047,0.0,0,cond-mat.stat-mech
10213,12234,0.0,0,cond-mat.stat-mech
2025,13806,0.0,0,cond-mat.stat-mech
1599,8859,0.0,0,cond-mat.stat-mech
592,721,0.0,0,cond-mat.stat-mech
5304,8946,0.0,0,cond-mat.stat-mech
1764,9182,0.0,0,cond-mat.stat-mech
2707,3631,0.0,0,cond-mat.stat-mech
1407,2358,0.0,0,cond-mat.stat-mech
2438,6234,0.0,0,cond-mat.stat-mech
8856,13809,0.0,0,cond-mat.stat-mech
4388,12235,0.0,0,cond-mat.stat-mech
1222,8975,0.0,0,cond-mat.stat-mech
730,1203,0.0,0,cond-mat.stat-mech
2999,8809,0.0,0,cond-mat.stat-mech
204,7936,0.0,0,cond-mat.stat-mech
2079,11939,0.0,0,cond-mat.stat-mech
4483,8698,0.0,0,cond-mat.stat-mech
592,12380,0.0,0,cond-mat.stat-mech
1291,2048,0.0,0,cond-mat.stat-mech
5982,13829,0.0,0,cond-mat.stat-mech
62,12556,0.0,0,cond-mat.stat-mech
4019,6375,0.0,0,cond-mat.stat-mech
4714,13829,0.0,0,cond-mat.stat-mech
4159,7011,0.0,0,cond-mat.stat-mech
2864,9361,0.0,0,cond-mat.stat-mech
718,11814,0.0,0,cond-mat.stat-mech
3646,8341,0.0,0,cond-mat.stat-mech
2315,13868,0.0,0,cond-mat.stat-mech
4042,12213,0.0,0,cond-mat.stat-mech
570,12315,0.0,0,cond-mat.stat-mech
1998,5808,0.0,0,cond-mat.stat-mech
1992,9697,0.0,0,cond-mat.stat-mech
24,3296,0.0,0,cond-mat.stat-mech
9339,13134,0.0,0,cond-mat.stat-mech
5310,8462,0.0,0,cond-mat.stat-mech
159,5812,0.0,0,cond-mat.stat-mech
8647,12098,0.0,0,cond-mat.stat-mech
9678,12191,0.0,0,cond-mat.stat-mech
11407,11939,0.0,0,cond-mat.stat-mech
1811,3461,0.0,0,cond-mat.stat-mech
344,515,0.0,0,cond-mat.stat-mech
2488,7672,0.0,0,cond-mat.stat-mech
9416,13094,0.0,0,cond-mat.stat-mech
1963,12235,0.0,0,cond-mat.stat-mech
39,13861,0.0,0,cond-mat.stat-mech
1045,13879,0.0,0,cond-mat.stat-mech
1054,8860,0.0,0,cond-mat.stat-mech
44,4378,0.0,0,cond-mat.stat-mech
12237,13704,0.0,0,cond-mat.stat-mech
3630,11113,0.0,0,cond-mat.stat-mech
3461,7796,0.0,0,cond-mat.stat-mech
1108,8858,0.0,0,cond-mat.stat-mech
5021,8480,0.0,0,cond-mat.stat-mech
745,11417,0.0,0,cond-mat.stat-mech
2708,7796,0.0,0,cond-mat.stat-mech
3515,8935,0.0,0,cond-mat.stat-mech
7176,12613,0.0,0,cond-mat.stat-mech
1999,3827,0.0,0,cond-mat.stat-mech
5791,9813,0.0,0,cond-mat.stat-mech
3581,13831,0.0,0,cond-mat.stat-mech
3738,4766,0.0,0,cond-mat.stat-mech
10158,13833,0.0,0,cond-mat.stat-mech
137,7454,0.0,0,cond-mat.stat-mech
6740,10892,0.0,0,cond-mat.stat-mech
1211,5312,0.0,0,cond-mat.stat-mech
8168,10639,0.0,0,cond-mat.stat-mech
6896,12191,0.0,0,cond-mat.stat-mech
231,2133,0.0,0,cond-mat.stat-mech
13835,13885,0.0,0,cond-mat.stat-mech
2433,8337,0.0,0,cond-mat.stat-mech
1985,11606,0.0,0,cond-mat.stat-mech
6728,10374,0.0,0,cond-mat.stat-mech
2877,13863,0.0,0,cond-mat.stat-mech
323,12213,0.0,0,cond-mat.stat-mech
90,7243,0.0,0,cond-mat.stat-mech
3205,6894,0.0,0,cond-mat.stat-mech
1056,2359,0.0,0,cond-mat.stat-mech
4006,13862,0.0,0,cond-mat.stat-mech
4048,7025,0.0,0,cond-mat.stat-mech
831,12229,0.0,0,cond-mat.stat-mech
3205,8044,0.0,0,cond-mat.stat-mech
12270,13835,0.0,0,cond-mat.stat-mech
2427,9052,0.0,0,cond-mat.stat-mech
382,5321,0.0,0,cond-mat.stat-mech
5682,13302,0.0,0,cond-mat.stat-mech
279,12237,0.0,0,cond-mat.stat-mech
9309,11920,0.0,0,cond-mat.stat-mech
637,8189,0.0,0,cond-mat.stat-mech
137,8397,0.0,0,cond-mat.stat-mech
5133,10374,0.0,0,cond-mat.stat-mech
1108,10007,0.0,0,cond-mat.stat-mech
2917,9446,0.0,0,cond-mat.stat-mech
80,5867,0.0,0,cond-mat.stat-mech
200,5304,0.0,0,cond-mat.stat-mech
6567,11336,0.0,0,cond-mat.stat-mech
1882,8574,0.0,0,cond-mat.stat-mech
4991,7931,0.0,0,cond-mat.stat-mech
9501,11744,0.0,0,cond-mat.stat-mech
7011,8856,0.0,0,cond-mat.stat-mech
1027,7022,0.0,0,cond-mat.stat-mech
5957,6564,0.0,0,cond-mat.stat-mech
152,2877,0.0,0,cond-mat.stat-mech
1223,3052,0.0,0,cond-mat.stat-mech
252,13837,0.0,0,cond-mat.stat-mech
1496,4629,0.0,0,cond-mat.stat-mech
219,2567,0.0,0,cond-mat.stat-mech
1008,10791,0.0,0,cond-mat.stat-mech
1075,5130,0.0,0,cond-mat.stat-mech
1001,8573,0.0,0,cond-mat.stat-mech
7785,13874,0.3459762562611936,0,cond-mat.stat-mech
2082,4304,0.0,0,cond-mat.stat-mech
868,5825,0.0,0,cond-mat.stat-mech
4480,7176,0.0,0,cond-mat.stat-mech
7165,7768,0.0,0,cond-mat.stat-mech
1873,4328,0.0,0,cond-mat.stat-mech
2632,8819,0.0,0,cond-mat.stat-mech
1056,2358,0.0,0,cond-mat.stat-mech
4322,10809,0.0,0,cond-mat.stat-mech
7277,12259,0.0,0,cond-mat.stat-mech
80,4815,0.0,0,cond-mat.stat-mech
3445,8946,0.0,0,cond-mat.stat-mech
591,10153,0.0,0,cond-mat.stat-mech
81,1918,0.0,0,cond-mat.stat-mech
2334,2575,0.0,0,cond-mat.stat-mech
1881,4844,0.0,0,cond-mat.stat-mech
7592,8097,0.0,0,cond-mat.stat-mech
1495,2423,0.0,0,cond-mat.stat-mech
3100,13875,0.0,0,cond-mat.stat-mech
10661,12556,0.0,0,cond-mat.stat-mech
7310,11407,0.0,0,cond-mat.stat-mech
11407,11604,0.0,0,cond-mat.stat-mech
1724,2502,0.0,0,cond-mat.stat-mech
1263,4004,0.0,0,cond-mat.stat-mech
1034,1817,0.0,0,cond-mat.stat-mech
1771,9771,0.0,0,cond-mat.stat-mech
3515,4049,0.0,0,cond-mat.stat-mech
4816,10153,0.0,0,cond-mat.stat-mech
3228,7757,0.0,0,cond-mat.stat-mech
1782,5081,0.0,0,cond-mat.stat-mech
317,455,0.0,0,cond-mat.stat-mech
1581,10213,0.0,0,cond-mat.stat-mech
169,5315,0.0,0,cond-mat.stat-mech
1988,2980,0.0,0,cond-mat.stat-mech
11342,11605,0.0,0,cond-mat.stat-mech
547,2067,0.0,0,cond-mat.stat-mech
1812,4322,0.0,0,cond-mat.stat-mech
4019,13893,0.0,0,cond-mat.stat-mech
2864,8648,0.0,0,cond-mat.stat-mech
6515,7456,0.0,0,cond-mat.stat-mech
9948,13823,0.0,0,cond-mat.stat-mech
4005,4034,0.0,0,cond-mat.stat-mech
3569,4626,0.0,0,cond-mat.stat-mech
2536,5417,0.0,0,cond-mat.stat-mech
6113,8397,0.0,0,cond-mat.stat-mech
9586,11768,0.0,0,cond-mat.stat-mech
676,3129,0.0,0,cond-mat.stat-mech
3926,9339,0.0,0,cond-mat.stat-mech
54,10154,0.0,0,cond-mat.stat-mech
198,9771,0.0,0,cond-mat.stat-mech
3926,6486,0.0,0,cond-mat.stat-mech
153,4107,0.0,0,cond-mat.stat-mech
7520,13283,0.0,0,cond-mat.stat-mech
3558,11581,0.0,0,cond-mat.stat-mech
9963,13853,0.0,0,cond-mat.stat-mech
532,13853,0.0,0,cond-mat.stat-mech
456,766,0.0,0,cond-mat.stat-mech
7416,9555,0.0,0,cond-mat.stat-mech
591,8139,0.0,0,cond-mat.stat-mech
20,12268,0.0,0,cond-mat.stat-mech
591,8157,0.0,0,cond-mat.stat-mech
7768,12612,0.0,0,cond-mat.stat-mech
7011,7785,0.0,0,cond-mat.stat-mech
2396,8645,0.0,0,cond-mat.stat-mech
8341,12226,0.0,0,cond-mat.stat-mech
3605,7176,0.0,0,cond-mat.stat-mech
9556,12256,0.0,0,cond-mat.stat-mech
732,8388,0.0,0,cond-mat.stat-mech
198,479,0.0,0,cond-mat.stat-mech
8463,10131,0.0,0,cond-mat.stat-mech
7786,12256,0.0,0,cond-mat.stat-mech
209,3383,0.0,0,cond-mat.stat-mech
8388,9310,0.0,0,cond-mat.stat-mech
13878,13888,0.0,0,cond-mat.stat-mech
9650,12979,0.0,0,cond-mat.stat-mech
1942,3101,0.0,0,cond-mat.stat-mech
3205,12220,0.0,0,cond-mat.stat-mech
1001,9308,0.0,0,cond-mat.stat-mech
2283,13858,0.0,0,cond-mat.stat-mech
1252,5134,0.0,0,cond-mat.stat-mech
56,1410,0.0,0,cond-mat.stat-mech
7059,7829,0.0,0,cond-mat.stat-mech
552,3739,0.0,0,cond-mat.stat-mech
323,2595,0.0,0,cond-mat.stat-mech
5271,12223,0.0,0,cond-mat.stat-mech
552,5307,0.0,0,cond-mat.stat-mech
4311,7751,0.0,0,cond-mat.stat-mech
956,5504,0.0,0,cond-mat.stat-mech
4096,5468,0.0,0,cond-mat.stat-mech
267,10791,0.0,0,cond-mat.stat-mech
1537,3420,0.0,0,cond-mat.stat-mech
1129,5404,0.0,0,cond-mat.stat-mech
7498,12211,0.0,0,cond-mat.stat-mech
1998,13837,0.0,0,cond-mat.stat-mech
1319,1876,0.0,0,cond-mat.stat-mech
1077,8139,0.0,0,cond-mat.stat-mech
2072,11427,0.0,0,cond-mat.stat-mech
1881,12381,0.0,0,cond-mat.stat-mech
1328,1826,0.0,0,cond-mat.stat-mech
6740,12272,0.0,0,cond-mat.stat-mech
6274,7243,0.0,0,cond-mat.stat-mech
3182,8646,0.0,0,cond-mat.stat-mech
1008,3285,0.0,0,cond-mat.stat-mech
2751,12233,0.0,0,cond-mat.stat-mech
8296,9297,0.0,0,cond-mat.stat-mech
2134,13842,0.0,0,cond-mat.stat-mech
4480,6486,0.0,0,cond-mat.stat-mech
205,450,0.0,0,cond-mat.stat-mech
10007,13853,0.0,0,cond-mat.stat-mech
1425,8277,0.0,0,cond-mat.stat-mech
3205,4702,0.0,0,cond-mat.stat-mech
2283,7176,0.0,0,cond-mat.stat-mech
568,10719,0.0,0,cond-mat.stat-mech
8462,13804,0.0,0,cond-mat.stat-mech
1987,7025,0.0,0,cond-mat.stat-mech
6870,9610,0.0,0,cond-mat.stat-mech
577,8314,0.0,0,cond-mat.stat-mech
2625,12376,0.0,0,cond-mat.stat-mech
13404,13842,0.0,0,cond-mat.stat-mech
7311,12321,0.0,0,cond-mat.stat-mech
10765,10773,0.0,0,cond-mat.stat-mech
450,5268,0.0,0,cond-mat.stat-mech
205,13650,0.0,0,cond-mat.stat-mech
3653,9965,0.0,0,cond-mat.stat-mech
1684,8429,0.0,0,cond-mat.stat-mech
4683,8354,0.0,0,cond-mat.stat-mech
205,3478,0.0,0,cond-mat.stat-mech
2197,4094,0.0,0,cond-mat.stat-mech
2574,9813,0.0,0,cond-mat.stat-mech
2427,13815,0.0,0,cond-mat.stat-mech
8464,9016,0.0,0,cond-mat.stat-mech
2133,3929,0.0,0,cond-mat.stat-mech
13704,13855,0.0,0,cond-mat.stat-mech
13203,13811,0.0,0,cond-mat.stat-mech
533,11403,0.0,0,cond-mat.stat-mech
5654,13402,0.0,0,cond-mat.stat-mech
3461,4403,0.0,0,cond-mat.stat-mech
260,798,0.0,0,cond-mat.stat-mech
754,7606,0.0,0,cond-mat.stat-mech
2392,10214,0.0,0,cond-mat.stat-mech
842,4430,0.0,0,cond-mat.stat-mech
226,1983,0.0,0,cond-mat.stat-mech
2423,11342,0.0,0,cond-mat.stat-mech
196,1573,0.0,0,cond-mat.stat-mech
481,4576,0.0,0,cond-mat.stat-mech
2616,4585,0.0,0,cond-mat.stat-mech
1414,13668,0.0,0,cond-mat.stat-mech
6625,7320,0.0,0,cond-mat.stat-mech
2804,12211,0.0,0,cond-mat.stat-mech
4005,6327,0.0,0,cond-mat.stat-mech
1328,6273,0.0,0,cond-mat.stat-mech
467,4287,0.0,0,cond-mat.stat-mech
8100,9214,0.0,0,cond-mat.stat-mech
3480,11865,0.0,0,cond-mat.stat-mech
12315,12612,0.0,0,cond-mat.stat-mech
9965,13819,0.0,0,cond-mat.stat-mech
1309,6506,0.0,0,cond-mat.stat-mech
3000,3509,0.0,0,cond-mat.stat-mech
1027,12953,0.0,0,cond-mat.stat-mech
1291,12236,0.0,0,cond-mat.stat-mech
778,10820,0.0,0,cond-mat.stat-mech
5072,12376,0.0,0,cond-mat.stat-mech
297,1108,0.0,0,cond-mat.stat-mech
137,11416,0.0,0,cond-mat.stat-mech
490,2805,0.0,0,cond-mat.stat-mech
799,8646,0.0,0,cond-mat.stat-mech
226,2625,0.0,0,cond-mat.stat-mech
515,10217,0.0,0,cond-mat.stat-mech
9308,10809,0.0,0,cond-mat.stat-mech
8480,13668,0.0,0,cond-mat.stat-mech
572,5504,0.0,0,cond-mat.stat-mech
2632,3356,0.0,0,cond-mat.stat-mech
901,1222,0.0,0,cond-mat.stat-mech
1129,13094,0.0,0,cond-mat.stat-mech
800,7024,0.0,0,cond-mat.stat-mech
2027,2086,0.0,0,cond-mat.stat-mech
3478,8800,0.0,0,cond-mat.stat-mech
4767,13707,0.0,0,cond-mat.stat-mech
2575,10271,0.0,0,cond-mat.stat-mech
5826,13755,0.0,0,cond-mat.stat-mech
5081,10214,0.0,0,cond-mat.stat-mech
2979,9308,0.0,0,cond-mat.stat-mech
1050,2225,0.0,0,cond-mat.stat-mech
1499,9416,0.0,0,cond-mat.stat-mech
8820,13848,0.0,0,cond-mat.stat-mech
7276,8156,0.0,0,cond-mat.stat-mech
975,4382,0.0,0,cond-mat.stat-mech
6274,13886,0.0,0,cond-mat.stat-mech
590,2770,0.0,0,cond-mat.stat-mech
3739,11768,0.0,0,cond-mat.stat-mech
3999,5092,0.0,0,cond-mat.stat-mech
1805,6327,0.0,0,cond-mat.stat-mech
8647,9611,0.0,0,cond-mat.stat-mech
6614,13820,0.0,0,cond-mat.stat-mech
7423,11841,0.0,0,cond-mat.stat-mech
173,6615,0.0,0,cond-mat.stat-mech
2079,8647,0.0,0,cond-mat.stat-mech
1684,12318,0.0,0,cond-mat.stat-mech
8819,12221,0.0,0,cond-mat.stat-mech
422,531,0.0,0,cond-mat.stat-mech
3000,12242,0.0,0,cond-mat.stat-mech
1173,8572,0.0,0,cond-mat.stat-mech
405,12892,0.0,0,cond-mat.stat-mech
1987,7764,0.0,0,cond-mat.stat-mech
2617,10640,0.0,0,cond-mat.stat-mech
9418,12903,0.0,0,cond-mat.stat-mech
5417,10944,0.0,0,cond-mat.stat-mech
153,2099,0.0,0,cond-mat.stat-mech
3999,5316,0.0,0,cond-mat.stat-mech
1055,6895,0.0,0,cond-mat.stat-mech
1874,1992,0.0,0,cond-mat.stat-mech
4991,8743,0.0,0,cond-mat.stat-mech
206,13841,0.0,0,cond-mat.stat-mech
1190,4990,0.0,0,cond-mat.stat-mech
7312,8860,0.0,0,cond-mat.stat-mech
1581,8905,0.0,0,cond-mat.stat-mech
12214,12221,0.0,0,cond-mat.stat-mech
1211,13271,0.0,0,cond-mat.stat-mech
1291,10271,0.0,0,cond-mat.stat-mech
1640,12136,0.0,0,cond-mat.stat-mech
3323,8043,0.0,0,cond-mat.stat-mech
4354,5683,0.0,0,cond-mat.stat-mech
5504,12229,0.0,0,cond-mat.stat-mech
2056,4704,0.0,0,cond-mat.stat-mech
4485,6359,0.0,0,cond-mat.stat-mech
4679,9500,0.36926937306885504,0,cond-mat.stat-mech
3750,8808,0.0,0,cond-mat.stat-mech
1108,9340,0.0,0,cond-mat.stat-mech
1639,2731,0.0,0,cond-mat.stat-mech
10360,10775,0.0,0,cond-mat.stat-mech
3014,4431,0.0,0,cond-mat.stat-mech
3878,8975,0.0,0,cond-mat.stat-mech
1805,11403,0.0,0,cond-mat.stat-mech
2876,7606,0.0,0,cond-mat.stat-mech
1190,10718,0.0,0,cond-mat.stat-mech
985,11341,0.0,0,cond-mat.stat-mech
428,13809,0.0,0,cond-mat.stat-mech
804,5825,0.0,0,cond-mat.stat-mech
1157,1263,0.0,0,cond-mat.stat-mech
924,1967,0.0,0,cond-mat.stat-mech
3444,11608,0.0,0,cond-mat.stat-mech
546,8855,0.0,0,cond-mat.stat-mech
3350,5804,0.0,0,cond-mat.stat-mech
2047,6582,0.0,0,cond-mat.stat-mech
7786,9677,0.0,0,cond-mat.stat-mech
2086,4951,0.0,0,cond-mat.stat-mech
5314,12216,0.0,0,cond-mat.stat-mech
800,3356,0.0,0,cond-mat.stat-mech
197,11419,0.0,0,cond-mat.stat-mech
450,592,0.0,0,cond-mat.stat-mech
1581,5876,0.0,0,cond-mat.stat-mech
1407,13833,0.0,0,cond-mat.stat-mech
1382,2567,0.0,0,cond-mat.stat-mech
2578,10702,0.0,0,cond-mat.stat-mech
577,5489,0.0,0,cond-mat.stat-mech
1813,13874,0.0,0,cond-mat.stat-mech
2751,9965,0.0,0,cond-mat.stat-mech
11419,12246,0.0,0,cond-mat.stat-mech
88,123,0.0,0,cond-mat.stat-mech
2423,9205,0.0,0,cond-mat.stat-mech
7757,8697,0.0,0,cond-mat.stat-mech
2577,7579,0.0,0,cond-mat.stat-mech
6266,9671,0.0,0,cond-mat.stat-mech
1978,5404,0.0,0,cond-mat.stat-mech
426,8605,0.0,0,cond-mat.stat-mech
5072,8150,0.0,0,cond-mat.stat-mech
11420,12192,0.0,0,cond-mat.stat-mech
891,13390,0.0,0,cond-mat.stat-mech
466,3184,1.4426950408889634,1,q-bio.MN
13,983,0.7213475204444817,1,q-bio.MN
12844,373,1.5271285822344165,1,q-bio.MN
3848,3849,1.7413799704902662,1,q-bio.MN
3829,7950,0.0,1,q-bio.MN
11894,11895,2.541825973698156,1,q-bio.MN
4759,4760,1.4426950408889634,1,q-bio.MN
9547,11206,1.9007930815553407,1,q-bio.MN
12183,12184,1.2022458674074694,1,q-bio.MN
14342,14344,1.8204784532536746,1,q-bio.MN
10998,11002,1.2426698691192237,1,q-bio.MN
127,967,0.0,1,q-bio.MN
515,1277,0.9102392266268373,1,q-bio.MN
1509,1510,1.590352890242781,1,q-bio.MN
929,9873,0.0,1,q-bio.MN
10739,10740,3.800963481896747,1,q-bio.MN
10232,10249,2.8497822972249693,1,q-bio.MN
9934,8692,1.4426950408889634,1,q-bio.MN
39,8427,1.8204784532536746,1,q-bio.MN
1190,11823,1.4683498531780845,1,q-bio.MN
1311,1312,0.0,1,q-bio.MN
181,186,1.890335846841733,1,q-bio.MN
1668,3848,1.1244906148826868,1,q-bio.MN
585,2035,0.0,1,q-bio.MN
715,10130,2.017500660785462,1,q-bio.MN
10231,10249,3.9586486122060167,1,q-bio.MN
698,701,1.9565933832587141,1,q-bio.MN
5499,5501,0.5138983423697507,1,q-bio.MN
3156,745,1.5186508574843391,1,q-bio.MN
10233,10245,2.888633590875105,1,q-bio.MN
1211,12024,1.8565807973738442,1,q-bio.MN
432,1049,0.0,1,q-bio.MN
764,766,0.7213475204444817,1,q-bio.MN
313,10743,2.987938766297262,1,q-bio.MN
1252,3845,1.8481535253237302,1,q-bio.MN
1927,1928,2.1882302220234924,1,q-bio.MN
11448,11449,0.0,1,q-bio.MN
9934,11028,3.6162956438021845,1,q-bio.MN
4365,6066,0.9102392266268373,1,q-bio.MN
1474,1475,4.80885954826943,1,q-bio.MN
5616,7579,0.9102392266268373,1,q-bio.MN
1114,9097,1.8204784532536746,1,q-bio.MN
715,10135,1.2156472679750476,1,q-bio.MN
4969,7950,2.352934267515801,1,q-bio.MN
2772,4569,2.2639162735163207,1,q-bio.MN
4509,4512,0.48089834696298783,1,q-bio.MN
5755,5757,2.541825973698156,1,q-bio.MN
7189,7191,1.634565174424278,1,q-bio.MN
2267,2268,1.5903528902427813,1,q-bio.MN
874,14400,2.624916284804984,1,q-bio.MN
10231,10241,5.0252346201577796,1,q-bio.MN
557,14391,1.2022458674074694,1,q-bio.MN
37,12392,0.7213475204444817,1,q-bio.MN
1116,3607,0.40242960438184466,1,q-bio.MN
3625,10736,3.796452698542024,1,q-bio.MN
5976,11553,1.4426950408889634,1,q-bio.MN
801,6406,1.4426950408889634,1,q-bio.MN
62,12035,0.48089834696298783,1,q-bio.MN
709,6797,0.36067376022224085,1,q-bio.MN
14446,14448,1.3426824550040934,1,q-bio.MN
10351,10352,1.6161316238923504,1,q-bio.MN
510,3582,1.531574161186449,1,q-bio.MN
3150,6518,0.5581106265512472,1,q-bio.MN
2942,5724,0.0,1,q-bio.MN
10765,10766,3.263173494142638,1,q-bio.MN
1374,1375,1.4426950408889634,1,q-bio.MN
10242,10244,4.3974769641604645,1,q-bio.MN
183,187,1.378829085350222,1,q-bio.MN
1477,14456,0.9102392266268373,1,q-bio.MN
10383,10384,0.0,1,q-bio.MN
3134,14315,2.9823179876217774,1,q-bio.MN
10233,10236,3.2123922297108267,1,q-bio.MN
3846,7176,0.8415721071852287,1,q-bio.MN
14404,14446,1.3426824550040934,1,q-bio.MN
2046,3360,1.1764671337579005,1,q-bio.MN
5932,5933,1.4426950408889634,1,q-bio.MN
11686,11688,1.4426950408889634,1,q-bio.MN
1929,1932,3.3676757831343513,1,q-bio.MN
1098,9955,0.0,1,q-bio.MN
4152,14388,1.270912986849078,1,q-bio.MN
10236,10241,5.107560309184976,1,q-bio.MN
2236,3751,0.0,1,q-bio.MN
127,10137,2.507490967573563,1,q-bio.MN
11028,11030,1.0383673259838582,1,q-bio.MN
5103,5104,1.5416950271092522,1,q-bio.MN
7627,7629,1.4426950408889634,1,q-bio.MN
14036,14037,0.6213349345596119,1,q-bio.MN
14240,14268,0.9102392266268373,1,q-bio.MN
709,1611,0.36067376022224085,1,q-bio.MN
1508,1509,2.6181495749822825,1,q-bio.MN
5929,5930,0.0,1,q-bio.MN
2772,4570,1.7291927997364034,1,q-bio.MN
916,917,1.8640048036788355,1,q-bio.MN
10738,10742,4.581122179620767,1,q-bio.MN
1022,14341,0.9102392266268373,1,q-bio.MN
10229,10238,3.640505188982467,1,q-bio.MN
1747,3849,1.7083799750835031,1,q-bio.MN
180,181,1.378829085350222,1,q-bio.MN
8992,8994,0.0,1,q-bio.MN
389,390,0.0,1,q-bio.MN
10739,10743,2.952317899850976,1,q-bio.MN
10343,10348,2.1154635213872655,1,q-bio.MN
591,2386,1.631586747071319,1,q-bio.MN
4510,4512,1.039008973514235,1,q-bio.MN
2454,2453,0.0,1,q-bio.MN
1252,3846,1.740716933133869,1,q-bio.MN
59,14328,1.1352332769293625,1,q-bio.MN
5754,5758,2.541825973698156,1,q-bio.MN
1929,1930,3.3676757831343513,1,q-bio.MN
468,10129,2.0988390188239525,1,q-bio.MN
12844,14318,1.5271285822344165,1,q-bio.MN
5000,5002,1.391137573589825,1,q-bio.MN
1503,1505,2.2559001089838895,1,q-bio.MN
10734,10737,3.0122955285532163,1,q-bio.MN
10237,10251,4.367085390783649,1,q-bio.MN
10238,10240,1.0828992571558569,1,q-bio.MN
636,7176,2.7513506729137314,1,q-bio.MN
955,2952,1.8640048036788355,1,q-bio.MN
260,5241,2.4559252807536294,1,q-bio.MN
12023,12024,1.8565807973738442,1,q-bio.MN
312,10745,2.585509161915417,1,q-bio.MN
10344,10351,1.6977894824326425,1,q-bio.MN
10641,10645,2.4853397382384474,1,q-bio.MN
492,1313,0.7213475204444817,1,q-bio.MN
10239,10242,4.752369260288842,1,q-bio.MN
1469,655,1.8204784532536746,1,q-bio.MN
1667,2903,0.45511961331341866,1,q-bio.MN
9012,9014,0.0,1,q-bio.MN
373,3701,1.4426950408889634,1,q-bio.MN
2772,11095,1.2265953315363765,1,q-bio.MN
1927,1931,2.7463408485747394,1,q-bio.MN
10736,10742,3.004252015501356,1,q-bio.MN
10604,10605,0.0,1,q-bio.MN
990,991,0.48089834696298783,1,q-bio.MN
10733,10734,2.280416222998504,1,q-bio.MN
435,6468,1.4426950408889634,1,q-bio.MN
2015,3934,0.5581106265512472,1,q-bio.MN
125,10130,2.1662680152938556,1,q-bio.MN
11524,11525,0.0,1,q-bio.MN
2397,8420,1.4499163026461572,1,q-bio.MN
14410,14460,1.531574161186449,1,q-bio.MN
511,2735,2.218454534625094,1,q-bio.MN
917,919,1.8640048036788355,1,q-bio.MN
3477,5103,1.0277966847395015,1,q-bio.MN
219,1394,3.184494062955305,1,q-bio.MN
2014,10983,0.48089834696298783,1,q-bio.MN
4014,4044,2.1896973736225664,1,q-bio.MN
181,183,0.8979307383872341,1,q-bio.MN
10734,10747,2.656878769555158,1,q-bio.MN
7188,8282,1.365358839940256,1,q-bio.MN
10229,10246,5.078296742266702,1,q-bio.MN
909,912,0.0,1,q-bio.MN
14291,14292,1.631586747071319,1,q-bio.MN
10239,10246,4.3735785828849565,1,q-bio.MN
10238,10245,2.1949959993407533,1,q-bio.MN
11695,11698,1.631586747071319,1,q-bio.MN
3133,14316,2.1905248974117373,1,q-bio.MN
1980,1982,0.7213475204444817,1,q-bio.MN
3629,7526,0.0,1,q-bio.MN
397,6899,1.4426950408889634,1,q-bio.MN
432,3492,1.4426950408889634,1,q-bio.MN
10982,10984,0.9617966939259757,1,q-bio.MN
10913,14371,0.0,1,q-bio.MN
1310,1311,0.0,1,q-bio.MN
511,6416,1.0764545478730305,1,q-bio.MN
10238,10249,1.796529141242859,1,q-bio.MN
4706,4707,2.8853900817779268,1,q-bio.MN
9934,1464,0.0,1,q-bio.MN
2210,14306,1.660343908073847,1,q-bio.MN
3156,5588,2.403235271822055,1,q-bio.MN
2635,2636,2.352934267515801,1,q-bio.MN
328,333,1.0277966847395015,1,q-bio.MN
2018,10982,0.9617966939259757,1,q-bio.MN
1186,2677,1.8204784532536746,1,q-bio.MN
10228,10243,4.364833106661391,1,q-bio.MN
1858,1860,1.072008968920998,1,q-bio.MN
10347,10353,2.765352872401608,1,q-bio.MN
14297,14299,0.9102392266268373,1,q-bio.MN
8280,8281,1.1764671337579005,1,q-bio.MN
11523,11524,0.0,1,q-bio.MN
3510,3929,0.0,1,q-bio.MN
395,13788,0.9102392266268373,1,q-bio.MN
555,14281,1.4683498531780845,1,q-bio.MN
410,9651,2.164042561333445,1,q-bio.MN
1543,4461,0.7213475204444817,1,q-bio.MN
79,10740,3.358402227713893,1,q-bio.MN
874,14398,1.6161316238923504,1,q-bio.MN
8135,14428,0.0,1,q-bio.MN
1109,1110,1.4426950408889634,1,q-bio.MN
10903,10904,1.4426950408889634,1,q-bio.MN
2196,10583,1.5401193213331,1,q-bio.MN
6742,6743,0.0,1,q-bio.MN
1173,4809,0.0,1,q-bio.MN
1649,8914,1.4426950408889634,1,q-bio.MN
10604,10606,0.5581106265512472,1,q-bio.MN
3475,3477,3.8131741806325588,1,q-bio.MN
3473,3474,0.0,1,q-bio.MN
14439,14440,1.4426950408889634,1,q-bio.MN
10998,10999,1.2426698691192237,1,q-bio.MN
2245,8505,1.8204784532536746,1,q-bio.MN
12374,12375,0.5138983423697507,1,q-bio.MN
297,323,0.0,1,q-bio.MN
719,14402,0.0,1,q-bio.MN
3730,3731,0.9102392266268373,1,q-bio.MN
350,4570,2.2873034262876506,1,q-bio.MN
6810,6812,0.45511961331341866,1,q-bio.MN
10234,10244,3.2964607898229623,1,q-bio.MN
5931,8373,0.0,1,q-bio.MN
1009,5500,1.531574161186449,1,q-bio.MN
59,14330,2.0454725035561996,1,q-bio.MN
1711,1709,1.4426950408889634,1,q-bio.MN
7249,7250,0.0,1,q-bio.MN
1540,6516,2.4301465471040604,1,q-bio.MN
457,8891,0.0,1,q-bio.MN
14329,14331,1.279458146995729,1,q-bio.MN
450,14396,1.5086950317024894,1,q-bio.MN
1376,6044,0.9102392266268373,1,q-bio.MN
7712,7713,2.0668355962737555,1,q-bio.MN
124,10135,2.9417854494768148,1,q-bio.MN
2733,6024,0.0,1,q-bio.MN
79,10742,3.7361313210560683,1,q-bio.MN
112,8725,0.0,1,q-bio.MN
10228,10238,3.295266701475186,1,q-bio.MN
5927,5930,1.4426950408889634,1,q-bio.MN
6315,11887,0.0,1,q-bio.MN
1710,1861,1.5199073204772229,1,q-bio.MN
1304,12392,0.7213475204444817,1,q-bio.MN
1924,1926,3.3486637593074837,1,q-bio.MN
3400,7250,0.7213475204444817,1,q-bio.MN
4481,6622,2.352934267515801,1,q-bio.MN
9960,14402,0.0,1,q-bio.MN
10233,10248,3.9552195988268677,1,q-bio.MN
1370,10581,2.2614668417775814,1,q-bio.MN
700,701,1.9565933832587141,1,q-bio.MN
373,1469,0.9617966939259757,1,q-bio.MN
9671,11095,1.7074936784993644,1,q-bio.MN
8373,8374,1.4426950408889634,1,q-bio.MN
10230,10248,4.6860407086070985,1,q-bio.MN
3426,5929,1.4426950408889634,1,q-bio.MN
1259,7947,1.1352332769293625,1,q-bio.MN
326,327,3.127602338400001,1,q-bio.MN
182,190,1.3322252202904858,1,q-bio.MN
10250,10251,4.377617175893881,1,q-bio.MN
125,3400,0.0,1,q-bio.MN
312,10735,3.3543035888566486,1,q-bio.MN
172,1057,1.2426698691192237,1,q-bio.MN
11891,11896,0.7213475204444817,1,q-bio.MN
183,185,1.8927274277199726,1,q-bio.MN
9423,9425,1.8204784532536746,1,q-bio.MN
655,1043,0.9102392266268373,1,q-bio.MN
694,695,2.0896847877376965,1,q-bio.MN
8048,8050,0.6213349345596119,1,q-bio.MN
1475,1477,0.9102392266268373,1,q-bio.MN
489,490,2.8853900817779268,1,q-bio.MN
3141,9339,0.0,1,q-bio.MN
511,1067,1.3426824550040934,1,q-bio.MN
510,3228,0.0,1,q-bio.MN
19,2161,0.0,1,q-bio.MN
1997,7177,0.921436563060025,1,q-bio.MN
7190,7191,2.25590010898389,1,q-bio.MN
10353,10354,2.765352872401608,1,q-bio.MN
172,1055,1.2426698691192237,1,q-bio.MN
2311,14451,2.422115430230083,1,q-bio.MN
3904,3905,2.112485094034307,1,q-bio.MN
5378,7952,0.0,1,q-bio.MN
301,304,1.424137568996588,1,q-bio.MN
7179,7180,2.541825973698156,1,q-bio.MN
8227,8229,1.4371283080952715,1,q-bio.MN
73,817,0.6213349345596119,1,q-bio.MN
6659,6661,1.4426950408889634,1,q-bio.MN
10232,10239,3.268750860912832,1,q-bio.MN
1263,14359,1.4426950408889634,1,q-bio.MN
2999,8790,1.631586747071319,1,q-bio.MN
1375,14295,1.4426950408889634,1,q-bio.MN
12750,14289,0.5581106265512472,1,q-bio.MN
201,203,1.4426950408889634,1,q-bio.MN
1043,1041,0.0,1,q-bio.MN
12082,14290,1.631586747071319,1,q-bio.MN
2732,2734,2.7195648824439593,1,q-bio.MN
10130,10137,2.562475275307935,1,q-bio.MN
1611,11032,0.0,1,q-bio.MN
1506,1508,2.104251232612532,1,q-bio.MN
260,1376,0.0,1,q-bio.MN
111,6062,0.0,1,q-bio.MN
2434,14447,1.8565807973738444,1,q-bio.MN
5871,5996,2.055887532712427,1,q-bio.MN
9590,9591,1.424137568996588,1,q-bio.MN
626,1317,0.7213475204444817,1,q-bio.MN
573,3353,0.5581106265512472,1,q-bio.MN
13000,14341,0.9102392266268373,1,q-bio.MN
12750,14290,0.5581106265512472,1,q-bio.MN
839,6035,1.5023474959078826,1,q-bio.MN
12057,12058,0.0,1,q-bio.MN
1474,7260,0.0,1,q-bio.MN
10240,10251,3.2546725367401113,1,q-bio.MN
8420,1464,1.013230239864666,1,q-bio.MN
5948,5949,0.0,1,q-bio.MN
6023,6024,0.0,1,q-bio.MN
5931,5932,1.4426950408889634,1,q-bio.MN
909,911,0.0,1,q-bio.MN
14395,14401,4.460163927481291,1,q-bio.MN
10228,10237,4.6928803684754445,1,q-bio.MN
4938,6635,2.112485094034307,1,q-bio.MN
10242,10247,4.762571851647102,1,q-bio.MN
313,10735,2.975380407166697,1,q-bio.MN
10240,10248,3.2469549003826312,1,q-bio.MN
10189,10190,0.0,1,q-bio.MN
2209,5240,2.619162174646864,1,q-bio.MN
6036,6037,1.4023349100230127,1,q-bio.MN
745,5586,1.1162212531024944,1,q-bio.MN
7951,7952,0.6213349345596119,1,q-bio.MN
111,7315,0.0,1,q-bio.MN
10736,10740,3.4078757082309763,1,q-bio.MN
10235,10240,3.615346296962352,1,q-bio.MN
9960,7863,1.4426950408889634,1,q-bio.MN
5300,10609,2.218454534625094,1,q-bio.MN
466,1291,3.6965710898190793,1,q-bio.MN
1543,2275,2.352934267515801,1,q-bio.MN
12024,12026,1.1352332769293625,1,q-bio.MN
317,12082,0.0,1,q-bio.MN
636,10374,1.7453416948062594,1,q-bio.MN
54,12774,0.9102392266268373,1,q-bio.MN
7992,7993,1.4426950408889634,1,q-bio.MN
123,9138,0.0,1,q-bio.MN
7613,10583,1.9425489257149444,1,q-bio.MN
2032,2033,0.0,1,q-bio.MN
695,4951,1.4683498531780845,1,q-bio.MN
510,1136,0.36067376022224085,1,q-bio.MN
2914,8357,2.055887532712427,1,q-bio.MN
7946,7948,0.0,1,q-bio.MN
9013,9014,0.0,1,q-bio.MN
1276,1277,0.9102392266268373,1,q-bio.MN
1911,3780,1.4426950408889634,1,q-bio.MN
5187,5188,1.4426950408889634,1,q-bio.MN
10228,10249,3.6620511195432615,1,q-bio.MN
9063,9067,2.2956668142133534,1,q-bio.MN
6417,1067,1.2426698691192237,1,q-bio.MN
2381,2383,2.8853900817779268,1,q-bio.MN
187,190,1.8131235672534738,1,q-bio.MN
124,10136,3.379642972311228,1,q-bio.MN
9520,9523,1.8204784532536746,1,q-bio.MN
37,1304,1.3426824550040934,1,q-bio.MN
866,1141,0.0,1,q-bio.MN
8947,8948,1.7345777603091475,1,q-bio.MN
5928,5930,0.0,1,q-bio.MN
6214,6636,2.0454725035562,1,q-bio.MN
180,2113,0.4170323914242463,1,q-bio.MN
10239,10245,3.9326815543808262,1,q-bio.MN
111,12846,2.58514957957552,1,q-bio.MN
10238,10247,3.278953452271092,1,q-bio.MN
39,9866,1.4426950408889634,1,q-bio.MN
1216,1859,1.4683498531780845,1,q-bio.MN
3521,4771,0.0,1,q-bio.MN
254,255,1.4426950408889634,1,q-bio.MN
4252,4253,0.7213475204444817,1,q-bio.MN
1709,3617,0.7213475204444817,1,q-bio.MN
59,14466,0.5138983423697507,1,q-bio.MN
418,1613,0.0,1,q-bio.MN
10235,10245,4.350456029720914,1,q-bio.MN
183,188,1.378829085350222,1,q-bio.MN
466,10904,1.4426950408889634,1,q-bio.MN
7947,7946,0.0,1,q-bio.MN
2014,9320,0.0,1,q-bio.MN
3439,3441,1.8204784532536746,1,q-bio.MN
435,3492,0.0,1,q-bio.MN
9650,10767,2.164042561333445,1,q-bio.MN
10346,10350,2.071251237205769,1,q-bio.MN
10131,6052,0.0,1,q-bio.MN
306,2269,1.7978020683175124,1,q-bio.MN
127,10138,2.5601809765051367,1,q-bio.MN
2636,9049,0.9102392266268373,1,q-bio.MN
2210,14305,1.179445561110859,1,q-bio.MN
636,5982,0.8415721071852287,1,q-bio.MN
14416,14417,0.5581106265512472,1,q-bio.MN
140,142,0.9102392266268373,1,q-bio.MN
9062,9070,2.2956668142133534,1,q-bio.MN
59,14332,1.424137568996588,1,q-bio.MN
11696,11697,1.631586747071319,1,q-bio.MN
208,12175,0.0,1,q-bio.MN
3846,3849,1.441278341989853,1,q-bio.MN
8947,10591,1.013230239864666,1,q-bio.MN
10239,10249,3.619770812513977,1,q-bio.MN
5927,10383,0.0,1,q-bio.MN
1892,2656,1.1237771248263264,1,q-bio.MN
219,3150,1.7603564939587166,1,q-bio.MN
11000,11003,2.252921681630931,1,q-bio.MN
3399,2670,0.5581106265512472,1,q-bio.MN
219,6518,1.279458146995729,1,q-bio.MN
10983,10984,0.0,1,q-bio.MN
708,3555,0.9102392266268373,1,q-bio.MN
8097,8099,1.179445561110859,1,q-bio.MN
124,126,0.0,1,q-bio.MN
125,10134,3.0556821105105265,1,q-bio.MN
2614,6405,1.4426950408889634,1,q-bio.MN
3156,14383,1.0237645389414565,1,q-bio.MN
636,10375,0.0,1,q-bio.MN
7471,7472,1.279458146995729,1,q-bio.MN
8058,8059,1.531574161186449,1,q-bio.MN
1468,12846,2.1300299662621014,1,q-bio.MN
8278,8279,1.0764545478730305,1,q-bio.MN
708,3554,0.9102392266268373,1,q-bio.MN
12082,12751,2.352934267515801,1,q-bio.MN
1999,2771,0.36067376022224085,1,q-bio.MN
12006,12007,0.0,1,q-bio.MN
10231,10244,4.710387706027315,1,q-bio.MN
2670,2672,0.9102392266268373,1,q-bio.MN
14332,14333,1.7565682114889745,1,q-bio.MN
8529,8530,0.9102392266268373,1,q-bio.MN
12844,3135,1.5271285822344165,1,q-bio.MN
701,705,0.5138983423697507,1,q-bio.MN
5982,11095,1.3176224332480844,1,q-bio.MN
397,4021,1.4426950408889634,1,q-bio.MN
2275,3714,0.0,1,q-bio.MN
4023,4025,0.9102392266268373,1,q-bio.MN
591,2905,0.7213475204444817,1,q-bio.MN
702,703,2.463146542510823,1,q-bio.MN
2196,7613,2.4503585479599375,1,q-bio.MN
5949,5950,2.352934267515801,1,q-bio.MN
62,10610,2.351467115916727,1,q-bio.MN
3935,4501,3.074281787960283,1,q-bio.MN
507,14036,3.2434755365594343,1,q-bio.MN
10345,10350,0.9690179556831694,1,q-bio.MN
11891,11892,0.7213475204444817,1,q-bio.MN
13746,1002,0.9102392266268373,1,q-bio.MN
9548,11206,1.179445561110859,1,q-bio.MN
10506,10507,0.40242960438184466,1,q-bio.MN
73,1543,0.7213475204444817,1,q-bio.MN
4568,4572,2.21368270460664,1,q-bio.MN
1244,2161,0.0,1,q-bio.MN
374,376,1.631586747071319,1,q-bio.MN
373,376,0.7213475204444817,1,q-bio.MN
10343,10349,2.1154635213872655,1,q-bio.MN
270,4154,0.7213475204444817,1,q-bio.MN
7188,7189,1.6977894824326425,1,q-bio.MN
10233,10243,3.6099811113195868,1,q-bio.MN
10128,10133,2.4873592616372093,1,q-bio.MN
801,1464,3.263173494142638,1,q-bio.MN
7582,7584,1.4426950408889634,1,q-bio.MN
303,2078,0.6213349345596119,1,q-bio.MN
8379,8380,0.0,1,q-bio.MN
1996,4569,2.130029966262101,1,q-bio.MN
3181,14307,1.660343908073847,1,q-bio.MN
2854,3739,0.7213475204444817,1,q-bio.MN
1747,3847,2.0078185662275194,1,q-bio.MN
1507,1508,2.618149574982283,1,q-bio.MN
14414,14417,0.0,1,q-bio.MN
36,12760,0.0,1,q-bio.MN
1211,6642,0.9102392266268373,1,q-bio.MN
2161,10312,0.0,1,q-bio.MN
6628,14373,1.531574161186449,1,q-bio.MN
7168,7169,1.4426950408889634,1,q-bio.MN
10233,10240,2.506479981981305,1,q-bio.MN
301,3108,0.0,1,q-bio.MN
10128,10136,2.3843967653754685,1,q-bio.MN
10734,10743,2.2560594607425495,1,q-bio.MN
12043,12044,1.4426950408889634,1,q-bio.MN
886,296,0.0,1,q-bio.MN
5618,7578,0.0,1,q-bio.MN
260,3930,2.8853900817779268,1,q-bio.MN
11002,11003,1.3426824550040934,1,q-bio.MN
12846,14273,2.58514957957552,1,q-bio.MN
636,3846,2.6410677693754296,1,q-bio.MN
5241,5239,1.4683498531780845,1,q-bio.MN
11891,11894,0.0,1,q-bio.MN
7811,14331,2.1896973736225664,1,q-bio.MN
898,12774,0.9102392266268373,1,q-bio.MN
718,14402,0.0,1,q-bio.MN
312,10747,3.7802396159303866,1,q-bio.MN
3797,8176,0.9102392266268373,1,q-bio.MN
4705,4708,2.8853900817779268,1,q-bio.MN
1858,1859,0.5581106265512472,1,q-bio.MN
715,10137,2.5220937546159647,1,q-bio.MN
4568,5739,1.7427966693893766,1,q-bio.MN
7211,7215,2.064029975448575,1,q-bio.MN
14,12960,0.6213349345596119,1,q-bio.MN
12219,14363,0.7213475204444817,1,q-bio.MN
14320,14321,1.6345651744242777,1,q-bio.MN
12595,13292,0.9102392266268373,1,q-bio.MN
10348,10349,1.4941285868276535,1,q-bio.MN
125,967,1.8204784532536746,1,q-bio.MN
3174,3175,1.4426950408889634,1,q-bio.MN
7188,8278,0.45511961331341866,1,q-bio.MN
4895,4896,1.4426950408889634,1,q-bio.MN
10344,10354,2.8140107355351374,1,q-bio.MN
9379,9381,0.0,1,q-bio.MN
2236,3760,1.4426950408889634,1,q-bio.MN
7947,12026,0.5138983423697507,1,q-bio.MN
1503,1504,2.2559001089838895,1,q-bio.MN
7651,7652,0.0,1,q-bio.MN
909,910,0.0,1,q-bio.MN
11696,11698,0.7213475204444817,1,q-bio.MN
10230,10245,3.9801284608775767,1,q-bio.MN
5931,5933,0.0,1,q-bio.MN
10130,10132,2.076435001929924,1,q-bio.MN
10247,10249,3.666788358666299,1,q-bio.MN
2017,9320,0.7213475204444817,1,q-bio.MN
1206,4464,1.4426950408889634,1,q-bio.MN
2429,4619,1.179445561110859,1,q-bio.MN
493,1313,1.631586747071319,1,q-bio.MN
14362,14363,1.1764671337579005,1,q-bio.MN
38,37,0.7213475204444817,1,q-bio.MN
2952,2953,1.8640048036788355,1,q-bio.MN
10234,10238,1.8147785627105695,1,q-bio.MN
1784,1785,0.0,1,q-bio.MN
492,815,1.2352458628142324,1,q-bio.MN
1503,1507,1.6977894824326425,1,q-bio.MN
8700,8701,1.013230239864666,1,q-bio.MN
1136,1222,1.9577933602877229,1,q-bio.MN
869,6518,1.7603564939587166,1,q-bio.MN
599,3188,0.0,1,q-bio.MN
2516,3183,0.48089834696298783,1,q-bio.MN
701,704,1.9565933832587141,1,q-bio.MN
10736,10746,4.579099739554053,1,q-bio.MN
10245,10246,3.993461312847229,1,q-bio.MN
124,967,0.0,1,q-bio.MN
1611,10507,0.0,1,q-bio.MN
1116,2196,0.0,1,q-bio.MN
4516,4518,0.0,1,q-bio.MN
5950,6447,0.9102392266268373,1,q-bio.MN
8531,8530,0.9102392266268373,1,q-bio.MN
1979,1980,1.631586747071319,1,q-bio.MN
10735,10739,3.3186827224103617,1,q-bio.MN
1743,12760,0.0,1,q-bio.MN
9065,9066,2.3588911222217184,1,q-bio.MN
10313,10314,0.9102392266268373,1,q-bio.MN
1526,2220,0.9102392266268373,1,q-bio.MN
706,707,0.0,1,q-bio.MN
636,1999,1.8461643863935904,1,q-bio.MN
124,715,2.087799272712713,1,q-bio.MN
1116,1853,0.48089834696298783,1,q-bio.MN
12688,3301,0.9102392266268373,1,q-bio.MN
390,392,0.9102392266268373,1,q-bio.MN
9062,9069,1.179445561110859,1,q-bio.MN
10236,10247,4.036057731735155,1,q-bio.MN
3141,9340,0.0,1,q-bio.MN
1002,1003,5.427216055476084,1,q-bio.MN
10230,10234,3.67732014377653,1,q-bio.MN
14297,14298,0.0,1,q-bio.MN
4769,14359,1.4426950408889634,1,q-bio.MN
10343,10345,1.013230239864666,1,q-bio.MN
1211,10612,2.1742422504435974,1,q-bio.MN
1504,1510,2.085239208785664,1,q-bio.MN
757,758,0.9102392266268373,1,q-bio.MN
5617,5618,1.4426950408889634,1,q-bio.MN
2017,2483,2.799365467472952,1,q-bio.MN
468,4530,1.5324016849756201,1,q-bio.MN
8948,10592,1.013230239864666,1,q-bio.MN
4721,4724,2.164042561333445,1,q-bio.MN
489,2079,1.424137568996588,1,q-bio.MN
13775,14037,0.0,1,q-bio.MN
418,1612,0.0,1,q-bio.MN
10733,10738,4.918303415940473,1,q-bio.MN
450,14399,1.5086950317024894,1,q-bio.MN
922,14292,1.631586747071319,1,q-bio.MN
4837,12035,0.0,1,q-bio.MN
2077,2078,0.6213349345596119,1,q-bio.MN
10484,10486,2.8853900817779268,1,q-bio.MN
5724,14414,0.0,1,q-bio.MN
703,705,1.072008968920998,1,q-bio.MN
1925,1928,2.1882302220234924,1,q-bio.MN
8226,9854,0.0,1,q-bio.MN
2209,9531,1.1556420023477334,1,q-bio.MN
511,3582,1.9640173895637054,1,q-bio.MN
373,14321,2.115463521387266,1,q-bio.MN
2728,8286,0.0,1,q-bio.MN
9612,12791,0.0,1,q-bio.MN
512,5586,2.292688386860395,1,q-bio.MN
10132,10135,1.6734481725701928,1,q-bio.MN
8048,8051,2.0640299754485754,1,q-bio.MN
1370,2196,0.9187843867734881,1,q-bio.MN
6634,6636,1.1352332769293625,1,q-bio.MN
3729,3730,0.9102392266268373,1,q-bio.MN
125,10136,1.685369668330868,1,q-bio.MN
10247,10251,3.619025340310908,1,q-bio.MN
4265,6044,1.344533708530089,1,q-bio.MN
2939,2941,0.45511961331341866,1,q-bio.MN
62,10611,2.047151986896491,1,q-bio.MN
14316,14320,1.366186363729427,1,q-bio.MN
715,4505,2.580704000623487,1,q-bio.MN
10744,10745,2.939759540720411,1,q-bio.MN
2630,5916,0.45511961331341866,1,q-bio.MN
13921,13960,0.7213475204444817,1,q-bio.MN
1136,2736,1.5971196000654821,1,q-bio.MN
1376,4265,0.9102392266268373,1,q-bio.MN
186,189,3.683692336207213,1,q-bio.MN
10733,10745,3.734521025486832,1,q-bio.MN
10232,10250,3.638020233981687,1,q-bio.MN
8227,8228,1.4371283080952715,1,q-bio.MN
10240,10245,3.2469549003826312,1,q-bio.MN
1476,1477,0.0,1,q-bio.MN
124,127,3.872849807513819,1,q-bio.MN
573,2697,0.0,1,q-bio.MN
279,3426,0.6213349345596119,1,q-bio.MN
52,1712,0.48089834696298783,1,q-bio.MN
636,7035,0.0,1,q-bio.MN
313,10736,3.052015033856747,1,q-bio.MN
2670,2671,0.9102392266268373,1,q-bio.MN
14354,14355,1.4426950408889634,1,q-bio.MN
9062,9063,1.7375561876621064,1,q-bio.MN
468,10138,1.6645445369207008,1,q-bio.MN
2161,2162,0.0,1,q-bio.MN
3133,3134,2.9118724178562188,1,q-bio.MN
10235,10237,5.849509701811884,1,q-bio.MN
1506,1509,2.104251232612532,1,q-bio.MN
12748,12750,1.279458146995729,1,q-bio.MN
14396,14400,1.552907315883986,1,q-bio.MN
468,10134,2.932693489651702,1,q-bio.MN
9934,2519,0.4170323914242463,1,q-bio.MN
967,13188,0.0,1,q-bio.MN
7249,9838,1.279458146995729,1,q-bio.MN
7214,7215,2.064029975448575,1,q-bio.MN
10349,10352,1.552907315883986,1,q-bio.MN
325,329,3.127602338400001,1,q-bio.MN
2367,3733,0.0,1,q-bio.MN
1503,1512,2.2559001089838895,1,q-bio.MN
388,392,0.9102392266268373,1,q-bio.MN
6643,6644,1.4426950408889634,1,q-bio.MN
3846,3848,4.888408754168973,1,q-bio.MN
1747,14443,1.8204784532536746,1,q-bio.MN
801,9487,0.9102392266268373,1,q-bio.MN
144,4660,2.8853900817779268,1,q-bio.MN
4809,6993,0.0,1,q-bio.MN
10232,10241,3.916368305176732,1,q-bio.MN
226,4519,0.0,1,q-bio.MN
9064,9069,1.800780495670471,1,q-bio.MN
14365,14366,1.2426698691192237,1,q-bio.MN
17,3353,0.5581106265512472,1,q-bio.MN
142,2398,2.0640299754485754,1,q-bio.MN
1611,1370,2.7136080277380414,1,q-bio.MN
2079,279,0.0,1,q-bio.MN
3150,6517,1.039008973514235,1,q-bio.MN
1711,3617,0.7213475204444817,1,q-bio.MN
702,705,1.072008968920998,1,q-bio.MN
10982,10983,0.0,1,q-bio.MN
10237,10240,3.236423115272401,1,q-bio.MN
13038,14367,0.0,1,q-bio.MN
636,14313,0.0,1,q-bio.MN
6635,6637,2.112485094034307,1,q-bio.MN
1785,3214,0.0,1,q-bio.MN
9635,9636,1.0764545478730305,1,q-bio.MN
3845,3847,2.2380247705750103,1,q-bio.MN
8428,8429,2.3013768002166626,1,q-bio.MN
1853,1098,0.0,1,q-bio.MN
990,14293,2.9742692020754125,1,q-bio.MN
14414,14416,0.0,1,q-bio.MN
4838,6634,1.6161316238923504,1,q-bio.MN
7483,9008,1.631586747071319,1,q-bio.MN
5923,5924,1.8204784532536746,1,q-bio.MN
13292,14283,0.9102392266268373,1,q-bio.MN
2911,2913,1.8033688011112041,1,q-bio.MN
694,4951,1.4683498531780845,1,q-bio.MN
4837,9934,0.48089834696298783,1,q-bio.MN
3904,5023,1.2022458674074694,1,q-bio.MN
3904,5000,0.48089834696298783,1,q-bio.MN
12083,12084,0.6213349345596119,1,q-bio.MN
119,121,0.0,1,q-bio.MN
2267,2269,1.0764545478730305,1,q-bio.MN
6683,6684,0.3898712452512801,1,q-bio.MN
10242,10249,4.341118332958459,1,q-bio.MN
7611,9311,0.6213349345596119,1,q-bio.MN
9379,9380,0.0,1,q-bio.MN
120,14300,1.631586747071319,1,q-bio.MN
465,2158,2.0640299754485754,1,q-bio.MN
6433,6434,0.0,1,q-bio.MN
329,333,0.5138983423697507,1,q-bio.MN
699,703,2.463146542510823,1,q-bio.MN
12595,14283,0.9102392266268373,1,q-bio.MN
10233,10249,2.506479981981305,1,q-bio.MN
7710,7711,2.7249588087098724,1,q-bio.MN
10606,10608,1.3426824550040934,1,q-bio.MN
4619,11838,0.0,1,q-bio.MN
745,12967,0.0,1,q-bio.MN
7114,7115,0.0,1,q-bio.MN
808,10608,0.7213475204444817,1,q-bio.MN
7137,7138,0.0,1,q-bio.MN
699,702,2.463146542510823,1,q-bio.MN
655,5916,0.0,1,q-bio.MN
10733,10744,4.16045705256057,1,q-bio.MN
696,1684,2.9742692020754125,1,q-bio.MN
6642,6643,0.0,1,q-bio.MN
10232,10234,2.528408446797571,1,q-bio.MN
4753,4755,0.9102392266268373,1,q-bio.MN
435,1049,0.0,1,q-bio.MN
38,14403,1.1237771248263264,1,q-bio.MN
19,2162,1.4426950408889634,1,q-bio.MN
14331,14333,1.4683498531780845,1,q-bio.MN
9934,14371,0.0,1,q-bio.MN
323,2907,0.7716989774506997,1,q-bio.MN
636,1996,3.9761943526556918,1,q-bio.MN
112,512,1.897814654202382,1,q-bio.MN
10343,10346,2.17868782939563,1,q-bio.MN
13775,14451,1.800780495670471,1,q-bio.MN
1051,1050,0.0,1,q-bio.MN
54,6621,0.9102392266268373,1,q-bio.MN
627,4070,1.4426950408889634,1,q-bio.MN
180,187,2.417838058864457,1,q-bio.MN
10734,10736,1.5241801551878371,1,q-bio.MN
14351,14352,1.631586747071319,1,q-bio.MN
6811,14474,1.4426950408889634,1,q-bio.MN
127,10129,2.920854736727378,1,q-bio.MN
10604,10608,0.0,1,q-bio.MN
2908,14434,0.7213475204444817,1,q-bio.MN
323,886,0.0,1,q-bio.MN
557,2908,2.3025165695419023,1,q-bio.MN
1892,1116,0.40242960438184466,1,q-bio.MN
10232,10240,1.766883040069113,1,q-bio.MN
1510,1512,2.085239208785664,1,q-bio.MN
10743,10745,2.939759540720411,1,q-bio.MN
4049,9139,1.4426950408889634,1,q-bio.MN
6810,6811,0.45511961331341866,1,q-bio.MN
9311,11497,0.6213349345596119,1,q-bio.MN
636,7181,0.0,1,q-bio.MN
5933,8374,0.0,1,q-bio.MN
1108,2244,0.0,1,q-bio.MN
11028,14371,0.0,1,q-bio.MN
10345,10353,1.5859073112907487,1,q-bio.MN
636,7178,0.0,1,q-bio.MN
59,14329,1.1352332769293625,1,q-bio.MN
4920,4921,1.8204784532536746,1,q-bio.MN
6066,14430,0.9102392266268373,1,q-bio.MN
208,3313,1.4426950408889634,1,q-bio.MN
14456,14457,0.9102392266268373,1,q-bio.MN
5499,5500,0.0,1,q-bio.MN
9320,9321,0.0,1,q-bio.MN
12960,13301,1.4629070417448404,1,q-bio.MN
704,14404,1.7161442097772202,1,q-bio.MN
5023,5024,1.2022458674074694,1,q-bio.MN
512,6583,0.0,1,q-bio.MN
3103,11640,1.4426950408889634,1,q-bio.MN
14305,14307,1.179445561110859,1,q-bio.MN
909,2871,0.0,1,q-bio.MN
5300,10611,1.7375561876621062,1,q-bio.MN
10235,10251,4.746008572473601,1,q-bio.MN
11028,11031,1.7597148464283399,1,q-bio.MN
1892,9648,1.4426950408889634,1,q-bio.MN
599,1186,0.0,1,q-bio.MN
1925,1931,2.7463408485747394,1,q-bio.MN
10591,10593,1.013230239864666,1,q-bio.MN
5279,5280,0.6213349345596119,1,q-bio.MN
2015,2018,1.6743318796537416,1,q-bio.MN
1042,1043,0.0,1,q-bio.MN
1051,1052,1.4426950408889634,1,q-bio.MN
11447,11536,0.7213475204444817,1,q-bio.MN
3829,6600,0.9102392266268373,1,q-bio.MN
12042,12043,1.4426950408889634,1,q-bio.MN
44,1414,0.48089834696298783,1,q-bio.MN
3304,10472,0.0,1,q-bio.MN
636,11095,0.870769592214268,1,q-bio.MN
2014,2015,1.6743318796537416,1,q-bio.MN
8225,8226,1.531574161186449,1,q-bio.MN
1892,10507,0.40242960438184466,1,q-bio.MN
1507,1509,1.996814640422671,1,q-bio.MN
698,705,1.5859073112907487,1,q-bio.MN
294,295,2.064029975448575,1,q-bio.MN
2034,2035,0.0,1,q-bio.MN
10999,11003,1.3426824550040934,1,q-bio.MN
1774,1775,1.4426950408889634,1,q-bio.MN
730,2368,0.9102392266268373,1,q-bio.MN
13960,14281,0.5581106265512472,1,q-bio.MN
2382,2384,2.8853900817779268,1,q-bio.MN
2582,2583,0.0,1,q-bio.MN
2018,10984,0.9617966939259757,1,q-bio.MN
557,12711,0.40242960438184466,1,q-bio.MN
7193,8281,0.7213475204444817,1,q-bio.MN
4969,4970,0.0,1,q-bio.MN
1259,12026,0.930930733793997,1,q-bio.MN
306,11377,0.45511961331341866,1,q-bio.MN
8948,10591,1.013230239864666,1,q-bio.MN
3625,10739,3.8106172905178433,1,q-bio.MN
47,6600,2.352934267515801,1,q-bio.MN
14398,14399,0.48089834696298783,1,q-bio.MN
4252,10396,1.631586747071319,1,q-bio.MN
1543,3714,0.0,1,q-bio.MN
1136,2735,2.218454534625094,1,q-bio.MN
2772,11094,3.1428285839291403,1,q-bio.MN
10131,14381,0.0,1,q-bio.MN
1516,5411,0.0,1,q-bio.MN
3625,10740,4.615476499281533,1,q-bio.MN
4511,4512,1.039008973514235,1,q-bio.MN
1747,3848,1.682601241433934,1,q-bio.MN
10238,10243,3.2692996436499957,1,q-bio.MN
10149,10150,0.0,1,q-bio.MN
1601,8104,0.0,1,q-bio.MN
2015,2017,1.1162212531024944,1,q-bio.MN
2022,6171,1.8204784532536746,1,q-bio.MN
10242,10251,3.9804445727362183,1,q-bio.MN
910,2870,1.4426950408889634,1,q-bio.MN
297,886,0.0,1,q-bio.MN
9650,9651,1.4426950408889634,1,q-bio.MN
808,10605,1.631586747071319,1,q-bio.MN
4619,7471,1.279458146995729,1,q-bio.MN
2937,2942,1.4426950408889634,1,q-bio.MN
4505,4512,1.039008973514235,1,q-bio.MN
1514,5411,0.0,1,q-bio.MN
1853,1854,0.0,1,q-bio.MN
7188,7193,1.9640173895637054,1,q-bio.MN
5498,1008,0.5138983423697507,1,q-bio.MN
293,294,2.064029975448575,1,q-bio.MN
10229,10234,4.760219400932387,1,q-bio.MN
10228,10236,4.384276616476877,1,q-bio.MN
10348,10353,0.5138983423697507,1,q-bio.MN
636,14314,0.0,1,q-bio.MN
10234,10242,4.012026846173581,1,q-bio.MN
2017,10983,0.48089834696298783,1,q-bio.MN
180,188,3.8605330997534204,1,q-bio.MN
1505,1506,2.0410269246041675,1,q-bio.MN
123,11546,0.0,1,q-bio.MN
1325,6128,0.0,1,q-bio.MN
636,7179,0.45511961331341866,1,q-bio.MN
14396,14398,0.9947966893327386,1,q-bio.MN
10231,10243,4.319322372428258,1,q-bio.MN
2670,9838,1.279458146995729,1,q-bio.MN
946,14418,1.6045152358830874,1,q-bio.MN
4099,4100,1.4426950408889634,1,q-bio.MN
330,333,1.0277966847395015,1,q-bio.MN
5001,5733,0.0,1,q-bio.MN
9066,9068,1.7375561876621064,1,q-bio.MN
5300,10613,2.218454534625094,1,q-bio.MN
1003,10322,1.4426950408889634,1,q-bio.MN
6362,6363,0.0,1,q-bio.MN
10132,10133,2.0445701244085166,1,q-bio.MN
11480,11481,0.9102392266268373,1,q-bio.MN
298,3190,2.544928322411563,1,q-bio.MN
4962,10899,0.9102392266268373,1,q-bio.MN
2908,14419,1.100270702134433,1,q-bio.MN
10231,10232,4.351650118068689,1,q-bio.MN
139,140,0.9102392266268373,1,q-bio.MN
5280,5281,0.6213349345596119,1,q-bio.MN
4528,4530,1.5324016849756201,1,q-bio.MN
13,297,0.0,1,q-bio.MN
1456,9354,1.4426950408889634,1,q-bio.MN
5616,7578,0.9102392266268373,1,q-bio.MN
6052,14381,0.0,1,q-bio.MN
5498,5500,0.6213349345596119,1,q-bio.MN
886,983,0.0,1,q-bio.MN
10234,10237,3.2594097758631495,1,q-bio.MN
10344,10350,1.013230239864666,1,q-bio.MN
14414,14415,0.0,1,q-bio.MN
10236,10246,3.603590067595949,1,q-bio.MN
2161,6334,0.0,1,q-bio.MN
36,38,1.1237771248263264,1,q-bio.MN
2729,2730,0.0,1,q-bio.MN
7947,12025,1.1352332769293625,1,q-bio.MN
312,10734,2.2820265185677395,1,q-bio.MN
10313,10316,0.9102392266268373,1,q-bio.MN
3476,5104,2.1630299616688644,1,q-bio.MN
14396,14397,2.0668056582537364,1,q-bio.MN
3935,5039,0.7213475204444817,1,q-bio.MN
10348,10350,1.4499163026461572,1,q-bio.MN
7678,7681,1.8204784532536746,1,q-bio.MN
992,12186,0.0,1,q-bio.MN
4753,4754,0.9102392266268373,1,q-bio.MN
14397,14398,1.6161316238923504,1,q-bio.MN
5410,5411,0.0,1,q-bio.MN
745,924,0.7213475204444817,1,q-bio.MN
10235,10250,4.747944744737218,1,q-bio.MN
2210,14307,1.039008973514235,1,q-bio.MN
11553,11552,0.9102392266268373,1,q-bio.MN
183,190,0.8979307383872341,1,q-bio.MN
6810,8700,1.9234694664915033,1,q-bio.MN
7778,10740,3.043533325738304,1,q-bio.MN
5498,5501,1.1352332769293625,1,q-bio.MN
172,862,1.2426698691192237,1,q-bio.MN
1252,3848,1.6383889572524375,1,q-bio.MN
313,4379,1.2891624083167885,1,q-bio.MN
2495,3289,0.36926937306885504,1,q-bio.MN
10240,10246,2.5284084467975716,1,q-bio.MN
991,1740,1.2022458674074694,1,q-bio.MN
14348,14349,2.541825973698156,1,q-bio.MN
125,468,1.2941160105561909,1,q-bio.MN
184,5660,0.9481928242730024,1,q-bio.MN
125,715,1.685369668330868,1,q-bio.MN
450,578,2.0225933740722404,1,q-bio.MN
14263,14264,1.8204784532536746,1,q-bio.MN
13,886,0.0,1,q-bio.MN
14271,14272,2.655140597406586,1,q-bio.MN
7188,8279,0.45511961331341866,1,q-bio.MN
378,14322,1.4426950408889634,1,q-bio.MN
11447,11448,0.0,1,q-bio.MN
1050,1053,1.4426950408889634,1,q-bio.MN
7188,8280,0.45511961331341866,1,q-bio.MN
2210,5239,1.4683498531780845,1,q-bio.MN
2426,2427,0.0,1,q-bio.MN
2463,2464,0.0,1,q-bio.MN
279,10904,0.0,0,q-bio.MN
1743,2495,0.0,0,q-bio.MN
292,5928,0.0,0,q-bio.MN
2366,5930,0.0,0,q-bio.MN
718,12025,0.0,0,q-bio.MN
6637,11029,0.0,0,q-bio.MN
5499,14364,0.0,0,q-bio.MN
1027,6642,0.0,0,q-bio.MN
8096,9452,0.0,0,q-bio.MN
1291,3701,0.0,0,q-bio.MN
10383,14266,0.0,0,q-bio.MN
10997,11447,0.0,0,q-bio.MN
2771,2955,0.0,0,q-bio.MN
555,9523,0.0,0,q-bio.MN
1836,8339,0.0,0,q-bio.MN
3780,10190,0.0,0,q-bio.MN
291,14459,0.0,0,q-bio.MN
2730,4760,0.0,0,q-bio.MN
3714,3847,0.0,0,q-bio.MN
12035,14343,0.0,0,q-bio.MN
634,3934,0.0,0,q-bio.MN
12083,14392,0.0,0,q-bio.MN
5025,14282,0.0,0,q-bio.MN
4154,11447,0.0,0,q-bio.MN
5690,11029,0.0,0,q-bio.MN
7483,9648,0.0,0,q-bio.MN
9405,13812,0.0,0,q-bio.MN
5660,7730,0.0,0,q-bio.MN
1831,5636,0.0,0,q-bio.MN
2209,10134,0.0,0,q-bio.MN
8339,10243,0.0,0,q-bio.MN
328,2206,0.0,0,q-bio.MN
635,6644,0.0,0,q-bio.MN
1998,10606,0.0,0,q-bio.MN
703,7187,0.0,0,q-bio.MN
3582,3849,0.0,0,q-bio.MN
7811,10343,0.0,0,q-bio.MN
3262,12219,0.0,0,q-bio.MN
2161,8427,0.0,0,q-bio.MN
3751,10940,0.0,0,q-bio.MN
557,1858,0.0,0,q-bio.MN
4802,14404,0.0,0,q-bio.MN
8135,14385,0.0,0,q-bio.MN
6810,14452,0.0,0,q-bio.MN
4193,9354,0.0,0,q-bio.MN
4265,7216,0.0,0,q-bio.MN
333,10897,0.0,0,q-bio.MN
3212,4252,0.0,0,q-bio.MN
201,4838,0.0,0,q-bio.MN
463,557,0.0,0,q-bio.MN
1861,6274,0.0,0,q-bio.MN
5189,12058,0.0,0,q-bio.MN
313,4661,0.0,0,q-bio.MN
10743,13767,0.0,0,q-bio.MN
153,9636,0.0,0,q-bio.MN
5189,9425,0.0,0,q-bio.MN
1014,2484,0.0,0,q-bio.MN
8176,11142,0.0,0,q-bio.MN
2017,2366,0.0,0,q-bio.MN
9452,14291,0.0,0,q-bio.MN
7472,14305,0.0,0,q-bio.MN
4086,10395,0.0,0,q-bio.MN
718,5240,0.0,0,q-bio.MN
2342,14329,0.0,0,q-bio.MN
6128,10612,0.0,0,q-bio.MN
36,2164,0.0,0,q-bio.MN
1837,14431,0.0,0,q-bio.MN
184,4223,0.0,0,q-bio.MN
172,2671,0.0,0,q-bio.MN
121,2635,0.0,0,q-bio.MN
5639,8187,0.0,0,q-bio.MN
2741,14312,0.0,0,q-bio.MN
308,4020,0.0,0,q-bio.MN
3212,12375,0.0,0,q-bio.MN
2052,7176,0.0,0,q-bio.MN
1621,12740,0.0,0,q-bio.MN
323,8340,0.0,0,q-bio.MN
6623,12006,0.0,0,q-bio.MN
1041,5102,0.0,0,q-bio.MN
1978,2635,0.0,0,q-bio.MN
126,10315,0.0,0,q-bio.MN
1359,9320,0.0,0,q-bio.MN
3748,6594,0.0,0,q-bio.MN
2161,2518,0.0,0,q-bio.MN
4481,14447,0.0,0,q-bio.MN
1319,6898,0.0,0,q-bio.MN
1509,3733,0.0,0,q-bio.MN
10395,12024,0.0,0,q-bio.MN
1196,7712,0.43429448190325176,0,q-bio.MN
5038,14373,0.0,0,q-bio.MN
2906,3264,0.0,0,q-bio.MN
2300,12750,0.0,0,q-bio.MN
4042,8096,0.0,0,q-bio.MN
1645,10869,0.0,0,q-bio.MN
2741,5411,0.0,0,q-bio.MN
1932,5767,0.0,0,q-bio.MN
2158,4044,0.0,0,q-bio.MN
7712,14385,0.0,0,q-bio.MN
947,1122,0.0,0,q-bio.MN
1505,9406,0.0,0,q-bio.MN
1469,2906,0.0,0,q-bio.MN
4761,6629,0.0,0,q-bio.MN
4462,5411,0.0,0,q-bio.MN
2463,4756,0.0,0,q-bio.MN
392,1543,0.0,0,q-bio.MN
9928,10962,0.0,0,q-bio.MN
4243,9592,0.0,0,q-bio.MN
4754,7416,0.0,0,q-bio.MN
19,1526,0.0,0,q-bio.MN
1070,9423,0.0,0,q-bio.MN
555,1259,0.0,0,q-bio.MN
1570,3748,0.0,0,q-bio.MN
6036,10883,0.0,0,q-bio.MN
152,4023,0.0,0,q-bio.MN
9063,13301,0.0,0,q-bio.MN
638,6406,0.0,0,q-bio.MN
1932,3444,0.0,0,q-bio.MN
1211,2503,0.0,0,q-bio.MN
1979,9941,0.0,0,q-bio.MN
5408,12083,0.0,0,q-bio.MN
4661,11529,0.0,0,q-bio.MN
2453,14379,0.0,0,q-bio.MN
54,455,0.0,0,q-bio.MN
260,703,0.0,0,q-bio.MN
59,1464,0.0,0,q-bio.MN
910,934,0.0,0,q-bio.MN
4771,12038,0.0,0,q-bio.MN
1667,3518,0.0,0,q-bio.MN
758,11911,0.0,0,q-bio.MN
1111,1113,0.0,0,q-bio.MN
272,4070,0.0,0,q-bio.MN
11207,14396,0.0,0,q-bio.MN
4099,10593,0.0,0,q-bio.MN
388,3607,0.0,0,q-bio.MN
9635,13301,0.0,0,q-bio.MN
5739,9082,0.0,0,q-bio.MN
1684,8046,0.0,0,q-bio.MN
1226,6274,0.0,0,q-bio.MN
6363,14279,0.0,0,q-bio.MN
7188,14365,0.0,0,q-bio.MN
2495,6406,0.0,0,q-bio.MN
3549,5845,0.0,0,q-bio.MN
39,331,0.0,0,q-bio.MN
2041,10135,0.0,0,q-bio.MN
1014,1930,0.0,0,q-bio.MN
2463,8058,0.0,0,q-bio.MN
849,10246,0.0,0,q-bio.MN
5505,9009,0.0,0,q-bio.MN
1173,12967,0.0,0,q-bio.MN
5860,7260,0.0,0,q-bio.MN
44,2341,0.0,0,q-bio.MN
578,6067,0.0,0,q-bio.MN
291,9955,0.0,0,q-bio.MN
1110,7276,0.0,0,q-bio.MN
2368,6594,0.0,0,q-bio.MN
3175,10240,0.0,0,q-bio.MN
1512,6273,0.0,0,q-bio.MN
1511,9426,0.0,0,q-bio.MN
4042,10189,0.0,0,q-bio.MN
5757,7778,0.0,0,q-bio.MN
591,14426,0.0,0,q-bio.MN
4938,4962,0.0,0,q-bio.MN
14363,14461,0.0,0,q-bio.MN
1186,14428,0.0,0,q-bio.MN
5618,10984,0.0,0,q-bio.MN
604,5194,0.0,0,q-bio.MN
909,6315,0.0,0,q-bio.MN
12782,14328,0.0,0,q-bio.MN
764,12084,0.0,0,q-bio.MN
1997,12711,0.0,0,q-bio.MN
1711,6594,0.0,0,q-bio.MN
457,1477,0.0,0,q-bio.MN
1015,8050,0.0,0,q-bio.MN
1414,1621,0.0,0,q-bio.MN
1111,1858,0.0,0,q-bio.MN
1740,5843,0.0,0,q-bio.MN
2615,12751,0.0,0,q-bio.MN
6066,11116,0.0,0,q-bio.MN
11696,14295,0.0,0,q-bio.MN
10384,12791,0.0,0,q-bio.MN
5377,6622,0.0,0,q-bio.MN
187,3477,0.0,0,q-bio.MN
7179,14415,0.0,0,q-bio.MN
3905,6405,0.0,0,q-bio.MN
5684,11743,0.0,0,q-bio.MN
121,1811,0.0,0,q-bio.MN
1125,1374,0.0,0,q-bio.MN
1050,10249,0.0,0,q-bio.MN
2344,2430,0.0,0,q-bio.MN
2121,8685,0.0,0,q-bio.MN
1190,14439,0.0,0,q-bio.MN
4759,14251,0.0,0,q-bio.MN
5739,9454,0.0,0,q-bio.MN
5194,7516,0.0,0,q-bio.MN
762,12680,0.0,0,q-bio.MN
330,511,0.0,0,q-bio.MN
79,3629,0.0,0,q-bio.MN
774,896,0.0,0,q-bio.MN
2398,14344,0.0,0,q-bio.MN
9063,9355,0.0,0,q-bio.MN
8049,10236,0.0,0,q-bio.MN
1932,10582,0.0,0,q-bio.MN
1511,6635,0.0,0,q-bio.MN
12219,14475,0.0,0,q-bio.MN
1527,1646,0.0,0,q-bio.MN
1317,1836,0.0,0,q-bio.MN
291,7191,0.0,0,q-bio.MN
14331,14360,0.0,0,q-bio.MN
1668,5724,0.0,0,q-bio.MN
8913,10188,0.0,0,q-bio.MN
147,10453,0.0,0,q-bio.MN
9875,14459,0.0,0,q-bio.MN
8992,11393,0.0,0,q-bio.MN
4013,14448,0.0,0,q-bio.MN
933,7179,0.0,0,q-bio.MN
945,12257,0.0,0,q-bio.MN
2017,8038,0.0,0,q-bio.MN
468,2268,0.0,0,q-bio.MN
494,7891,0.0,0,q-bio.MN
4354,10149,0.0,0,q-bio.MN
4100,4253,0.0,0,q-bio.MN
2113,7526,0.0,0,q-bio.MN
1747,9098,0.0,0,q-bio.MN
1108,2210,0.0,0,q-bio.MN
2311,7114,0.0,0,q-bio.MN
5282,14287,0.0,0,q-bio.MN
3918,4761,0.0,0,q-bio.MN
1186,1730,0.0,0,q-bio.MN
303,3521,0.0,0,q-bio.MN
2490,14395,0.0,0,q-bio.MN
984,3730,0.0,0,q-bio.MN
1211,2061,0.0,0,q-bio.MN
14037,14430,0.0,0,q-bio.MN
801,5860,0.0,0,q-bio.MN
4568,10383,0.0,0,q-bio.MN
808,12791,0.0,0,q-bio.MN
3300,11002,0.0,0,q-bio.MN
10195,10240,0.0,0,q-bio.MN
1860,10472,0.0,0,q-bio.MN
4754,14405,0.0,0,q-bio.MN
3761,7950,0.0,0,q-bio.MN
509,3473,0.0,0,q-bio.MN
80,4769,0.0,0,q-bio.MN
313,1859,0.0,0,q-bio.MN
2343,8994,0.0,0,q-bio.MN
1141,14266,0.0,0,q-bio.MN
1027,9424,0.0,0,q-bio.MN
7629,10395,0.0,0,q-bio.MN
1003,10271,0.0,0,q-bio.MN
412,3796,0.0,0,q-bio.MN
599,12024,0.0,0,q-bio.MN
3462,4895,0.0,0,q-bio.MN
6661,14290,0.0,0,q-bio.MN
817,9452,0.0,0,q-bio.MN
913,2268,0.0,0,q-bio.MN
45,2300,0.0,0,q-bio.MN
1475,11029,0.0,0,q-bio.MN
212,5177,0.0,0,q-bio.MN
4723,11030,0.0,0,q-bio.MN
1776,1810,0.0,0,q-bio.MN
229,916,0.0,0,q-bio.MN
1125,10507,0.0,0,q-bio.MN
7180,9521,0.0,0,q-bio.MN
8060,11377,0.0,0,q-bio.MN
1475,9555,0.0,0,q-bio.MN
297,1892,0.0,0,q-bio.MN
1836,10766,0.0,0,q-bio.MN
9955,14037,0.0,0,q-bio.MN
1108,5588,0.0,0,q-bio.MN
4021,7585,0.0,0,q-bio.MN
58,14289,0.0,0,q-bio.MN
2162,6595,0.0,0,q-bio.MN
36,139,0.0,0,q-bio.MN
2497,7250,0.0,0,q-bio.MN
291,7428,0.0,0,q-bio.MN
1252,14376,0.0,0,q-bio.MN
2635,2772,0.0,0,q-bio.MN
6518,10606,0.0,0,q-bio.MN
301,815,0.0,0,q-bio.MN
5082,7584,0.0,0,q-bio.MN
137,14289,0.0,0,q-bio.MN
6416,9008,0.0,0,q-bio.MN
8286,14366,0.0,0,q-bio.MN
10736,12023,0.0,0,q-bio.MN
1926,5411,0.0,0,q-bio.MN
11199,11268,0.0,0,q-bio.MN
3303,14400,0.0,0,q-bio.MN
2938,11687,0.0,0,q-bio.MN
2656,9067,0.0,0,q-bio.MN
432,2048,0.0,0,q-bio.MN
2343,11743,0.0,0,q-bio.MN
12035,14258,0.0,0,q-bio.MN
5586,11552,0.0,0,q-bio.MN
1925,3353,0.0,0,q-bio.MN
495,9423,0.0,0,q-bio.MN
2872,7248,0.0,0,q-bio.MN
2911,9064,0.0,0,q-bio.MN
4895,5618,0.0,0,q-bio.MN
5634,5976,0.0,0,q-bio.MN
6364,6468,0.0,0,q-bio.MN
330,9612,0.0,0,q-bio.MN
7193,9068,0.0,0,q-bio.MN
947,3918,0.0,0,q-bio.MN
10249,14402,0.0,0,q-bio.MN
7907,10128,0.0,0,q-bio.MN
1116,3619,0.0,0,q-bio.MN
5187,10607,0.0,0,q-bio.MN
187,10484,0.0,0,q-bio.MN
2411,8188,0.0,0,q-bio.MN
8021,10644,0.0,0,q-bio.MN
6583,10941,0.0,0,q-bio.MN
2382,5281,0.0,0,q-bio.MN
4662,9064,0.0,0,q-bio.MN
330,10142,0.0,0,q-bio.MN
4921,5639,0.0,0,q-bio.MN
9069,14460,0.0,0,q-bio.MN
4012,14459,0.0,0,q-bio.MN
4802,10136,0.0,0,q-bio.MN
8427,11695,0.0,0,q-bio.MN
1774,2020,0.0,0,q-bio.MN
9651,11536,0.0,0,q-bio.MN
2228,7950,0.0,0,q-bio.MN
774,14328,0.0,0,q-bio.MN
2497,14420,0.0,0,q-bio.MN
2368,11893,0.0,0,q-bio.MN
7034,11267,0.0,0,q-bio.MN
330,14437,0.0,0,q-bio.MN
1601,14353,0.0,0,q-bio.MN
2678,8177,0.0,0,q-bio.MN
2160,14478,0.0,0,q-bio.MN
493,5684,0.0,0,q-bio.MN
922,1251,0.0,0,q-bio.MN
137,5500,0.0,0,q-bio.MN
3796,7628,0.0,0,q-bio.MN
12967,14322,0.0,0,q-bio.MN
3731,8047,0.0,0,q-bio.MN
184,1667,0.0,0,q-bio.MN
331,1600,0.0,0,q-bio.MN
1851,5506,0.0,0,q-bio.MN
8948,12058,0.0,0,q-bio.MN
1251,7613,0.0,0,q-bio.MN
10233,10746,0.0,0,q-bio.MN
330,10528,0.0,0,q-bio.MN
7483,12038,0.0,0,q-bio.MN
3173,10236,0.0,0,q-bio.MN
2268,10130,0.0,0,q-bio.MN
1508,14036,0.0,0,q-bio.MN
2677,7180,0.0,0,q-bio.MN
4354,14447,0.0,0,q-bio.MN
12760,14266,0.0,0,q-bio.MN
812,5683,0.0,0,q-bio.MN
5030,5523,0.0,0,q-bio.MN
4755,9138,0.0,0,q-bio.MN
2245,3730,0.0,0,q-bio.MN
4756,8685,0.0,0,q-bio.MN
491,2735,0.0,0,q-bio.MN
869,1226,0.0,0,q-bio.MN
142,3521,0.0,0,q-bio.MN
512,2300,0.0,0,q-bio.MN
1812,3183,0.0,0,q-bio.MN
1644,5176,0.0,0,q-bio.MN
9082,11267,0.0,0,q-bio.MN
2745,14462,0.0,0,q-bio.MN
2121,13243,0.0,0,q-bio.MN
3582,7151,0.0,0,q-bio.MN
4505,14463,0.0,0,q-bio.MN
765,5616,0.0,0,q-bio.MN
6636,6643,0.0,0,q-bio.MN
3882,9487,0.0,0,q-bio.MN
5523,14446,0.0,0,q-bio.MN
7211,14342,0.0,0,q-bio.MN
2912,12024,0.0,0,q-bio.MN
9069,10528,0.0,0,q-bio.MN
9069,14302,0.0,0,q-bio.MN
2843,3797,0.0,0,q-bio.MN
229,5102,0.0,0,q-bio.MN
7222,7526,0.0,0,q-bio.MN
376,2906,0.0,0,q-bio.MN
9636,10733,0.0,0,q-bio.MN
1252,12748,0.0,0,q-bio.MN
6272,8419,0.0,0,q-bio.MN
1771,11525,0.0,0,q-bio.MN
490,10228,0.0,0,q-bio.MN
145,8891,0.0,0,q-bio.MN
4837,14392,0.0,0,q-bio.MN
1226,7115,0.0,0,q-bio.MN
1527,3845,0.0,0,q-bio.MN
5300,10236,0.0,0,q-bio.MN
2518,14339,0.0,0,q-bio.MN
3934,9008,0.0,0,q-bio.MN
187,11395,0.0,0,q-bio.MN
1540,6273,0.0,0,q-bio.MN
1858,10384,0.0,0,q-bio.MN
4620,4725,0.0,0,q-bio.MN
47,9523,0.0,0,q-bio.MN
1774,5137,0.0,0,q-bio.MN
6637,8790,0.0,0,q-bio.MN
10271,11639,0.0,0,q-bio.MN
3104,12845,0.0,0,q-bio.MN
769,3214,0.0,0,q-bio.MN
3518,7219,0.0,0,q-bio.MN
4480,9455,0.0,0,q-bio.MN
2999,7176,0.0,0,q-bio.MN
5704,8869,0.0,0,q-bio.MN
4756,6577,0.0,0,q-bio.MN
557,1911,0.0,0,q-bio.MN
333,4507,0.0,0,q-bio.MN
5951,8773,0.0,0,q-bio.MN
7629,10999,0.0,0,q-bio.MN
2912,10581,0.0,0,q-bio.MN
5588,14301,0.0,0,q-bio.MN
4771,9612,0.0,0,q-bio.MN
4391,10383,0.0,0,q-bio.MN
1623,9555,0.0,0,q-bio.MN
496,1510,0.0,0,q-bio.MN
6517,10581,0.0,0,q-bio.MN
226,6363,0.0,0,q-bio.MN
1311,9545,0.0,0,q-bio.MN
557,1776,0.0,0,q-bio.MN
959,1509,0.0,0,q-bio.MN
3919,14463,0.0,0,q-bio.MN
8230,9009,0.0,0,q-bio.MN
1022,3700,0.0,0,q-bio.MN
45,14262,0.0,0,q-bio.MN
2453,12065,0.0,0,q-bio.MN
7015,7276,0.0,0,q-bio.MN
7583,9454,0.0,0,q-bio.MN
6585,11911,0.0,0,q-bio.MN
1076,7948,0.0,0,q-bio.MN
3550,5724,0.0,0,q-bio.MN
388,2843,0.0,0,q-bio.MN
2082,10608,0.0,0,q-bio.MN
6622,12058,0.0,0,q-bio.MN
718,6272,0.0,0,q-bio.MN
1743,5638,0.0,0,q-bio.MN
1052,10507,0.0,0,q-bio.MN
4725,5025,0.0,0,q-bio.MN
10194,10322,0.0,0,q-bio.MN
5031,11395,0.0,0,q-bio.MN
10738,10983,0.0,0,q-bio.MN
1712,10135,0.0,0,q-bio.MN
4256,14373,0.0,0,q-bio.MN
2952,10231,0.0,0,q-bio.MN
5704,14260,0.0,0,q-bio.MN
1932,5281,0.0,0,q-bio.MN
125,1858,0.0,0,q-bio.MN
10239,10747,0.0,0,q-bio.MN
3747,10941,0.0,0,q-bio.MN
10374,10962,0.0,0,q-bio.MN
2678,5241,0.0,0,q-bio.MN
2209,5684,0.0,0,q-bio.MN
512,8948,0.0,0,q-bio.MN
694,1996,0.0,0,q-bio.MN
5239,14416,0.0,0,q-bio.MN
2652,2745,0.0,0,q-bio.MN
127,317,0.0,0,q-bio.MN
3552,11394,0.0,0,q-bio.MN
9942,11143,0.0,0,q-bio.MN
839,11823,0.0,0,q-bio.MN
4502,5501,0.0,0,q-bio.MN
7078,10765,0.0,0,q-bio.MN
6683,10315,0.0,0,q-bio.MN
7862,8357,0.0,0,q-bio.MN
4012,11891,0.0,0,q-bio.MN
3299,3733,0.0,0,q-bio.MN
1669,1892,0.0,0,q-bio.MN
2734,12753,0.0,0,q-bio.MN
5940,14310,0.0,0,q-bio.MN
9637,14317,0.0,0,q-bio.MN
1939,10136,0.0,0,q-bio.MN
4760,11394,0.0,0,q-bio.MN
2463,2823,0.0,0,q-bio.MN
1116,10230,0.0,0,q-bio.MN
7428,10078,0.0,0,q-bio.MN
2046,5024,0.0,0,q-bio.MN
2736,7191,0.0,0,q-bio.MN
2434,10353,0.0,0,q-bio.MN
11448,14274,0.0,0,q-bio.MN
11697,14350,0.0,0,q-bio.MN
12183,14314,0.0,0,q-bio.MN
1666,8177,0.0,0,q-bio.MN
1981,10138,0.0,0,q-bio.MN
2728,10323,0.0,0,q-bio.MN
142,10137,0.0,0,q-bio.MN
2431,3550,0.0,0,q-bio.MN
124,14451,0.0,0,q-bio.MN
2020,11396,0.0,0,q-bio.MN
11524,14278,0.0,0,q-bio.MN
5499,14460,0.0,0,q-bio.MN
1568,4087,0.0,0,q-bio.MN
7517,10128,0.0,0,q-bio.MN
2367,7586,0.0,0,q-bio.MN
1110,13188,0.0,0,q-bio.MN
694,14414,0.0,0,q-bio.MN
199,4529,0.0,0,q-bio.MN
1215,7212,0.0,0,q-bio.MN
462,14275,0.0,0,q-bio.MN
7193,13423,0.0,0,q-bio.MN
2734,14460,0.0,0,q-bio.MN
11094,14419,0.0,0,q-bio.MN
10581,12186,0.0,0,q-bio.MN
1623,7015,0.0,0,q-bio.MN
2196,5754,0.0,0,q-bio.MN
1055,11698,0.0,0,q-bio.MN
2426,10646,0.0,0,q-bio.MN
5081,7652,0.0,0,q-bio.MN
1545,14451,0.0,0,q-bio.MN
5082,11687,0.0,0,q-bio.MN
2871,14312,0.0,0,q-bio.MN
1319,8864,0.0,0,q-bio.MN
4660,11698,0.0,0,q-bio.MN
11497,12185,0.0,0,q-bio.MN
1190,4024,0.0,0,q-bio.MN
2034,6622,0.0,0,q-bio.MN
1423,10242,0.0,0,q-bio.MN
1215,14414,0.0,0,q-bio.MN
1508,12025,0.0,0,q-bio.MN
4759,14291,0.0,0,q-bio.MN
1810,14434,0.0,0,q-bio.MN
5976,14273,0.0,0,q-bio.MN
11688,11743,0.0,0,q-bio.MN
7035,8021,0.0,0,q-bio.MN
8670,14298,0.0,0,q-bio.MN
1474,10720,0.0,0,q-bio.MN
5724,14317,0.0,0,q-bio.MN
699,12035,0.0,0,q-bio.MN
3714,14281,0.0,0,q-bio.MN
4512,12711,0.0,0,q-bio.MN
4507,7034,0.0,0,q-bio.MN
2236,8135,0.0,0,q-bio.MN
920,5587,0.0,0,q-bio.MN
1599,2367,0.0,0,q-bio.MN
1527,11894,0.0,0,q-bio.MN
933,4721,0.0,0,q-bio.MN
627,1277,0.0,0,q-bio.MN
3134,14407,0.0,0,q-bio.MN
1570,5031,0.0,0,q-bio.MN
9138,11887,0.0,0,q-bio.MN
2483,3829,0.0,0,q-bio.MN
350,8049,0.0,0,q-bio.MN
913,4510,0.0,0,q-bio.MN
585,1545,0.0,0,q-bio.MN
1771,5951,0.0,0,q-bio.MN
708,10237,0.0,0,q-bio.MN
829,12760,0.0,0,q-bio.MN
6308,14458,0.0,0,q-bio.MN
2938,6642,0.0,0,q-bio.MN
2080,6468,0.0,0,q-bio.MN
5931,7817,0.0,0,q-bio.MN
2907,12006,0.0,0,q-bio.MN
7948,13045,0.0,0,q-bio.MN
2383,8702,0.0,0,q-bio.MN
390,7465,0.0,0,q-bio.MN
9555,14265,0.0,0,q-bio.MN
1469,12083,0.0,0,q-bio.MN
62,1113,0.0,0,q-bio.MN
1022,3141,0.0,0,q-bio.MN
808,1055,0.0,0,q-bio.MN
6852,11687,0.0,0,q-bio.MN
9865,10149,0.0,0,q-bio.MN
769,9066,0.0,0,q-bio.MN
4722,6271,0.0,0,q-bio.MN
303,4464,0.0,0,q-bio.MN
2427,11377,0.0,0,q-bio.MN
3228,9068,0.0,0,q-bio.MN
2651,5758,0.0,0,q-bio.MN
229,9866,0.0,0,q-bio.MN
7188,7947,0.0,0,q-bio.MN
182,8869,0.0,0,q-bio.MN
11912,12772,0.0,0,q-bio.MN
638,2077,0.0,0,q-bio.MN
313,14313,0.0,0,q-bio.MN
2427,14351,0.0,0,q-bio.MN
2196,3264,0.0,0,q-bio.MN
1568,10349,0.0,0,q-bio.MN
5240,13301,0.0,0,q-bio.MN
304,1423,0.0,0,q-bio.MN
14,272,0.0,0,q-bio.MN
4116,5023,0.0,0,q-bio.MN
2582,5105,0.0,0,q-bio.MN
11525,12219,0.0,0,q-bio.MN
7472,13767,0.0,0,q-bio.MN
329,5635,0.0,0,q-bio.MN
2206,14388,0.0,0,q-bio.MN
1423,3551,0.0,0,q-bio.MN
706,10735,0.0,0,q-bio.MN
120,8530,0.0,0,q-bio.MN
6595,10354,0.0,0,q-bio.MN
331,1623,0.0,0,q-bio.MN
2343,10229,0.0,0,q-bio.MN
3746,6518,0.0,0,q-bio.MN
495,14325,0.0,0,q-bio.MN
9839,11822,0.0,0,q-bio.MN
3302,8994,0.0,0,q-bio.MN
4969,10982,0.0,0,q-bio.MN
6457,10905,0.0,0,q-bio.MN
2040,10438,0.0,0,q-bio.MN
9636,12774,0.0,0,q-bio.MN
2516,5025,0.0,0,q-bio.MN
4023,8345,0.0,0,q-bio.MN
920,6642,0.0,0,q-bio.MN
808,10611,0.0,0,q-bio.MN
5239,12392,0.0,0,q-bio.MN
2018,6743,0.0,0,q-bio.MN
14399,14418,0.0,0,q-bio.MN
4706,6416,0.0,0,q-bio.MN
3849,4809,0.0,0,q-bio.MN
990,14398,0.0,0,q-bio.MN
1709,2061,0.0,0,q-bio.MN
2741,7214,0.0,0,q-bio.MN
8447,12774,0.0,0,q-bio.MN
1116,10583,0.40242960438184466,0,q-bio.MN
8648,12773,0.0,0,q-bio.MN
11892,13292,0.0,0,q-bio.MN
591,9068,0.0,0,q-bio.MN
1511,4306,0.0,0,q-bio.MN
297,7813,0.0,0,q-bio.MN
3517,10351,0.0,0,q-bio.MN
9454,10133,0.0,0,q-bio.MN
10903,14275,0.0,0,q-bio.MN
8345,14312,0.0,0,q-bio.MN
3796,4528,0.0,0,q-bio.MN
329,10734,0.0,0,q-bio.MN
2162,3629,0.0,0,q-bio.MN
2161,12026,0.0,0,q-bio.MN
140,9406,0.0,0,q-bio.MN
2012,7891,0.0,0,q-bio.MN
1263,14439,0.0,0,q-bio.MN
2196,9140,0.0,0,q-bio.MN
123,4725,0.0,0,q-bio.MN
2398,13924,0.0,0,q-bio.MN
1285,2269,0.0,0,q-bio.MN
5843,13301,0.0,0,q-bio.MN
121,8346,0.0,0,q-bio.MN
2248,14263,0.0,0,q-bio.MN
706,9939,0.0,0,q-bio.MN
450,1184,0.0,0,q-bio.MN
7250,8187,0.0,0,q-bio.MN
2014,4382,0.0,0,q-bio.MN
54,2941,0.0,0,q-bio.MN
5187,8670,0.0,0,q-bio.MN
3184,11095,0.0,0,q-bio.MN
2733,5637,0.0,0,q-bio.MN
47,3301,0.0,0,q-bio.MN
181,2209,0.0,0,q-bio.MN
2020,6128,0.0,0,q-bio.MN
7651,14376,0.0,0,q-bio.MN
5500,5621,0.0,0,q-bio.MN
9425,11395,0.0,0,q-bio.MN
1511,14262,0.0,0,q-bio.MN
145,14337,0.0,0,q-bio.MN
14,6516,0.0,0,q-bio.MN
651,11912,0.0,0,q-bio.MN
333,3133,0.0,0,q-bio.MN
1623,10131,0.0,0,q-bio.MN
185,2453,0.0,0,q-bio.MN
7680,14457,0.0,0,q-bio.MN
7862,9064,0.0,0,q-bio.MN
4020,7516,0.0,0,q-bio.MN
983,9523,0.0,0,q-bio.MN
4999,9265,0.0,0,q-bio.MN
5930,7950,0.0,0,q-bio.MN
7220,7629,0.0,0,q-bio.MN
279,10737,0.0,0,q-bio.MN
1688,2630,0.0,0,q-bio.MN
7168,12039,0.0,0,q-bio.MN
3085,5837,0.0,0,q-bio.MN
4021,10248,0.0,0,q-bio.MN
159,1543,0.0,0,q-bio.MN
1813,3085,0.0,0,q-bio.MN
1851,5137,0.0,0,q-bio.MN
650,2427,0.0,0,q-bio.MN
9069,11094,0.0,0,q-bio.MN
90,1263,0.0,0,q-bio.MN
5754,11912,0.0,0,q-bio.MN
14151,14404,0.0,0,q-bio.MN
3175,9940,0.0,0,q-bio.MN
7472,14363,0.0,0,q-bio.MN
5683,9426,0.0,0,q-bio.MN
463,1136,0.0,0,q-bio.MN
4071,14373,0.0,0,q-bio.MN
391,8448,0.0,0,q-bio.MN
1215,3224,0.0,0,q-bio.MN
3477,4756,0.0,0,q-bio.MN
886,1071,0.0,0,q-bio.MN
142,7582,0.0,0,q-bio.MN
4013,8281,0.0,0,q-bio.MN
6743,11895,0.0,0,q-bio.MN
5739,12057,0.0,0,q-bio.MN
7811,14341,0.0,0,q-bio.MN
10904,12760,0.0,0,q-bio.MN
921,9934,0.0,0,q-bio.MN
4951,14342,0.0,0,q-bio.MN
1613,11891,0.0,0,q-bio.MN
1568,4012,0.0,0,q-bio.MN
8344,14441,0.0,0,q-bio.MN
8994,9720,0.0,0,q-bio.MN
4754,7250,0.0,0,q-bio.MN
1476,6171,0.0,0,q-bio.MN
9637,11910,0.0,0,q-bio.MN
1015,10639,0.0,0,q-bio.MN
2020,8230,0.0,0,q-bio.MN
2397,4025,0.0,0,q-bio.MN
922,2872,0.0,0,q-bio.MN
1600,4257,0.0,0,q-bio.MN
9837,11446,0.0,0,q-bio.MN
108,12436,0.0,0,q-bio.MN
302,6272,0.0,0,q-bio.MN
5849,10765,0.0,0,q-bio.MN
3918,14418,0.0,0,q-bio.MN
186,2543,0.0,0,q-bio.MN
496,14396,0.0,0,q-bio.MN
3462,4461,0.0,0,q-bio.MN
7212,10383,0.0,0,q-bio.MN
8048,14154,0.0,0,q-bio.MN
80,1747,0.0,0,q-bio.MN
5618,8864,0.0,0,q-bio.MN
203,2730,0.0,0,q-bio.MN
3440,14403,0.0,0,q-bio.MN
1056,10639,0.0,0,q-bio.MN
700,814,0.0,0,q-bio.MN
300,3175,0.0,0,q-bio.MN
154,4024,0.0,0,q-bio.MN
138,10999,0.0,0,q-bio.MN
8725,9423,0.0,0,q-bio.MN
9545,10483,0.0,0,q-bio.MN
122,5950,0.0,0,q-bio.MN
1623,3714,0.0,0,q-bio.MN
2048,3183,0.0,0,q-bio.MN
2050,10859,0.0,0,q-bio.MN
3517,13301,0.0,0,q-bio.MN
2385,8058,0.0,0,q-bio.MN
180,14388,0.0,0,q-bio.MN
5102,5704,0.0,0,q-bio.MN
2872,8176,0.0,0,q-bio.MN
1285,2672,0.0,0,q-bio.MN
1543,12065,0.0,0,q-bio.MN
44,9521,0.0,0,q-bio.MN
471,14442,0.0,0,q-bio.MN
627,4756,0.0,0,q-bio.MN
47,4571,0.0,0,q-bio.MN
11546,12105,0.0,0,q-bio.MN
58,2771,0.0,0,q-bio.MN
3225,14459,0.0,0,q-bio.MN
3225,4507,0.0,0,q-bio.MN
230,14263,0.0,0,q-bio.MN
3734,8344,0.0,0,q-bio.MN
3399,14361,0.0,0,q-bio.MN
10746,14406,0.0,0,q-bio.MN
8825,9878,0.0,0,q-bio.MN
7951,8228,0.0,0,q-bio.MN
4722,5684,0.0,0,q-bio.MN
4505,5588,0.0,0,q-bio.MN
10644,10859,0.0,0,q-bio.MN
3846,14263,0.0,0,q-bio.MN
4706,8229,0.0,0,q-bio.MN
2878,7428,0.0,0,q-bio.MN
8344,11695,0.0,0,q-bio.MN
1979,8058,0.0,0,q-bio.MN
2771,5087,0.0,0,q-bio.MN
1056,5045,0.0,0,q-bio.MN
3749,5690,0.0,0,q-bio.MN
4044,12023,0.0,0,q-bio.MN
1414,1464,0.0,0,q-bio.MN
1291,10528,0.0,0,q-bio.MN
141,14419,0.0,0,q-bio.MN
9637,14268,0.0,0,q-bio.MN
2381,2457,0.0,0,q-bio.MN
4509,8047,0.0,0,q-bio.MN
1056,2012,0.0,0,q-bio.MN
480,2072,0.0,0,q-bio.MN
9650,10271,0.0,0,q-bio.MN
1097,4920,0.0,0,q-bio.MN
2910,2941,0.0,0,q-bio.MN
159,7517,0.0,0,q-bio.MN
298,2342,0.0,0,q-bio.MN
4501,6660,0.0,0,q-bio.MN
2953,4480,0.0,0,q-bio.MN
4116,10870,0.0,0,q-bio.MN
2854,9425,0.0,0,q-bio.MN
7712,7905,0.0,0,q-bio.MN
7906,8426,0.0,0,q-bio.MN
124,14469,0.0,0,q-bio.MN
1712,5300,0.0,0,q-bio.MN
4507,5916,0.0,0,q-bio.MN
11546,13924,0.0,0,q-bio.MN
1851,6052,0.0,0,q-bio.MN
715,8228,0.0,0,q-bio.MN
1516,11697,0.0,0,q-bio.MN
2942,10315,0.0,0,q-bio.MN
10641,12106,0.0,0,q-bio.MN
2209,2853,0.0,0,q-bio.MN
7952,10640,0.0,0,q-bio.MN
2025,3846,0.0,0,q-bio.MN
702,10128,0.0,0,q-bio.MN
3841,11546,0.0,0,q-bio.MN
3313,6066,0.0,0,q-bio.MN
2052,9452,0.0,0,q-bio.MN
696,770,0.0,0,q-bio.MN
153,12042,0.0,0,q-bio.MN
296,818,0.0,0,q-bio.MN
11536,14391,0.0,0,q-bio.MN
2519,8429,0.0,0,q-bio.MN
2735,3075,0.0,0,q-bio.MN
13413,14410,0.0,0,q-bio.MN
5409,9866,0.0,0,q-bio.MN
2903,5112,0.0,0,q-bio.MN
650,2636,0.0,0,q-bio.MN
2343,10131,0.0,0,q-bio.MN
922,4510,0.0,0,q-bio.MN
6272,12083,0.0,0,q-bio.MN
8529,9488,0.0,0,q-bio.MN
9651,14404,0.0,0,q-bio.MN
1911,7993,0.0,0,q-bio.MN
7462,11028,0.0,0,q-bio.MN
183,6660,0.0,0,q-bio.MN
1646,3009,0.0,0,q-bio.MN
296,6308,0.0,0,q-bio.MN
8279,10136,0.0,0,q-bio.MN
3552,14300,0.0,0,q-bio.MN
7811,10129,0.0,0,q-bio.MN
3104,10646,0.0,0,q-bio.MN
3186,12760,0.0,0,q-bio.MN
1413,14406,0.0,0,q-bio.MN
5916,14397,0.0,0,q-bio.MN
3190,8947,0.0,0,q-bio.MN
5584,12374,0.0,0,q-bio.MN
3762,10997,0.0,0,q-bio.MN
8700,10641,0.0,0,q-bio.MN
9671,14265,0.0,0,q-bio.MN
3159,4529,0.0,0,q-bio.MN
6742,9520,0.0,0,q-bio.MN
3521,14434,0.0,0,q-bio.MN
462,6214,0.0,0,q-bio.MN
11002,12749,0.0,0,q-bio.MN
709,14313,0.0,0,q-bio.MN
5505,6307,0.0,0,q-bio.MN
1931,9934,0.0,0,q-bio.MN
1108,11447,0.0,0,q-bio.MN
490,2367,0.0,0,q-bio.MN
8913,10897,0.0,0,q-bio.MN
127,3883,0.0,0,q-bio.MN
295,816,0.0,0,q-bio.MN
2937,7993,0.0,0,q-bio.MN
457,5982,0.0,0,q-bio.MN
2206,6364,0.0,0,q-bio.MN
7035,12127,0.0,0,q-bio.MN
3699,14314,0.0,0,q-bio.MN
1009,4509,0.0,0,q-bio.MN
5587,8048,0.0,0,q-bio.MN
473,2143,0.0,0,q-bio.MN
1568,10641,0.0,0,q-bio.MN
186,1067,0.0,0,q-bio.MN
3159,9354,0.0,0,q-bio.MN
2673,9070,0.0,0,q-bio.MN
512,12846,0.0,0,q-bio.MN
7651,14458,0.0,0,q-bio.MN
1278,14451,0.0,0,q-bio.MN
2677,3191,0.0,0,q-bio.MN
5043,8725,0.0,0,q-bio.MN
10942,14414,0.0,0,q-bio.MN
3183,14415,0.0,0,q-bio.MN
1784,9636,0.0,0,q-bio.MN
5976,6306,0.0,0,q-bio.MN
4620,7975,0.0,0,q-bio.MN
5279,8700,0.0,0,q-bio.MN
9008,12186,0.0,0,q-bio.MN
1188,10383,0.0,0,q-bio.MN
7585,7678,0.0,0,q-bio.MN
6139,6458,0.0,0,q-bio.MN
412,2672,0.0,0,q-bio.MN
2220,12247,0.0,0,q-bio.MN
699,1206,0.0,0,q-bio.MN
3935,8048,0.0,0,q-bio.MN
2503,5396,0.0,0,q-bio.MN
108,1623,0.0,0,q-bio.MN
625,2398,0.0,0,q-bio.MN
253,14037,0.0,0,q-bio.MN
389,5187,0.0,0,q-bio.MN
11553,14451,0.0,0,q-bio.MN
14320,14417,0.0,0,q-bio.MN
9942,10247,0.0,0,q-bio.MN
189,4100,0.0,0,q-bio.MN
2937,3549,0.0,0,q-bio.MN
2441,5643,3.263173494142638,1,q-bio
8091,10284,0.6213349345596119,1,q-bio
5640,5643,0.0,1,q-bio
1060,3015,0.0,1,q-bio
3146,3326,0.0,1,q-bio
3940,3941,1.8640048036788355,1,q-bio
506,1414,0.9102392266268373,1,q-bio
730,745,1.4426950408889634,1,q-bio
3937,3940,1.8640048036788355,1,q-bio
7619,7622,2.8853900817779268,1,q-bio
2185,3669,1.4426950408889634,1,q-bio
218,1385,0.0,1,q-bio
5678,7475,0.0,1,q-bio
3673,3674,0.0,1,q-bio
2121,9546,1.4426950408889634,1,q-bio
1014,13724,0.0,1,q-bio
1820,11114,1.4426950408889634,1,q-bio
3953,3955,0.0,1,q-bio
2370,2373,0.0,1,q-bio
5893,6288,0.0,1,q-bio
1765,5487,2.441813387813286,1,q-bio
4039,4040,1.4426950408889634,1,q-bio
7021,7023,1.8640048036788355,1,q-bio
1989,1990,1.4426950408889634,1,q-bio
455,4976,0.0,1,q-bio
2929,2930,0.0,1,q-bio
1411,1877,1.4426950408889634,1,q-bio
6804,6805,1.4426950408889634,1,q-bio
4093,4095,1.279458146995729,1,q-bio
8159,8160,0.0,1,q-bio
4094,4095,0.7213475204444817,1,q-bio
4412,4414,0.7213475204444817,1,q-bio
1597,1598,0.9102392266268373,1,q-bio
591,1425,2.1742422504435974,1,q-bio
723,724,0.0,1,q-bio
8215,8216,3.091826660188077,1,q-bio
8292,8293,0.9102392266268373,1,q-bio
61,1862,2.541825973698156,1,q-bio
5884,6284,1.4426950408889634,1,q-bio
54,1384,2.730717679880512,1,q-bio
61,62,2.541825973698156,1,q-bio
7946,8045,0.0,1,q-bio
12450,13716,1.8204784532536746,1,q-bio
2929,2931,0.0,1,q-bio
3951,3953,1.8204784532536746,1,q-bio
2442,5641,1.631586747071319,1,q-bio
2334,2904,1.4426950408889634,1,q-bio
9166,11089,1.4426950408889634,1,q-bio
1788,1789,1.4426950408889634,1,q-bio
2401,2402,1.4426950408889634,1,q-bio
7023,7025,1.8640048036788355,1,q-bio
217,1385,0.0,1,q-bio
1967,5160,0.0,1,q-bio
8090,8092,0.6213349345596119,1,q-bio
12167,12168,1.4426950408889634,1,q-bio
7343,11980,0.0,1,q-bio
4112,4113,0.0,1,q-bio
591,4093,1.4683498531780845,1,q-bio
3955,1596,0.7213475204444817,1,q-bio
13719,13720,1.8204784532536746,1,q-bio
520,521,0.0,1,q-bio
3952,3955,0.5138983423697507,1,q-bio
2121,9548,0.7213475204444817,1,q-bio
8968,8969,1.631586747071319,1,q-bio
7794,7795,0.0,1,q-bio
5051,5052,1.4426950408889634,1,q-bio
3757,3759,0.0,1,q-bio
9790,9791,0.0,1,q-bio
4710,4711,0.0,1,q-bio
241,1624,1.4426950408889634,1,q-bio
5892,5894,0.0,1,q-bio
5892,6288,0.0,1,q-bio
10092,10093,1.4426950408889634,1,q-bio
1356,1876,0.7213475204444817,1,q-bio
1789,13783,1.4426950408889634,1,q-bio
5079,5080,1.4426950408889634,1,q-bio
7793,7795,0.0,1,q-bio
1596,8215,0.7213475204444817,1,q-bio
4197,4198,0.0,1,q-bio
5232,11558,0.0,1,q-bio
808,3964,0.0,1,q-bio
5237,5238,0.0,1,q-bio
799,13739,0.0,1,q-bio
4992,4993,0.7213475204444817,1,q-bio
88,754,1.4426950408889634,1,q-bio
1537,1536,0.6213349345596119,1,q-bio
4411,4414,2.352934267515801,1,q-bio
1945,6564,1.8204784532536746,1,q-bio
2007,6696,1.4426950408889634,1,q-bio
3489,3490,0.9102392266268373,1,q-bio
2507,10284,1.531574161186449,1,q-bio
4048,4049,1.4426950408889634,1,q-bio
7620,7621,2.8853900817779268,1,q-bio
8746,8748,1.4426950408889634,1,q-bio
395,1728,0.7213475204444817,1,q-bio
635,7785,0.9102392266268373,1,q-bio
3757,3758,0.0,1,q-bio
4410,4412,0.7213475204444817,1,q-bio
3447,4781,1.4426950408889634,1,q-bio
1975,1977,1.4426950408889634,1,q-bio
1873,1874,0.5581106265512472,1,q-bio
4121,4122,0.6213349345596119,1,q-bio
3708,3879,0.0,1,q-bio
1399,1535,1.4426950408889634,1,q-bio
9547,9548,1.631586747071319,1,q-bio
514,5364,0.0,1,q-bio
4410,4413,2.352934267515801,1,q-bio
633,634,1.4426950408889634,1,q-bio
11090,11091,1.4426950408889634,1,q-bio
5300,9821,1.4426950408889634,1,q-bio
4093,5825,0.9102392266268373,1,q-bio
4412,4415,1.4426950408889634,1,q-bio
5012,5014,1.4426950408889634,1,q-bio
3938,3940,1.2426698691192237,1,q-bio
4992,5286,0.7213475204444817,1,q-bio
1937,1938,0.0,1,q-bio
7793,7794,0.0,1,q-bio
4474,4476,1.4426950408889634,1,q-bio
592,635,0.9102392266268373,1,q-bio
2814,3146,0.0,1,q-bio
591,4096,0.5581106265512472,1,q-bio
837,1424,0.0,1,q-bio
217,1383,1.8204784532536746,1,q-bio
5641,5642,1.631586747071319,1,q-bio
4198,4199,0.0,1,q-bio
110,337,0.0,1,q-bio
837,5597,0.9102392266268373,1,q-bio
4168,10120,1.4426950408889634,1,q-bio
61,3782,0.9102392266268373,1,q-bio
798,1874,0.5581106265512472,1,q-bio
3752,3753,1.4426950408889634,1,q-bio
6382,11041,0.0,1,q-bio
4776,10833,0.9102392266268373,1,q-bio
12000,12002,1.4426950408889634,1,q-bio
2442,5640,0.7213475204444817,1,q-bio
60,62,1.4426950408889634,1,q-bio
2724,4610,0.0,1,q-bio
9546,11206,2.8853900817779268,1,q-bio
10164,10166,1.4426950408889634,1,q-bio
1045,3632,0.0,1,q-bio
3706,3707,0.48089834696298783,1,q-bio
3723,3724,0.0,1,q-bio
54,1385,0.9102392266268373,1,q-bio
6521,6522,1.4426950408889634,1,q-bio
1936,1938,0.0,1,q-bio
1682,4467,0.0,1,q-bio
8174,8175,0.0,1,q-bio
724,725,0.0,1,q-bio
6521,11645,0.0,1,q-bio
1356,3568,1.631586747071319,1,q-bio
13725,13728,0.9102392266268373,1,q-bio
1535,395,0.7213475204444817,1,q-bio
36,38,2.8853900817779268,1,q-bio
2185,13714,0.0,1,q-bio
8091,8092,1.531574161186449,1,q-bio
1535,1728,0.7213475204444817,1,q-bio
1682,1683,0.0,1,q-bio
3669,3668,1.4426950408889634,1,q-bio
1596,8216,0.7213475204444817,1,q-bio
592,4094,1.4426950408889634,1,q-bio
152,351,1.424137568996588,1,q-bio
3936,3942,3.78449584281738,1,q-bio
8430,8432,0.0,1,q-bio
1945,6563,1.8204784532536746,1,q-bio
479,7943,1.072008968920998,1,q-bio
3756,3757,0.0,1,q-bio
3806,5485,2.252921681630931,1,q-bio
13711,13712,0.0,1,q-bio
6564,6562,0.7213475204444817,1,q-bio
7940,7941,1.4426950408889634,1,q-bio
2216,6656,0.0,1,q-bio
10832,10833,0.9102392266268373,1,q-bio
8430,8431,0.0,1,q-bio
3500,5643,0.0,0,q-bio
342,1557,0.0,0,q-bio
3707,6048,0.0,0,q-bio
5467,8746,0.0,0,q-bio
6253,6564,0.0,0,q-bio
8293,9545,0.0,0,q-bio
1977,7619,0.0,0,q-bio
3782,6551,0.0,0,q-bio
842,2407,0.0,0,q-bio
928,3447,0.0,0,q-bio
4197,4673,0.0,0,q-bio
2371,5892,0.0,0,q-bio
3207,13712,0.0,0,q-bio
1318,5826,0.0,0,q-bio
1014,4057,0.0,0,q-bio
1430,1918,0.0,0,q-bio
2370,9548,0.0,0,q-bio
1975,6047,0.0,0,q-bio
12001,13737,0.0,0,q-bio
3308,6570,0.0,0,q-bio
3674,4915,0.0,0,q-bio
3568,13784,0.0,0,q-bio
479,13148,0.0,0,q-bio
1424,10029,0.0,0,q-bio
1356,11270,0.0,0,q-bio
2371,12011,0.0,0,q-bio
723,6656,0.0,0,q-bio
7766,10976,0.0,0,q-bio
7766,9362,0.0,0,q-bio
3569,3620,0.0,0,q-bio
1430,13724,0.0,0,q-bio
2724,7137,0.0,0,q-bio
7750,13768,0.0,0,q-bio
5489,8216,0.0,0,q-bio
4410,8092,0.0,0,q-bio
1557,7943,0.0,0,q-bio
7931,13736,0.0,0,q-bio
6565,8424,0.0,0,q-bio
458,3706,0.0,0,q-bio
3672,3708,0.0,0,q-bio
928,3262,0.0,0,q-bio
3712,8775,0.0,0,q-bio
2904,7024,0.0,0,q-bio
38,1936,0.0,0,q-bio
2007,2724,0.0,0,q-bio
508,7947,0.0,0,q-bio
1696,5489,0.0,0,q-bio
4410,4915,0.0,0,q-bio
8539,10284,0.0,0,q-bio
4048,13748,0.0,0,q-bio
8562,13739,0.0,0,q-bio
61,6568,0.0,0,q-bio
4198,4860,0.0,0,q-bio
4474,10494,0.0,0,q-bio
5489,7253,0.0,0,q-bio
5015,6806,0.0,0,q-bio
351,5641,0.0,0,q-bio
5051,13761,0.0,0,q-bio
1045,1536,0.0,0,q-bio
928,7202,0.0,0,q-bio
5641,8214,0.0,0,q-bio
6691,8430,0.0,0,q-bio
5430,8732,0.0,0,q-bio
5015,13725,0.0,0,q-bio
1045,8928,0.0,0,q-bio
1598,4992,0.0,0,q-bio
152,1413,0.0,0,q-bio
395,2019,0.0,0,q-bio
6656,12167,0.0,0,q-bio
7939,8732,0.0,0,q-bio
2244,3757,0.0,0,q-bio
3998,7943,0.0,0,q-bio
592,8320,0.0,0,q-bio
4197,9330,0.0,0,q-bio
5485,14485,0.0,0,q-bio
4610,4672,0.0,0,q-bio
3953,4094,0.0,0,q-bio
3620,5364,0.0,0,q-bio
1175,13735,0.0,0,q-bio
804,6564,0.0,0,q-bio
169,6654,0.0,0,q-bio
730,1410,0.0,0,q-bio
241,2930,0.0,0,q-bio
592,4094,1.4426950408889634,0,q-bio
6473,6562,0.0,0,q-bio
3939,13720,0.0,0,q-bio
5079,13738,0.0,0,q-bio
1557,1990,0.0,0,q-bio
2402,7750,0.0,0,q-bio
592,3575,0.0,0,q-bio
4673,6253,0.0,0,q-bio
9546,11558,0.0,0,q-bio
2585,8967,0.0,0,q-bio
480,3715,0.0,0,q-bio
4168,4860,0.0,0,q-bio
480,1045,0.0,0,q-bio
4683,8444,0.0,0,q-bio
1414,1425,0.0,0,q-bio
4992,8748,0.0,0,q-bio
1407,6551,0.0,0,q-bio
633,4716,0.0,0,q-bio
7940,11269,0.0,0,q-bio
479,7785,0.0,0,q-bio
4183,13728,0.0,0,q-bio
4987,7808,0.0,0,q-bio
2421,6667,0.0,0,q-bio
6047,6696,0.0,0,q-bio
3723,5286,0.0,0,q-bio
725,8444,0.0,0,q-bio
110,647,0.0,0,q-bio
5489,11090,0.0,0,q-bio
5012,5430,0.0,0,q-bio
1976,3756,0.0,0,q-bio
7795,12000,0.0,0,q-bio
3940,13716,0.0,0,q-bio
241,3620,0.0,0,q-bio
2992,14487,0.0,0,q-bio
1788,10164,0.0,0,q-bio
10831,12682,0.0,0,q-bio
7750,10967,0.0,0,q-bio
4776,5485,0.0,0,q-bio
5643,8069,0.0,0,q-bio
4716,5818,0.0,0,q-bio
5070,12110,0.0,0,q-bio
6521,9790,0.0,0,q-bio
7766,9361,0.0,0,q-bio
3062,3574,0.0,0,q-bio
3706,10269,0.0,0,q-bio
2856,7591,0.0,0,q-bio
4198,8363,0.0,0,q-bio
5489,9362,0.0,0,q-bio
7931,13067,0.0,0,q-bio
3062,8443,0.0,0,q-bio
2019,10093,0.0,0,q-bio
499,8292,0.0,0,q-bio
1424,13801,0.0,0,q-bio
342,3500,0.0,0,q-bio
4096,5893,0.0,0,q-bio
1746,3955,0.0,0,q-bio
411,13716,0.0,0,q-bio
745,13732,0.0,0,q-bio
7766,8442,0.0,0,q-bio
3278,4095,0.0,0,q-bio
4112,7750,0.0,0,q-bio
6691,8443,0.0,0,q-bio
804,4049,0.0,0,q-bio
3620,8444,0.0,0,q-bio
4710,8175,0.0,0,q-bio
1764,2401,0.0,0,q-bio
1918,10626,0.0,0,q-bio
1385,3146,0.0,0,q-bio
9329,10165,0.0,0,q-bio
647,11558,0.0,0,q-bio
6571,8090,0.0,0,q-bio
1697,4183,0.0,0,q-bio
928,1347,0.0,0,q-bio
838,3879,0.0,0,q-bio
2373,5238,0.0,0,q-bio
2857,4671,0.0,0,q-bio
520,7343,0.0,0,q-bio
1977,3633,0.0,0,q-bio
6047,10979,0.0,0,q-bio
1862,9821,0.0,0,q-bio
3939,10624,0.0,0,q-bio
3490,13696,0.0,0,q-bio
804,1399,0.0,0,q-bio
1729,2503,0.0,0,q-bio
594,7621,0.0,0,q-bio
4084,7793,0.0,0,q-bio
4411,5826,0.0,0,q-bio
37,1425,0.0,0,q-bio
4781,9362,0.0,0,q-bio
1383,7253,0.0,0,q-bio
9496,9497,1.4426950408889634,1,q-bio.BM
9657,9658,0.0,1,q-bio.BM
7443,7444,1.2426698691192237,1,q-bio.BM
9479,9481,0.7213475204444817,1,q-bio.BM
550,11020,0.0,1,q-bio.BM
2894,2898,2.3992442448045153,1,q-bio.BM
507,2433,0.9102392266268373,1,q-bio.BM
2888,2898,1.8853459024347647,1,q-bio.BM
10784,10785,0.0,1,q-bio.BM
5768,8988,2.8853900817779268,1,q-bio.BM
6507,6508,2.352934267515801,1,q-bio.BM
4488,4489,1.179445561110859,1,q-bio.BM
232,234,0.0,1,q-bio.BM
5172,5173,1.8204784532536746,1,q-bio.BM
12144,12146,1.4426950408889634,1,q-bio.BM
6705,6707,0.0,1,q-bio.BM
11924,11925,0.0,1,q-bio.BM
5482,7375,1.4426950408889634,1,q-bio.BM
6294,7857,0.0,1,q-bio.BM
1862,11982,1.3426824550040934,1,q-bio.BM
8590,8592,0.9102392266268373,1,q-bio.BM
11925,11926,0.0,1,q-bio.BM
6509,8579,0.7213475204444817,1,q-bio.BM
10466,12013,0.7213475204444817,1,q-bio.BM
9217,9218,1.4426950408889634,1,q-bio.BM
6878,10838,0.7213475204444817,1,q-bio.BM
8603,8605,1.4426950408889634,1,q-bio.BM
8171,8172,1.8204784532536746,1,q-bio.BM
6878,10462,1.279458146995729,1,q-bio.BM
2888,2890,1.3714475600650142,1,q-bio.BM
233,6296,7.591258616809528,1,q-bio.BM
10836,10838,1.1237771248263264,1,q-bio.BM
6294,7419,0.8685889638065035,1,q-bio.BM
913,11092,1.0237645389414565,1,q-bio.BM
10722,10723,0.5581106265512472,1,q-bio.BM
2889,2890,1.8523459070280017,1,q-bio.BM
6827,8616,0.9102392266268373,1,q-bio.BM
3678,3681,1.2022458674074694,1,q-bio.BM
3727,3728,1.4426950408889634,1,q-bio.BM
11375,11376,1.4426950408889634,1,q-bio.BM
4513,4514,0.0,1,q-bio.BM
5034,5036,1.631586747071319,1,q-bio.BM
7332,7335,1.8204784532536746,1,q-bio.BM
11037,11038,0.0,1,q-bio.BM
6878,10461,1.2352458628142324,1,q-bio.BM
2888,2893,1.7935671779716698,1,q-bio.BM
1402,2412,1.3426824550040934,1,q-bio.BM
2072,2073,0.7213475204444817,1,q-bio.BM
3176,3178,0.9102392266268373,1,q-bio.BM
10784,11933,2.0340163514531637,1,q-bio.BM
7445,7446,1.9640173895637054,1,q-bio.BM
10881,10882,1.4426950408889634,1,q-bio.BM
7443,7446,1.2426698691192237,1,q-bio.BM
11053,12172,0.0,1,q-bio.BM
9480,9481,0.0,1,q-bio.BM
2893,2894,1.852345907028002,1,q-bio.BM
2413,2414,1.9640173895637054,1,q-bio.BM
4152,4153,0.9102392266268373,1,q-bio.BM
2892,2896,2.351677804522917,1,q-bio.BM
6878,10836,0.7213475204444817,1,q-bio.BM
5263,5266,1.4426950408889634,1,q-bio.BM
13663,13664,0.0,1,q-bio.BM
6788,11725,0.7213475204444817,1,q-bio.BM
11290,11294,2.685364910008187,1,q-bio.BM
9513,10985,1.4426950408889634,1,q-bio.BM
2072,2076,0.0,1,q-bio.BM
2891,2898,1.4302262891213462,1,q-bio.BM
5769,8989,2.8853900817779268,1,q-bio.BM
10461,11088,1.072008968920998,1,q-bio.BM
8075,8077,0.0,1,q-bio.BM
5263,5264,0.0,1,q-bio.BM
2335,10466,1.923593387851951,1,q-bio.BM
5738,13674,1.4426950408889634,1,q-bio.BM
9480,9482,1.631586747071319,1,q-bio.BM
11053,11054,0.9102392266268373,1,q-bio.BM
3678,3680,1.8235808019670814,1,q-bio.BM
12143,12145,1.4426950408889634,1,q-bio.BM
7106,7108,1.4426950408889634,1,q-bio.BM
11018,11019,1.4426950408889634,1,q-bio.BM
2889,2896,2.8325761514859047,1,q-bio.BM
11006,11007,0.9102392266268373,1,q-bio.BM
6507,11899,1.4156598442465107,1,q-bio.BM
233,234,0.0,1,q-bio.BM
7630,7631,0.0,1,q-bio.BM
10803,12013,1.2426698691192237,1,q-bio.BM
6296,7424,0.0,1,q-bio.BM
10722,10784,1.1237771248263264,1,q-bio.BM
7401,7403,1.4426950408889634,1,q-bio.BM
6835,6838,2.541825973698156,1,q-bio.BM
5060,5063,1.4426950408889634,1,q-bio.BM
6526,8760,0.0,1,q-bio.BM
11123,11124,1.4426950408889634,1,q-bio.BM
5629,5630,0.0,1,q-bio.BM
10461,10464,0.5138983423697507,1,q-bio.BM
11310,11311,0.0,1,q-bio.BM
2891,2895,2.300244258584227,1,q-bio.BM
10584,10465,1.1022332815225997,1,q-bio.BM
1061,1063,1.4426950408889634,1,q-bio.BM
7832,7834,1.4426950408889634,1,q-bio.BM
3178,3179,0.9102392266268373,1,q-bio.BM
2006,4616,1.4426950408889634,1,q-bio.BM
2758,3019,1.8204784532536746,1,q-bio.BM
10259,10260,0.0,1,q-bio.BM
11311,11312,0.0,1,q-bio.BM
2765,2766,0.0,1,q-bio.BM
1402,1403,0.6213349345596119,1,q-bio.BM
4488,4490,1.179445561110859,1,q-bio.BM
112,2412,1.3426824550040934,1,q-bio.BM
6509,6510,1.8325662861402434,1,q-bio.BM
2890,2891,1.8523459070280017,1,q-bio.BM
3984,3985,2.164042561333445,1,q-bio.BM
3642,3644,0.0,1,q-bio.BM
6509,8582,0.7213475204444817,1,q-bio.BM
6507,8594,0.9102392266268373,1,q-bio.BM
1514,1516,4.32808512266689,1,q-bio.BM
11728,11729,1.4426950408889634,1,q-bio.BM
2888,2899,2.8998326052923145,1,q-bio.BM
10783,10784,0.40242960438184466,1,q-bio.BM
11160,11161,0.9102392266268373,1,q-bio.BM
3470,3471,0.9102392266268373,1,q-bio.BM
2890,2898,1.4302262891213462,1,q-bio.BM
3406,3409,0.7213475204444817,1,q-bio.BM
11138,11141,2.164042561333445,1,q-bio.BM
5062,5064,0.9102392266268373,1,q-bio.BM
1631,1632,1.4426950408889634,1,q-bio.BM
6509,8580,0.0,1,q-bio.BM
7443,7445,1.2426698691192237,1,q-bio.BM
6147,10936,1.4788841522548752,1,q-bio.BM
11033,11034,1.4426950408889634,1,q-bio.BM
2895,2896,2.377456538172486,1,q-bio.BM
6294,6295,0.8685889638065035,1,q-bio.BM
10844,10847,1.8204784532536746,1,q-bio.BM
2887,2898,2.3992442448045153,1,q-bio.BM
2543,2544,0.6213349345596119,1,q-bio.BM
10937,11024,1.039008973514235,1,q-bio.BM
6049,6051,1.4426950408889634,1,q-bio.BM
3679,3682,2.5263708505191875,1,q-bio.BM
3682,5209,0.6213349345596119,1,q-bio.BM
2459,2462,1.4426950408889634,1,q-bio.BM
2893,2896,1.8965581912094982,1,q-bio.BM
1862,3250,1.3426824550040934,1,q-bio.BM
5264,5265,1.4426950408889634,1,q-bio.BM
1637,1638,0.0,1,q-bio.BM
9477,9481,0.7213475204444817,1,q-bio.BM
2893,2895,1.5818751654927037,1,q-bio.BM
2897,2898,1.371447560065014,1,q-bio.BM
13665,13666,2.8853900817779268,1,q-bio.BM
8616,8617,0.9102392266268373,1,q-bio.BM
5514,7602,0.0,1,q-bio.BM
3682,3694,1.6161316238923504,1,q-bio.BM
4487,4945,0.5581106265512472,1,q-bio.BM
3694,10192,1.2022458674074694,1,q-bio.BM
408,7338,3.263173494142638,1,q-bio.BM
6054,10461,0.5581106265512472,1,q-bio.BM
2280,11019,0.0,1,q-bio.BM
163,164,0.0,1,q-bio.BM
4247,4248,0.7213475204444817,1,q-bio.BM
2890,2892,1.8523459070280017,1,q-bio.BM
1227,6134,0.9102392266268373,1,q-bio.BM
5034,5035,0.7213475204444817,1,q-bio.BM
1227,6135,0.9102392266268373,1,q-bio.BM
3390,3394,2.4853397382384474,1,q-bio.BM
10782,10783,0.40242960438184466,1,q-bio.BM
9477,9480,0.7213475204444817,1,q-bio.BM
6070,6071,0.0,1,q-bio.BM
7424,8760,0.0,1,q-bio.BM
3378,8734,0.0,1,q-bio.BM
10461,10785,1.4426950408889634,1,q-bio.BM
5061,5063,0.0,1,q-bio.BM
11159,11160,0.9102392266268373,1,q-bio.BM
5061,5064,0.9102392266268373,1,q-bio.BM
2681,2682,0.0,1,q-bio.BM
6294,7858,0.43429448190325176,1,q-bio.BM
6704,6705,0.0,1,q-bio.BM
8558,8559,1.4426950408889634,1,q-bio.BM
6054,10465,1.800780495670471,1,q-bio.BM
9715,9716,0.0,1,q-bio.BM
6855,6856,1.8204784532536746,1,q-bio.BM
7625,13664,1.4426950408889634,1,q-bio.BM
2073,2076,0.0,1,q-bio.BM
7858,7859,0.43429448190325176,1,q-bio.BM
3029,3030,1.8204784532536746,1,q-bio.BM
11876,11877,0.0,1,q-bio.BM
2892,2895,1.8965581912094982,1,q-bio.BM
334,336,1.4426950408889634,1,q-bio.BM
7132,7134,1.4426950408889634,1,q-bio.BM
2893,2899,2.071251237205769,1,q-bio.BM
6147,7401,1.4788841522548752,1,q-bio.BM
2280,11020,1.4426950408889634,1,q-bio.BM
10064,10065,0.9102392266268373,1,q-bio.BM
2038,2039,0.0,1,q-bio.BM
6843,6844,0.0,1,q-bio.BM
591,7332,1.8204784532536746,1,q-bio.BM
11057,11060,1.4426950408889634,1,q-bio.BM
7379,7380,0.0,1,q-bio.BM
11932,11934,1.845124645270808,1,q-bio.BM
3468,3470,0.0,1,q-bio.BM
2887,2894,3.3280409433237286,1,q-bio.BM
5989,5992,0.9102392266268373,1,q-bio.BM
10462,10464,2.0008056674402104,1,q-bio.BM
2899,2900,4.0350658822216765,1,q-bio.BM
7708,7709,2.541825973698156,1,q-bio.BM
6527,7424,1.344533708530089,1,q-bio.BM
2889,2891,3.2692622142673966,1,q-bio.BM
6507,6979,1.531574161186449,1,q-bio.BM
6296,6526,0.9102392266268373,1,q-bio.BM
9478,9481,0.7213475204444817,1,q-bio.BM
3642,3643,1.4426950408889634,1,q-bio.BM
5172,7302,0.0,1,q-bio.BM
7400,7403,1.4426950408889634,1,q-bio.BM
2898,2899,1.9968146404226708,1,q-bio.BM
2887,2899,3.0660479265385074,1,q-bio.BM
10722,11934,1.1237771248263264,1,q-bio.BM
5989,5991,0.9102392266268373,1,q-bio.BM
6147,10939,1.4788841522548752,1,q-bio.BM
3467,3471,0.9102392266268373,1,q-bio.BM
397,10466,1.923593387851951,1,q-bio.BM
2890,2897,1.8523459070280017,1,q-bio.BM
550,11018,1.4426950408889634,1,q-bio.BM
2459,2460,1.4426950408889634,1,q-bio.BM
3363,3365,2.164042561333445,1,q-bio.BM
11729,11731,1.4426950408889634,1,q-bio.BM
6296,7857,0.0,1,q-bio.BM
6705,6706,0.0,1,q-bio.BM
1112,11079,2.541825973698156,1,q-bio.BM
7759,7760,0.7213475204444817,1,q-bio.BM
6507,6204,0.9102392266268373,1,q-bio.BM
10422,10423,0.0,1,q-bio.BM
1097,1098,2.8853900817779268,1,q-bio.BM
2222,10697,0.0,0,q-bio.BM
1731,5410,0.0,0,q-bio.BM
2758,2900,0.0,0,q-bio.BM
6226,9116,0.0,0,q-bio.BM
8773,10973,0.0,0,q-bio.BM
2900,10986,0.0,0,q-bio.BM
11034,13269,0.0,0,q-bio.BM
3408,6072,0.0,0,q-bio.BM
6843,11927,0.0,0,q-bio.BM
3365,8206,0.0,0,q-bio.BM
8727,8971,0.0,0,q-bio.BM
7380,11274,0.0,0,q-bio.BM
408,4729,0.0,0,q-bio.BM
3031,6841,0.0,0,q-bio.BM
2914,11445,0.0,0,q-bio.BM
5411,12121,0.0,0,q-bio.BM
2413,11078,0.0,0,q-bio.BM
234,8558,0.0,0,q-bio.BM
5170,11140,0.0,0,q-bio.BM
1097,3981,0.0,0,q-bio.BM
7167,10394,0.0,0,q-bio.BM
6507,8761,0.0,0,q-bio.BM
9219,10469,0.0,0,q-bio.BM
7832,10784,0.0,0,q-bio.BM
3253,6502,0.0,0,q-bio.BM
8599,10697,0.0,0,q-bio.BM
7759,8594,0.0,0,q-bio.BM
6502,10800,0.0,0,q-bio.BM
6845,11310,0.0,0,q-bio.BM
11830,12143,0.0,0,q-bio.BM
7798,11593,0.0,0,q-bio.BM
3250,8580,0.0,0,q-bio.BM
7797,10463,0.0,0,q-bio.BM
3726,4488,0.0,0,q-bio.BM
7306,12013,0.0,0,q-bio.BM
1514,3405,0.0,0,q-bio.BM
3457,11445,0.0,0,q-bio.BM
5209,11124,0.0,0,q-bio.BM
1227,10466,0.0,0,q-bio.BM
3468,8604,0.0,0,q-bio.BM
5172,8332,0.0,0,q-bio.BM
2462,6136,0.0,0,q-bio.BM
4449,8330,0.0,0,q-bio.BM
2681,5064,0.0,0,q-bio.BM
8077,10837,0.0,0,q-bio.BM
2037,9535,0.0,0,q-bio.BM
9374,11074,0.0,0,q-bio.BM
1278,5938,0.0,0,q-bio.BM
1731,11933,0.0,0,q-bio.BM
2895,5218,0.0,0,q-bio.BM
5061,9477,0.0,0,q-bio.BM
8692,11006,0.0,0,q-bio.BM
1098,6181,0.0,0,q-bio.BM
11291,12181,0.0,0,q-bio.BM
2433,4452,0.0,0,q-bio.BM
1578,11092,0.0,0,q-bio.BM
5785,8616,0.0,0,q-bio.BM
3378,5369,0.0,0,q-bio.BM
234,6878,0.0,0,q-bio.BM
7134,7759,0.0,0,q-bio.BM
7599,11105,0.0,0,q-bio.BM
591,10925,0.0,0,q-bio.BM
232,2914,0.0,0,q-bio.BM
1516,7117,0.0,0,q-bio.BM
2892,2915,0.0,0,q-bio.BM
2915,3393,0.0,0,q-bio.BM
1637,6296,0.0,0,q-bio.BM
5738,11018,0.0,0,q-bio.BM
6839,10800,0.0,0,q-bio.BM
3361,7442,0.0,0,q-bio.BM
2074,11737,0.0,0,q-bio.BM
7799,8725,0.0,0,q-bio.BM
6136,11445,0.0,0,q-bio.BM
11312,11876,0.0,0,q-bio.BM
10844,11051,0.0,0,q-bio.BM
1572,3405,0.0,0,q-bio.BM
8725,10193,0.0,0,q-bio.BM
6705,11019,0.0,0,q-bio.BM
2433,3645,0.0,0,q-bio.BM
3984,11081,0.0,0,q-bio.BM
2222,11037,0.0,0,q-bio.BM
6827,7338,0.0,0,q-bio.BM
2038,3390,0.0,0,q-bio.BM
6706,7759,0.0,0,q-bio.BM
6295,11047,0.0,0,q-bio.BM
11019,12144,0.0,0,q-bio.BM
1098,11161,0.0,0,q-bio.BM
1062,13657,0.0,0,q-bio.BM
6555,11724,0.0,0,q-bio.BM
2915,3468,0.0,0,q-bio.BM
913,3390,0.0,0,q-bio.BM
7391,11727,0.0,0,q-bio.BM
2900,10807,0.0,0,q-bio.BM
8141,9714,0.0,0,q-bio.BM
3984,10882,0.0,0,q-bio.BM
10257,11104,0.0,0,q-bio.BM
8765,11708,0.0,0,q-bio.BM
144,13642,0.0,0,q-bio.BM
7302,7759,0.0,0,q-bio.BM
5784,7447,0.0,0,q-bio.BM
11445,13658,0.0,0,q-bio.BM
8726,11737,0.0,0,q-bio.BM
7424,8761,0.43429448190325176,0,q-bio.BM
10845,11445,0.0,0,q-bio.BM
1516,10193,0.0,0,q-bio.BM
4729,10468,0.0,0,q-bio.BM
3364,13269,0.0,0,q-bio.BM
7442,11311,0.0,0,q-bio.BM
9549,11981,0.0,0,q-bio.BM
7902,11048,0.0,0,q-bio.BM
3253,12181,0.0,0,q-bio.BM
6706,9466,0.0,0,q-bio.BM
2006,11725,0.0,0,q-bio.BM
7443,13899,0.0,0,q-bio.BM
8603,8972,0.0,0,q-bio.BM
938,5032,0.0,0,q-bio.BM
6319,10881,0.0,0,q-bio.BM
2222,6428,0.0,0,q-bio.BM
6275,7375,0.0,0,q-bio.BM
11079,11733,0.0,0,q-bio.BM
3362,11050,0.0,0,q-bio.BM
2896,6427,0.0,0,q-bio.BM
9219,10799,0.0,0,q-bio.BM
7858,12146,0.0,0,q-bio.BM
6134,11073,0.0,0,q-bio.BM
913,10292,0.0,0,q-bio.BM
2007,9703,0.0,0,q-bio.BM
2892,10844,0.0,0,q-bio.BM
1851,3622,0.0,0,q-bio.BM
2900,9481,0.0,0,q-bio.BM
2335,7400,0.0,0,q-bio.BM
9479,11961,0.0,0,q-bio.BM
2074,11926,0.0,0,q-bio.BM
10837,11009,0.0,0,q-bio.BM
2249,9465,0.0,0,q-bio.BM
5266,7379,0.0,0,q-bio.BM
6319,10801,0.0,0,q-bio.BM
5266,7443,0.0,0,q-bio.BM
6181,13674,0.0,0,q-bio.BM
2072,5738,0.0,0,q-bio.BM
11729,11734,0.0,0,q-bio.BM
5786,7375,0.0,0,q-bio.BM
2899,13674,0.0,0,q-bio.BM
751,13659,0.0,0,q-bio.BM
3018,8170,0.0,0,q-bio.BM
8590,10258,0.0,0,q-bio.BM
1112,11980,0.0,0,q-bio.BM
6072,10844,0.0,0,q-bio.BM
7624,11981,0.0,0,q-bio.BM
7443,12143,0.0,0,q-bio.BM
10857,11725,0.0,0,q-bio.BM
5786,7832,0.0,0,q-bio.BM
2094,2900,0.0,0,q-bio.BM
2076,8075,0.0,0,q-bio.BM
5411,11290,0.0,0,q-bio.BM
8302,8582,0.0,0,q-bio.BM
2154,11292,0.0,0,q-bio.BM
1572,5265,0.0,0,q-bio.BM
9496,10066,0.0,0,q-bio.BM
8453,10462,0.0,0,q-bio.BM
2892,11294,0.0,0,q-bio.BM
9217,11444,0.0,0,q-bio.BM
3622,8076,0.0,0,q-bio.BM
5990,7338,0.0,0,q-bio.BM
7902,13660,0.0,0,q-bio.BM
7132,8330,0.0,0,q-bio.BM
7335,8143,0.0,0,q-bio.BM
10838,11073,0.0,0,q-bio.BM
112,1516,0.0,0,q-bio.BM
1637,8988,0.0,0,q-bio.BM
3471,5173,0.0,0,q-bio.BM
7419,11123,0.0,0,q-bio.BM
1862,11376,0.0,0,q-bio.BM
3026,3728,0.0,0,q-bio.BM
9957,12172,0.0,0,q-bio.BM
10422,11079,0.0,0,q-bio.BM
3983,8692,0.0,0,q-bio.BM
6527,8784,0.0,0,q-bio.BM
2156,10800,0.0,0,q-bio.BM
6136,13664,0.0,0,q-bio.BM
8581,11062,0.0,0,q-bio.BM
9715,13642,0.0,0,q-bio.BM
7442,7799,0.0,0,q-bio.BM
4448,10799,0.0,0,q-bio.BM
3317,11830,0.0,0,q-bio.BM
751,2280,0.0,0,q-bio.BM
3727,10947,0.0,0,q-bio.BM
2249,6555,0.0,0,q-bio.BM
3405,3769,0.0,0,q-bio.BM
2222,6135,0.0,0,q-bio.BM
3179,11053,0.0,0,q-bio.BM
8075,8559,0.0,0,q-bio.BM
751,10465,0.0,0,q-bio.BM
8616,11046,0.0,0,q-bio.BM
7116,9513,0.0,0,q-bio.BM
8453,8590,0.0,0,q-bio.BM
9691,13644,0.0,0,q-bio.BM
6855,11122,0.0,0,q-bio.BM
550,11289,0.0,0,q-bio.BM
7306,9115,0.0,0,q-bio.BM
2890,3454,0.0,0,q-bio.BM
3728,9657,0.0,0,q-bio.BM
8725,11056,0.0,0,q-bio.BM
6507,11006,0.0,0,q-bio.BM
938,4451,0.0,0,q-bio.BM
3252,3678,0.0,0,q-bio.BM
3643,10946,0.0,0,q-bio.BM
5170,8610,0.0,0,q-bio.BM
7399,11158,0.0,0,q-bio.BM
1515,7834,0.0,0,q-bio.BM
3726,8692,0.0,0,q-bio.BM
2094,12013,0.0,0,q-bio.BM
6147,11020,0.0,0,q-bio.BM
5992,7342,0.0,0,q-bio.BM
2896,6502,0.0,0,q-bio.BM
8580,11723,0.0,0,q-bio.BM
3363,7447,0.0,0,q-bio.BM
6502,10064,0.0,0,q-bio.BM
1731,13657,0.0,0,q-bio.BM
5410,11727,0.0,0,q-bio.BM
1112,11961,0.0,0,q-bio.BM
2433,9465,0.0,0,q-bio.BM
2682,7399,0.0,0,q-bio.BM
10259,11052,0.0,0,q-bio.BM
3680,8734,0.0,0,q-bio.BM
8375,11592,0.0,0,q-bio.BM
507,3409,0.0,0,q-bio.BM
10722,11725,0.0,0,q-bio.BM
2412,3694,0.0,0,q-bio.BM
5300,10915,2.352934267515801,1,nlin.AO
3948,3949,0.0,1,nlin.AO
8455,8456,0.6213349345596119,1,nlin.AO
11692,11693,0.0,1,nlin.AO
10708,10710,2.0640299754485754,1,nlin.AO
3206,1953,0.0,1,nlin.AO
4954,4955,1.9640173895637054,1,nlin.AO
6889,6890,0.9102392266268373,1,nlin.AO
7741,7742,0.0,1,nlin.AO
6664,6663,0.0,1,nlin.AO
6017,11550,1.8582210984293646,1,nlin.AO
4110,10570,0.0,1,nlin.AO
8218,8219,0.0,1,nlin.AO
3890,9009,0.0,1,nlin.AO
2785,2786,0.0,1,nlin.AO
4954,4956,0.0,1,nlin.AO
4828,4830,2.4238875967044438,1,nlin.AO
10262,10263,1.4426950408889634,1,nlin.AO
10824,10825,1.4426950408889634,1,nlin.AO
2588,2589,0.0,1,nlin.AO
10198,10204,2.55937084592595,1,nlin.AO
3950,6121,1.3426824550040934,1,nlin.AO
6521,11544,1.4426950408889634,1,nlin.AO
4072,4074,0.0,1,nlin.AO
4950,4953,1.800780495670471,1,nlin.AO
4178,4817,1.4426950408889634,1,nlin.AO
3057,3058,1.8204784532536746,1,nlin.AO
1491,1490,0.0,1,nlin.AO
2453,4886,1.631586747071319,1,nlin.AO
3205,11921,0.0,1,nlin.AO
4178,9032,1.1022332815225997,1,nlin.AO
10530,10531,1.424137568996588,1,nlin.AO
393,8606,0.7213475204444817,1,nlin.AO
3242,4379,0.9102392266268373,1,nlin.AO
4485,9022,0.9102392266268373,1,nlin.AO
3410,3414,1.4426950408889634,1,nlin.AO
2127,2130,1.4426950408889634,1,nlin.AO
8713,8714,0.7213475204444817,1,nlin.AO
4177,9032,0.48089834696298783,1,nlin.AO
4136,9869,1.4683498531780845,1,nlin.AO
10196,10197,1.7933564893654796,1,nlin.AO
1571,3992,0.7213475204444817,1,nlin.AO
9241,9243,1.4426950408889634,1,nlin.AO
3950,8285,0.6213349345596119,1,nlin.AO
7545,7546,0.7213475204444817,1,nlin.AO
2859,2861,0.6213349345596119,1,nlin.AO
2844,2846,0.0,1,nlin.AO
1881,4550,0.9102392266268373,1,nlin.AO
11169,11171,0.0,1,nlin.AO
1793,1795,0.0,1,nlin.AO
2217,3997,0.0,1,nlin.AO
8613,8614,1.4426950408889634,1,nlin.AO
5694,5696,2.0998056536604994,1,nlin.AO
4485,9024,0.9102392266268373,1,nlin.AO
4024,10279,0.0,1,nlin.AO
11383,11384,0.0,1,nlin.AO
8435,10914,1.9565933832587141,1,nlin.AO
633,3978,1.4683498531780845,1,nlin.AO
10424,10425,0.9102392266268373,1,nlin.AO
9315,7876,0.45511961331341866,1,nlin.AO
4193,4195,0.9102392266268373,1,nlin.AO
1258,3993,0.7213475204444817,1,nlin.AO
6609,6610,0.0,1,nlin.AO
10410,11385,0.0,1,nlin.AO
6880,6881,0.9102392266268373,1,nlin.AO
4284,9044,0.0,1,nlin.AO
5370,10433,2.164042561333445,1,nlin.AO
5634,5635,0.0,1,nlin.AO
144,9259,3.263173494142638,1,nlin.AO
424,468,0.0,1,nlin.AO
2025,3205,1.4426950408889634,1,nlin.AO
4106,7902,0.9102392266268373,1,nlin.AO
3235,3236,1.4426950408889634,1,nlin.AO
9144,12153,0.0,1,nlin.AO
2716,9515,0.0,1,nlin.AO
5318,5319,1.531574161186449,1,nlin.AO
8706,9054,2.352934267515801,1,nlin.AO
8355,8356,1.8204784532536746,1,nlin.AO
10196,10200,1.072008968920998,1,nlin.AO
9947,10040,1.3001104718781173,1,nlin.AO
4136,4137,1.4426950408889634,1,nlin.AO
3717,3719,1.4426950408889634,1,nlin.AO
3897,3898,0.0,1,nlin.AO
3206,4866,1.8216182225789146,1,nlin.AO
10660,7087,0.9040868828124409,1,nlin.AO
7545,7547,0.7213475204444817,1,nlin.AO
393,5565,0.0,1,nlin.AO
414,4177,1.8582210984293646,1,nlin.AO
7184,7186,0.0,1,nlin.AO
3450,5090,1.631586747071319,1,nlin.AO
8872,8875,0.9102392266268373,1,nlin.AO
4284,9045,0.0,1,nlin.AO
424,5591,0.0,1,nlin.AO
10410,11383,0.0,1,nlin.AO
11889,11890,0.0,1,nlin.AO
3684,3686,1.4426950408889634,1,nlin.AO
8458,8461,0.6213349345596119,1,nlin.AO
5001,5023,1.8565807973738442,1,nlin.AO
5351,12193,0.0,1,nlin.AO
9075,9076,0.7213475204444817,1,nlin.AO
3147,3149,0.9102392266268373,1,nlin.AO
2285,9136,0.9102392266268373,1,nlin.AO
8244,8245,0.0,1,nlin.AO
4177,9031,1.1022332815225997,1,nlin.AO
61,1067,3.263173494142638,1,nlin.AO
1571,3993,0.7213475204444817,1,nlin.AO
9380,9381,1.4426950408889634,1,nlin.AO
3905,3906,0.0,1,nlin.AO
3854,4718,0.9102392266268373,1,nlin.AO
4868,4871,0.0,1,nlin.AO
9950,9951,0.45511961331341866,1,nlin.AO
9931,9933,2.164042561333445,1,nlin.AO
2267,4485,0.0,1,nlin.AO
2335,3059,2.9742692020754125,1,nlin.AO
4728,4730,1.4426950408889634,1,nlin.AO
127,5591,0.0,1,nlin.AO
1028,1029,2.6853649100081873,1,nlin.AO
5060,5063,2.064029975448575,1,nlin.AO
1571,8250,0.0,1,nlin.AO
6828,6829,0.0,1,nlin.AO
394,395,0.9102392266268373,1,nlin.AO
5692,5697,1.5416950271092522,1,nlin.AO
4190,4192,0.9102392266268373,1,nlin.AO
924,2295,0.0,1,nlin.AO
3133,4949,1.4426950408889634,1,nlin.AO
6814,5300,0.0,1,nlin.AO
4800,5560,0.0,1,nlin.AO
9856,9858,0.0,1,nlin.AO
2217,2218,0.0,1,nlin.AO
7185,7186,0.0,1,nlin.AO
5391,8411,0.9102392266268373,1,nlin.AO
5558,8736,1.5713408664159132,1,nlin.AO
689,2025,0.9102392266268373,1,nlin.AO
13797,13798,0.0,1,nlin.AO
878,879,1.4426950408889634,1,nlin.AO
10369,10370,0.7213475204444817,1,nlin.AO
6664,6665,0.0,1,nlin.AO
1411,4837,2.5779283178183263,1,nlin.AO
13743,13744,0.0,1,nlin.AO
8872,8874,0.9102392266268373,1,nlin.AO
7483,11170,0.0,1,nlin.AO
11526,11528,1.631586747071319,1,nlin.AO
4111,4914,0.0,1,nlin.AO
1275,5770,1.179445561110859,1,nlin.AO
3280,3281,1.4426950408889634,1,nlin.AO
2127,2131,1.4426950408889634,1,nlin.AO
159,5082,0.0,1,nlin.AO
10180,11259,0.0,1,nlin.AO
1278,6354,0.0,1,nlin.AO
10200,10203,1.0277966847395015,1,nlin.AO
2715,2716,1.4426950408889634,1,nlin.AO
3205,10429,0.9102392266268373,1,nlin.AO
1490,10141,0.0,1,nlin.AO
2287,7285,0.6213349345596119,1,nlin.AO
8547,11147,0.0,1,nlin.AO
394,1411,1.4426950408889634,1,nlin.AO
7698,7699,0.5138983423697507,1,nlin.AO
7611,6879,0.0,1,nlin.AO
7184,7185,0.0,1,nlin.AO
4050,4334,1.8204784532536746,1,nlin.AO
8457,8460,1.631586747071319,1,nlin.AO
6828,6831,0.0,1,nlin.AO
10923,10924,0.0,1,nlin.AO
8802,8812,1.8204784532536746,1,nlin.AO
4799,4800,0.7213475204444817,1,nlin.AO
3151,13753,0.45511961331341866,1,nlin.AO
4178,9766,1.4426950408889634,1,nlin.AO
9240,9242,1.4426950408889634,1,nlin.AO
393,4134,0.5581106265512472,1,nlin.AO
2216,3628,1.4426950408889634,1,nlin.AO
4325,4327,1.4426950408889634,1,nlin.AO
9076,9078,0.7213475204444817,1,nlin.AO
5627,6143,0.0,1,nlin.AO
11977,11978,1.7603564939587169,1,nlin.AO
5005,5008,0.0,1,nlin.AO
3905,4066,1.424137568996588,1,nlin.AO
4110,9932,2.8853900817779268,1,nlin.AO
408,9282,0.0,1,nlin.AO
11318,11319,1.4426950408889634,1,nlin.AO
3206,5348,0.0,1,nlin.AO
924,13799,0.0,1,nlin.AO
2253,2254,0.0,1,nlin.AO
5088,5089,1.279458146995729,1,nlin.AO
4299,4300,1.4426950408889634,1,nlin.AO
6691,6692,0.0,1,nlin.AO
8728,8729,0.0,1,nlin.AO
10585,10586,1.4426950408889634,1,nlin.AO
9612,9614,1.631586747071319,1,nlin.AO
3866,4254,0.0,1,nlin.AO
4000,4001,0.0,1,nlin.AO
7857,7858,1.4426950408889634,1,nlin.AO
4799,7722,0.7213475204444817,1,nlin.AO
3529,7451,0.0,1,nlin.AO
41,11527,1.631586747071319,1,nlin.AO
2286,2334,0.5581106265512472,1,nlin.AO
2692,2693,1.4426950408889634,1,nlin.AO
9945,10008,1.8204784532536746,1,nlin.AO
7612,9032,1.3426824550040934,1,nlin.AO
984,3058,1.8204784532536746,1,nlin.AO
7151,7152,1.011206179810892,1,nlin.AO
8930,4344,0.0,1,nlin.AO
4955,6293,0.7213475204444817,1,nlin.AO
2904,3194,0.5581106265512472,1,nlin.AO
41,11526,0.7213475204444817,1,nlin.AO
2334,3194,0.0,1,nlin.AO
7781,7553,0.0,1,nlin.AO
3151,11248,0.0,1,nlin.AO
10866,10867,0.9102392266268373,1,nlin.AO
2216,7698,0.0,1,nlin.AO
4829,7152,1.011206179810892,1,nlin.AO
4107,9287,1.4426950408889634,1,nlin.AO
10319,10320,0.0,1,nlin.AO
2334,7346,0.5138983423697507,1,nlin.AO
8460,8461,0.0,1,nlin.AO
880,996,0.6213349345596119,1,nlin.AO
3151,5945,0.0,1,nlin.AO
10203,10204,2.1630299616688644,1,nlin.AO
1578,1579,0.0,1,nlin.AO
6317,9003,1.0237645389414565,1,nlin.AO
5391,12059,0.9102392266268373,1,nlin.AO
10587,10588,0.0,1,nlin.AO
8366,8367,1.4426950408889634,1,nlin.AO
3866,4255,2.0640299754485754,1,nlin.AO
4832,6586,2.46645957983042,1,nlin.AO
5520,5522,0.0,1,nlin.AO
9315,9868,0.7213475204444817,1,nlin.AO
4866,9042,0.3789231816899512,1,nlin.AO
4178,6879,1.312668831008682,1,nlin.AO
5298,5299,0.0,1,nlin.AO
5006,5008,1.4426950408889634,1,nlin.AO
2334,7553,1.8204784532536746,1,nlin.AO
4829,4833,1.8325662861402434,1,nlin.AO
5330,7547,0.7213475204444817,1,nlin.AO
5141,5142,0.0,1,nlin.AO
11936,11937,1.4426950408889634,1,nlin.AO
3379,8735,1.279458146995729,1,nlin.AO
5516,5517,1.4426950408889634,1,nlin.AO
8706,8709,0.9102392266268373,1,nlin.AO
4324,4326,1.4426950408889634,1,nlin.AO
10922,10924,0.0,1,nlin.AO
9859,9860,0.0,1,nlin.AO
1003,10322,1.4426950408889634,1,nlin.AO
10083,10084,0.0,1,nlin.AO
10867,10868,1.4426950408889634,1,nlin.AO
11097,11098,1.4426950408889634,1,nlin.AO
5391,5392,0.0,1,nlin.AO
3817,12153,0.0,1,nlin.AO
7537,7538,0.0,1,nlin.AO
2117,13769,0.9102392266268373,1,nlin.AO
3194,5298,0.0,1,nlin.AO
4866,9043,0.0,1,nlin.AO
6657,9005,0.0,1,nlin.AO
7598,7599,0.9102392266268373,1,nlin.AO
3866,4638,1.4426950408889634,1,nlin.AO
5333,5334,0.0,1,nlin.AO
2299,2300,0.0,1,nlin.AO
9009,11739,0.0,1,nlin.AO
11259,11260,0.0,1,nlin.AO
5696,5697,2.0998056536604994,1,nlin.AO
4951,4956,1.279458146995729,1,nlin.AO
2025,9009,0.9102392266268373,1,nlin.AO
4832,6404,1.696490538419975,1,nlin.AO
3236,3238,0.0,1,nlin.AO
11888,11890,0.0,1,nlin.AO
4178,10008,0.9102392266268373,1,nlin.AO
112,8735,0.0,1,nlin.AO
2286,9136,0.9102392266268373,1,nlin.AO
5300,7016,1.531574161186449,1,nlin.AO
5081,5082,0.0,1,nlin.AO
4950,4956,0.5581106265512472,1,nlin.AO
1638,6686,3.452065200324993,1,nlin.AO
7533,7534,2.8853900817779268,1,nlin.AO
6829,6831,0.0,1,nlin.AO
4953,4954,1.2426698691192237,1,nlin.AO
408,591,0.0,1,nlin.AO
1410,2232,0.0,1,nlin.AO
8502,8504,1.4426950408889634,1,nlin.AO
5710,5711,0.0,1,nlin.AO
7611,9311,0.6213349345596119,1,nlin.AO
7858,10868,1.4426950408889634,1,nlin.AO
4178,9031,1.7235682160822114,1,nlin.AO
7535,7536,2.8853900817779268,1,nlin.AO
3904,3906,0.0,1,nlin.AO
7690,9397,0.7213475204444817,1,nlin.AO
6813,6815,0.5581106265512472,1,nlin.AO
1491,7781,1.4426950408889634,1,nlin.AO
6644,8483,1.4426950408889634,1,nlin.AO
2287,3946,0.8919188272465812,1,nlin.AO
11921,11922,0.0,1,nlin.AO
3237,3238,0.0,1,nlin.AO
10196,10202,3.0286023521797123,1,nlin.AO
8455,8458,0.6213349345596119,1,nlin.AO
219,3206,0.0,1,nlin.AO
4580,9489,1.4426950408889634,1,nlin.AO
4177,9033,1.1022332815225997,1,nlin.AO
9869,11340,1.279458146995729,1,nlin.AO
3764,3765,0.0,1,nlin.AO
4168,8503,1.4426950408889634,1,nlin.AO
4191,4192,0.9102392266268373,1,nlin.AO
2430,9055,2.164042561333445,1,nlin.AO
3205,4867,1.2440474273221713,1,nlin.AO
2216,2218,0.0,1,nlin.AO
1265,1266,1.8204784532536746,1,nlin.AO
9614,9616,0.7213475204444817,1,nlin.AO
7483,11169,0.0,1,nlin.AO
8364,8365,1.4426950408889634,1,nlin.AO
10199,10200,1.5859073112907487,1,nlin.AO
2287,2286,0.9605402309330919,1,nlin.AO
9631,9632,1.8204784532536746,1,nlin.AO
2306,2819,2.064029975448575,1,nlin.AO
4832,11834,1.312668831008682,1,nlin.AO
10435,10436,2.164042561333445,1,nlin.AO
6831,6832,1.4426950408889634,1,nlin.AO
5692,5696,1.5416950271092522,1,nlin.AO
9615,9616,1.631586747071319,1,nlin.AO
3196,3242,0.9102392266268373,1,nlin.AO
1571,1258,0.7213475204444817,1,nlin.AO
1490,10140,0.0,1,nlin.AO
5062,6777,0.6213349345596119,1,nlin.AO
10569,10570,0.0,1,nlin.AO
9674,9675,2.8853900817779268,1,nlin.AO
1258,3992,0.7213475204444817,1,nlin.AO
5181,5183,1.4426950408889634,1,nlin.AO
10434,10437,3.263173494142638,1,nlin.AO
10586,10587,0.0,1,nlin.AO
3205,9043,1.3272716180510837,1,nlin.AO
6763,6760,1.531574161186449,1,nlin.AO
11151,11152,0.0,1,nlin.AO
4866,1275,1.8216182225789146,1,nlin.AO
6586,6587,1.4426950408889634,1,nlin.AO
3782,5300,1.4426950408889634,1,nlin.AO
6225,8729,0.0,1,nlin.AO
6829,6830,1.4426950408889634,1,nlin.AO
3947,3949,0.9102392266268373,1,nlin.AO
7698,8208,0.0,1,nlin.AO
2232,4837,0.0,1,nlin.AO
4136,9868,1.4683498531780845,1,nlin.AO
3894,3895,1.531574161186449,1,nlin.AO
3889,12099,0.0,1,nlin.AO
10433,10436,1.4426950408889634,1,nlin.AO
4549,4550,0.9102392266268373,1,nlin.AO
4869,4870,0.9102392266268373,1,nlin.AO
5932,5933,0.0,1,nlin.AO
408,7332,0.0,1,nlin.AO
11170,11171,0.0,1,nlin.AO
3148,3149,0.9102392266268373,1,nlin.AO
7611,7612,3.5483861435784965,1,nlin.AO
7902,10666,0.9102392266268373,1,nlin.AO
6007,6596,1.3426824550040934,1,nlin.AO
7286,8551,0.0,1,nlin.AO
7055,7057,1.8204784532536746,1,nlin.AO
3905,5023,1.1352332769293625,1,nlin.AO
5705,7377,0.0,1,nlin.AO
5259,5518,1.4426950408889634,1,nlin.AO
7608,7609,0.5138983423697507,1,nlin.AO
3235,3238,0.0,1,nlin.AO
716,4107,0.0,1,nlin.AO
5259,5517,0.0,1,nlin.AO
2104,2107,0.9102392266268373,1,nlin.AO
4869,4871,0.0,1,nlin.AO
11320,11321,1.4426950408889634,1,nlin.AO
10425,10426,0.9102392266268373,1,nlin.AO
4485,9023,0.0,1,nlin.AO
4952,4956,1.279458146995729,1,nlin.AO
3294,3295,1.4426950408889634,1,nlin.AO
2217,2334,0.5581106265512472,1,nlin.AO
7483,9008,1.8204784532536746,1,nlin.AO
880,998,0.6213349345596119,1,nlin.AO
2844,2845,0.0,1,nlin.AO
11328,11330,1.4426950408889634,1,nlin.AO
10082,10083,0.0,1,nlin.AO
9021,9023,1.8204784532536746,1,nlin.AO
689,3890,0.0,1,nlin.AO
6814,5301,0.0,1,nlin.AO
3194,3585,0.6213349345596119,1,nlin.AO
3905,5024,1.1352332769293625,1,nlin.AO
5412,5413,0.0,1,nlin.AO
2043,10709,2.8853900817779268,1,nlin.AO
6054,6055,0.0,1,nlin.AO
10198,10201,2.55937084592595,1,nlin.AO
5352,6657,0.0,1,nlin.AO
1571,9383,1.4426950408889634,1,nlin.AO
8459,8460,0.7213475204444817,1,nlin.AO
1717,7599,0.9102392266268373,1,nlin.AO
4348,10048,0.0,1,nlin.AO
10197,10202,1.7933564893654796,1,nlin.AO
6369,6370,1.4426950408889634,1,nlin.AO
3205,3511,0.33380820069533407,1,nlin.AO
5178,5180,1.4426950408889634,1,nlin.AO
279,2043,1.4426950408889634,1,nlin.AO
5507,5710,0.0,0,nlin.AO
6643,9868,0.0,0,nlin.AO
4837,9033,0.0,0,nlin.AO
3374,5658,0.0,0,nlin.AO
3735,4953,0.0,0,nlin.AO
1258,5064,0.0,0,nlin.AO
10436,12099,0.0,0,nlin.AO
1366,7532,0.0,0,nlin.AO
5351,7151,0.0,0,nlin.AO
2285,11813,0.0,0,nlin.AO
3904,10118,0.0,0,nlin.AO
1278,8578,0.0,0,nlin.AO
4793,9075,0.0,0,nlin.AO
3717,8998,0.0,0,nlin.AO
4812,5143,0.0,0,nlin.AO
6828,9262,0.0,0,nlin.AO
4949,11979,0.0,0,nlin.AO
1266,6775,0.0,0,nlin.AO
9860,12033,0.0,0,nlin.AO
4936,9654,0.0,0,nlin.AO
8606,11922,0.0,0,nlin.AO
4799,11872,0.0,0,nlin.AO
5770,13793,0.0,0,nlin.AO
1258,6663,0.0,0,nlin.AO
2252,7610,0.0,0,nlin.AO
3894,5215,0.0,0,nlin.AO
397,3949,0.0,0,nlin.AO
8079,9079,0.0,0,nlin.AO
4107,12031,0.0,0,nlin.AO
4134,9919,0.0,0,nlin.AO
279,6046,0.0,0,nlin.AO
8499,8636,0.0,0,nlin.AO
4135,8193,0.0,0,nlin.AO
8080,13784,0.0,0,nlin.AO
5932,8710,0.0,0,nlin.AO
2425,11860,0.0,0,nlin.AO
3020,3249,0.0,0,nlin.AO
9031,10586,0.0,0,nlin.AO
5072,10588,0.0,0,nlin.AO
1728,4823,0.0,0,nlin.AO
1265,2218,0.0,0,nlin.AO
4347,7690,0.0,0,nlin.AO
5695,7728,0.0,0,nlin.AO
1861,4952,0.0,0,nlin.AO
1953,11878,0.0,0,nlin.AO
10082,11788,0.0,0,nlin.AO
1572,4193,0.0,0,nlin.AO
7332,10865,0.0,0,nlin.AO
5180,8710,0.0,0,nlin.AO
3588,9614,0.0,0,nlin.AO
8483,13754,0.0,0,nlin.AO
4962,5351,0.0,0,nlin.AO
10410,11528,0.0,0,nlin.AO
2232,5785,0.0,0,nlin.AO
283,10253,0.0,0,nlin.AO
974,11171,0.0,0,nlin.AO
2453,8749,0.0,0,nlin.AO
4465,8449,0.0,0,nlin.AO
7300,12104,0.0,0,nlin.AO
9672,10717,0.0,0,nlin.AO
3058,3913,0.0,0,nlin.AO
2305,10586,0.0,0,nlin.AO
2074,5082,0.0,0,nlin.AO
3905,4936,0.0,0,nlin.AO
8713,11551,0.0,0,nlin.AO
4886,6120,0.0,0,nlin.AO
6187,13783,0.0,0,nlin.AO
404,9715,0.0,0,nlin.AO
8411,10203,0.0,0,nlin.AO
8607,11170,0.0,0,nlin.AO
1793,3109,0.0,0,nlin.AO
5072,10825,0.0,0,nlin.AO
9861,11411,0.0,0,nlin.AO
3150,9639,0.0,0,nlin.AO
1751,8872,0.0,0,nlin.AO
3913,4176,0.0,0,nlin.AO
5334,10425,0.0,0,nlin.AO
278,2423,0.0,0,nlin.AO
9033,11790,0.0,0,nlin.AO
3377,3378,0.5581106265512472,0,nlin.AO
7553,8734,0.0,0,nlin.AO
3059,3855,0.0,0,nlin.AO
144,9760,0.0,0,nlin.AO
3947,9031,0.0,0,nlin.AO
4255,8729,0.0,0,nlin.AO
3045,13759,0.0,0,nlin.AO
2105,10425,0.0,0,nlin.AO
2425,9612,0.0,0,nlin.AO
1702,7002,0.0,0,nlin.AO
3905,4949,0.0,0,nlin.AO
3587,11186,0.0,0,nlin.AO
4107,7280,0.0,0,nlin.AO
1579,9003,0.0,0,nlin.AO
3867,6890,0.0,0,nlin.AO
4792,7239,0.0,0,nlin.AO
2217,9933,0.0,0,nlin.AO
4111,5300,0.0,0,nlin.AO
7384,10083,0.0,0,nlin.AO
5609,5786,0.0,0,nlin.AO
112,13744,0.0,0,nlin.AO
1648,9003,0.0,0,nlin.AO
8495,10141,0.0,0,nlin.AO
13751,13762,0.0,0,nlin.AO
7819,8713,0.0,0,nlin.AO
11022,11186,0.0,0,nlin.AO
7740,8923,0.0,0,nlin.AO
8502,9008,0.0,0,nlin.AO
111,4195,0.0,0,nlin.AO
3236,8070,0.0,0,nlin.AO
5968,8356,0.0,0,nlin.AO
4866,5215,0.0,0,nlin.AO
3584,13762,0.0,0,nlin.AO
8847,10323,0.0,0,nlin.AO
3236,11871,0.0,0,nlin.AO
5634,9490,0.0,0,nlin.AO
3205,4326,0.0,0,nlin.AO
10445,13779,0.0,0,nlin.AO
1552,4326,0.0,0,nlin.AO
4901,11701,0.0,0,nlin.AO
277,4757,0.0,0,nlin.AO
5740,11462,0.0,0,nlin.AO
3511,7007,0.0,0,nlin.AO
11451,11457,0.0,0,nlin.AO
8145,10023,0.0,0,nlin.AO
3449,5967,0.0,0,nlin.AO
2718,11755,0.0,0,nlin.AO
219,1410,0.0,0,nlin.AO
5774,8458,0.0,0,nlin.AO
1870,6828,0.0,0,nlin.AO
2119,10263,0.0,0,nlin.AO
3501,5348,0.0,0,nlin.AO
4072,8355,0.0,0,nlin.AO
5518,6155,0.0,0,nlin.AO
7781,8546,0.0,0,nlin.AO
4193,10716,0.0,0,nlin.AO
4953,5318,0.0,0,nlin.AO
2119,6354,0.0,0,nlin.AO
2717,3429,0.0,0,nlin.AO
3196,7902,0.0,0,nlin.AO
8441,9095,0.0,0,nlin.AO
8578,12008,0.0,0,nlin.AO
633,1027,0.0,0,nlin.AO
5090,8706,0.0,0,nlin.AO
4001,11152,0.0,0,nlin.AO
2286,6890,0.0,0,nlin.AO
1579,9527,0.0,0,nlin.AO
5024,9282,0.0,0,nlin.AO
4136,9408,0.0,0,nlin.AO
10758,10959,0.0,0,nlin.AO
6054,9001,0.0,0,nlin.AO
4150,10322,0.0,0,nlin.AO
7699,8615,0.0,0,nlin.AO
2119,2395,0.0,0,nlin.AO
903,4791,0.0,0,nlin.AO
3897,4799,0.0,0,nlin.AO
6224,8365,0.0,0,nlin.AO
9015,10009,0.0,0,nlin.AO
5591,11756,0.0,0,nlin.AO
5023,7888,0.0,0,nlin.AO
4050,6317,0.0,0,nlin.AO
4150,4189,0.0,0,nlin.AO
8778,10865,0.0,0,nlin.AO
880,11098,0.0,0,nlin.AO
10008,10758,0.0,0,nlin.AO
5141,12157,0.0,0,nlin.AO
9032,10866,0.0,0,nlin.AO
397,11978,0.0,0,nlin.AO
10420,12032,0.0,0,nlin.AO
2118,4951,0.0,0,nlin.AO
6430,8636,0.0,0,nlin.AO
11338,11385,0.0,0,nlin.AO
1702,2129,0.0,0,nlin.AO
3338,10429,0.0,0,nlin.AO
3358,6597,0.0,0,nlin.AO
7054,9640,0.0,0,nlin.AO
2299,10615,0.0,0,nlin.AO
7725,7886,0.0,0,nlin.AO
111,10200,0.0,0,nlin.AO
4332,9044,0.0,0,nlin.AO
1701,3584,0.0,0,nlin.AO
217,8250,0.0,0,nlin.AO
9932,13759,0.0,0,nlin.AO
5236,9527,0.0,0,nlin.AO
11452,13751,0.0,0,nlin.AO
7280,9021,0.0,0,nlin.AO
3416,6161,0.0,0,nlin.AO
3895,9951,0.0,0,nlin.AO
7013,10254,0.0,0,nlin.AO
5392,6832,0.0,0,nlin.AO
217,9009,0.0,0,nlin.AO
2335,10524,0.0,0,nlin.AO
1648,13749,0.0,0,nlin.AO
8343,9615,0.0,0,nlin.AO
4233,10202,0.0,0,nlin.AO
551,2874,0.0,0,nlin.AO
6055,10425,0.0,0,nlin.AO
7538,7726,0.0,0,nlin.AO
1491,10424,0.0,0,nlin.AO
3994,5090,0.0,0,nlin.AO
3451,5318,0.0,0,nlin.AO
6160,9889,0.0,0,nlin.AO
3718,7239,0.0,0,nlin.AO
4152,11790,0.0,0,nlin.AO
3819,7300,0.0,0,nlin.AO
8162,8483,0.0,0,nlin.AO
10522,10587,0.0,0,nlin.AO
1638,4551,0.0,0,nlin.AO
9384,10615,0.0,0,nlin.AO
2304,2453,0.0,0,nlin.AO
3021,4952,0.0,0,nlin.AO
5698,9076,0.0,0,nlin.AO
4074,6241,0.0,0,nlin.AO
1002,8129,0.0,0,nlin.AO
6888,7612,0.0,0,nlin.AO
6576,10262,0.0,0,nlin.AO
2254,11878,0.0,0,nlin.AO
4799,8734,0.0,0,nlin.AO
2074,6663,0.0,0,nlin.AO
7483,10261,0.0,0,nlin.AO
2287,4830,0.0,0,nlin.AO
6045,9920,0.0,0,nlin.AO
9407,9946,0.0,0,nlin.AO
6664,8873,0.0,0,nlin.AO
4485,8449,0.0,0,nlin.AO
586,11098,0.0,0,nlin.AO
4194,8614,0.0,0,nlin.AO
7332,12041,0.0,0,nlin.AO
3866,11320,0.0,0,nlin.AO
2715,4001,0.0,0,nlin.AO
3686,4299,0.0,0,nlin.AO
5696,6370,0.0,0,nlin.AO
5945,8813,0.0,0,nlin.AO
1554,3398,0.0,0,nlin.AO
4718,13769,0.0,0,nlin.AO
6187,7281,0.0,0,nlin.AO
2860,11023,0.0,0,nlin.AO
7611,10850,0.0,0,nlin.AO
6143,9673,0.0,0,nlin.AO
8461,13757,0.0,0,nlin.AO
3449,8803,0.0,0,nlin.AO
6658,8061,0.0,0,nlin.AO
4869,8128,0.0,0,nlin.AO
3588,8161,0.0,0,nlin.AO
4952,10139,0.0,0,nlin.AO
3412,8219,0.0,0,nlin.AO
3150,5064,0.0,0,nlin.AO
7722,8062,0.0,0,nlin.AO
4719,12008,0.0,0,nlin.AO
2119,11890,0.0,0,nlin.AO
5360,10863,0.0,0,nlin.AO
3196,11452,0.0,0,nlin.AO
6760,8086,0.0,0,nlin.AO
4190,6657,0.0,0,nlin.AO
4791,6370,0.0,0,nlin.AO
2845,3417,0.0,0,nlin.AO
3627,8813,0.0,0,nlin.AO
4152,4833,0.0,0,nlin.AO
6222,11385,0.0,0,nlin.AO
3797,9489,0.0,0,nlin.AO
5181,5932,0.0,0,nlin.AO
11259,11700,0.0,0,nlin.AO
5711,8483,0.0,0,nlin.AO
1648,4325,0.0,0,nlin.AO
2660,7285,0.0,0,nlin.AO
1067,10588,0.0,0,nlin.AO
10861,11519,0.0,0,nlin.AO
5738,6487,0.0,0,nlin.AO
5668,9918,0.0,0,nlin.AO
1572,9784,0.0,0,nlin.AO
9490,10203,0.0,0,nlin.AO
11457,13764,0.0,0,nlin.AO
3684,4485,0.0,0,nlin.AO
3685,8749,0.0,0,nlin.AO
3044,11462,0.0,0,nlin.AO
8208,11171,0.0,0,nlin.AO
5740,13762,0.0,0,nlin.AO
11871,13754,0.0,0,nlin.AO
4867,5969,0.0,0,nlin.AO
1366,4333,0.0,0,nlin.AO
3895,11453,0.0,0,nlin.AO
1572,11473,0.0,0,nlin.AO
5527,6155,0.0,0,nlin.AO
5091,8999,0.0,0,nlin.AO
8304,9054,0.0,0,nlin.AO
5558,6762,0.0,0,nlin.AO
1144,7285,0.0,0,nlin.AO
5521,7536,0.0,0,nlin.AO
3452,7612,0.0,0,nlin.AO
9674,11331,0.0,0,nlin.AO
414,5301,0.0,0,nlin.AO
1265,4133,0.0,0,nlin.AO
5001,10403,0.0,0,nlin.AO
8305,8987,0.0,0,nlin.AO
670,9054,0.0,0,nlin.AO
5634,12009,0.0,0,nlin.AO
413,10319,0.0,0,nlin.AO
5024,10261,0.0,0,nlin.AO
283,5770,0.0,0,nlin.AO
5740,12157,0.0,0,nlin.AO
10008,10039,0.0,0,nlin.AO
6225,6829,0.0,0,nlin.AO
7094,8410,0.0,0,nlin.AO
2453,2716,0.0,0,nlin.AO
7285,7483,0.0,0,nlin.AO
3388,9931,0.0,0,nlin.AO
8606,11872,0.0,0,nlin.AO
393,4073,0.0,0,nlin.AO
7573,11171,0.0,0,nlin.AO
3109,13759,0.0,0,nlin.AO
5072,5183,0.0,0,nlin.AO
3194,9931,0.0,0,nlin.AO
8804,13769,0.0,0,nlin.AO
4189,4952,0.0,0,nlin.AO
5668,13686,0.0,0,nlin.AO
5492,13744,0.0,0,nlin.AO
4300,6774,0.0,0,nlin.AO
3854,4729,0.0,0,nlin.AO
3856,5565,0.0,0,nlin.AO
4885,8367,0.0,0,nlin.AO
7887,8706,0.0,0,nlin.AO
5072,8193,0.0,0,nlin.AO
3866,12031,0.0,0,nlin.AO
8365,11332,0.0,0,nlin.AO
8127,11451,0.0,0,nlin.AO
2659,11977,0.0,0,nlin.AO
5694,7547,0.0,0,nlin.AO
10437,11320,0.0,0,nlin.AO
4177,4954,0.0,0,nlin.AO
1619,2395,0.0,0,nlin.AO
13751,13777,0.0,0,nlin.AO
4333,12041,0.0,0,nlin.AO
2127,8710,0.0,0,nlin.AO
2074,10370,0.0,0,nlin.AO
2718,10957,0.0,0,nlin.AO
7537,9527,0.0,0,nlin.AO
5150,10825,0.0,0,nlin.AO
4106,5060,0.0,0,nlin.AO
4347,11935,0.0,0,nlin.AO
3379,9009,0.0,0,nlin.AO
4484,5933,0.0,0,nlin.AO
5063,9899,0.0,0,nlin.AO
5082,11319,0.0,0,nlin.AO
4729,9892,0.0,0,nlin.AO
1266,4868,0.0,0,nlin.AO
1491,9920,0.0,0,nlin.AO
9259,10803,0.0,0,nlin.AO
4871,13777,0.0,0,nlin.AO
4259,7886,0.0,0,nlin.AO
6181,13798,0.0,0,nlin.AO
3378,8811,0.0,0,nlin.AO
8449,9869,0.0,0,nlin.AO
3717,10757,0.0,0,nlin.AO
1702,3821,0.0,0,nlin.AO
3013,3294,0.0,0,nlin.AO
633,10437,0.0,0,nlin.AO
9820,10183,0.0,0,nlin.AO
127,8615,0.0,0,nlin.AO
7002,9857,0.0,0,nlin.AO
7151,8250,0.0,0,nlin.AO
716,3502,0.0,0,nlin.AO
5072,9054,0.0,0,nlin.AO
2305,10922,0.0,0,nlin.AO
424,5060,0.0,0,nlin.AO
1861,10369,0.0,0,nlin.AO
8079,12159,0.0,0,nlin.AO
2424,3294,0.0,0,nlin.AO
5182,8813,0.0,0,nlin.AO
1717,3298,0.0,0,nlin.AO
3797,10424,0.0,0,nlin.AO
4832,5932,0.0,0,nlin.AO
4483,13762,0.0,0,nlin.AO
7609,9716,0.0,0,nlin.AO
2786,3377,0.0,0,nlin.AO
8707,13700,0.0,0,nlin.AO
6760,11249,0.0,0,nlin.AO
6241,11169,0.0,0,nlin.AO
3904,6354,0.0,0,nlin.AO
1278,9262,0.0,0,nlin.AO
8456,8461,1.531574161186449,0,nlin.AO
5785,10427,0.0,0,nlin.AO
2693,8801,0.0,0,nlin.AO
4348,5692,0.0,0,nlin.AO
5609,8728,0.0,0,nlin.AO
3965,4764,0.0,0,nlin.AO
3895,6017,0.0,0,nlin.AO
8706,9758,0.0,0,nlin.AO
8578,9856,0.0,0,nlin.AO
4757,13764,0.0,0,nlin.AO
3143,10708,0.0,0,nlin.AO
2840,9633,0.0,0,nlin.AO
6244,6248,1.072008968920998,1,cs.SI
172,869,0.45511961331341866,1,cs.SI
10419,2446,1.270912986849078,1,cs.SI
842,6327,1.4426950408889634,1,cs.SI
272,3189,0.9102392266268373,1,cs.SI
9082,2625,0.9370338082411984,1,cs.SI
5535,7756,0.7213475204444817,1,cs.SI
3205,4465,0.0,1,cs.SI
1211,2540,1.179445561110859,1,cs.SI
1877,9494,0.8268746032241814,1,cs.SI
3831,3833,0.0,1,cs.SI
7984,7731,0.0,1,cs.SI
5794,3930,0.43429448190325176,1,cs.SI
6229,6232,1.7375561876621062,1,cs.SI
2314,6216,2.352934267515801,1,cs.SI
8179,8180,1.3426824550040934,1,cs.SI
11414,11415,1.3272716180510837,1,cs.SI
4552,8901,1.2022458674074694,1,cs.SI
5805,5400,0.5581106265512472,1,cs.SI
5551,5624,1.4033124375864212,1,cs.SI
3484,4292,0.5138983423697507,1,cs.SI
3006,5184,0.0,1,cs.SI
11397,11664,1.100270702134433,1,cs.SI
3114,4821,2.0008056674402104,1,cs.SI
8404,8406,0.5581106265512472,1,cs.SI
38,1746,2.352934267515801,1,cs.SI
2541,2542,1.179445561110859,1,cs.SI
3533,6297,0.930930733793997,1,cs.SI
5536,7756,0.7213475204444817,1,cs.SI
5335,5337,2.0008056674402104,1,cs.SI
4217,4633,0.9102392266268373,1,cs.SI
1264,6801,0.859821528652939,1,cs.SI
6117,6119,1.0743036443092429,1,cs.SI
1996,4568,1.365358839940256,1,cs.SI
1903,8805,1.039008973514235,1,cs.SI
7326,7330,0.9947966893327386,1,cs.SI
7705,7706,0.0,1,cs.SI
6862,11075,0.0,1,cs.SI
6951,6952,1.4426950408889634,1,cs.SI
8029,8770,2.164042561333445,1,cs.SI
2680,7417,0.0,1,cs.SI
728,3834,0.9102392266268373,1,cs.SI
8506,8508,0.9102392266268373,1,cs.SI
2808,1917,0.0,1,cs.SI
6424,340,1.8640048036788355,1,cs.SI
12169,12170,1.4426950408889634,1,cs.SI
6710,6712,2.833832614478789,1,cs.SI
1740,6461,2.0668056582537364,1,cs.SI
172,2091,2.358488900111093,1,cs.SI
11195,11197,2.0867063603847376,1,cs.SI
11611,11618,3.951610603934763,1,cs.SI
7635,7636,0.0,1,cs.SI
8477,9888,1.4426950408889634,1,cs.SI
577,3250,0.5138983423697507,1,cs.SI
1548,1549,0.7213475204444817,1,cs.SI
5191,5193,1.4426950408889634,1,cs.SI
11657,11919,0.0,1,cs.SI
7335,7338,3.157657275783563,1,cs.SI
5190,5193,0.0,1,cs.SI
6279,6543,0.9102392266268373,1,cs.SI
2446,10671,0.36067376022224085,1,cs.SI
1599,7243,0.0,1,cs.SI
7218,8027,0.0,1,cs.SI
3580,2077,1.8204784532536746,1,cs.SI
715,8663,3.921433845522862,1,cs.SI
507,6104,0.9370338082411984,1,cs.SI
9087,9088,0.9102392266268373,1,cs.SI
61,715,0.7213475204444817,1,cs.SI
6744,6746,1.9565933832587141,1,cs.SI
7492,8942,0.5581106265512472,1,cs.SI
6682,9108,0.9102392266268373,1,cs.SI
7411,7410,3.3405096950913453,1,cs.SI
7436,7437,0.9102392266268373,1,cs.SI
9057,551,0.9751430179754935,1,cs.SI
3374,5738,0.0,1,cs.SI
1953,11942,0.0,1,cs.SI
4356,2808,0.6213349345596119,1,cs.SI
1877,2085,0.0,1,cs.SI
11599,11601,0.9102392266268373,1,cs.SI
1275,3358,0.0,1,cs.SI
1711,2748,1.4406348176750832,1,cs.SI
2314,2313,0.9102392266268373,1,cs.SI
4951,4955,0.7213475204444817,1,cs.SI
41,10520,2.8853900817779268,1,cs.SI
7026,4268,2.0558875327124264,1,cs.SI
11575,11576,0.9102392266268373,1,cs.SI
7147,7149,1.4426950408889634,1,cs.SI
8030,8031,1.1162212531024944,1,cs.SI
213,2471,1.8204784532536746,1,cs.SI
210,4018,0.0,1,cs.SI
149,1198,0.0,1,cs.SI
479,4689,0.3789231816899512,1,cs.SI
11615,11617,3.9012051717890457,1,cs.SI
7226,9284,2.2742548363284674,1,cs.SI
2873,2242,0.45511961331341866,1,cs.SI
2797,5288,0.48089834696298783,1,cs.SI
7407,7408,0.0,1,cs.SI
451,7684,1.1764671337579005,1,cs.SI
3533,6139,0.0,1,cs.SI
2916,8675,1.2733091264613354,1,cs.SI
1196,7960,2.662361859163779,1,cs.SI
665,6675,0.6213349345596119,1,cs.SI
11616,11622,4.898703362074836,1,cs.SI
5959,5960,0.4170323914242463,1,cs.SI
4622,4624,2.0008056674402104,1,cs.SI
6716,6717,4.268293793945977,1,cs.SI
4856,6678,1.8204784532536746,1,cs.SI
5806,11363,0.9102392266268373,1,cs.SI
10481,10480,1.2022458674074694,1,cs.SI
4951,6850,0.0,1,cs.SI
3476,3477,1.631586747071319,1,cs.SI
4217,5809,1.876989522792215,1,cs.SI
5867,5572,1.8565807973738444,1,cs.SI
3058,11486,1.4426950408889634,1,cs.SI
41,2479,0.0,1,cs.SI
5330,5332,2.8853900817779268,1,cs.SI
2609,10879,0.9605402309330919,1,cs.SI
394,6197,2.6957328067047466,1,cs.SI
7885,9982,0.7213475204444817,1,cs.SI
2206,7284,1.3272716180510837,1,cs.SI
4952,4956,1.631586747071319,1,cs.SI
4107,8840,0.5138983423697507,1,cs.SI
6913,6914,0.9102392266268373,1,cs.SI
1326,3663,0.0,1,cs.SI
592,4094,0.48089834696298783,1,cs.SI
9694,9704,0.9102392266268373,1,cs.SI
4086,4154,0.9102392266268373,1,cs.SI
9117,9119,0.9102392266268373,1,cs.SI
1067,6753,0.9102392266268373,1,cs.SI
5811,9299,2.710556781246293,1,cs.SI
578,7502,1.4448290761637477,1,cs.SI
1067,10759,0.48089834696298783,1,cs.SI
8487,8490,0.7213475204444817,1,cs.SI
1163,11145,0.0,1,cs.SI
3284,9576,0.6213349345596119,1,cs.SI
10650,10649,1.631586747071319,1,cs.SI
7634,7824,0.0,1,cs.SI
8324,8400,1.3426824550040934,1,cs.SI
5841,5842,1.4426950408889634,1,cs.SI
5584,5586,2.281678842633459,1,cs.SI
83,9205,3.339447851291459,1,cs.SI
4553,8842,1.9822481955478353,1,cs.SI
12117,12119,0.0,1,cs.SI
931,7480,0.7591406183201351,1,cs.SI
3732,7125,1.4875440064542507,1,cs.SI
408,7338,0.30341307554227914,1,cs.SI
9205,9206,2.596204274953957,1,cs.SI
4796,4797,0.0,1,cs.SI
7915,6355,1.4426950408889634,1,cs.SI
9196,9199,3.724090247500731,1,cs.SI
869,9422,1.6515004041917187,1,cs.SI
2283,8462,1.4426950408889634,1,cs.SI
1537,3788,0.0,1,cs.SI
4808,5302,1.6586450872698757,1,cs.SI
7892,7893,1.0277966847395015,1,cs.SI
1717,9346,2.0867063603847376,1,cs.SI
931,3483,1.240038965283123,1,cs.SI
5157,10557,1.8204784532536746,1,cs.SI
6235,6236,1.7375561876621062,1,cs.SI
6861,6862,2.352934267515801,1,cs.SI
508,547,1.4426950408889634,1,cs.SI
2479,286,0.7248994379511449,1,cs.SI
9450,9451,1.4426950408889634,1,cs.SI
370,10811,0.9102392266268373,1,cs.SI
684,2045,0.0,1,cs.SI
2342,8927,0.0,1,cs.SI
5419,10497,0.6891324989752919,1,cs.SI
6444,6445,1.4426950408889634,1,cs.SI
932,934,0.5138983423697507,1,cs.SI
8799,8991,0.7213475204444817,1,cs.SI
10773,11607,1.6494553403971541,1,cs.SI
2511,2512,0.0,1,cs.SI
5028,10994,1.3237085771199222,1,cs.SI
11798,11799,0.9102392266268373,1,cs.SI
9717,9719,1.424137568996588,1,cs.SI
272,6877,0.48089834696298783,1,cs.SI
42,1407,0.3396232718951086,1,cs.SI
2367,8053,0.8010958695746122,1,cs.SI
450,901,0.0,1,cs.SI
729,1967,0.737707557445531,1,cs.SI
9117,11106,0.0,1,cs.SI
807,9083,0.7059122477295223,1,cs.SI
3663,5802,1.4426950408889634,1,cs.SI
3450,2135,0.5581106265512472,1,cs.SI
11617,11624,3.5930345396893975,1,cs.SI
9245,9247,1.631586747071319,1,cs.SI
6709,6718,2.0080269291974044,1,cs.SI
1262,10929,0.5581106265512472,1,cs.SI
9196,9202,3.368673488502673,1,cs.SI
3655,7764,1.4426950408889634,1,cs.SI
5028,9419,1.3237085771199222,1,cs.SI
4015,4016,0.0,1,cs.SI
3284,2665,0.0,1,cs.SI
12195,12196,1.7968085919311356,1,cs.SI
6439,6440,0.5138983423697507,1,cs.SI
270,1613,1.7038842974531876,1,cs.SI
209,7268,0.3459762562611936,1,cs.SI
4328,4330,0.0,1,cs.SI
3812,10559,1.531574161186449,1,cs.SI
3285,3606,2.1403009574686656,1,cs.SI
5835,5836,1.4426950408889634,1,cs.SI
1500,9049,1.2386979653798884,1,cs.SI
2223,1824,1.072008968920998,1,cs.SI
10111,10112,0.0,1,cs.SI
1549,6817,0.0,1,cs.SI
11421,11422,1.5027003065162776,1,cs.SI
11511,11512,0.5581106265512472,1,cs.SI
8412,8414,1.4426950408889634,1,cs.SI
5461,5465,0.7213475204444817,1,cs.SI
4904,8945,1.8582210984293646,1,cs.SI
4685,10391,0.9102392266268373,1,cs.SI
958,5999,0.3284587387530511,1,cs.SI
7335,7333,2.204377225028151,1,cs.SI
11514,11517,0.7213475204444817,1,cs.SI
4218,9510,0.0,1,cs.SI
1141,9135,1.8565807973738442,1,cs.SI
5306,5308,2.9070729443431826,1,cs.SI
1348,8996,0.3898712452512801,1,cs.SI
764,2340,0.7213475204444817,1,cs.SI
8030,9006,0.0,1,cs.SI
5562,10091,0.0,1,cs.SI
7436,7438,0.9102392266268373,1,cs.SI
1128,7914,1.4426950408889634,1,cs.SI
7331,7341,4.081366747820367,1,cs.SI
8247,8248,2.0340163514531637,1,cs.SI
6686,9396,1.0556294164628637,1,cs.SI
5747,4612,1.4426950408889634,1,cs.SI
1211,2541,1.179445561110859,1,cs.SI
1717,7598,2.8853900817779268,1,cs.SI
54,4061,0.8340427950033699,1,cs.SI
6194,6195,1.4499163026461572,1,cs.SI
7763,10099,2.041026924604167,1,cs.SI
6401,6402,1.4426950408889634,1,cs.SI
5345,5347,1.631586747071319,1,cs.SI
4293,6410,0.7213475204444817,1,cs.SI
5171,5219,0.0,1,cs.SI
6920,6922,1.4426950408889634,1,cs.SI
8360,8361,1.279458146995729,1,cs.SI
6916,9987,1.4426950408889634,1,cs.SI
5762,6808,0.0,1,cs.SI
4392,874,0.9102392266268373,1,cs.SI
6672,6673,0.6213349345596119,1,cs.SI
4573,8044,2.352934267515801,1,cs.SI
999,2213,0.7213475204444817,1,cs.SI
54,2637,1.8988305021671743,1,cs.SI
4972,4971,1.4426950408889634,1,cs.SI
5205,10443,0.0,1,cs.SI
382,3375,1.2187448632565658,1,cs.SI
4472,4473,0.0,1,cs.SI
1948,4556,0.618071055986404,1,cs.SI
209,4644,1.8216182225789146,1,cs.SI
83,9194,2.422115430230083,1,cs.SI
2541,7517,0.0,1,cs.SI
3284,5489,0.0,1,cs.SI
412,4533,1.424137568996588,1,cs.SI
7356,7357,1.4426950408889634,1,cs.SI
220,221,0.8192998831154714,1,cs.SI
636,6036,1.2426698691192237,1,cs.SI
78,2506,0.7644768390143213,1,cs.SI
11699,11701,2.8853900817779268,1,cs.SI
6498,6499,1.4426950408889634,1,cs.SI
2447,5170,1.531574161186449,1,cs.SI
7763,10684,1.9380359113663386,1,cs.SI
1328,10372,0.0,1,cs.SI
10037,10038,1.6933439034806097,1,cs.SI
10786,10788,1.4426950408889634,1,cs.SI
11806,11807,0.0,1,cs.SI
198,4382,1.4426950408889634,1,cs.SI
8806,1904,1.3642262983078202,1,cs.SI
5415,5447,1.0764545478730305,1,cs.SI
684,591,0.36926937306885504,1,cs.SI
6149,6151,1.2426698691192237,1,cs.SI
1026,6796,0.0,1,cs.SI
5028,10988,0.8685889638065035,1,cs.SI
1248,8027,1.800780495670471,1,cs.SI
1950,10111,0.0,1,cs.SI
6975,10047,0.0,1,cs.SI
11615,11624,4.256936262430591,1,cs.SI
5239,6157,0.9102392266268373,1,cs.SI
172,2063,1.0237645389414565,1,cs.SI
72,1322,0.5138983423697507,1,cs.SI
807,782,2.2188208522182995,1,cs.SI
2755,9279,1.072008968920998,1,cs.SI
218,6254,0.2611892565642242,1,cs.SI
6868,6867,1.4426950408889634,1,cs.SI
3888,6793,0.9102392266268373,1,cs.SI
721,10006,0.8598745986309444,1,cs.SI
9663,9665,0.7213475204444817,1,cs.SI
9770,9772,2.352934267515801,1,cs.SI
2446,5421,1.365358839940256,1,cs.SI
931,3482,0.870769592214268,1,cs.SI
5446,6776,1.5583687428008102,1,cs.SI
5219,8095,0.0,1,cs.SI
4165,3387,0.30341307554227914,1,cs.SI
10412,10414,2.112485094034307,1,cs.SI
9348,9350,0.0,1,cs.SI
11612,11621,4.5585288256330525,1,cs.SI
1572,12130,0.0,1,cs.SI
11610,11615,4.553942361388182,1,cs.SI
1359,1361,1.039008973514235,1,cs.SI
8663,11614,4.279578157349914,1,cs.SI
7997,7999,0.0,1,cs.SI
11791,11792,1.4426950408889634,1,cs.SI
7333,7341,2.685275571991139,1,cs.SI
219,2901,2.7668200240006815,1,cs.SI
5288,5289,1.4118290807569849,1,cs.SI
2597,9753,0.0,1,cs.SI
5869,11633,6.252371549498934,1,cs.SI
107,11779,0.0,1,cs.SI
6545,6546,0.318928988903801,1,cs.SI
1161,9082,2.2902480483555228,1,cs.SI
5400,6387,0.0,1,cs.SI
1903,6648,1.3001104718781173,1,cs.SI
11620,11626,4.530205676892101,1,cs.SI
5527,6973,2.0640299754485754,1,cs.SI
4177,5507,1.4426950408889634,1,cs.SI
96,4066,0.8833279513448324,1,cs.SI
3780,9108,0.0,1,cs.SI
1549,3292,1.2544461869426695,1,cs.SI
1945,6564,1.4426950408889634,1,cs.SI
4589,6607,0.0,1,cs.SI
6077,6982,0.6213349345596119,1,cs.SI
5073,3543,0.30341307554227914,1,cs.SI
7332,7337,2.799403613415649,1,cs.SI
807,9677,1.5583687428008102,1,cs.SI
9462,11771,0.9102392266268373,1,cs.SI
8006,11282,2.419137002877124,1,cs.SI
83,2279,2.1970425567402083,1,cs.SI
1642,2314,0.9102392266268373,1,cs.SI
5224,5225,1.3426824550040934,1,cs.SI
7041,7042,0.0,1,cs.SI
1275,2287,2.352934267515801,1,cs.SI
11587,11589,1.4426950408889634,1,cs.SI
3915,3914,0.6213349345596119,1,cs.SI
6073,6074,0.9102392266268373,1,cs.SI
1851,9512,1.800780495670471,1,cs.SI
382,8694,1.165984853771623,1,cs.SI
7295,7297,0.0,1,cs.SI
11463,11466,0.7213475204444817,1,cs.SI
11577,11578,0.0,1,cs.SI
422,1027,0.8513268733274981,1,cs.SI
6916,9988,1.4426950408889634,1,cs.SI
865,4472,0.0,1,cs.SI
5026,5027,0.0,1,cs.SI
8089,10542,1.4426950408889634,1,cs.SI
4174,7986,0.0,1,cs.SI
11625,11632,6.222236015629587,1,cs.SI
4953,4954,2.2755980665670936,1,cs.SI
1855,1857,1.1764671337579005,1,cs.SI
1808,1807,1.3426824550040934,1,cs.SI
12147,12148,0.6213349345596119,1,cs.SI
10780,10781,0.0,1,cs.SI
591,592,5.1898692307079966,1,cs.SI
2446,3226,2.530446400274157,1,cs.SI
4622,6096,0.9102392266268373,1,cs.SI
107,11781,0.0,1,cs.SI
1275,3389,1.4426950408889634,1,cs.SI
2242,831,0.0,1,cs.SI
479,1563,0.0,1,cs.SI
11323,11324,0.9102392266268373,1,cs.SI
10991,10996,3.2545232267290674,1,cs.SI
2214,4332,1.0383673259838582,1,cs.SI
7954,7955,1.4426950408889634,1,cs.SI
5342,5343,0.9102392266268373,1,cs.SI
2446,8596,1.6956385788688546,1,cs.SI
914,8240,1.6299619397895893,1,cs.SI
4547,11064,3.3312229572861645,1,cs.SI
1411,2973,0.3789231816899512,1,cs.SI
3328,7861,0.7213475204444817,1,cs.SI
8631,8633,2.164042561333445,1,cs.SI
1628,5354,1.1022332815225997,1,cs.SI
3799,728,2.352934267515801,1,cs.SI
6030,6034,1.179445561110859,1,cs.SI
10041,10044,0.3459762562611936,1,cs.SI
2233,11556,0.9479818718025272,1,cs.SI
7196,9255,2.1374413248743283,1,cs.SI
4389,4803,0.5581106265512472,1,cs.SI
5533,5536,0.6213349345596119,1,cs.SI
3023,3024,2.252921681630931,1,cs.SI
11064,11067,2.0039513392350807,1,cs.SI
1817,8637,0.9102392266268373,1,cs.SI
6975,6976,0.40242960438184466,1,cs.SI
7960,10155,0.0,1,cs.SI
6357,6358,1.8216182225789146,1,cs.SI
6117,6158,0.0,1,cs.SI
7228,7229,0.0,1,cs.SI
11627,11631,4.859217977273609,1,cs.SI
1484,3512,1.8788090776940378,1,cs.SI
4137,9316,1.8204784532536746,1,cs.SI
90,1933,0.0,1,cs.SI
11594,11938,0.7213475204444817,1,cs.SI
10537,10538,0.0,1,cs.SI
1318,1563,0.0,1,cs.SI
10992,10993,2.7664036180088862,1,cs.SI
4683,3780,0.0,1,cs.SI
6789,9259,1.4620911666427532,1,cs.SI
397,4915,1.5254218173720528,1,cs.SI
510,6417,0.5581106265512472,1,cs.SI
8404,8403,0.0,1,cs.SI
1121,6197,0.7213475204444817,1,cs.SI
8477,8478,2.553913806584725,1,cs.SI
1067,9260,1.831520775617835,1,cs.SI
4304,4389,1.8033688011112043,1,cs.SI
297,1751,0.6213349345596119,1,cs.SI
6453,6454,0.6213349345596119,1,cs.SI
7328,7329,0.0,1,cs.SI
2393,7366,1.4426950408889634,1,cs.SI
172,4320,1.4788841522548752,1,cs.SI
6918,6964,1.1022332815225997,1,cs.SI
9764,9765,0.0,1,cs.SI
1318,4165,0.318928988903801,1,cs.SI
6754,7018,0.0,1,cs.SI
745,5586,2.281678842633459,1,cs.SI
8307,8311,0.9102392266268373,1,cs.SI
715,6895,0.3396232718951086,1,cs.SI
7087,7086,1.2352458628142324,1,cs.SI
10147,11611,4.237603516112026,1,cs.SI
6943,6945,0.0,1,cs.SI
3641,2507,0.0,1,cs.SI
1380,3494,1.3426824550040934,1,cs.SI
11623,11624,5.203427713413588,1,cs.SI
172,4951,1.9712100189664277,1,cs.SI
4018,4019,0.0,1,cs.SI
6908,6910,0.0,1,cs.SI
4160,4164,0.7213475204444817,1,cs.SI
5562,10052,0.7213475204444817,1,cs.SI
6077,9269,0.0,1,cs.SI
220,1115,0.0,1,cs.SI
10331,10332,0.6213349345596119,1,cs.SI
4211,8925,0.0,1,cs.SI
1717,9350,0.9102392266268373,1,cs.SI
2275,2789,1.4426950408889634,1,cs.SI
38,11718,0.9102392266268373,1,cs.SI
9313,9314,0.0,1,cs.SI
5654,7507,1.2230158717162418,1,cs.SI
5954,10076,1.0556294164628637,1,cs.SI
635,9970,1.631586747071319,1,cs.SI
3206,9015,0.0,1,cs.SI
2702,5745,0.6213349345596119,1,cs.SI
2070,5631,1.4426950408889634,1,cs.SI
6712,6715,2.493370855112425,1,cs.SI
3580,11843,0.0,1,cs.SI
47,3836,0.9102392266268373,1,cs.SI
6357,6356,0.0,1,cs.SI
1953,3653,3.406712430452669,1,cs.SI
3228,6711,0.0,1,cs.SI
1220,3896,0.0,1,cs.SI
9596,7823,0.8194619958060909,1,cs.SI
975,7276,0.7998273358667889,1,cs.SI
716,3057,2.0845631655854424,1,cs.SI
1241,370,0.9102392266268373,1,cs.SI
8195,8196,0.7213475204444817,1,cs.SI
395,10521,0.0,1,cs.SI
1851,7085,1.631586747071319,1,cs.SI
3641,10542,0.0,1,cs.SI
808,11261,1.7741826596949366,1,cs.SI
5099,11560,1.8204784532536746,1,cs.SI
9403,9718,1.424137568996588,1,cs.SI
8630,8632,2.8853900817779268,1,cs.SI
4684,11719,0.48089834696298783,1,cs.SI
3368,4574,2.352934267515801,1,cs.SI
6746,6748,1.7933564893654796,1,cs.SI
718,2229,0.0,1,cs.SI
1322,7334,0.7213475204444817,1,cs.SI
808,8585,0.0,1,cs.SI
10294,10295,1.631586747071319,1,cs.SI
5439,9682,1.3001104718781173,1,cs.SI
8165,8166,0.0,1,cs.SI
2446,8027,1.800780495670471,1,cs.SI
5456,5473,0.9102392266268373,1,cs.SI
5811,9302,1.344533708530089,1,cs.SI
11712,11713,0.0,1,cs.SI
251,3615,0.9795632256091193,1,cs.SI
8156,9191,2.0590982624777996,1,cs.SI
6709,6713,1.494128586827654,1,cs.SI
9082,11261,1.0764545478730305,1,cs.SI
11612,11613,5.243797108510257,1,cs.SI
5361,5363,0.0,1,cs.SI
11284,11286,1.6345651744242775,1,cs.SI
1318,1606,0.0,1,cs.SI
287,10480,1.7161442097772204,1,cs.SI
7877,7882,2.2934551604569045,1,cs.SI
10619,10621,2.352934267515801,1,cs.SI
11616,11631,5.887124060388504,1,cs.SI
5414,6776,0.3789231816899512,1,cs.SI
5361,5362,0.0,1,cs.SI
5132,11439,1.1237771248263264,1,cs.SI
5419,5421,1.631586747071319,1,cs.SI
1150,4558,2.259726537396329,1,cs.SI
715,12135,0.3396232718951086,1,cs.SI
3284,11854,0.0,1,cs.SI
5141,5697,2.7463408485747394,1,cs.SI
4950,4956,0.0,1,cs.SI
1399,7255,1.0277966847395015,1,cs.SI
7097,7099,0.0,1,cs.SI
5483,8138,1.9380359113663388,1,cs.SI
250,7268,0.0,1,cs.SI
10147,11633,4.22930708918259,1,cs.SI
54,9279,1.072008968920998,1,cs.SI
7292,7293,1.3426824550040934,1,cs.SI
807,938,1.6405346358665982,1,cs.SI
6460,6462,1.5086950317024894,1,cs.SI
5172,5219,0.0,1,cs.SI
4261,4262,3.3766988064572576,1,cs.SI
12118,12119,0.0,1,cs.SI
4180,4417,0.9102392266268373,1,cs.SI
4270,4271,0.0,1,cs.SI
5304,5311,3.330191479639267,1,cs.SI
9573,9574,0.0,1,cs.SI
9085,9088,1.8204784532536746,1,cs.SI
209,7269,0.3459762562611936,1,cs.SI
3483,6104,1.392153421554617,1,cs.SI
3428,7643,0.0,1,cs.SI
887,172,0.8535216142648594,1,cs.SI
3658,3657,1.8597274323132096,1,cs.SI
46,7124,1.226192637199407,1,cs.SI
3285,5553,2.3454554601551516,1,cs.SI
1262,10930,1.279458146995729,1,cs.SI
42,7407,1.391137573589825,1,cs.SI
4390,4804,0.9102392266268373,1,cs.SI
3914,3916,0.6213349345596119,1,cs.SI
3483,4424,1.6573654807208884,1,cs.SI
6157,7606,1.631586747071319,1,cs.SI
5805,7383,2.164042561333445,1,cs.SI
90,1105,0.7213475204444817,1,cs.SI
90,955,0.0,1,cs.SI
317,9152,1.4683498531780845,1,cs.SI
5234,7103,1.531574161186449,1,cs.SI
4958,11585,2.811032308182178,1,cs.SI
2901,10473,0.0,1,cs.SI
539,1549,0.0,1,cs.SI
12066,12068,1.4426950408889634,1,cs.SI
869,9495,0.3459762562611936,1,cs.SI
416,8240,1.3064464866409167,1,cs.SI
2446,10168,1.5956259929839849,1,cs.SI
207,250,0.4170323914242463,1,cs.SI
3744,3640,0.5581106265512472,1,cs.SI
507,8266,0.9102392266268373,1,cs.SI
3999,7429,0.9102392266268373,1,cs.SI
1628,3455,2.337479144336832,1,cs.SI
715,5869,4.911952855837087,1,cs.SI
144,8585,0.0,1,cs.SI
9199,9200,3.0977973625647794,1,cs.SI
3815,3816,0.0,1,cs.SI
2797,11237,0.0,1,cs.SI
48,251,1.978120677878015,1,cs.SI
382,9534,0.0,1,cs.SI
913,9152,0.0,1,cs.SI
5669,9832,0.0,1,cs.SI
719,4123,1.2891624083167885,1,cs.SI
8716,9575,0.0,1,cs.SI
4622,4621,0.7213475204444817,1,cs.SI
1027,11928,0.0,1,cs.SI
2446,1093,2.1242959488191433,1,cs.SI
4950,4953,1.365358839940256,1,cs.SI
456,5192,0.9102392266268373,1,cs.SI
11358,11359,1.4426950408889634,1,cs.SI
5996,6192,1.4499163026461572,1,cs.SI
1746,6439,0.0,1,cs.SI
3580,12154,0.0,1,cs.SI
10670,10673,1.8033688011112041,1,cs.SI
8487,8488,0.7213475204444817,1,cs.SI
3604,5551,2.3143791880024294,1,cs.SI
5693,5695,2.1882302220234924,1,cs.SI
4047,4049,1.4426950408889634,1,cs.SI
9347,9350,0.9102392266268373,1,cs.SI
5761,13687,0.0,1,cs.SI
62,7199,0.0,1,cs.SI
5076,7145,0.7213475204444817,1,cs.SI
455,4976,0.0,1,cs.SI
5058,5059,0.5581106265512472,1,cs.SI
3744,480,0.8035638549721068,1,cs.SI
10773,11608,1.517851180232408,1,cs.SI
3512,4221,0.0,1,cs.SI
8940,8937,1.279458146995729,1,cs.SI
2120,720,0.30692767643013485,1,cs.SI
4815,11815,1.4683498531780845,1,cs.SI
605,11465,2.352934267515801,1,cs.SI
5324,5327,1.631586747071319,1,cs.SI
83,11605,3.0060127344892917,1,cs.SI
6453,9751,0.0,1,cs.SI
6063,8406,1.4426950408889634,1,cs.SI
7778,7779,1.1764671337579005,1,cs.SI
481,2916,0.6213349345596119,1,cs.SI
4665,6139,0.0,1,cs.SI
4995,4998,3.163160908257768,1,cs.SI
112,808,0.5138983423697507,1,cs.SI
8018,8019,0.9102392266268373,1,cs.SI
6178,6179,0.0,1,cs.SI
62,172,1.7119518280729484,1,cs.SI
12206,12207,1.4426950408889634,1,cs.SI
5096,7049,0.36926937306885504,1,cs.SI
3346,9057,1.3921754093997398,1,cs.SI
416,7877,1.4118290807569849,1,cs.SI
5808,5812,0.9102392266268373,1,cs.SI
5654,8123,0.318928988903801,1,cs.SI
479,5311,1.6853916561759905,1,cs.SI
2920,3240,1.100270702134433,1,cs.SI
9197,9205,2.640420754246858,1,cs.SI
3641,4281,2.358891122221718,1,cs.SI
11619,11622,4.541096963414093,1,cs.SI
11917,11918,2.541825973698156,1,cs.SI
7142,11252,1.4426950408889634,1,cs.SI
3512,4219,0.3284587387530511,1,cs.SI
2062,9678,1.3532142401143243,1,cs.SI
6310,8124,0.0,1,cs.SI
5902,5903,0.9947966893327386,1,cs.SI
5674,5676,1.2352458628142324,1,cs.SI
72,4606,0.48089834696298783,1,cs.SI
958,1358,0.0,1,cs.SI
8663,11618,4.605757492295605,1,cs.SI
7547,11945,2.4853397382384474,1,cs.SI
958,11886,1.8213059770428457,1,cs.SI
9198,9202,1.0663428222647138,1,cs.SI
1248,10414,2.112485094034307,1,cs.SI
2108,5561,0.7484058606430383,1,cs.SI
5183,7820,0.0,1,cs.SI
2623,7937,0.0,1,cs.SI
11616,11620,4.5627111940897604,1,cs.SI
11609,11631,4.611299316875314,1,cs.SI
4931,4932,0.7213475204444817,1,cs.SI
2609,6525,0.7213475204444817,1,cs.SI
7396,7397,0.3898712452512801,1,cs.SI
5502,5503,1.6251171080655125,1,cs.SI
11132,11133,1.3426824550040934,1,cs.SI
1,3915,0.5581106265512472,1,cs.SI
11401,11402,1.8204784532536746,1,cs.SI
6429,3057,0.0,1,cs.SI
6392,6394,2.0640299754485754,1,cs.SI
11615,11622,4.574636644379488,1,cs.SI
6112,6110,0.0,1,cs.SI
8101,9071,0.5581106265512472,1,cs.SI
10460,11987,0.5138983423697507,1,cs.SI
12018,12020,0.6213349345596119,1,cs.SI
958,11257,0.0,1,cs.SI
2314,13694,1.4426950408889634,1,cs.SI
4955,4950,0.0,1,cs.SI
4194,1275,0.0,1,cs.SI
6226,9387,0.9102392266268373,1,cs.SI
11620,11621,5.20273978780674,1,cs.SI
8025,9101,0.5581106265512472,1,cs.SI
5794,551,0.43429448190325176,1,cs.SI
8759,8756,1.4426950408889634,1,cs.SI
3023,11493,2.252921681630931,1,cs.SI
4468,6431,0.0,1,cs.SI
1308,4578,0.0,1,cs.SI
3814,3816,0.0,1,cs.SI
2108,5562,1.3707368522479544,1,cs.SI
382,207,2.6069920987046173,1,cs.SI
10042,10044,0.3459762562611936,1,cs.SI
7845,7847,3.263173494142638,1,cs.SI
711,7868,1.1352332769293625,1,cs.SI
5846,5848,1.631586747071319,1,cs.SI
5310,5311,2.496126696790774,1,cs.SI
7635,7637,0.9102392266268373,1,cs.SI
6864,6865,0.9102392266268373,1,cs.SI
2973,10584,0.0,1,cs.SI
8884,8886,1.279458146995729,1,cs.SI
10122,10123,3.263173494142638,1,cs.SI
3482,7968,0.0,1,cs.SI
5761,6217,1.5163157625699744,1,cs.SI
144,808,0.0,1,cs.SI
6469,6470,0.7213475204444817,1,cs.SI
6913,6916,0.9102392266268373,1,cs.SI
4499,4500,0.0,1,cs.SI
7303,6394,0.6213349345596119,1,cs.SI
11577,11579,0.0,1,cs.SI
4106,9926,0.9102392266268373,1,cs.SI
1861,7405,1.8204784532536746,1,cs.SI
481,2798,1.5934030076482386,1,cs.SI
1807,9681,1.2352458628142324,1,cs.SI
507,5258,1.4345525981528149,1,cs.SI
395,3284,0.6213349345596119,1,cs.SI
5975,9134,1.7476530221452604,1,cs.SI
5075,5077,0.9102392266268373,1,cs.SI
3802,9681,1.2352458628142324,1,cs.SI
6595,8378,0.0,1,cs.SI
8235,8236,1.4426950408889634,1,cs.SI
10680,11163,0.859821528652939,1,cs.SI
8025,9102,0.6213349345596119,1,cs.SI
10147,11626,4.2259492318926215,1,cs.SI
1019,5699,1.4426950408889634,1,cs.SI
73,4929,0.7213475204444817,1,cs.SI
3782,12122,1.8204784532536746,1,cs.SI
4217,5812,1.1556420023477334,1,cs.SI
5222,5224,1.3426824550040934,1,cs.SI
4068,4067,0.9102392266268373,1,cs.SI
481,4560,2.4429150261978605,1,cs.SI
4531,4532,1.4426950408889634,1,cs.SI
6789,4592,2.071969949099329,1,cs.SI
5215,9701,1.3019002168691851,1,cs.SI
691,7441,0.5138983423697507,1,cs.SI
4947,4948,0.3898712452512801,1,cs.SI
4668,4669,0.0,1,cs.SI
2091,4089,1.0623134046767406,1,cs.SI
1642,1825,0.0,1,cs.SI
3483,3484,1.2891624083167885,1,cs.SI
6516,2665,0.0,1,cs.SI
9266,9267,0.3789231816899512,1,cs.SI
5414,6103,1.4631479918313341,1,cs.SI
1751,6681,0.0,1,cs.SI
7289,7290,1.9007930815553409,1,cs.SI
5343,5346,2.730717679880512,1,cs.SI
573,386,0.0,1,cs.SI
6280,6281,1.4055367338153952,1,cs.SI
5256,5257,4.995515224959717,1,cs.SI
11903,11904,0.5138983423697507,1,cs.SI
96,5504,2.1454850894410695,1,cs.SI
144,507,0.0,1,cs.SI
804,591,1.5080850048268468,1,cs.SI
8675,10411,2.143993906402347,1,cs.SI
6303,6305,1.923593387851951,1,cs.SI
3579,4498,4.029392707509671,1,cs.SI
90,1548,0.43429448190325176,1,cs.SI
3340,1130,0.5581106265512472,1,cs.SI
2091,4321,1.0623134046767406,1,cs.SI
8624,8627,0.9102392266268373,1,cs.SI
7565,7566,0.5581106265512472,1,cs.SI
4498,9202,3.284104703260333,1,cs.SI
9915,9917,0.9102392266268373,1,cs.SI
7125,8101,0.7630086476854399,1,cs.SI
4607,7480,0.7318793055547124,1,cs.SI
7949,9788,0.0,1,cs.SI
6444,6446,0.0,1,cs.SI
7526,12173,0.6213349345596119,1,cs.SI
144,5574,1.8325662861402434,1,cs.SI
931,4605,0.7591406183201351,1,cs.SI
4293,5355,1.660343908073847,1,cs.SI
3572,9411,0.0,1,cs.SI
5888,11004,1.531574161186449,1,cs.SI
9679,9680,0.9037695876210308,1,cs.SI
201,6096,0.9102392266268373,1,cs.SI
1322,7417,0.0,1,cs.SI
633,6991,1.4426950408889634,1,cs.SI
5453,5456,0.9102392266268373,1,cs.SI
5262,10115,0.0,1,cs.SI
5293,9215,0.0,1,cs.SI
724,6207,0.9102392266268373,1,cs.SI
6756,6759,1.8204784532536746,1,cs.SI
5591,9910,0.6213349345596119,1,cs.SI
428,11066,3.9091896122457888,1,cs.SI
3579,9200,3.042426062351479,1,cs.SI
5593,5595,0.7213475204444817,1,cs.SI
4278,4280,1.6743318796537416,1,cs.SI
6516,11854,0.0,1,cs.SI
2279,8806,0.9947966893327386,1,cs.SI
7547,10902,0.0,1,cs.SI
5172,11166,0.0,1,cs.SI
7143,7141,1.8640048036788355,1,cs.SI
2265,4545,1.3269050534924784,1,cs.SI
5414,5415,0.8132176635932029,1,cs.SI
494,4156,1.7375561876621064,1,cs.SI
6711,6713,1.905035915959576,1,cs.SI
782,3613,1.179445561110859,1,cs.SI
9427,9428,0.9673111908208054,1,cs.SI
51,4498,3.8025081086752173,1,cs.SI
4847,6762,0.7213475204444817,1,cs.SI
8407,8408,0.0,1,cs.SI
5692,5694,3.530912677027586,1,cs.SI
428,3114,0.0,1,cs.SI
2596,12029,2.0008056674402104,1,cs.SI
416,2447,0.3284587387530511,1,cs.SI
428,9173,3.947276834134961,1,cs.SI
1328,3368,0.9102392266268373,1,cs.SI
8569,10275,0.7213475204444817,1,cs.SI
8307,8309,2.252921681630931,1,cs.SI
711,2255,1.072008968920998,1,cs.SI
11541,11542,0.0,1,cs.SI
6038,6041,0.0,1,cs.SI
5996,6197,0.9360179602764065,1,cs.SI
7842,458,0.0,1,cs.SI
8016,8019,0.9102392266268373,1,cs.SI
7335,3670,2.6386717069314027,1,cs.SI
2004,2918,0.0,1,cs.SI
72,7408,0.36926937306885504,1,cs.SI
5308,5314,3.17373657136351,1,cs.SI
198,4217,0.0,1,cs.SI
7763,1843,0.45511961331341866,1,cs.SI
220,502,1.3331982254852222,1,cs.SI
105,9735,1.4426950408889634,1,cs.SI
54,12018,1.3426824550040934,1,cs.SI
2917,4676,1.279458146995729,1,cs.SI
11623,11629,5.218638170484221,1,cs.SI
83,9207,3.393245284263502,1,cs.SI
8156,9207,4.591630461759544,1,cs.SI
6926,6927,0.0,1,cs.SI
7290,7292,1.179445561110859,1,cs.SI
9456,9458,0.7213475204444817,1,cs.SI
9748,9750,2.5664721657152896,1,cs.SI
3143,11200,0.0,1,cs.SI
1807,9680,0.9037695876210308,1,cs.SI
9086,9087,0.0,1,cs.SI
1327,3835,1.000258116249563,1,cs.SI
11589,11590,0.0,1,cs.SI
3583,8478,0.0,1,cs.SI
9230,9712,1.2891624083167885,1,cs.SI
11256,11257,1.8565807973738444,1,cs.SI
1809,3803,1.5693168063621392,1,cs.SI
715,11633,5.22538222932631,1,cs.SI
6149,6153,1.2426698691192237,1,cs.SI
11610,11627,4.508298435408036,1,cs.SI
887,4859,0.8535216142648594,1,cs.SI
933,6603,2.252921681630931,1,cs.SI
385,9016,1.4426950408889634,1,cs.SI
7218,8028,0.0,1,cs.SI
7394,7393,0.7213475204444817,1,cs.SI
7010,7011,0.25831776680732876,1,cs.SI
6994,6995,0.6213349345596119,1,cs.SI
6026,6426,0.0,1,cs.SI
4686,4687,0.0,1,cs.SI
4611,4612,0.0,1,cs.SI
481,3743,0.6726824486111342,1,cs.SI
507,10725,0.40242960438184466,1,cs.SI
2920,9267,0.3789231816899512,1,cs.SI
7757,7988,1.8204784532536746,1,cs.SI
9230,9232,0.9102392266268373,1,cs.SI
6245,6247,2.8110323081821784,1,cs.SI
8246,8248,1.1237771248263264,1,cs.SI
4717,3633,1.631586747071319,1,cs.SI
1314,8433,0.0,1,cs.SI
7333,7340,2.157773359968415,1,cs.SI
808,5110,0.5138983423697507,1,cs.SI
1385,10564,0.9102392266268373,1,cs.SI
7124,7125,0.6680820106481598,1,cs.SI
2797,5290,1.657365480720888,1,cs.SI
7210,7615,0.0,1,cs.SI
711,7866,1.1352332769293625,1,cs.SI
6588,6961,1.531574161186449,1,cs.SI
3454,5489,0.0,1,cs.SI
6347,6348,1.7375561876621062,1,cs.SI
4598,4599,1.4426950408889634,1,cs.SI
1671,1672,1.4426950408889634,1,cs.SI
394,6192,2.071251237205769,1,cs.SI
4607,4606,0.0,1,cs.SI
10594,10595,0.0,1,cs.SI
4994,4997,1.9640173895637054,1,cs.SI
6245,8209,0.0,1,cs.SI
9512,9514,1.800780495670471,1,cs.SI
6922,6924,2.164042561333445,1,cs.SI
4217,4632,0.9102392266268373,1,cs.SI
5325,5328,1.631586747071319,1,cs.SI
2632,9189,0.0,1,cs.SI
1150,1362,0.704529225695405,1,cs.SI
10992,10995,3.247301964971874,1,cs.SI
10929,10930,0.5581106265512472,1,cs.SI
11609,11622,4.275615808160783,1,cs.SI
6249,6251,2.4146914239250914,1,cs.SI
11612,11617,3.5822761828852445,1,cs.SI
1407,4907,1.4683498531780845,1,cs.SI
6849,6850,0.0,1,cs.SI
975,7277,1.3137256782365396,1,cs.SI
5625,5628,1.8204784532536746,1,cs.SI
5422,5423,0.0,1,cs.SI
11119,11120,0.29120667621996243,1,cs.SI
62,6524,0.9163279467515955,1,cs.SI
7872,7874,0.7213475204444817,1,cs.SI
7761,7762,0.0,1,cs.SI
3341,3811,1.7350068086719403,1,cs.SI
4967,4966,1.4426950408889634,1,cs.SI
10356,10357,1.4426950408889634,1,cs.SI
5172,8095,0.6213349345596119,1,cs.SI
6673,11066,1.7171428633023638,1,cs.SI
10989,10990,2.8581823424719808,1,cs.SI
2479,10267,0.3459762562611936,1,cs.SI
5996,6194,1.9050359159595758,1,cs.SI
1362,9035,1.631586747071319,1,cs.SI
3614,5662,0.9102392266268373,1,cs.SI
950,953,0.0,1,cs.SI
2675,4131,1.3052873333452615,1,cs.SI
41,6883,0.0,1,cs.SI
6525,7952,0.7213475204444817,1,cs.SI
7900,7903,0.9102392266268373,1,cs.SI
96,6198,1.1022332815225997,1,cs.SI
2835,6250,0.0,1,cs.SI
4089,4088,0.48089834696298783,1,cs.SI
10871,10872,1.279458146995729,1,cs.SI
3321,3322,0.35295612386476116,1,cs.SI
2917,2918,3.120628107416563,1,cs.SI
9046,9047,0.0,1,cs.SI
4167,4168,0.0,1,cs.SI
4211,8924,0.0,1,cs.SI
8029,8815,1.631586747071319,1,cs.SI
4803,9123,1.7375561876621062,1,cs.SI
9019,9020,0.8328273312735517,1,cs.SI
1241,10810,2.352934267515801,1,cs.SI
7636,7637,0.6213349345596119,1,cs.SI
4847,8416,1.3272716180510837,1,cs.SI
218,634,0.7213475204444817,1,cs.SI
11914,11915,2.541825973698156,1,cs.SI
5029,10996,1.8046069240829101,1,cs.SI
1380,10895,0.6213349345596119,1,cs.SI
975,9577,1.361674481523354,1,cs.SI
10647,10755,2.352934267515801,1,cs.SI
42,3482,2.223983832328592,1,cs.SI
1911,9108,2.352934267515801,1,cs.SI
5716,5717,1.6769643510224754,1,cs.SI
506,1360,2.379728849130162,1,cs.SI
949,5808,0.0,1,cs.SI
9856,9858,1.4426950408889634,1,cs.SI
512,5584,1.5831316284855874,1,cs.SI
9810,9811,0.0,1,cs.SI
1248,3326,1.50790429986391,1,cs.SI
252,5654,1.2230158717162418,1,cs.SI
7328,7330,1.7235682160822114,1,cs.SI
9117,11107,0.0,1,cs.SI
5290,1164,0.0,1,cs.SI
2660,6089,1.4426950408889634,1,cs.SI
4498,9197,2.886180161923622,1,cs.SI
7776,7779,0.0,1,cs.SI
3389,8831,1.4426950408889634,1,cs.SI
8306,8308,1.179445561110859,1,cs.SI
7218,12196,0.9187843867734881,1,cs.SI
2922,11580,0.40242960438184466,1,cs.SI
10993,10995,3.221523231322305,1,cs.SI
11680,11683,0.0,1,cs.SI
4856,11752,1.531574161186449,1,cs.SI
452,9578,0.8575492176952633,1,cs.SI
4452,4997,1.3426824550040934,1,cs.SI
37,252,2.3725017296387687,1,cs.SI
11656,11657,0.9102392266268373,1,cs.SI
4667,7086,0.9102392266268373,1,cs.SI
7719,7720,1.8204784532536746,1,cs.SI
7547,8487,0.7213475204444817,1,cs.SI
3205,10429,0.0,1,cs.SI
12112,12113,0.5581106265512472,1,cs.SI
6964,8057,1.1022332815225997,1,cs.SI
4552,8842,1.5271285822344165,1,cs.SI
9125,9126,0.9102392266268373,1,cs.SI
132,1020,1.631586747071319,1,cs.SI
7704,7706,0.0,1,cs.SI
3189,9278,0.0,1,cs.SI
8393,8394,2.9588140788964443,1,cs.SI
3240,5807,0.859821528652939,1,cs.SI
8288,8291,1.4426950408889634,1,cs.SI
5869,11611,5.273569024505444,1,cs.SI
4904,7884,1.1112187656957617,1,cs.SI
7408,9724,0.36926937306885504,1,cs.SI
231,7566,0.5581106265512472,1,cs.SI
5427,11599,0.9102392266268373,1,cs.SI
866,9334,0.3284587387530511,1,cs.SI
1827,9835,1.8204784532536746,1,cs.SI
4424,4427,1.6573654807208884,1,cs.SI
9082,2062,0.7578463633799024,1,cs.SI
4951,1372,1.4426950408889634,1,cs.SI
1322,7418,0.5138983423697507,1,cs.SI
251,297,0.0,1,cs.SI
9249,8759,0.7749124507581939,1,cs.SI
3239,4182,0.48089834696298783,1,cs.SI
11075,11077,0.7213475204444817,1,cs.SI
2577,8655,0.9102392266268373,1,cs.SI
370,1628,0.5138983423697507,1,cs.SI
1067,3278,0.0,1,cs.SI
1072,8912,1.1136718741123284,1,cs.SI
6222,8249,2.0340163514531637,1,cs.SI
5808,5810,0.7213475204444817,1,cs.SI
2314,4017,0.3789231816899512,1,cs.SI
7547,8490,0.7213475204444817,1,cs.SI
6952,6953,0.0,1,cs.SI
1896,9149,2.1896973736225664,1,cs.SI
1072,4221,1.0402765093482826,1,cs.SI
5869,5870,0.0,1,cs.SI
4613,7580,0.0,1,cs.SI
2446,10670,1.8033688011112041,1,cs.SI
715,1360,0.0,1,cs.SI
2249,5958,0.0,1,cs.SI
2085,8573,1.5583687428008102,1,cs.SI
452,4320,2.100219086814487,1,cs.SI
3278,3202,0.7213475204444817,1,cs.SI
6,8052,1.7183149638050172,1,cs.SI
9806,9808,1.2352458628142324,1,cs.SI
1425,7943,0.736386027376147,1,cs.SI
8570,8574,0.9370338082411984,1,cs.SI
3475,5105,1.631586747071319,1,cs.SI
6177,9338,0.43429448190325176,1,cs.SI
6220,6221,1.249862498521946,1,cs.SI
4055,8484,1.4426950408889634,1,cs.SI
10420,11148,1.4426950408889634,1,cs.SI
1034,4419,1.4426950408889634,1,cs.SI
886,5970,0.30341307554227914,1,cs.SI
887,4261,1.5576269542836894,1,cs.SI
6948,6949,1.4426950408889634,1,cs.SI
6588,11036,0.0,1,cs.SI
4400,4401,1.75971484642834,1,cs.SI
716,4667,1.4683498531780845,1,cs.SI
1353,6179,0.0,1,cs.SI
6033,10872,1.279458146995729,1,cs.SI
7103,7104,1.179445561110859,1,cs.SI
7494,8025,0.43429448190325176,1,cs.SI
9196,9206,4.2343419554451724,1,cs.SI
1177,6557,1.631586747071319,1,cs.SI
11615,11626,4.2259492318926215,1,cs.SI
591,4094,0.5138983423697507,1,cs.SI
6279,3856,0.5581106265512472,1,cs.SI
2917,3583,0.4170323914242463,1,cs.SI
1328,7518,0.0,1,cs.SI
1584,7923,0.0,1,cs.SI
1621,432,0.8727686069953721,1,cs.SI
1967,3069,0.48089834696298783,1,cs.SI
7009,7011,0.318928988903801,1,cs.SI
480,2488,0.66408683576452,1,cs.SI
4607,12085,0.0,1,cs.SI
2225,3657,1.3921754093997398,1,cs.SI
1621,2916,0.5581106265512472,1,cs.SI
72,1909,1.8204784532536746,1,cs.SI
1711,1385,0.8192998831154714,1,cs.SI
416,3624,0.0,1,cs.SI
6234,6235,2.2956668142133534,1,cs.SI
7040,7042,0.0,1,cs.SI
729,7823,0.4170323914242463,1,cs.SI
512,5587,1.5831316284855874,1,cs.SI
2731,1599,0.0,1,cs.SI
729,479,2.5026810862428976,1,cs.SI
11538,11539,1.4426950408889634,1,cs.SI
9206,9207,2.650001707926,1,cs.SI
6765,10912,1.4426950408889634,1,cs.SI
3239,12160,0.0,1,cs.SI
5549,5550,0.0,1,cs.SI
6934,8749,0.0,1,cs.SI
4694,4695,0.6213349345596119,1,cs.SI
481,4557,3.001025652749108,1,cs.SI
218,4061,0.8340427950033699,1,cs.SI
7295,7296,0.0,1,cs.SI
9403,9717,0.5138983423697507,1,cs.SI
3058,11487,0.0,1,cs.SI
6748,6750,1.2352458628142324,1,cs.SI
5400,6388,0.0,1,cs.SI
5465,5466,1.631586747071319,1,cs.SI
11856,11858,1.4426950408889634,1,cs.SI
4278,4283,1.6743318796537416,1,cs.SI
1262,6735,1.279458146995729,1,cs.SI
4329,4330,0.0,1,cs.SI
3588,3591,2.352934267515801,1,cs.SI
4687,4688,0.0,1,cs.SI
2161,6334,0.5581106265512472,1,cs.SI
1579,3888,0.4170323914242463,1,cs.SI
5101,5908,1.8204784532536746,1,cs.SI
11596,11597,1.4426950408889634,1,cs.SI
1933,7161,0.0,1,cs.SI
5863,5864,0.0,1,cs.SI
8289,8290,1.4426950408889634,1,cs.SI
5344,5345,1.631586747071319,1,cs.SI
3389,6069,1.531574161186449,1,cs.SI
10147,11615,3.592362262544695,1,cs.SI
2660,10502,0.0,1,cs.SI
11615,11625,5.2480681169699315,1,cs.SI
9492,12174,0.6213349345596119,1,cs.SI
4613,10076,1.0556294164628637,1,cs.SI
10080,11301,1.7968085919311356,1,cs.SI
1001,2213,1.631586747071319,1,cs.SI
1289,3533,0.5138983423697507,1,cs.SI
727,3528,0.0,1,cs.SI
591,4093,0.5138983423697507,1,cs.SI
6671,6672,1.4426950408889634,1,cs.SI
4613,10908,1.2426698691192237,1,cs.SI
4685,6127,0.0,1,cs.SI
3888,3799,3.0050338260925145,1,cs.SI
479,5309,3.362402869677345,1,cs.SI
7492,7494,0.43429448190325176,1,cs.SI
5974,5426,0.0,1,cs.SI
6976,6977,0.40242960438184466,1,cs.SI
4155,9352,1.4426950408889634,1,cs.SI
958,8538,0.4170323914242463,1,cs.SI
7665,7666,0.9102392266268373,1,cs.SI
323,983,0.0,1,cs.SI
3848,7891,1.365358839940256,1,cs.SI
1264,3571,0.3396232718951086,1,cs.SI
927,11303,2.4853397382384474,1,cs.SI
10481,5288,1.2127776525177003,1,cs.SI
6387,11363,0.3789231816899512,1,cs.SI
11243,11244,2.541825973698156,1,cs.SI
605,11594,0.0,1,cs.SI
9203,9207,3.4204064304364676,1,cs.SI
1072,4220,0.7213475204444817,1,cs.SI
1543,2626,0.0,1,cs.SI
8405,8406,0.5581106265512472,1,cs.SI
11610,11624,5.208777175355872,1,cs.SI
7663,7664,1.4426950408889634,1,cs.SI
11617,11627,3.5723402566980904,1,cs.SI
8900,8901,0.7213475204444817,1,cs.SI
9377,9378,0.9102392266268373,1,cs.SI
4395,4396,0.0,1,cs.SI
2358,2359,0.0,1,cs.SI
3114,3116,1.8204784532536746,1,cs.SI
6709,6714,2.0080269291974044,1,cs.SI
7195,9569,1.0764545478730305,1,cs.SI
9199,9209,4.487193612104817,1,cs.SI
622,5914,0.0,1,cs.SI
4639,4640,0.9102392266268373,1,cs.SI
728,4279,1.9007930815553407,1,cs.SI
3206,4866,1.897814654202382,1,cs.SI
2289,9233,0.0,1,cs.SI
5414,7112,0.8340427950033699,1,cs.SI
866,9268,1.9551022002199914,1,cs.SI
11043,11044,1.4426950408889634,1,cs.SI
3743,7276,0.7213475204444817,1,cs.SI
3651,11974,3.074281787960282,1,cs.SI
1478,2439,2.4475945138418598,1,cs.SI
455,456,0.0,1,cs.SI
2803,5855,1.4426950408889634,1,cs.SI
172,7120,0.9273799996201022,1,cs.SI
4955,5415,0.8132176635932029,1,cs.SI
218,716,3.018825439419545,1,cs.SI
1067,1211,1.270912986849078,1,cs.SI
1264,7412,0.3789231816899512,1,cs.SI
7315,7316,0.0,1,cs.SI
7823,11884,0.0,1,cs.SI
1751,3624,0.0,1,cs.SI
6075,6077,2.352934267515801,1,cs.SI
3326,7218,0.0,1,cs.SI
300,2279,1.2022458674074694,1,cs.SI
5224,5226,0.6213349345596119,1,cs.SI
395,3278,1.279458146995729,1,cs.SI
42,1211,2.4980991004348616,1,cs.SI
144,3533,1.3860503471074157,1,cs.SI
5562,9630,0.0,1,cs.SI
5215,720,0.2969742043733701,1,cs.SI
3890,4015,0.7213475204444817,1,cs.SI
9348,9349,0.45511961331341866,1,cs.SI
9278,9279,0.0,1,cs.SI
782,9082,2.3899509026708836,1,cs.SI
9197,9207,2.7067765463494657,1,cs.SI
4344,6575,0.0,1,cs.SI
8990,9072,0.3789231816899512,1,cs.SI
2046,8353,1.7451120593859382,1,cs.SI
11537,11539,0.0,1,cs.SI
11365,11367,2.0640299754485754,1,cs.SI
7564,7566,0.5581106265512472,1,cs.SI
592,10329,0.9102392266268373,1,cs.SI
9202,9206,3.3143592852125043,1,cs.SI
78,452,1.1999064388029288,1,cs.SI
8961,9827,1.4426950408889634,1,cs.SI
720,7854,0.0,1,cs.SI
105,11769,1.3224704541482164,1,cs.SI
3589,3590,0.9102392266268373,1,cs.SI
9813,9814,0.35295612386476116,1,cs.SI
4499,5853,0.0,1,cs.SI
1457,12040,0.0,1,cs.SI
1770,7580,1.1352332769293625,1,cs.SI
8511,4684,1.2022458674074694,1,cs.SI
5796,11651,0.5138983423697507,1,cs.SI
6036,6037,1.9640173895637054,1,cs.SI
2314,728,0.0,1,cs.SI
11771,11773,0.9102392266268373,1,cs.SI
5533,5534,0.6213349345596119,1,cs.SI
434,9519,1.696490538419975,1,cs.SI
6649,6652,1.631586747071319,1,cs.SI
9971,9972,0.0,1,cs.SI
881,7949,0.4170323914242463,1,cs.SI
42,809,0.739596941912192,1,cs.SI
1628,6410,0.0,1,cs.SI
9302,9304,1.825432055493077,1,cs.SI
5811,9303,1.697326541381627,1,cs.SI
11284,8006,1.0764545478730305,1,cs.SI
6745,6749,1.1352332769293625,1,cs.SI
726,4916,0.6213349345596119,1,cs.SI
6063,7143,0.9102392266268373,1,cs.SI
578,4089,0.48089834696298783,1,cs.SI
2314,593,0.9102392266268373,1,cs.SI
11611,11623,4.858861155914101,1,cs.SI
8823,11065,2.039607140733488,1,cs.SI
5427,5429,0.0,1,cs.SI
8569,10276,1.1237771248263264,1,cs.SI
9125,9127,0.9102392266268373,1,cs.SI
6751,4681,0.0,1,cs.SI
11436,11438,0.7213475204444817,1,cs.SI
8886,8887,1.279458146995729,1,cs.SI
6921,6923,3.263173494142638,1,cs.SI
9347,9348,1.8204784532536746,1,cs.SI
592,10330,0.9102392266268373,1,cs.SI
48,3732,1.5408095162505728,1,cs.SI
11065,11071,3.3718323610239738,1,cs.SI
10168,10169,1.5324016849756203,1,cs.SI
6234,6236,1.7375561876621062,1,cs.SI
7824,7825,0.0,1,cs.SI
7637,7640,2.252921681630931,1,cs.SI
4846,6762,0.7213475204444817,1,cs.SI
507,4955,1.3713282901444501,1,cs.SI
5805,5806,4.542631641138367,1,cs.SI
7337,7340,2.6940210192995804,1,cs.SI
8029,8845,1.631586747071319,1,cs.SI
8506,8509,0.9102392266268373,1,cs.SI
41,6604,0.7213475204444817,1,cs.SI
10889,10891,0.0,1,cs.SI
1,10584,0.0,1,cs.SI
3891,3892,0.0,1,cs.SI
6673,11068,2.045601602055415,1,cs.SI
6244,6249,1.69334390348061,1,cs.SI
9990,9992,0.36067376022224085,1,cs.SI
4687,10185,1.8204784532536746,1,cs.SI
2223,7011,0.5772467557111298,1,cs.SI
507,11238,0.0,1,cs.SI
4955,6293,0.9102392266268373,1,cs.SI
591,4096,0.0,1,cs.SI
8759,9300,2.5795193748411043,1,cs.SI
9457,10813,1.8204784532536746,1,cs.SI
3663,9107,0.0,1,cs.SI
10006,10007,0.5138983423697507,1,cs.SI
11624,11634,5.2087771753558725,1,cs.SI
8749,10280,0.0,1,cs.SI
5869,11625,6.2575399196344135,1,cs.SI
6551,591,1.5080850048268468,1,cs.SI
7880,7877,2.2934551604569045,1,cs.SI
4165,4166,5.3781519485446285,1,cs.SI
2632,5583,0.0,1,cs.SI
8840,8842,1.9822481955478353,1,cs.SI
3155,4903,2.0640299754485754,1,cs.SI
721,2854,0.0,1,cs.SI
6693,9385,0.36067376022224085,1,cs.SI
5974,11857,1.4426950408889634,1,cs.SI
4699,11886,1.4683498531780845,1,cs.SI
4906,5613,0.3789231816899512,1,cs.SI
4302,4388,2.7699666589400467,1,cs.SI
887,1315,0.3459762562611936,1,cs.SI
412,9018,1.4426950408889634,1,cs.SI
10224,10226,1.4426950408889634,1,cs.SI
6141,6152,2.5853523241233174,1,cs.SI
938,10480,0.9947966893327386,1,cs.SI
8156,7196,1.2861144515468301,1,cs.SI
9550,9551,0.9102392266268373,1,cs.SI
5993,5994,0.0,1,cs.SI
10099,10683,1.9968146404226708,1,cs.SI
1621,3743,0.5581106265512472,1,cs.SI
6228,11014,1.4426950408889634,1,cs.SI
11588,11590,1.4426950408889634,1,cs.SI
3454,286,0.3789231816899512,1,cs.SI
10476,10478,0.0,1,cs.SI
2309,4118,0.0,1,cs.SI
8680,8681,0.7213475204444817,1,cs.SI
13,4967,0.0,1,cs.SI
9601,9602,0.0,1,cs.SI
144,605,0.3898712452512801,1,cs.SI
8637,8639,0.9102392266268373,1,cs.SI
660,4139,2.541825973698156,1,cs.SI
2057,10455,2.0008056674402104,1,cs.SI
505,2625,2.057164298642216,1,cs.SI
10776,10777,0.3284587387530511,1,cs.SI
1881,3114,2.4538691405088144,1,cs.SI
1412,2077,2.730717679880512,1,cs.SI
6852,6853,1.4426950408889634,1,cs.SI
3454,1034,0.0,1,cs.SI
1621,4554,2.574384517840454,1,cs.SI
1407,6069,0.0,1,cs.SI
5806,6387,0.7213475204444817,1,cs.SI
5339,5340,3.263173494142638,1,cs.SI
17,573,0.0,1,cs.SI
7437,7306,0.0,1,cs.SI
11617,11618,3.568625578048615,1,cs.SI
4419,4421,2.352934267515801,1,cs.SI
4093,9285,2.414691423925092,1,cs.SI
2660,10617,2.498324457351827,1,cs.SI
4552,5420,3.287485076193134,1,cs.SI
10683,10684,1.9968146404226708,1,cs.SI
8273,8274,1.179445561110859,1,cs.SI
7872,7873,0.7213475204444817,1,cs.SI
4685,8649,0.7213475204444817,1,cs.SI
5215,5258,1.0556294164628637,1,cs.SI
8816,8844,1.179445561110859,1,cs.SI
4427,8548,0.0,1,cs.SI
2223,7009,0.6335869693479259,1,cs.SI
6394,10753,0.0,1,cs.SI
7333,7339,3.1195700538943907,1,cs.SI
11286,11288,1.013230239864666,1,cs.SI
2579,10490,1.179445561110859,1,cs.SI
9312,9314,0.0,1,cs.SI
7893,7895,1.0277966847395015,1,cs.SI
6078,6080,2.1896973736225664,1,cs.SI
5747,11951,2.0640299754485754,1,cs.SI
807,2366,0.9609582064547204,1,cs.SI
4859,9723,0.6858508581200861,1,cs.SI
4955,4952,1.631586747071319,1,cs.SI
8571,8574,0.9370338082411984,1,cs.SI
8770,8843,1.4426950408889634,1,cs.SI
6975,10045,1.4426950408889634,1,cs.SI
1315,1316,0.0,1,cs.SI
105,9006,1.270912986849078,1,cs.SI
287,2004,1.2022458674074694,1,cs.SI
11237,11238,0.0,1,cs.SI
3641,4280,1.7375561876621062,1,cs.SI
4665,6298,1.365358839940256,1,cs.SI
4246,4948,0.3898712452512801,1,cs.SI
6169,4687,0.9102392266268373,1,cs.SI
9303,9304,1.1834281990118765,1,cs.SI
6878,6894,0.9102392266268373,1,cs.SI
152,168,0.48089834696298783,1,cs.SI
5307,5310,3.6176802380697612,1,cs.SI
4591,6292,1.4426950408889634,1,cs.SI
3450,4541,2.164042561333445,1,cs.SI
4554,4560,2.259726537396329,1,cs.SI
977,4731,2.064029975448575,1,cs.SI
6459,6465,3.276475531966198,1,cs.SI
5074,7145,0.7213475204444817,1,cs.SI
2408,7999,0.0,1,cs.SI
7491,7493,1.2891624083167885,1,cs.SI
9646,9647,1.531574161186449,1,cs.SI
1327,3834,0.0,1,cs.SI
1710,10481,0.6744349950142448,1,cs.SI
3242,4398,2.252921681630931,1,cs.SI
10411,10413,2.143993906402347,1,cs.SI
4125,7231,0.36926937306885504,1,cs.SI
1264,715,0.3396232718951086,1,cs.SI
1599,4526,0.9102392266268373,1,cs.SI
8759,8758,0.0,1,cs.SI
107,11782,0.0,1,cs.SI
8663,11629,4.603093610498587,1,cs.SI
11650,11651,1.424137568996588,1,cs.SI
3579,9197,2.8590190157506563,1,cs.SI
218,220,1.9215331646380711,1,cs.SI
10388,10390,0.9102392266268373,1,cs.SI
5029,10993,1.8046069240829101,1,cs.SI
7917,7918,2.164042561333445,1,cs.SI
3601,3603,0.0,1,cs.SI
7494,8024,0.43429448190325176,1,cs.SI
11609,11629,4.9436722427285344,1,cs.SI
6925,7161,0.35295612386476116,1,cs.SI
6245,8662,1.279458146995729,1,cs.SI
715,11620,4.229198301284605,1,cs.SI
12054,12055,0.5581106265512472,1,cs.SI
4397,4400,1.3426824550040934,1,cs.SI
8297,8298,1.8204784532536746,1,cs.SI
3205,3996,0.0,1,cs.SI
5262,3057,1.004926012495815,1,cs.SI
4907,7885,2.1896973736225664,1,cs.SI
11779,11782,0.0,1,cs.SI
6275,6276,1.4426950408889634,1,cs.SI
9336,9337,0.0,1,cs.SI
1729,11213,0.870769592214268,1,cs.SI
4889,4890,0.0,1,cs.SI
344,7935,1.9760958517334388,1,cs.SI
4837,9922,1.631586747071319,1,cs.SI
804,805,1.2795085996956923,1,cs.SI
8840,4552,1.5271285822344165,1,cs.SI
807,4089,0.35295612386476116,1,cs.SI
9198,9207,1.8613474927181846,1,cs.SI
7123,10275,0.7213475204444817,1,cs.SI
209,1751,0.0,1,cs.SI
344,397,0.9040868828124409,1,cs.SI
4304,96,0.5138983423697507,1,cs.SI
9312,9313,0.0,1,cs.SI
2171,4104,1.6038717115683176,1,cs.SI
551,4106,0.9924051084544989,1,cs.SI
8033,8034,0.6213349345596119,1,cs.SI
480,1309,0.6982988054869746,1,cs.SI
11618,11632,4.952828538133555,1,cs.SI
8680,8686,1.1383799118687281,1,cs.SI
11621,11624,4.544203175469977,1,cs.SI
6168,6169,0.5138983423697507,1,cs.SI
1904,6648,0.7923008496331247,1,cs.SI
2917,6182,0.0,1,cs.SI
8300,8301,2.9110448940670475,1,cs.SI
9119,9124,0.0,1,cs.SI
1027,6739,0.0,1,cs.SI
3678,6169,0.5138983423697507,1,cs.SI
416,1621,1.5903528902427813,1,cs.SI
517,5086,0.0,1,cs.SI
144,3346,0.0,1,cs.SI
11760,11761,0.9102392266268373,1,cs.SI
9551,9552,0.0,1,cs.SI
8102,12199,1.800780495670471,1,cs.SI
2533,8829,2.8853900817779268,1,cs.SI
494,2341,1.7375561876621064,1,cs.SI
506,450,0.3789231816899512,1,cs.SI
4591,4593,0.48089834696298783,1,cs.SI
214,1808,1.0506193607721723,1,cs.SI
2623,7938,0.0,1,cs.SI
1445,10539,0.0,1,cs.SI
7871,7872,0.7213475204444817,1,cs.SI
9971,9973,0.0,1,cs.SI
11175,11176,1.2022458674074694,1,cs.SI
6003,6004,0.9102392266268373,1,cs.SI
11067,11070,2.8171690028282836,1,cs.SI
45,7092,0.5581106265512472,1,cs.SI
201,2534,1.4426950408889634,1,cs.SI
6194,7758,1.7823912313645023,1,cs.SI
1649,9288,1.4426950408889634,1,cs.SI
543,3604,3.7704205529409114,1,cs.SI
6928,6929,0.0,1,cs.SI
4548,12004,1.523936283181952,1,cs.SI
4663,6297,1.3272716180510837,1,cs.SI
3557,9360,2.352934267515801,1,cs.SI
553,2503,1.4426950408889634,1,cs.SI
5406,5407,1.8204784532536746,1,cs.SI
8663,11617,3.233123161140886,1,cs.SI
5650,5652,0.9102392266268373,1,cs.SI
5869,5868,0.0,1,cs.SI
1141,9345,2.0867063603847376,1,cs.SI
10050,11437,0.0,1,cs.SI
2223,1920,0.5581106265512472,1,cs.SI
37,48,1.4745709912515346,1,cs.SI
5669,6604,1.631586747071319,1,cs.SI
6110,6111,0.0,1,cs.SI
317,2579,0.5581106265512472,1,cs.SI
6713,6714,2.463146542510823,1,cs.SI
1315,96,0.0,1,cs.SI
8037,639,0.3789231816899512,1,cs.SI
322,4967,0.0,1,cs.SI
5574,1540,2.3184321966959693,1,cs.SI
5307,5313,3.426268825216087,1,cs.SI
807,2062,1.3532142401143243,1,cs.SI
479,1606,3.263173494142638,1,cs.SI
9552,9553,0.9102392266268373,1,cs.SI
11619,11631,5.211817279778863,1,cs.SI
4685,4684,0.7213475204444817,1,cs.SI
7636,7639,0.6213349345596119,1,cs.SI
9476,11843,0.0,1,cs.SI
4426,4428,2.4396624842494985,1,cs.SI
2135,1819,0.36926937306885504,1,cs.SI
718,4322,0.0,1,cs.SI
8823,11070,2.4739016226367396,1,cs.SI
340,1213,1.0153616242396877,1,cs.SI
5171,10675,0.5138983423697507,1,cs.SI
2085,10781,0.0,1,cs.SI
4160,5135,2.8853900817779268,1,cs.SI
11325,11327,1.8204784532536746,1,cs.SI
11959,11960,1.4426950408889634,1,cs.SI
3714,6004,0.9102392266268373,1,cs.SI
5760,11594,0.7213475204444817,1,cs.SI
11117,11118,0.29120667621996243,1,cs.SI
6117,6118,1.0743036443092429,1,cs.SI
8628,8629,0.0,1,cs.SI
3242,4397,1.3426824550040934,1,cs.SI
1808,8694,0.7316903718683712,1,cs.SI
11616,11623,5.210652483375069,1,cs.SI
901,1291,0.3396232718951086,1,cs.SI
11619,11623,4.535345702765429,1,cs.SI
3579,9198,2.214060430895896,1,cs.SI
420,1045,0.3898712452512801,1,cs.SI
8477,8681,0.7213475204444817,1,cs.SI
11607,11608,1.675234074046723,1,cs.SI
6130,6132,1.8204784532536746,1,cs.SI
766,2558,1.4426950408889634,1,cs.SI
1996,7891,0.45511961331341866,1,cs.SI
9778,9780,0.0,1,cs.SI
4845,4846,1.8375687735469761,1,cs.SI
481,2108,1.5934030076482386,1,cs.SI
6449,6453,0.6213349345596119,1,cs.SI
11779,11781,0.0,1,cs.SI
5323,5328,0.9102392266268373,1,cs.SI
2367,4421,0.9102392266268373,1,cs.SI
11610,11623,5.173203680573031,1,cs.SI
5287,9578,0.35295612386476116,1,cs.SI
9200,9204,3.4475230592256914,1,cs.SI
2828,3950,1.531574161186449,1,cs.SI
199,5808,0.0,1,cs.SI
1117,6401,0.7213475204444817,1,cs.SI
4457,4458,0.0,1,cs.SI
5524,5525,0.0,1,cs.SI
4160,4163,0.7213475204444817,1,cs.SI
479,5306,2.0559563830364285,1,cs.SI
571,8196,0.7213475204444817,1,cs.SI
11989,11990,2.252921681630931,1,cs.SI
5691,6366,0.7213475204444817,1,cs.SI
7558,7559,1.8204784532536746,1,cs.SI
434,914,0.40242960438184466,1,cs.SI
5257,7112,0.6213349345596119,1,cs.SI
1045,4717,2.3785890798049216,1,cs.SI
1425,6551,1.105655400445002,1,cs.SI
8323,8324,0.6213349345596119,1,cs.SI
633,5528,1.531574161186449,1,cs.SI
3475,3477,0.7213475204444817,1,cs.SI
5323,5326,0.9102392266268373,1,cs.SI
1740,6462,0.9947966893327386,1,cs.SI
9173,11069,4.3815713160382135,1,cs.SI
11615,11630,5.233188905178398,1,cs.SI
7327,7328,3.0030263630779404,1,cs.SI
6226,6228,0.9102392266268373,1,cs.SI
715,11626,4.229663910542097,1,cs.SI
6388,11363,1.2891624083167885,1,cs.SI
3861,3862,1.4426950408889634,1,cs.SI
83,7009,0.9795632256091196,1,cs.SI
3917,6056,0.0,1,cs.SI
3463,7830,0.647387727656852,1,cs.SI
10993,10996,2.787228749419053,1,cs.SI
2798,9111,1.405646357064879,1,cs.SI
8573,8574,0.9370338082411984,1,cs.SI
12101,12103,2.3191244169922545,1,cs.SI
6754,6755,0.5581106265512472,1,cs.SI
7634,7637,1.3426824550040934,1,cs.SI
2225,5999,0.3284587387530511,1,cs.SI
5293,5292,0.0,1,cs.SI
6056,7617,0.0,1,cs.SI
7982,7983,0.6213349345596119,1,cs.SI
3238,4051,1.4426950408889634,1,cs.SI
6558,6559,1.631586747071319,1,cs.SI
720,1168,0.8650383029813821,1,cs.SI
10649,10754,2.164042561333445,1,cs.SI
9458,9459,0.0,1,cs.SI
2973,5429,0.9102392266268373,1,cs.SI
3504,4477,0.9102392266268373,1,cs.SI
3057,1857,1.011206179810892,1,cs.SI
11627,11629,4.553732925319227,1,cs.SI
6309,11117,0.29120667621996243,1,cs.SI
1,10418,0.5581106265512472,1,cs.SI
7491,9072,0.3789231816899512,1,cs.SI
9059,9061,1.4426950408889634,1,cs.SI
8816,8845,0.6213349345596119,1,cs.SI
5593,5594,0.7213475204444817,1,cs.SI
3579,9202,3.6614175893810486,1,cs.SI
7789,8976,0.5581106265512472,1,cs.SI
6735,10930,1.279458146995729,1,cs.SI
5076,5077,0.0,1,cs.SI
452,2873,6.224973944450433,1,cs.SI
5974,11856,0.0,1,cs.SI
24,324,0.0,1,cs.SI
6548,6549,1.4426950408889634,1,cs.SI
2161,11132,1.279458146995729,1,cs.SI
2314,3890,3.045730619805763,1,cs.SI
4293,5356,1.660343908073847,1,cs.SI
2161,2388,1.279458146995729,1,cs.SI
7943,9702,0.3789231816899512,1,cs.SI
3128,6220,0.3396232718951086,1,cs.SI
698,4169,0.7553857282466059,1,cs.SI
11611,11626,3.5585394983891643,1,cs.SI
7194,7195,1.0764545478730305,1,cs.SI
3273,718,0.7213475204444817,1,cs.SI
209,729,1.4426950408889634,1,cs.SI
7509,7510,1.4426950408889634,1,cs.SI
7638,7639,1.531574161186449,1,cs.SI
416,1605,3.2423483627324714,1,cs.SI
11780,11782,0.0,1,cs.SI
7140,7142,1.9640173895637054,1,cs.SI
1026,6795,0.0,1,cs.SI
6463,6466,2.1300299662621014,1,cs.SI
4972,9735,1.4426950408889634,1,cs.SI
5693,5697,1.6301195954722452,1,cs.SI
120,8766,1.8204784532536746,1,cs.SI
901,10471,0.0,1,cs.SI
1258,6279,1.5199073204772229,1,cs.SI
1353,6178,1.4426950408889634,1,cs.SI
269,7312,1.2414213778065202,1,cs.SI
151,152,0.48089834696298783,1,cs.SI
42,1290,0.3396232718951086,1,cs.SI
6229,6235,1.1162212531024944,1,cs.SI
11613,11616,5.879542469067516,1,cs.SI
8307,8308,1.3426824550040934,1,cs.SI
11621,11627,4.523508892478669,1,cs.SI
416,7881,2.380847036440154,1,cs.SI
8306,8312,0.5581106265512472,1,cs.SI
5869,11609,5.325897039099016,1,cs.SI
9198,9209,1.8059397641769057,1,cs.SI
11176,11177,1.2022458674074694,1,cs.SI
1027,4420,0.9102392266268373,1,cs.SI
8585,2543,0.0,1,cs.SI
2797,10460,0.9037695876210308,1,cs.SI
451,2091,1.6836483392363526,1,cs.SI
2314,4016,0.3789231816899512,1,cs.SI
6000,6002,1.631586747071319,1,cs.SI
5356,10678,0.7213475204444817,1,cs.SI
10596,10597,1.631586747071319,1,cs.SI
6150,6154,2.4853397382384474,1,cs.SI
6460,6466,2.0668056582537364,1,cs.SI
4634,4636,0.7213475204444817,1,cs.SI
11297,11299,1.8204784532536746,1,cs.SI
6744,6745,1.2352458628142324,1,cs.SI
6077,6079,2.252921681630931,1,cs.SI
2543,6789,1.0448629735931543,1,cs.SI
7143,8403,1.4426950408889634,1,cs.SI
5307,5314,3.6642841031294964,1,cs.SI
11853,11854,0.0,1,cs.SI
6029,6033,0.5581106265512472,1,cs.SI
605,3888,0.3898712452512801,1,cs.SI
4016,9030,0.0,1,cs.SI
250,7269,0.0,1,cs.SI
507,7112,1.000258116249563,1,cs.SI
3961,12089,1.613740043014111,1,cs.SI
684,479,0.43429448190325176,1,cs.SI
11283,11288,1.9007930815553409,1,cs.SI
10147,11623,4.1994555261636854,1,cs.SI
11245,11247,2.541825973698156,1,cs.SI
2257,9148,1.9007930815553407,1,cs.SI
2797,507,0.0,1,cs.SI
5795,11584,1.2352458628142324,1,cs.SI
5215,5256,0.9183091389329819,1,cs.SI
7892,7894,1.7491442051839832,1,cs.SI
1362,9531,0.3898712452512801,1,cs.SI
1455,12040,0.0,1,cs.SI
6862,11076,0.0,1,cs.SI
11487,11488,0.0,1,cs.SI
9275,9276,1.4426950408889634,1,cs.SI
11612,11614,4.57922310862436,1,cs.SI
809,2242,0.0,1,cs.SI
9807,9808,1.9565933832587141,1,cs.SI
6818,6820,0.0,1,cs.SI
11065,11068,2.7999069123492784,1,cs.SI
4613,2004,0.9102392266268373,1,cs.SI
5172,5171,2.252921681630931,1,cs.SI
11255,11885,0.8668544662345119,1,cs.SI
6282,1258,2.1412422550368344,1,cs.SI
11324,11326,0.9102392266268373,1,cs.SI
6451,6453,0.6213349345596119,1,cs.SI
4685,3505,2.164042561333445,1,cs.SI
1211,551,1.4426950408889634,1,cs.SI
132,5700,1.4426950408889634,1,cs.SI
5074,5076,1.631586747071319,1,cs.SI
6850,6851,0.0,1,cs.SI
3341,4523,1.279458146995729,1,cs.SI
4182,4181,2.8853900817779268,1,cs.SI
3670,7336,3.169832139780159,1,cs.SI
77,6673,1.4426950408889634,1,cs.SI
8937,8938,1.279458146995729,1,cs.SI
8488,10902,0.0,1,cs.SI
8896,8898,0.0,1,cs.SI
4193,4194,5.301875626700343,1,cs.SI
3641,8089,0.0,1,cs.SI
4982,4985,0.0,1,cs.SI
9963,9964,1.4426950408889634,1,cs.SI
7526,12174,0.6213349345596119,1,cs.SI
8680,8683,1.1383799118687281,1,cs.SI
2731,4395,0.5138983423697507,1,cs.SI
710,7868,1.6491316192991134,1,cs.SI
3663,11759,1.4426950408889634,1,cs.SI
502,503,0.0,1,cs.SI
452,10067,0.9102392266268373,1,cs.SI
1322,2679,0.5138983423697507,1,cs.SI
8323,8399,1.6711411937571445,1,cs.SI
6043,7254,0.0,1,cs.SI
11609,11634,5.269494756314718,1,cs.SI
112,715,1.631586747071319,1,cs.SI
2091,4859,0.8208260187998856,1,cs.SI
3987,4493,1.8204784532536746,1,cs.SI
5403,5404,4.32808512266689,1,cs.SI
7199,7200,0.9102392266268373,1,cs.SI
62,506,1.7119518280729484,1,cs.SI
3016,5791,0.7213475204444817,1,cs.SI
3857,3858,2.909577742467974,1,cs.SI
2172,7790,0.8615237020935264,1,cs.SI
869,7755,0.6841892133709133,1,cs.SI
634,11591,0.0,1,cs.SI
1364,6056,0.5138983423697507,1,cs.SI
6059,6392,0.0,1,cs.SI
8240,8241,1.6299619397895893,1,cs.SI
5809,5810,1.1556420023477334,1,cs.SI
6251,8660,0.7213475204444817,1,cs.SI
2367,2731,0.0,1,cs.SI
12163,12165,1.4426950408889634,1,cs.SI
10086,10534,2.8853900817779268,1,cs.SI
5336,5338,2.0008056674402104,1,cs.SI
10680,11162,1.7700607552797765,1,cs.SI
6748,6749,1.2352458628142324,1,cs.SI
8624,8625,0.9102392266268373,1,cs.SI
2577,7102,1.267040966945127,1,cs.SI
395,7936,0.7802707381644454,1,cs.SI
6229,6236,0.5581106265512472,1,cs.SI
636,2770,0.0,1,cs.SI
41,6741,0.0,1,cs.SI
7777,9349,1.1764671337579005,1,cs.SI
10933,10934,0.0,1,cs.SI
2335,7968,0.0,1,cs.SI
10657,10658,1.3426824550040934,1,cs.SI
11346,11347,1.7565682114889745,1,cs.SI
8037,3890,0.3789231816899512,1,cs.SI
10628,10629,0.9102392266268373,1,cs.SI
9121,11975,1.6933439034806097,1,cs.SI
2748,5599,0.9102392266268373,1,cs.SI
9199,9205,3.0022805137611104,1,cs.SI
230,7904,0.9102392266268373,1,cs.SI
416,914,1.8645571131921639,1,cs.SI
11511,11513,0.5581106265512472,1,cs.SI
10970,10971,1.3426824550040934,1,cs.SI
10223,10879,0.9605402309330919,1,cs.SI
2799,8584,0.40242960438184466,1,cs.SI
1067,11758,0.0,1,cs.SI
9484,11885,0.8668544662345119,1,cs.SI
4592,6788,2.79331746954381,1,cs.SI
1322,2917,1.7161442097772204,1,cs.SI
4177,5506,0.0,1,cs.SI
9200,9202,3.110355721695344,1,cs.SI
5371,5372,0.0,1,cs.SI
455,10311,1.424137568996588,1,cs.SI
172,9722,0.6858508581200861,1,cs.SI
224,6207,0.9102392266268373,1,cs.SI
9778,9779,0.0,1,cs.SI
11515,11517,0.7213475204444817,1,cs.SI
10113,10114,0.0,1,cs.SI
1849,8074,0.0,1,cs.SI
1904,8805,0.8833279513448324,1,cs.SI
304,10701,0.0,1,cs.SI
252,1426,1.0819376365892408,1,cs.SI
2085,8570,1.5583687428008102,1,cs.SI
1660,9142,1.179445561110859,1,cs.SI
5310,5315,3.558767884770422,1,cs.SI
710,2255,2.2072422458503604,1,cs.SI
11621,11628,6.2412954398278035,1,cs.SI
1161,11156,0.7213475204444817,1,cs.SI
636,6035,1.2426698691192237,1,cs.SI
11682,11683,1.4426950408889634,1,cs.SI
3579,3580,0.36926937306885504,1,cs.SI
1411,4669,0.0,1,cs.SI
10988,10994,3.7942003027483873,1,cs.SI
45,7228,0.0,1,cs.SI
4684,7577,0.48089834696298783,1,cs.SI
9584,9585,2.8853900817779268,1,cs.SI
263,3539,0.0,1,cs.SI
10473,10474,0.0,1,cs.SI
6994,6996,0.6213349345596119,1,cs.SI
8839,8841,3.3064971000200014,1,cs.SI
11537,11538,0.0,1,cs.SI
3460,7964,1.4426950408889634,1,cs.SI
5028,10990,0.8894140952166705,1,cs.SI
199,4382,1.4426950408889634,1,cs.SI
2702,4407,0.0,1,cs.SI
2314,4015,0.0,1,cs.SI
711,7864,2.314678838040222,1,cs.SI
3670,7340,2.5920678418716663,1,cs.SI
5220,6974,2.8853900817779268,1,cs.SI
3580,1412,0.9102392266268373,1,cs.SI
5342,5344,0.7213475204444817,1,cs.SI
506,994,1.1107660589166855,1,cs.SI
2830,6741,0.0,1,cs.SI
938,1161,1.7702466315385705,1,cs.SI
941,2255,1.072008968920998,1,cs.SI
2120,3278,0.0,1,cs.SI
6194,6197,1.3530503517006527,1,cs.SI
6279,6542,1.4683498531780845,1,cs.SI
3782,2570,0.0,1,cs.SI
304,6690,0.0,1,cs.SI
2755,3189,1.072008968920998,1,cs.SI
3340,4221,1.2291682155306383,1,cs.SI
260,152,0.0,1,cs.SI
3888,6729,0.0,1,cs.SI
2314,9302,2.8644410290073123,1,cs.SI
220,5611,0.0,1,cs.SI
698,2702,1.8204784532536746,1,cs.SI
4607,9724,0.0,1,cs.SI
260,6044,0.9102392266268373,1,cs.SI
317,4916,0.0,1,cs.SI
6789,6787,1.0277966847395015,1,cs.SI
1407,5882,0.0,1,cs.SI
10080,12195,2.4181435264907476,1,cs.SI
11286,11287,1.6345651744242775,1,cs.SI
958,9484,0.9110667504160084,1,cs.SI
3533,895,0.7213475204444817,1,cs.SI
9457,9459,0.0,1,cs.SI
37,1621,0.6213349345596119,1,cs.SI
1249,1250,2.8907896963125124,1,cs.SI
5908,5910,1.531574161186449,1,cs.SI
2003,9926,0.9102392266268373,1,cs.SI
4340,4343,2.164042561333445,1,cs.SI
4417,4418,0.9102392266268373,1,cs.SI
11619,11627,4.535345702765429,1,cs.SI
8663,11609,4.290186360681772,1,cs.SI
9551,9553,0.9102392266268373,1,cs.SI
6028,6034,1.179445561110859,1,cs.SI
2367,2797,0.8010958695746122,1,cs.SI
62,1850,0.0,1,cs.SI
6247,8209,0.5138983423697507,1,cs.SI
5304,5316,4.451745020918253,1,cs.SI
317,726,0.48089834696298783,1,cs.SI
11614,11620,4.564881809999137,1,cs.SI
1258,11295,1.1022332815225997,1,cs.SI
4946,4948,0.3898712452512801,1,cs.SI
8477,8687,0.7213475204444817,1,cs.SI
7844,7846,1.8204784532536746,1,cs.SI
4174,11366,2.8853900817779268,1,cs.SI
5867,4622,0.9102392266268373,1,cs.SI
543,3285,3.555834852184663,1,cs.SI
591,6525,0.7213475204444817,1,cs.SI
12005,12007,0.0,1,cs.SI
684,4699,0.5581106265512472,1,cs.SI
3378,8734,1.4426950408889634,1,cs.SI
1326,9599,0.0,1,cs.SI
4194,7904,0.3789231816899512,1,cs.SI
1710,2822,0.6744349950142448,1,cs.SI
9189,11277,0.0,1,cs.SI
52,4589,0.4170323914242463,1,cs.SI
2814,3146,0.6213349345596119,1,cs.SI
3205,5438,0.45511961331341866,1,cs.SI
573,479,1.9640173895637054,1,cs.SI
10336,11807,0.0,1,cs.SI
51,9203,3.678481011556747,1,cs.SI
5072,5073,1.6035235474203966,1,cs.SI
3284,11853,0.0,1,cs.SI
4525,4526,0.9102392266268373,1,cs.SI
5262,422,0.2835784920513334,1,cs.SI
868,1642,0.0,1,cs.SI
11500,11501,0.0,1,cs.SI
2660,8033,0.0,1,cs.SI
1861,10776,1.0498062591975328,1,cs.SI
605,5944,1.4426950408889634,1,cs.SI
11680,11681,1.4426950408889634,1,cs.SI
3837,3838,0.5581106265512472,1,cs.SI
857,6693,1.0820212806667224,1,cs.SI
1072,209,0.8928215240597019,1,cs.SI
727,3380,0.0,1,cs.SI
2314,6333,0.0,1,cs.SI
1420,6913,0.0,1,cs.SI
543,3657,0.9751430179754935,1,cs.SI
51,9208,3.3549655584080744,1,cs.SI
5365,5366,0.0,1,cs.SI
5427,5428,0.7213475204444817,1,cs.SI
8156,9194,1.800780495670471,1,cs.SI
578,8960,0.6213349345596119,1,cs.SI
7289,7291,0.7213475204444817,1,cs.SI
9046,9048,0.0,1,cs.SI
6673,4547,2.5007212153688334,1,cs.SI
5335,5336,1.279458146995729,1,cs.SI
4951,4956,0.7213475204444817,1,cs.SI
207,269,1.1943106818110656,1,cs.SI
2479,2702,2.441813387813286,1,cs.SI
9978,10035,1.3426824550040934,1,cs.SI
3057,1855,0.0,1,cs.SI
4829,4832,0.0,1,cs.SI
6282,6542,0.6213349345596119,1,cs.SI
5674,5677,0.5138983423697507,1,cs.SI
2311,5092,0.0,1,cs.SI
1077,1093,0.0,1,cs.SI
6244,6251,1.69334390348061,1,cs.SI
6229,6233,1.179445561110859,1,cs.SI
683,6491,1.6389261722879551,1,cs.SI
2540,2542,1.179445561110859,1,cs.SI
7780,7855,1.365358839940256,1,cs.SI
1161,8169,0.9748191406512262,1,cs.SI
11612,11615,4.579986106321772,1,cs.SI
6469,6471,0.7213475204444817,1,cs.SI
4686,4688,0.0,1,cs.SI
4914,6279,1.660343908073847,1,cs.SI
481,434,1.6401319072179696,1,cs.SI
4592,6787,0.5138983423697507,1,cs.SI
3156,9928,0.48089834696298783,1,cs.SI
3915,395,0.0,1,cs.SI
507,8267,0.9102392266268373,1,cs.SI
1465,11594,0.0,1,cs.SI
3340,6489,1.85050315009025,1,cs.SI
3340,4219,1.2291682155306383,1,cs.SI
7145,7146,0.7213475204444817,1,cs.SI
7142,11251,0.0,1,cs.SI
9456,9459,0.0,1,cs.SI
5306,5315,3.3387081228098303,1,cs.SI
6910,6911,0.0,1,cs.SI
1196,10099,2.5549252669739175,1,cs.SI
72,3484,1.2891624083167885,1,cs.SI
5184,5185,0.0,1,cs.SI
199,5809,0.7213475204444817,1,cs.SI
8675,10080,1.2733091264613354,1,cs.SI
4663,895,0.7213475204444817,1,cs.SI
11617,11620,3.8805108887977378,1,cs.SI
90,11738,0.5138983423697507,1,cs.SI
1,11791,0.0,1,cs.SI
9600,9601,0.0,1,cs.SI
10055,10056,0.0,1,cs.SI
66,2731,0.9110667504160084,1,cs.SI
1,4639,0.9102392266268373,1,cs.SI
12160,12161,0.0,1,cs.SI
209,1867,1.4426950408889634,1,cs.SI
5342,5347,0.7213475204444817,1,cs.SI
7199,7201,0.9102392266268373,1,cs.SI
5305,5311,2.9131590882150205,1,cs.SI
683,4220,1.96004548582437,1,cs.SI
9085,9087,0.9102392266268373,1,cs.SI
11780,11781,0.0,1,cs.SI
9462,11772,2.352934267515801,1,cs.SI
11809,11811,0.9102392266268373,1,cs.SI
3802,4381,1.8461235626602366,1,cs.SI
11609,11620,3.620694651271905,1,cs.SI
2091,3321,1.2812187348545079,1,cs.SI
5601,5602,1.424137568996588,1,cs.SI
51,9205,3.421773540318654,1,cs.SI
8288,8290,0.0,1,cs.SI
1080,10358,0.0,1,cs.SI
1141,7124,0.6680820106481598,1,cs.SI
9259,9260,1.4290911712359904,1,cs.SI
1680,6697,1.3426824550040934,1,cs.SI
9428,9429,1.688658711265287,1,cs.SI
1881,11608,1.998749527195396,1,cs.SI
6711,6709,1.4499163026461572,1,cs.SI
7451,10471,0.0,1,cs.SI
866,5232,1.0655683294256257,1,cs.SI
684,9472,0.0,1,cs.SI
8030,10590,1.391137573589825,1,cs.SI
11784,11787,1.8204784532536746,1,cs.SI
37,6751,1.1352332769293625,1,cs.SI
10634,10635,0.0,1,cs.SI
315,7026,0.6213349345596119,1,cs.SI
2797,3242,0.7213475204444817,1,cs.SI
1453,5821,1.00261393450721,1,cs.SI
578,2855,1.441278341989853,1,cs.SI
11941,11942,0.5581106265512472,1,cs.SI
1642,8265,0.6213349345596119,1,cs.SI
9978,9980,0.9820086947818527,1,cs.SI
251,416,0.3459762562611936,1,cs.SI
42,2822,0.3789231816899512,1,cs.SI
7408,932,0.0,1,cs.SI
6918,8472,0.48089834696298783,1,cs.SI
62,7201,0.9102392266268373,1,cs.SI
5290,4079,0.3789231816899512,1,cs.SI
5146,5147,0.48089834696298783,1,cs.SI
10811,10812,1.4683498531780845,1,cs.SI
4193,10002,0.9102392266268373,1,cs.SI
54,4031,2.052557280726262,1,cs.SI
3836,7228,0.9102392266268373,1,cs.SI
207,210,1.4426950408889634,1,cs.SI
4246,1419,0.3898712452512801,1,cs.SI
209,1241,0.7248994379511449,1,cs.SI
4558,6426,0.0,1,cs.SI
9035,9036,1.4426950408889634,1,cs.SI
10772,10774,1.365358839940256,1,cs.SI
7997,7998,1.4426950408889634,1,cs.SI
9981,10035,1.3426824550040934,1,cs.SI
683,3512,1.8788090776940378,1,cs.SI
2446,7218,1.537140893980141,1,cs.SI
508,4056,1.4426950408889634,1,cs.SI
2006,9728,1.3426824550040934,1,cs.SI
7122,9749,1.8204784532536746,1,cs.SI
4699,9484,0.5581106265512472,1,cs.SI
11067,11071,2.4272977575770036,1,cs.SI
5914,9948,0.0,1,cs.SI
11117,11120,0.29120667621996243,1,cs.SI
11908,11909,1.2891624083167885,1,cs.SI
2798,11867,0.3789231816899512,1,cs.SI
2577,5921,1.424137568996588,1,cs.SI
7777,9350,0.0,1,cs.SI
3205,11921,0.0,1,cs.SI
507,9921,0.36926937306885504,1,cs.SI
999,6576,1.631586747071319,1,cs.SI
8704,8705,0.9102392266268373,1,cs.SI
716,1384,1.634909127586914,1,cs.SI
6181,11150,1.4426950408889634,1,cs.SI
10535,10536,2.8853900817779268,1,cs.SI
5554,5622,2.773810756024874,1,cs.SI
9197,9201,3.678481011556747,1,cs.SI
6250,6245,3.5323798286266603,1,cs.SI
3156,5588,3.2919306551451664,1,cs.SI
5305,5314,3.7388434283888765,1,cs.SI
7182,7183,0.0,1,cs.SI
913,7076,0.5581106265512472,1,cs.SI
5820,5821,1.00261393450721,1,cs.SI
9679,9682,0.3898712452512801,1,cs.SI
728,4280,0.5581106265512472,1,cs.SI
2043,6878,0.36067376022224085,1,cs.SI
6029,6030,1.531574161186449,1,cs.SI
591,5160,1.4169163072393944,1,cs.SI
5877,5878,0.0,1,cs.SI
7642,7643,0.0,1,cs.SI
251,6475,0.0,1,cs.SI
481,2025,0.7213475204444817,1,cs.SI
9197,9208,2.976042376718123,1,cs.SI
8596,10167,2.4169860993133367,1,cs.SI
4891,4892,1.4426950408889634,1,cs.SI
4194,2314,0.3789231816899512,1,cs.SI
5097,5098,0.6213349345596119,1,cs.SI
2314,8265,0.0,1,cs.SI
3284,287,1.7405976632133051,1,cs.SI
2748,5600,2.352934267515801,1,cs.SI
4605,7408,0.36926937306885504,1,cs.SI
7871,7874,0.7213475204444817,1,cs.SI
9484,9485,0.5581106265512472,1,cs.SI
2273,4240,0.6213349345596119,1,cs.SI
8888,8890,1.4426950408889634,1,cs.SI
6673,9173,2.1722624766157823,1,cs.SI
5477,5478,0.0,1,cs.SI
11303,11347,1.2426698691192237,1,cs.SI
2314,8037,1.1748787548041486,1,cs.SI
72,318,0.9102392266268373,1,cs.SI
11585,11584,1.424137568996588,1,cs.SI
6282,11437,0.5138983423697507,1,cs.SI
4605,4607,0.7318793055547124,1,cs.SI
3023,8015,0.9102392266268373,1,cs.SI
3620,3621,0.0,1,cs.SI
8823,11064,1.1797856120805492,1,cs.SI
3632,4850,1.631586747071319,1,cs.SI
1211,2873,0.713629884087002,1,cs.SI
4806,11379,0.36067376022224085,1,cs.SI
10336,11806,0.0,1,cs.SI
10680,11397,0.3789231816899512,1,cs.SI
5405,5406,1.8204784532536746,1,cs.SI
6029,6032,0.5581106265512472,1,cs.SI
6654,6655,0.0,1,cs.SI
270,4086,1.9235933878519513,1,cs.SI
481,4558,2.24249296389341,1,cs.SI
3114,11608,1.998749527195396,1,cs.SI
9147,9150,1.179445561110859,1,cs.SI
691,479,0.318928988903801,1,cs.SI
5440,5442,0.9102392266268373,1,cs.SI
710,1898,0.5138983423697507,1,cs.SI
505,5350,1.4426950408889634,1,cs.SI
8731,1168,0.35295612386476116,1,cs.SI
2199,7423,1.4426950408889634,1,cs.SI
2918,8478,0.0,1,cs.SI
593,6525,0.36067376022224085,1,cs.SI
808,1234,0.0,1,cs.SI
8828,8830,2.8853900817779268,1,cs.SI
7998,7999,0.0,1,cs.SI
11633,11634,5.8886547717482385,1,cs.SI
517,10635,0.0,1,cs.SI
7893,7894,1.0277966847395015,1,cs.SI
9335,9336,0.0,1,cs.SI
10683,10685,2.041026924604167,1,cs.SI
10124,10126,2.164042561333445,1,cs.SI
2255,7868,1.6491316192991134,1,cs.SI
138,3337,0.9102392266268373,1,cs.SI
1411,7977,1.4426950408889634,1,cs.SI
4392,10115,0.0,1,cs.SI
382,3802,1.6468832007346106,1,cs.SI
3641,4278,1.7375561876621062,1,cs.SI
6001,6002,0.7213475204444817,1,cs.SI
11929,11930,1.4426950408889634,1,cs.SI
5505,5506,1.4426950408889634,1,cs.SI
7567,7568,0.0,1,cs.SI
450,1291,0.3789231816899512,1,cs.SI
10724,10725,0.40242960438184466,1,cs.SI
3206,4465,0.0,1,cs.SI
11630,11632,5.892230917054656,1,cs.SI
2108,10091,0.40242960438184466,1,cs.SI
9195,9198,2.1958110094281857,1,cs.SI
2632,3743,1.6045152358830874,1,cs.SI
1584,7924,0.0,1,cs.SI
2797,8053,1.7113350962014497,1,cs.SI
11617,11626,3.88097649805523,1,cs.SI
1740,6464,2.0668056582537364,1,cs.SI
3482,7967,0.0,1,cs.SI
96,3328,1.4426950408889634,1,cs.SI
8169,1168,1.5015729188974767,1,cs.SI
8106,8180,0.6213349345596119,1,cs.SI
93,4664,0.4170323914242463,1,cs.SI
1034,11607,2.2744655249346577,1,cs.SI
9485,9486,0.0,1,cs.SI
8663,11613,4.9009970711319815,1,cs.SI
1407,1848,1.8204784532536746,1,cs.SI
1711,3189,1.4683498531780845,1,cs.SI
6063,9030,0.0,1,cs.SI
1650,7353,0.9102392266268373,1,cs.SI
3064,9192,2.482626301511342,1,cs.SI
6786,9260,1.831520775617835,1,cs.SI
632,11100,0.5138983423697507,1,cs.SI
6231,6233,3.369142934733425,1,cs.SI
4955,5446,0.8132176635932029,1,cs.SI
6489,6491,1.531574161186449,1,cs.SI
72,7407,1.391137573589825,1,cs.SI
1081,3979,0.4170323914242463,1,cs.SI
7228,7230,0.0,1,cs.SI
8715,8716,0.0,1,cs.SI
4455,4456,2.541825973698156,1,cs.SI
4455,8677,1.7978020683175124,1,cs.SI
8996,8997,1.1764671337579005,1,cs.SI
11611,11614,4.593109522222469,1,cs.SI
395,7930,0.9040868828124409,1,cs.SI
4452,4994,2.0640299754485754,1,cs.SI
720,12028,0.8208260187998856,1,cs.SI
6819,6820,0.0,1,cs.SI
4613,10906,1.2426698691192237,1,cs.SI
51,9201,4.973732139998294,1,cs.SI
2731,7120,0.9110667504160084,1,cs.SI
2312,9428,1.688658711265287,1,cs.SI
385,412,0.0,1,cs.SI
10622,10623,2.0486191384955657,1,cs.SI
11619,11626,3.871762203991175,1,cs.SI
11609,11613,5.262269986353237,1,cs.SI
715,11628,4.908444845074823,1,cs.SI
583,1642,0.3459762562611936,1,cs.SI
11506,11509,1.631586747071319,1,cs.SI
1027,4419,1.4426950408889634,1,cs.SI
7330,8395,1.7565682114889745,1,cs.SI
4095,4096,0.48089834696298783,1,cs.SI
6092,6095,0.4170323914242463,1,cs.SI
8897,8898,0.0,1,cs.SI
479,5305,2.945370478253099,1,cs.SI
9598,9599,0.0,1,cs.SI
1072,3340,3.1612009519952418,1,cs.SI
11486,11487,0.0,1,cs.SI
382,9533,0.40242960438184466,1,cs.SI
505,901,0.3396232718951086,1,cs.SI
4580,11757,0.0,1,cs.SI
728,4282,1.9007930815553407,1,cs.SI
4890,4891,0.0,1,cs.SI
11397,11665,1.100270702134433,1,cs.SI
9198,9208,1.4824243110282334,1,cs.SI
9057,9058,0.8340647828484926,1,cs.SI
2446,11302,1.270912986849078,1,cs.SI
2257,9150,2.0896847877376965,1,cs.SI
6816,6817,0.0,1,cs.SI
6983,6985,0.0,1,cs.SI
7312,7943,0.872152004737665,1,cs.SI
220,4031,0.5138983423697507,1,cs.SI
207,2223,1.1943106818110656,1,cs.SI
808,5111,0.5138983423697507,1,cs.SI
507,4914,1.9838593612225193,1,cs.SI
4907,4905,1.1162212531024944,1,cs.SI
2675,2676,2.215526559972099,1,cs.SI
8942,8949,0.5581106265512472,1,cs.SI
1953,11940,2.774244030305673,1,cs.SI
8663,10147,3.572746433035995,1,cs.SI
502,8337,0.0,1,cs.SI
8996,8995,0.45511961331341866,1,cs.SI
5405,5407,1.8204784532536746,1,cs.SI
54,2074,2.4835093260647954,1,cs.SI
11623,11627,5.188548501622056,1,cs.SI
2367,8052,0.45511961331341866,1,cs.SI
199,4217,0.7213475204444817,1,cs.SI
1034,169,0.6213349345596119,1,cs.SI
1,5777,1.4426950408889634,1,cs.SI
6650,6653,1.631586747071319,1,cs.SI
4488,4491,2.0640299754485754,1,cs.SI
4290,8196,0.7213475204444817,1,cs.SI
9346,9350,0.0,1,cs.SI
866,4515,1.0448629735931543,1,cs.SI
132,8867,0.7213475204444817,1,cs.SI
10147,11620,4.231298693834904,1,cs.SI
48,416,0.9102392266268373,1,cs.SI
48,1484,3.137077156764934,1,cs.SI
4541,11414,0.9102392266268373,1,cs.SI
9737,12166,0.43429448190325176,1,cs.SI
4198,9887,0.4170323914242463,1,cs.SI
5654,9534,2.164042561333445,1,cs.SI
11397,11398,0.3789231816899512,1,cs.SI
3284,1364,0.0,1,cs.SI
3579,9203,3.2119751396154173,1,cs.SI
270,2057,0.742087603527212,1,cs.SI
5877,6389,0.0,1,cs.SI
6598,6599,0.0,1,cs.SI
1148,2727,0.5581106265512472,1,cs.SI
5996,5997,0.0,1,cs.SI
691,1319,0.318928988903801,1,cs.SI
6387,7383,0.7213475204444817,1,cs.SI
5287,12189,1.1237771248263264,1,cs.SI
270,5268,1.424137568996588,1,cs.SI
11609,11612,3.953964938800929,1,cs.SI
5744,8396,1.4683498531780845,1,cs.SI
9758,9759,1.8204784532536746,1,cs.SI
6673,11064,2.0456016020554144,1,cs.SI
6348,6349,1.7375561876621062,1,cs.SI
4867,8717,1.365358839940256,1,cs.SI
5029,10988,1.80460692408291,1,cs.SI
507,6776,1.000258116249563,1,cs.SI
7009,7010,0.6606342367053184,1,cs.SI
4829,6879,2.064029975448575,1,cs.SI
5257,6104,1.013230239864666,1,cs.SI
12133,12134,0.0,1,cs.SI
715,11617,4.901660108290426,1,cs.SI
48,4629,0.3898712452512801,1,cs.SI
456,5190,0.9102392266268373,1,cs.SI
829,1751,0.0,1,cs.SI
3205,11922,0.0,1,cs.SI
10679,11164,1.6046754717893141,1,cs.SI
926,4543,0.0,1,cs.SI
7494,8023,0.0,1,cs.SI
10125,10126,1.4426950408889634,1,cs.SI
913,3917,0.48089834696298783,1,cs.SI
1721,1723,0.0,1,cs.SI
9202,9204,3.837394304476972,1,cs.SI
9757,10227,0.0,1,cs.SI
6073,6076,1.4683498531780845,1,cs.SI
5794,9057,0.4170323914242463,1,cs.SI
3613,6783,1.179445561110859,1,cs.SI
2171,4481,0.9435255137964546,1,cs.SI
1660,4763,1.4426950408889634,1,cs.SI
934,4678,0.5138983423697507,1,cs.SI
2120,10101,0.30692767643013485,1,cs.SI
9346,9349,0.7213475204444817,1,cs.SI
5290,8053,0.45511961331341866,1,cs.SI
5996,5998,0.0,1,cs.SI
480,8271,1.3640660624015937,1,cs.SI
2020,5619,1.4426950408889634,1,cs.SI
4455,8630,0.6213349345596119,1,cs.SI
5752,11100,1.0277966847395015,1,cs.SI
4297,7587,0.9481928242730024,1,cs.SI
6849,6851,0.45511961331341866,1,cs.SI
12088,12090,2.168872242212399,1,cs.SI
3340,10492,0.7213475204444817,1,cs.SI
7901,7903,0.9102392266268373,1,cs.SI
11507,11509,0.7213475204444817,1,cs.SI
7518,12194,0.0,1,cs.SI
8156,4193,0.7722161091770795,1,cs.SI
37,7880,0.3396232718951086,1,cs.SI
11619,11624,4.5438719301908765,1,cs.SI
6279,11767,0.0,1,cs.SI
9251,1478,0.35295612386476116,1,cs.SI
477,478,1.4426950408889634,1,cs.SI
7777,7776,0.7213475204444817,1,cs.SI
5533,5537,0.6213349345596119,1,cs.SI
4712,4713,1.4426950408889634,1,cs.SI
93,4663,3.3758907565466485,1,cs.SI
6226,11015,1.4426950408889634,1,cs.SI
6938,6939,1.4426950408889634,1,cs.SI
5462,5463,0.7213475204444817,1,cs.SI
3023,11491,0.7213475204444817,1,cs.SI
4951,4954,0.0,1,cs.SI
7123,7693,0.9102392266268373,1,cs.SI
4856,6572,1.4426950408889634,1,cs.SI
10035,10038,0.6213349345596119,1,cs.SI
4552,8900,0.7213475204444817,1,cs.SI
11436,11437,1.2352458628142324,1,cs.SI
6543,6794,0.0,1,cs.SI
715,11615,3.9410496750315627,1,cs.SI
1896,9148,0.5581106265512472,1,cs.SI
958,11255,0.9110667504160084,1,cs.SI
10518,10519,1.876989522792215,1,cs.SI
938,505,2.2053426315311055,1,cs.SI
6,1211,1.4160778197681392,1,cs.SI
3610,9091,0.0,1,cs.SI
2674,2676,1.3052873333452615,1,cs.SI
3571,8418,0.0,1,cs.SI
172,4859,2.053270814754696,1,cs.SI
4453,4454,2.1896973736225664,1,cs.SI
3958,3959,0.0,1,cs.SI
4261,11439,1.1237771248263264,1,cs.SI
40,300,0.0,1,cs.SI
45,665,2.685364910008187,1,cs.SI
6659,10096,1.4426950408889634,1,cs.SI
512,5585,0.9617966939259757,1,cs.SI
4950,4954,0.9102392266268373,1,cs.SI
6029,6028,0.0,1,cs.SI
9992,9993,1.0820212806667224,1,cs.SI
5817,5818,0.0,1,cs.SI
4376,6662,0.0,1,cs.SI
6685,9334,0.35295612386476116,1,cs.SI
3346,9092,0.8340647828484926,1,cs.SI
684,9815,1.4426950408889634,1,cs.SI
218,2637,1.8988305021671743,1,cs.SI
4856,6780,2.0640299754485754,1,cs.SI
11280,11281,0.9102392266268373,1,cs.SI
2596,4085,0.0,1,cs.SI
8025,8640,0.6213349345596119,1,cs.SI
4684,8649,0.7213475204444817,1,cs.SI
4607,9080,1.8204784532536746,1,cs.SI
7143,7140,1.2426698691192237,1,cs.SI
4304,4804,0.5138983423697507,1,cs.SI
4262,5131,0.6213349345596119,1,cs.SI
10016,10018,1.4426950408889634,1,cs.SI
2540,9486,0.5581106265512472,1,cs.SI
8310,8311,1.279458146995729,1,cs.SI
1364,4914,1.525761320556142,1,cs.SI
132,1019,0.0,1,cs.SI
5419,4552,0.7213475204444817,1,cs.SI
6038,6040,0.0,1,cs.SI
11463,11464,1.8119644139578184,1,cs.SI
9198,9199,1.8351372492059448,1,cs.SI
9082,11758,0.0,1,cs.SI
1385,634,0.7213475204444817,1,cs.SI
382,7010,1.3689313203656512,1,cs.SI
2046,9506,0.0,1,cs.SI
11610,11618,4.574232548591325,1,cs.SI
7332,7336,3.216436004839895,1,cs.SI
3284,2926,0.0,1,cs.SI
6084,6086,1.8204784532536746,1,cs.SI
172,720,1.7102401140165562,1,cs.SI
3587,3589,2.352934267515801,1,cs.SI
4392,6516,0.623201763946442,1,cs.SI
7079,7080,2.352934267515801,1,cs.SI
2314,6520,1.4426950408889634,1,cs.SI
5462,5464,1.631586747071319,1,cs.SI
111,507,1.7039937342384914,1,cs.SI
8110,8112,1.4426950408889634,1,cs.SI
52,53,1.2363322745397176,1,cs.SI
2917,8997,0.7213475204444817,1,cs.SI
605,9082,1.6345651744242775,1,cs.SI
37,1825,0.48089834696298783,1,cs.SI
10684,10685,1.9380359113663386,1,cs.SI
7967,9762,1.8204784532536746,1,cs.SI
9813,9815,0.0,1,cs.SI
10990,10991,3.2875232221358304,1,cs.SI
6282,4308,0.6213349345596119,1,cs.SI
1721,1724,0.6213349345596119,1,cs.SI
54,634,0.7213475204444817,1,cs.SI
3590,3591,0.9102392266268373,1,cs.SI
1407,5293,0.0,1,cs.SI
7491,8023,1.6583813286856801,1,cs.SI
8759,9303,2.2224371725261114,1,cs.SI
7693,8569,0.0,1,cs.SI
47,1383,0.43429448190325176,1,cs.SI
4815,4814,1.4426950408889634,1,cs.SI
7666,7667,0.9102392266268373,1,cs.SI
72,4607,1.453226825999194,1,cs.SI
1264,2665,0.7213475204444817,1,cs.SI
6029,6031,0.0,1,cs.SI
218,216,1.4560413649384811,1,cs.SI
11612,11626,4.215863152233171,1,cs.SI
7332,7338,3.5198490803821736,1,cs.SI
6112,9092,1.4553997174081044,1,cs.SI
7669,7670,0.0,1,cs.SI
149,7514,0.0,1,cs.SI
10080,5421,1.365358839940256,1,cs.SI
8264,8265,0.6213349345596119,1,cs.SI
2708,5644,0.9102392266268373,1,cs.SI
715,11618,4.256936262430591,1,cs.SI
6063,8404,1.8204784532536746,1,cs.SI
6230,6236,1.7375561876621062,1,cs.SI
455,7733,1.424137568996588,1,cs.SI
4407,5744,1.845124645270808,1,cs.SI
4951,4952,2.164042561333445,1,cs.SI
7942,9702,0.0,1,cs.SI
941,7866,1.2352458628142324,1,cs.SI
573,4548,1.9640173895637054,1,cs.SI
11614,11628,5.943060733915311,1,cs.SI
395,4169,0.7553857282466059,1,cs.SI
17,385,0.0,1,cs.SI
573,6435,1.4426950408889634,1,cs.SI
1376,4265,0.8069036366755264,1,cs.SI
4699,11885,0.0,1,cs.SI
55,7358,0.9102392266268373,1,cs.SI
1067,1407,0.0,1,cs.SI
1877,9495,0.3459762562611936,1,cs.SI
4261,7543,0.40242960438184466,1,cs.SI
955,1933,1.631586747071319,1,cs.SI
801,5621,0.0,1,cs.SI
144,1234,0.0,1,cs.SI
660,6355,0.9102392266268373,1,cs.SI
9148,9150,1.179445561110859,1,cs.SI
6461,6466,2.6881405928133484,1,cs.SI
5029,10992,1.3494873107694914,1,cs.SI
10147,11622,4.546596578828673,1,cs.SI
41,9386,1.3426824550040934,1,cs.SI
4457,4459,0.0,1,cs.SI
684,1967,0.43429448190325176,1,cs.SI
1248,10412,2.112485094034307,1,cs.SI
1711,9278,1.1022332815225997,1,cs.SI
260,801,0.0,1,cs.SI
1660,9143,1.179445561110859,1,cs.SI
11492,11494,1.2426698691192237,1,cs.SI
3284,5216,0.6625016737412845,1,cs.SI
6033,10871,1.279458146995729,1,cs.SI
252,7011,0.5772467557111298,1,cs.SI
3128,6221,0.3396232718951086,1,cs.SI
4218,9511,0.0,1,cs.SI
7599,7600,1.897814654202382,1,cs.SI
9403,9402,0.9102392266268373,1,cs.SI
660,9870,2.0579280843341423,1,cs.SI
1275,7761,0.0,1,cs.SI
1248,7881,3.002181970999766,1,cs.SI
93,8783,0.0,1,cs.SI
866,865,0.0,1,cs.SI
5099,8695,1.4426950408889634,1,cs.SI
7157,7618,0.0,0,cs.SI
9375,11188,0.0,0,cs.SI
4579,6514,0.0,0,cs.SI
5453,8210,0.0,0,cs.SI
6744,9700,0.0,0,cs.SI
5423,9350,0.0,0,cs.SI
9338,9994,0.0,0,cs.SI
3886,9970,0.0,0,cs.SI
2342,6759,0.0,0,cs.SI
2755,5994,0.0,0,cs.SI
9689,9779,0.0,0,cs.SI
3656,10676,0.0,0,cs.SI
10090,11843,0.0,0,cs.SI
4589,5288,0.0,0,cs.SI
4837,10457,0.0,0,cs.SI
4388,6955,0.0,0,cs.SI
5803,6229,0.0,0,cs.SI
1414,9149,0.0,0,cs.SI
4267,9029,0.0,0,cs.SI
6875,8843,0.0,0,cs.SI
2870,9623,0.0,0,cs.SI
6864,11543,0.0,0,cs.SI
7089,7231,0.0,0,cs.SI
7084,7790,0.0,0,cs.SI
4712,9415,0.0,0,cs.SI
9620,12015,0.0,0,cs.SI
172,8719,0.0,0,cs.SI
3999,6361,0.0,0,cs.SI
9765,10038,0.0,0,cs.SI
8271,10620,0.0,0,cs.SI
6355,9981,0.0,0,cs.SI
1130,10414,0.0,0,cs.SI
5086,8695,0.0,0,cs.SI
3791,7351,0.0,0,cs.SI
2366,8899,0.0,0,cs.SI
5731,10382,0.0,0,cs.SI
565,10492,0.0,0,cs.SI
1950,9780,0.0,0,cs.SI
4281,5270,0.0,0,cs.SI
6044,10325,0.0,0,cs.SI
1942,7417,0.0,0,cs.SI
8575,11237,0.0,0,cs.SI
7880,8497,0.0,0,cs.SI
7407,12069,0.0,0,cs.SI
6542,8652,0.0,0,cs.SI
7739,10327,0.0,0,cs.SI
8488,10302,0.0,0,cs.SI
6304,6465,0.0,0,cs.SI
3790,7103,0.0,0,cs.SI
2632,3024,0.0,0,cs.SI
3892,8548,0.0,0,cs.SI
4983,9827,0.0,0,cs.SI
4105,10678,0.0,0,cs.SI
4454,5462,0.0,0,cs.SI
7567,9470,0.0,0,cs.SI
1350,3605,0.0,0,cs.SI
3529,6955,0.0,0,cs.SI
4350,7327,0.0,0,cs.SI
385,10358,0.0,0,cs.SI
886,4373,0.0,0,cs.SI
5134,7372,0.0,0,cs.SI
2004,5563,0.0,0,cs.SI
9580,9718,0.0,0,cs.SI
2848,8548,0.0,0,cs.SI
5694,9286,0.0,0,cs.SI
7504,7549,0.0,0,cs.SI
371,4080,0.0,0,cs.SI
1668,12029,0.0,0,cs.SI
7197,11858,0.0,0,cs.SI
3231,5805,0.0,0,cs.SI
198,5549,0.0,0,cs.SI
7575,9415,0.0,0,cs.SI
631,3896,0.0,0,cs.SI
1026,10167,0.0,0,cs.SI
8596,11044,0.0,0,cs.SI
11681,12101,0.0,0,cs.SI
10112,10895,0.0,0,cs.SI
428,6276,0.0,0,cs.SI
4169,7930,0.0,0,cs.SI
6513,8687,0.0,0,cs.SI
9551,12176,0.0,0,cs.SI
6796,9304,0.0,0,cs.SI
1877,11241,0.0,0,cs.SI
5941,9464,0.0,0,cs.SI
4699,4977,0.0,0,cs.SI
9338,12068,0.0,0,cs.SI
5046,11357,0.0,0,cs.SI
3559,5462,0.0,0,cs.SI
4161,4664,0.0,0,cs.SI
1618,4421,0.0,0,cs.SI
5910,6852,0.0,0,cs.SI
4216,11510,0.0,0,cs.SI
634,4925,0.0,0,cs.SI
4806,10558,0.0,0,cs.SI
9085,10655,0.0,0,cs.SI
2245,5602,0.0,0,cs.SI
591,3800,0.0,0,cs.SI
6475,6746,0.0,0,cs.SI
11556,11781,0.0,0,cs.SI
3844,7702,0.0,0,cs.SI
7781,12120,0.0,0,cs.SI
10787,12130,0.0,0,cs.SI
2738,6788,0.0,0,cs.SI
6107,8799,0.0,0,cs.SI
11397,11501,0.0,0,cs.SI
5362,6467,0.0,0,cs.SI
1249,7076,0.0,0,cs.SI
4355,11188,0.0,0,cs.SI
315,7135,0.0,0,cs.SI
10042,10700,0.0,0,cs.SI
5400,11683,0.0,0,cs.SI
2257,4156,0.0,0,cs.SI
6093,10069,0.0,0,cs.SI
914,7580,0.0,0,cs.SI
7542,7566,0.0,0,cs.SI
4271,4778,0.0,0,cs.SI
3389,8182,0.0,0,cs.SI
9083,9805,0.0,0,cs.SI
7914,12133,0.0,0,cs.SI
10069,11971,0.0,0,cs.SI
3791,9016,0.0,0,cs.SI
8717,8844,0.0,0,cs.SI
5154,5619,0.0,0,cs.SI
2511,4157,0.0,0,cs.SI
4606,12203,0.0,0,cs.SI
8312,9927,0.0,0,cs.SI
2808,6595,0.0,0,cs.SI
7720,10726,0.0,0,cs.SI
8110,9420,0.0,0,cs.SI
1425,10391,0.0,0,cs.SI
3378,10280,0.0,0,cs.SI
6279,7836,0.0,0,cs.SI
4559,4808,0.0,0,cs.SI
2257,6757,0.0,0,cs.SI
6169,9770,0.0,0,cs.SI
4998,11945,0.0,0,cs.SI
6275,6410,0.0,0,cs.SI
1068,8289,0.0,0,cs.SI
4396,7001,0.0,0,cs.SI
1876,5344,0.0,0,cs.SI
5225,5391,0.0,0,cs.SI
1777,10326,0.0,0,cs.SI
711,5836,0.0,0,cs.SI
4433,11349,0.0,0,cs.SI
6243,11827,0.0,0,cs.SI
6501,12122,0.0,0,cs.SI
7641,10145,0.0,0,cs.SI
5580,6787,0.0,0,cs.SI
2004,4483,0.0,0,cs.SI
8209,11914,0.0,0,cs.SI
4400,11437,0.0,0,cs.SI
8843,11148,0.0,0,cs.SI
4596,5490,0.0,0,cs.SI
6768,6958,0.0,0,cs.SI
1531,1904,0.0,0,cs.SI
7910,11474,0.0,0,cs.SI
300,6323,0.0,0,cs.SI
11251,11580,0.0,0,cs.SI
9148,12018,0.0,0,cs.SI
5888,11491,0.0,0,cs.SI
6608,12189,0.0,0,cs.SI
3914,10416,0.0,0,cs.SI
5747,6002,0.0,0,cs.SI
7370,8576,0.0,0,cs.SI
4106,5598,0.0,0,cs.SI
10016,11949,0.0,0,cs.SI
105,5631,0.0,0,cs.SI
220,8550,0.0,0,cs.SI
3664,8111,0.0,0,cs.SI
6108,6282,0.0,0,cs.SI
5074,8655,0.0,0,cs.SI
6965,8563,0.0,0,cs.SI
1862,6182,0.0,0,cs.SI
7999,8554,0.0,0,cs.SI
4524,10317,0.0,0,cs.SI
1123,10080,0.0,0,cs.SI
5300,9492,0.0,0,cs.SI
3539,4589,0.0,0,cs.SI
983,4407,0.0,0,cs.SI
1681,8501,0.0,0,cs.SI
4466,7194,0.0,0,cs.SI
4552,11584,0.0,0,cs.SI
6140,9617,0.0,0,cs.SI
4866,5327,0.0,0,cs.SI
994,5850,0.0,0,cs.SI
6140,8570,0.0,0,cs.SI
5881,12102,0.0,0,cs.SI
159,10683,0.0,0,cs.SI
7372,11780,0.0,0,cs.SI
6887,7272,0.0,0,cs.SI
4623,10682,0.0,0,cs.SI
7547,9682,0.0,0,cs.SI
4951,9464,0.0,0,cs.SI
7340,11455,0.0,0,cs.SI
3250,10879,0.0,0,cs.SI
5583,10989,0.0,0,cs.SI
7894,10171,0.0,0,cs.SI
5882,9973,0.0,0,cs.SI
2172,10558,0.0,0,cs.SI
4048,6514,0.0,0,cs.SI
3396,4373,0.0,0,cs.SI
2868,7143,0.0,0,cs.SI
4454,10091,0.0,0,cs.SI
5847,7099,0.0,0,cs.SI
710,8548,0.0,0,cs.SI
592,864,0.0,0,cs.SI
8412,8677,0.0,0,cs.SI
6886,9276,0.0,0,cs.SI
583,7954,0.0,0,cs.SI
4365,9231,0.0,0,cs.SI
4330,10442,0.0,0,cs.SI
5147,10664,0.0,0,cs.SI
4642,9625,0.0,0,cs.SI
7528,11668,0.0,0,cs.SI
3999,5238,0.0,0,cs.SI
5531,5851,0.0,0,cs.SI
8029,8652,0.0,0,cs.SI
8786,10995,0.0,0,cs.SI
3454,4212,0.0,0,cs.SI
1275,10432,0.0,0,cs.SI
833,11219,0.0,0,cs.SI
2230,9084,0.0,0,cs.SI
6030,11807,0.0,0,cs.SI
6801,8944,0.0,0,cs.SI
10162,11854,0.0,0,cs.SI
4019,8944,0.0,0,cs.SI
10730,11817,0.0,0,cs.SI
6520,8781,0.0,0,cs.SI
5363,8194,0.0,0,cs.SI
53,2024,0.0,0,cs.SI
5877,6200,0.0,0,cs.SI
5081,8890,0.0,0,cs.SI
6285,7194,0.0,0,cs.SI
7825,8485,0.0,0,cs.SI
4984,11172,0.0,0,cs.SI
4818,9599,0.0,0,cs.SI
6930,11919,0.0,0,cs.SI
8246,9710,0.0,0,cs.SI
9858,11335,0.0,0,cs.SI
410,3838,0.0,0,cs.SI
6751,10147,0.0,0,cs.SI
2447,7333,0.0,0,cs.SI
7296,7323,0.0,0,cs.SI
6757,10572,0.0,0,cs.SI
5993,9422,0.0,0,cs.SI
3988,7393,0.0,0,cs.SI
9107,9602,0.0,0,cs.SI
2737,11717,0.0,0,cs.SI
6604,8263,0.0,0,cs.SI
715,8207,0.0,0,cs.SI
456,12068,0.0,0,cs.SI
2434,7780,0.0,0,cs.SI
8555,9619,0.0,0,cs.SI
1681,9757,0.0,0,cs.SI
179,4593,0.0,0,cs.SI
7217,8053,0.0,0,cs.SI
4677,10476,0.0,0,cs.SI
2210,10780,0.0,0,cs.SI
4268,12034,0.0,0,cs.SI
4496,10055,0.0,0,cs.SI
573,11542,0.0,0,cs.SI
4076,9469,0.0,0,cs.SI
4384,5155,0.0,0,cs.SI
5622,9751,0.0,0,cs.SI
96,9030,0.0,0,cs.SI
730,10479,0.0,0,cs.SI
7779,11096,0.0,0,cs.SI
4410,10891,0.0,0,cs.SI
9224,9346,0.0,0,cs.SI
3838,10994,0.0,0,cs.SI
4997,6895,0.0,0,cs.SI
4847,6233,0.0,0,cs.SI
78,3728,0.0,0,cs.SI
2486,4914,0.0,0,cs.SI
8266,9758,0.0,0,cs.SI
2676,6243,0.0,0,cs.SI
4081,4829,0.0,0,cs.SI
2230,10098,0.0,0,cs.SI
8212,9378,0.0,0,cs.SI
83,5505,0.0,0,cs.SI
4742,9270,0.0,0,cs.SI
6568,6983,0.0,0,cs.SI
5139,11975,0.0,0,cs.SI
5936,6132,0.0,0,cs.SI
5302,7572,0.0,0,cs.SI
10273,10786,0.0,0,cs.SI
198,11758,0.0,0,cs.SI
622,9462,0.0,0,cs.SI
2206,5310,0.0,0,cs.SI
5367,6060,0.0,0,cs.SI
503,12134,0.0,0,cs.SI
8186,11082,0.0,0,cs.SI
1634,9285,0.0,0,cs.SI
1747,10474,0.0,0,cs.SI
9749,12177,0.0,0,cs.SI
2244,5422,0.0,0,cs.SI
154,317,0.0,0,cs.SI
4766,11469,0.0,0,cs.SI
8425,9872,0.0,0,cs.SI
10810,11255,0.0,0,cs.SI
5331,10460,0.0,0,cs.SI
6236,8351,0.0,0,cs.SI
9973,11549,0.0,0,cs.SI
4499,9404,0.0,0,cs.SI
6246,8401,0.0,0,cs.SI
8639,8705,0.0,0,cs.SI
5293,11107,0.0,0,cs.SI
6990,9313,0.0,0,cs.SI
6959,8831,0.0,0,cs.SI
7351,11012,0.0,0,cs.SI
1431,8180,0.0,0,cs.SI
6799,7912,0.0,0,cs.SI
6741,11726,0.0,0,cs.SI
4131,10441,0.0,0,cs.SI
6746,9855,0.0,0,cs.SI
866,11785,0.0,0,cs.SI
9304,11166,0.0,0,cs.SI
7677,10544,0.0,0,cs.SI
2135,9284,0.0,0,cs.SI
7635,8561,0.0,0,cs.SI
10390,11958,0.0,0,cs.SI
1146,7229,0.0,0,cs.SI
4339,11495,0.0,0,cs.SI
4174,4746,0.0,0,cs.SI
670,5808,0.0,0,cs.SI
4806,6042,0.0,0,cs.SI
3117,5674,0.0,0,cs.SI
2287,6007,0.0,0,cs.SI
3284,8740,0.0,0,cs.SI
3579,9677,0.0,0,cs.SI
6783,8991,0.0,0,cs.SI
1000,11726,0.0,0,cs.SI
8548,9812,0.0,0,cs.SI
1263,9247,0.0,0,cs.SI
45,9813,0.0,0,cs.SI
3278,5664,0.0,0,cs.SI
4292,4365,0.0,0,cs.SI
1493,2210,0.0,0,cs.SI
8234,9801,0.0,0,cs.SI
5659,8294,0.0,0,cs.SI
6178,10988,0.0,0,cs.SI
6608,10572,0.0,0,cs.SI
9072,10491,0.0,0,cs.SI
631,7026,0.0,0,cs.SI
2230,3528,0.0,0,cs.SI
3859,7866,0.0,0,cs.SI
9804,9888,0.0,0,cs.SI
4492,11485,0.0,0,cs.SI
4560,8093,0.0,0,cs.SI
4932,8639,0.0,0,cs.SI
683,8793,0.0,0,cs.SI
2841,8291,0.0,0,cs.SI
7703,10286,0.0,0,cs.SI
42,1414,0.0,0,cs.SI
4015,8787,0.0,0,cs.SI
48,2540,0.0,0,cs.SI
68,9917,0.0,0,cs.SI
2464,9738,0.0,0,cs.SI
7020,8423,0.0,0,cs.SI
9845,11582,0.0,0,cs.SI
9870,11904,0.0,0,cs.SI
9303,9987,0.0,0,cs.SI
1681,8654,0.0,0,cs.SI
4907,7764,0.0,0,cs.SI
3904,9221,0.0,0,cs.SI
4399,11378,0.0,0,cs.SI
1315,2217,0.0,0,cs.SI
2111,7749,0.0,0,cs.SI
6475,11188,0.0,0,cs.SI
3714,8422,0.0,0,cs.SI
8500,11325,0.0,0,cs.SI
4976,6816,0.0,0,cs.SI
4674,5840,0.0,0,cs.SI
7922,9664,0.0,0,cs.SI
6003,9428,0.0,0,cs.SI
3572,9506,0.0,0,cs.SI
4592,8138,0.0,0,cs.SI
3959,6654,0.0,0,cs.SI
6863,8416,0.0,0,cs.SI
4524,5788,0.0,0,cs.SI
683,9300,0.0,0,cs.SI
5462,9046,0.0,0,cs.SI
6981,10772,0.0,0,cs.SI
5759,9827,0.0,0,cs.SI
958,4809,0.0,0,cs.SI
7378,7964,0.0,0,cs.SI
7172,10339,0.0,0,cs.SI
5475,6886,0.0,0,cs.SI
6677,9988,0.0,0,cs.SI
2135,6542,0.0,0,cs.SI
5313,8019,0.0,0,cs.SI
608,10145,0.0,0,cs.SI
4333,7919,0.0,0,cs.SI
11596,11614,0.0,0,cs.SI
5117,10853,0.0,0,cs.SI
804,9302,0.0,0,cs.SI
11301,11702,0.0,0,cs.SI
6444,8181,0.0,0,cs.SI
762,9830,0.0,0,cs.SI
10302,11323,0.0,0,cs.SI
6500,9802,0.0,0,cs.SI
4601,7297,0.0,0,cs.SI
4979,9198,0.0,0,cs.SI
7577,11857,0.0,0,cs.SI
3898,8866,0.0,0,cs.SI
4139,5960,0.0,0,cs.SI
6207,10339,0.0,0,cs.SI
5841,12088,0.0,0,cs.SI
287,7327,0.0,0,cs.SI
2577,12085,0.0,0,cs.SI
1580,3228,0.0,0,cs.SI
4265,11368,0.0,0,cs.SI
929,10357,0.0,0,cs.SI
6519,7084,0.0,0,cs.SI
7576,11339,0.0,0,cs.SI
5664,7207,0.0,0,cs.SI
4094,9191,0.0,0,cs.SI
217,8696,0.0,0,cs.SI
1751,4952,0.0,0,cs.SI
5222,9571,0.0,0,cs.SI
729,8089,0.0,0,cs.SI
6180,9316,0.0,0,cs.SI
4433,6908,0.0,0,cs.SI
720,10340,0.0,0,cs.SI
6490,10381,0.0,0,cs.SI
7089,7671,0.0,0,cs.SI
6222,9663,0.0,0,cs.SI
9082,9582,0.0,0,cs.SI
4990,6947,0.0,0,cs.SI
1605,10324,0.0,0,cs.SI
66,138,0.0,0,cs.SI
577,842,0.0,0,cs.SI
4211,10363,0.0,0,cs.SI
6762,9118,0.0,0,cs.SI
7912,8912,0.0,0,cs.SI
6303,7292,0.0,0,cs.SI
5339,6871,0.0,0,cs.SI
7505,12088,0.0,0,cs.SI
5883,11810,0.0,0,cs.SI
4393,4598,0.0,0,cs.SI
5561,11759,0.0,0,cs.SI
1360,2950,0.0,0,cs.SI
4675,7730,0.0,0,cs.SI
4925,8399,0.0,0,cs.SI
407,11663,0.0,0,cs.SI
5257,12027,0.0,0,cs.SI
9105,11263,0.0,0,cs.SI
6944,10070,0.0,0,cs.SI
5531,11772,0.0,0,cs.SI
4173,9963,0.0,0,cs.SI
6494,12085,0.0,0,cs.SI
7466,9212,0.0,0,cs.SI
5196,11373,0.0,0,cs.SI
5414,5674,0.0,0,cs.SI
6686,9137,0.0,0,cs.SI
8241,9388,0.0,0,cs.SI
550,7318,0.0,0,cs.SI
766,11372,0.0,0,cs.SI
3428,9586,0.0,0,cs.SI
1968,5694,0.0,0,cs.SI
4164,7556,0.0,0,cs.SI
3670,9119,0.0,0,cs.SI
7884,9990,0.0,0,cs.SI
6449,8406,0.0,0,cs.SI
1877,6744,0.0,0,cs.SI
414,8562,0.0,0,cs.SI
857,9805,0.0,0,cs.SI
3614,7762,0.0,0,cs.SI
6081,10459,0.0,0,cs.SI
2245,4632,0.0,0,cs.SI
10578,10901,0.0,0,cs.SI
6930,6994,0.0,0,cs.SI
5332,6027,0.0,0,cs.SI
5682,11918,0.0,0,cs.SI
4394,6561,0.0,0,cs.SI
4391,4915,0.0,0,cs.SI
2009,9007,0.0,0,cs.SI
3557,7084,0.0,0,cs.SI
198,11682,0.0,0,cs.SI
1746,10174,0.0,0,cs.SI
9450,11131,0.0,0,cs.SI
8347,10286,0.0,0,cs.SI
6033,8963,0.0,0,cs.SI
6561,9119,0.0,0,cs.SI
1579,10442,0.0,0,cs.SI
9925,11689,0.0,0,cs.SI
5779,5965,0.0,0,cs.SI
7792,12135,0.0,0,cs.SI
5192,9286,0.0,0,cs.SI
3816,4082,0.0,0,cs.SI
4061,4487,0.0,0,cs.SI
6778,8824,0.0,0,cs.SI
4940,10499,0.0,0,cs.SI
842,5193,0.0,0,cs.SI
5492,7040,0.0,0,cs.SI
1177,5708,0.0,0,cs.SI
4666,7635,0.0,0,cs.SI
1876,5974,0.0,0,cs.SI
6335,7207,0.0,0,cs.SI
868,4958,0.0,0,cs.SI
10683,11488,0.0,0,cs.SI
4821,7923,0.0,0,cs.SI
9677,11150,0.0,0,cs.SI
10706,10834,0.0,0,cs.SI
2197,5099,0.0,0,cs.SI
5611,6358,0.0,0,cs.SI
5212,12131,0.0,0,cs.SI
6549,9530,0.0,0,cs.SI
4837,10527,0.0,0,cs.SI
416,5996,0.0,0,cs.SI
7084,8462,0.0,0,cs.SI
1877,7372,0.0,0,cs.SI
5211,7327,0.0,0,cs.SI
1250,5404,0.0,0,cs.SI
7566,11540,0.0,0,cs.SI
5659,6291,0.0,0,cs.SI
2920,11500,0.0,0,cs.SI
8025,11825,0.0,0,cs.SI
4820,5190,0.0,0,cs.SI
9737,10419,0.0,0,cs.SI
458,5998,0.0,0,cs.SI
2727,4546,0.0,0,cs.SI
5355,8997,0.0,0,cs.SI
7572,8401,0.0,0,cs.SI
4546,7058,0.0,0,cs.SI
10935,11946,0.0,0,cs.SI
4393,5504,0.0,0,cs.SI
10620,11791,0.0,0,cs.SI
1191,4307,0.0,0,cs.SI
5537,6795,0.0,0,cs.SI
2805,11146,0.0,0,cs.SI
4693,8654,0.0,0,cs.SI
1731,4666,0.0,0,cs.SI
1917,10046,0.0,0,cs.SI
9514,9708,0.0,0,cs.SI
8781,11929,0.0,0,cs.SI
6097,6494,0.0,0,cs.SI
5947,11919,0.0,0,cs.SI
4371,6653,0.0,0,cs.SI
4808,6276,0.0,0,cs.SI
9840,10781,0.0,0,cs.SI
7969,10473,0.0,0,cs.SI
4264,10499,0.0,0,cs.SI
4057,11826,0.0,0,cs.SI
4539,5599,0.0,0,cs.SI
5649,6074,0.0,0,cs.SI
11245,11326,0.0,0,cs.SI
5330,6586,0.0,0,cs.SI
8393,10773,0.0,0,cs.SI
7243,9142,0.0,0,cs.SI
4389,8400,0.0,0,cs.SI
1540,12166,0.0,0,cs.SI
6130,7466,0.0,0,cs.SI
6216,6715,0.0,0,cs.SI
1851,8235,0.0,0,cs.SI
1549,3620,0.0,0,cs.SI
5554,6861,0.0,0,cs.SI
1937,12067,0.0,0,cs.SI
7105,9702,0.0,0,cs.SI
6938,8542,0.0,0,cs.SI
6788,7551,0.0,0,cs.SI
2434,11332,0.0,0,cs.SI
4848,8541,0.0,0,cs.SI
2848,7414,0.0,0,cs.SI
5935,11247,0.0,0,cs.SI
419,5875,0.0,0,cs.SI
4418,10125,0.0,0,cs.SI
4950,6193,0.0,0,cs.SI
2665,4668,0.0,0,cs.SI
11219,11839,0.0,0,cs.SI
3238,5878,0.0,0,cs.SI
7604,9427,0.0,0,cs.SI
5059,11469,0.0,0,cs.SI
5339,11752,0.0,0,cs.SI
4165,4202,0.0,0,cs.SI
6894,8184,0.0,0,cs.SI
6432,11945,0.0,0,cs.SI
2007,4066,0.0,0,cs.SI
1721,6449,0.0,0,cs.SI
3750,6031,0.0,0,cs.SI
6108,11561,0.0,0,cs.SI
9230,10168,0.0,0,cs.SI
7066,10776,0.0,0,cs.SI
8039,11282,0.0,0,cs.SI
10337,10674,0.0,0,cs.SI
4279,6002,0.0,0,cs.SI
4796,5883,0.0,0,cs.SI
4822,7598,0.0,0,cs.SI
5624,8106,0.0,0,cs.SI
4557,9887,0.0,0,cs.SI
1291,7480,0.0,0,cs.SI
7873,9299,0.0,0,cs.SI
7297,7791,0.0,0,cs.SI
2426,9625,0.0,0,cs.SI
9719,11914,0.0,0,cs.SI
8588,10184,0.0,0,cs.SI
5058,11257,0.0,0,cs.SI
6560,9978,0.0,0,cs.SI
7785,8139,0.0,0,cs.SI
6939,7265,0.0,0,cs.SI
3576,7283,0.0,0,cs.SI
6862,8393,0.0,0,cs.SI
6536,11118,0.0,0,cs.SI
4301,10842,0.0,0,cs.SI
1936,9208,0.0,0,cs.SI
3664,9238,0.0,0,cs.SI
5122,6933,0.0,0,cs.SI
2287,9173,0.0,0,cs.SI
1650,10050,0.0,0,cs.SI
3858,8960,0.0,0,cs.SI
1613,4124,0.0,0,cs.SI
3816,10046,0.0,0,cs.SI
215,4085,0.0,0,cs.SI
5660,11828,0.0,0,cs.SI
10829,11500,0.0,0,cs.SI
7632,8661,0.0,0,cs.SI
8863,10100,0.0,0,cs.SI
4054,7330,0.0,0,cs.SI
5146,10789,0.0,0,cs.SI
4867,4958,0.0,0,cs.SI
8509,10956,0.0,0,cs.SI
3482,11045,0.0,0,cs.SI
1827,11673,0.0,0,cs.SI
4685,5332,0.0,0,cs.SI
3387,6463,0.0,0,cs.SI
1621,7632,0.0,0,cs.SI
9085,10185,0.0,0,cs.SI
9308,11017,0.0,0,cs.SI
4845,6632,0.0,0,cs.SI
805,5505,0.0,0,cs.SI
1072,11856,0.0,0,cs.SI
5820,10366,0.0,0,cs.SI
7362,10535,0.0,0,cs.SI
10304,10752,0.0,0,cs.SI
10906,11431,0.0,0,cs.SI
941,9306,0.0,0,cs.SI
10342,10455,0.0,0,cs.SI
4297,11235,0.0,0,cs.SI
7781,11915,0.0,0,cs.SI
3228,9071,0.0,0,cs.SI
7574,11064,0.0,0,cs.SI
4125,7861,0.0,0,cs.SI
8763,9617,0.0,0,cs.SI
9948,10680,0.0,0,cs.SI
9601,11247,0.0,0,cs.SI
4066,10929,0.0,0,cs.SI
1876,9821,0.0,0,cs.SI
8677,10373,0.0,0,cs.SI
9471,10728,0.0,0,cs.SI
5713,6461,0.0,0,cs.SI
4681,5231,0.0,0,cs.SI
3858,8312,0.0,0,cs.SI
6886,8718,0.0,0,cs.SI
8561,10054,0.0,0,cs.SI
3231,9202,0.0,0,cs.SI
1484,4085,0.0,0,cs.SI
6878,9617,0.0,0,cs.SI
414,9510,0.0,0,cs.SI
6959,6981,0.0,0,cs.SI
1712,3805,0.0,0,cs.SI
6228,6767,0.0,0,cs.SI
5312,6094,0.0,0,cs.SI
670,7894,0.0,0,cs.SI
639,11699,0.0,0,cs.SI
5908,6268,0.0,0,cs.SI
6197,9260,0.0,0,cs.SI
5970,10789,0.0,0,cs.SI
80,6222,0.0,0,cs.SI
4603,11295,0.0,0,cs.SI
8270,11539,0.0,0,cs.SI
4410,5504,0.0,0,cs.SI
3058,4821,0.0,0,cs.SI
8343,9314,0.0,0,cs.SI
6948,11150,0.0,0,cs.SI
458,6030,0.0,0,cs.SI
8413,8555,0.0,0,cs.SI
1690,4316,0.0,0,cs.SI
6677,10543,0.0,0,cs.SI
1,866,0.0,0,cs.SI
7777,8084,0.0,0,cs.SI
9449,10843,0.0,0,cs.SI
10915,11282,0.0,0,cs.SI
1414,4762,0.0,0,cs.SI
5832,11619,0.0,0,cs.SI
5405,8922,0.0,0,cs.SI
4607,5644,0.0,0,cs.SI
5594,7397,0.0,0,cs.SI
3101,8961,0.0,0,cs.SI
3374,9385,0.0,0,cs.SI
9771,10076,0.0,0,cs.SI
6141,9601,0.0,0,cs.SI
6183,6449,0.0,0,cs.SI
1250,8976,0.0,0,cs.SI
2199,6385,0.0,0,cs.SI
7351,11511,0.0,0,cs.SI
9994,11810,0.0,0,cs.SI
1572,7306,0.0,0,cs.SI
7637,8347,0.0,0,cs.SI
5663,7883,0.0,0,cs.SI
8353,9047,0.0,0,cs.SI
6948,8624,0.0,0,cs.SI
1862,4148,0.0,0,cs.SI
4365,4812,0.0,0,cs.SI
2841,8224,0.0,0,cs.SI
729,11582,0.0,0,cs.SI
762,7329,0.0,0,cs.SI
7237,11881,0.0,0,cs.SI
577,10810,0.0,0,cs.SI
5729,11067,0.0,0,cs.SI
1613,8138,0.0,0,cs.SI
6901,7087,0.0,0,cs.SI
9569,10628,0.0,0,cs.SI
5466,6672,0.0,0,cs.SI
4169,10126,0.0,0,cs.SI
93,8402,0.0,0,cs.SI
4376,6929,0.0,0,cs.SI
1671,7182,0.0,0,cs.SI
7405,8575,0.0,0,cs.SI
1896,6217,0.0,0,cs.SI
1000,11672,0.0,0,cs.SI
2822,5888,0.0,0,cs.SI
2908,10995,0.0,0,cs.SI
1311,11076,0.0,0,cs.SI
6713,7157,0.0,0,cs.SI
9280,9563,0.0,0,cs.SI
1128,5972,0.0,0,cs.SI
4856,9084,0.0,0,cs.SI
1782,6990,0.0,0,cs.SI
1751,11612,0.0,0,cs.SI
4727,9873,0.0,0,cs.SI
4231,6551,0.0,0,cs.SI
7236,8402,0.0,0,cs.SI
2214,11867,0.0,0,cs.SI
9059,10619,0.0,0,cs.SI
1322,3069,0.0,0,cs.SI
2081,3646,0.0,0,cs.SI
5512,11496,0.0,0,cs.SI
6670,9796,0.0,0,cs.SI
2444,6178,0.0,0,cs.SI
4281,10731,0.0,0,cs.SI
1718,5140,0.0,0,cs.SI
8165,10298,0.0,0,cs.SI
5422,8978,0.0,0,cs.SI
8035,9551,0.0,0,cs.SI
6198,8116,0.0,0,cs.SI
1425,10107,0.0,0,cs.SI
6586,7969,0.0,0,cs.SI
8597,9254,0.0,0,cs.SI
1163,10107,0.0,0,cs.SI
10889,11870,0.0,0,cs.SI
152,10657,0.0,0,cs.SI
11512,11589,0.0,0,cs.SI
4456,12016,0.0,0,cs.SI
5216,10572,0.0,0,cs.SI
3059,10773,0.0,0,cs.SI
7388,11402,0.0,0,cs.SI
1877,8323,0.0,0,cs.SI
5903,7157,0.0,0,cs.SI
1316,6386,0.0,0,cs.SI
2214,4381,0.0,0,cs.SI
5810,10492,0.0,0,cs.SI
508,1028,0.0,0,cs.SI
839,8038,0.0,0,cs.SI
5447,7142,0.0,0,cs.SI
895,9510,0.0,0,cs.SI
3967,11680,0.0,0,cs.SI
4841,7103,0.0,0,cs.SI
8249,10125,0.0,0,cs.SI
5163,8960,0.0,0,cs.SI
6309,11115,0.0,0,cs.SI
6551,8662,0.0,0,cs.SI
6154,6631,0.0,0,cs.SI
4699,7284,0.0,0,cs.SI
4181,8490,0.0,0,cs.SI
2739,4015,0.0,0,cs.SI
5233,6437,0.0,0,cs.SI
6967,9134,0.0,0,cs.SI
4973,10004,0.0,0,cs.SI
6169,8596,0.0,0,cs.SI
1587,9630,0.0,0,cs.SI
8289,9645,0.0,0,cs.SI
7037,9086,0.0,0,cs.SI
8267,8723,0.0,0,cs.SI
4101,12066,0.0,0,cs.SI
5512,10174,0.0,0,cs.SI
1220,5528,0.0,0,cs.SI
4217,8979,0.0,0,cs.SI
111,5506,0.0,0,cs.SI
9419,10628,0.0,0,cs.SI
1410,5917,0.0,0,cs.SI
2680,10731,0.0,0,cs.SI
2437,9512,0.0,0,cs.SI
3915,7036,0.0,0,cs.SI
9121,11465,0.0,0,cs.SI
4343,10223,0.0,0,cs.SI
9804,11378,0.0,0,cs.SI
9855,10557,0.0,0,cs.SI
7229,11628,0.0,0,cs.SI
4601,7894,0.0,0,cs.SI
2469,7514,0.0,0,cs.SI
1241,6080,0.0,0,cs.SI
7853,9585,0.0,0,cs.SI
1876,8168,0.0,0,cs.SI
5231,11938,0.0,0,cs.SI
641,5154,0.0,0,cs.SI
3326,8110,0.0,0,cs.SI
8899,10755,0.0,0,cs.SI
7414,11614,0.0,0,cs.SI
5214,7195,0.0,0,cs.SI
2020,11043,0.0,0,cs.SI
6038,11285,0.0,0,cs.SI
6235,7778,0.0,0,cs.SI
4465,11537,0.0,0,cs.SI
6326,10111,0.0,0,cs.SI
4523,4690,0.0,0,cs.SI
6471,8399,0.0,0,cs.SI
1444,3155,0.0,0,cs.SI
3589,10676,0.0,0,cs.SI
6245,6366,0.0,0,cs.SI
6971,11574,0.0,0,cs.SI
4688,8289,0.0,0,cs.SI
635,807,0.0,0,cs.SI
4159,10011,0.0,0,cs.SI
6388,8486,0.0,0,cs.SI
6720,11174,0.0,0,cs.SI
4148,11313,0.0,0,cs.SI
5220,7103,0.0,0,cs.SI
9071,11369,0.0,0,cs.SI
5047,11870,0.0,0,cs.SI
4054,4332,0.0,0,cs.SI
208,11930,0.0,0,cs.SI
1850,2652,0.0,0,cs.SI
4822,6913,0.0,0,cs.SI
2062,11282,0.0,0,cs.SI
4943,10995,0.0,0,cs.SI
3279,3581,0.0,0,cs.SI
10340,11608,0.0,0,cs.SI
413,7789,0.0,0,cs.SI
6449,7943,0.0,0,cs.SI
4847,10798,0.0,0,cs.SI
5941,11594,0.0,0,cs.SI
7049,8353,0.0,0,cs.SI
3239,9143,0.0,0,cs.SI
209,9307,0.0,0,cs.SI
2257,7850,0.0,0,cs.SI
4372,8555,0.0,0,cs.SI
80,9830,0.0,0,cs.SI
7785,10752,0.0,0,cs.SI
7355,9856,0.0,0,cs.SI
866,8115,0.0,0,cs.SI
5663,8324,0.0,0,cs.SI
10572,10952,0.0,0,cs.SI
7017,8027,0.0,0,cs.SI
3857,9048,0.0,0,cs.SI
6149,6231,0.0,0,cs.SI
8167,11613,0.0,0,cs.SI
5344,6886,0.0,0,cs.SI
5732,10674,0.0,0,cs.SI
3229,6446,0.0,0,cs.SI
7009,10014,0.0,0,cs.SI
1407,8740,0.0,0,cs.SI
7208,10080,0.0,0,cs.SI
4210,11917,0.0,0,cs.SI
153,11189,0.0,0,cs.SI
10476,11630,0.0,0,cs.SI
5821,6932,0.0,0,cs.SI
3504,4292,0.0,0,cs.SI
4230,9122,0.0,0,cs.SI
3811,4443,0.0,0,cs.SI
547,5752,0.0,0,cs.SI
5059,12207,0.0,0,cs.SI
5477,9751,0.0,0,cs.SI
1933,10777,0.0,0,cs.SI
1028,10405,0.0,0,cs.SI
5158,6444,0.0,0,cs.SI
7549,11397,0.0,0,cs.SI
8587,11767,0.0,0,cs.SI
9413,10534,0.0,0,cs.SI
2805,11200,0.0,0,cs.SI
5343,6489,0.0,0,cs.SI
631,6690,0.0,0,cs.SI
1549,5683,0.0,0,cs.SI
4418,7228,0.0,0,cs.SI
7868,11150,0.0,0,cs.SI
5067,6325,0.0,0,cs.SI
4962,8783,0.0,0,cs.SI
1191,10404,0.0,0,cs.SI
1322,7855,0.0,0,cs.SI
5323,5613,0.0,0,cs.SI
1967,2409,0.0,0,cs.SI
6985,7684,0.0,0,cs.SI
8903,9910,0.0,0,cs.SI
4173,5181,0.0,0,cs.SI
6056,6546,0.0,0,cs.SI
5644,11068,0.0,0,cs.SI
4217,6685,0.0,0,cs.SI
5619,8500,0.0,0,cs.SI
4179,4852,0.0,0,cs.SI
260,6489,0.0,0,cs.SI
931,6285,0.0,0,cs.SI
10358,11507,0.0,0,cs.SI
4818,6910,0.0,0,cs.SI
1948,4466,0.0,0,cs.SI
3743,6801,0.0,0,cs.SI
3750,6697,0.0,0,cs.SI
7034,7252,0.0,0,cs.SI
5881,11245,0.0,0,cs.SI
10672,11145,0.0,0,cs.SI
9495,10580,0.0,0,cs.SI
209,4988,0.0,0,cs.SI
6735,10668,0.0,0,cs.SI
3321,4304,0.0,0,cs.SI
10418,11005,0.0,0,cs.SI
4812,12055,0.0,0,cs.SI
5910,7143,0.0,0,cs.SI
6179,7942,0.0,0,cs.SI
3019,7502,0.0,0,cs.SI
3886,7316,0.0,0,cs.SI
6486,11217,0.0,0,cs.SI
6450,9308,0.0,0,cs.SI
608,5343,0.0,0,cs.SI
4264,8845,0.0,0,cs.SI
5668,6154,0.0,0,cs.SI
3988,11650,0.0,0,cs.SI
6409,11787,0.0,0,cs.SI
5231,8633,0.0,0,cs.SI
2664,3374,0.0,0,cs.SI
5793,10471,0.0,0,cs.SI
1359,8630,0.0,0,cs.SI
6356,7881,0.0,0,cs.SI
3962,11633,0.0,0,cs.SI
1000,4676,0.0,0,cs.SI
2426,4225,0.0,0,cs.SI
6711,8832,0.0,0,cs.SI
7703,9760,0.0,0,cs.SI
6002,8106,0.0,0,cs.SI
9203,12147,0.0,0,cs.SI
229,10019,0.0,0,cs.SI
5828,11633,0.0,0,cs.SI
5362,6879,0.0,0,cs.SI
8584,11989,0.0,0,cs.SI
11296,11601,0.0,0,cs.SI
11458,12188,0.0,0,cs.SI
4086,8406,0.0,0,cs.SI
1724,10341,0.0,0,cs.SI
2613,8782,0.0,0,cs.SI
9531,9733,0.0,0,cs.SI
6490,10971,0.0,0,cs.SI
4812,9709,0.0,0,cs.SI
2266,9083,0.0,0,cs.SI
8542,8730,0.0,0,cs.SI
3844,6959,0.0,0,cs.SI
726,7568,0.0,0,cs.SI
6119,9980,0.0,0,cs.SI
5257,6309,0.0,0,cs.SI
3962,5868,0.0,0,cs.SI
6795,9971,0.0,0,cs.SI
4803,7387,0.0,0,cs.SI
4107,12113,0.0,0,cs.SI
7105,10047,0.0,0,cs.SI
5647,6085,0.0,0,cs.SI
9930,11177,0.0,0,cs.SI
2755,5954,0.0,0,cs.SI
5506,5817,0.0,0,cs.SI
8759,9194,0.0,0,cs.SI
6184,8541,0.0,0,cs.SI
428,11373,0.0,0,cs.SI
4051,6247,0.0,0,cs.SI
4717,11175,0.0,0,cs.SI
8680,11381,0.0,0,cs.SI
4433,7969,0.0,0,cs.SI
6157,9310,0.0,0,cs.SI
9248,10590,0.0,0,cs.SI
8828,10907,0.0,0,cs.SI
4211,11797,0.0,0,cs.SI
5695,6512,0.0,0,cs.SI
3656,11166,0.0,0,cs.SI
4561,7071,0.0,0,cs.SI
4407,6784,0.0,0,cs.SI
5909,10264,0.0,0,cs.SI
4155,11673,0.0,0,cs.SI
9554,12066,0.0,0,cs.SI
1579,8251,0.0,0,cs.SI
5537,9574,0.0,0,cs.SI
8037,10004,0.0,0,cs.SI
6156,6879,0.0,0,cs.SI
1081,10338,0.0,0,cs.SI
2057,7615,0.0,0,cs.SI
5348,11135,0.0,0,cs.SI
909,7373,0.0,0,cs.SI
6199,9284,0.0,0,cs.SI
573,8470,0.0,0,cs.SI
7417,11873,0.0,0,cs.SI
2171,11280,0.0,0,cs.SI
5099,5821,0.0,0,cs.SI
5414,6650,0.0,0,cs.SI
2242,7368,0.0,0,cs.SI
1968,9114,0.36067376022224085,0,cs.SI
6918,7430,0.0,0,cs.SI
5599,5878,0.0,0,cs.SI
948,8124,0.0,0,cs.SI
5454,6543,0.0,0,cs.SI
6228,11333,0.0,0,cs.SI
8288,10116,0.0,0,cs.SI
1857,7068,0.0,0,cs.SI
3915,10500,0.0,0,cs.SI
1230,6381,0.0,0,cs.SI
5661,11716,0.0,0,cs.SI
3143,4098,0.0,0,cs.SI
5537,11537,0.0,0,cs.SI
9120,10539,0.0,0,cs.SI
5371,11096,0.0,0,cs.SI
8677,11510,0.0,0,cs.SI
691,10160,0.0,0,cs.SI
10127,11941,0.0,0,cs.SI
3882,5340,0.0,0,cs.SI
1618,3380,0.0,0,cs.SI
6675,10044,0.0,0,cs.SI
1275,2223,0.0,0,cs.SI
4847,12178,0.0,0,cs.SI
5287,6034,0.0,0,cs.SI
866,11854,0.0,0,cs.SI
9690,12088,0.0,0,cs.SI
4624,6736,0.0,0,cs.SI
4904,11220,0.0,0,cs.SI
5697,10627,0.0,0,cs.SI
6297,8902,0.0,0,cs.SI
7369,8102,0.0,0,cs.SI
6641,9349,0.0,0,cs.SI
1668,4899,0.0,0,cs.SI
5471,7139,0.0,0,cs.SI
1020,6026,0.0,0,cs.SI
4878,10566,0.0,0,cs.SI
5974,9974,0.0,0,cs.SI
4990,7360,0.0,0,cs.SI
7512,10518,0.0,0,cs.SI
4488,6030,0.0,0,cs.SI
864,6947,0.0,0,cs.SI
6424,9536,0.0,0,cs.SI
4666,11549,0.0,0,cs.SI
7395,8541,0.0,0,cs.SI
1777,8634,0.0,0,cs.SI
9036,9964,0.0,0,cs.SI
2427,5332,0.0,0,cs.SI
4747,8541,0.0,0,cs.SI
5215,6660,0.0,0,cs.SI
866,9845,0.0,0,cs.SI
724,3525,0.0,0,cs.SI
4994,7335,0.0,0,cs.SI
5549,6276,0.0,0,cs.SI
5559,7781,0.0,0,cs.SI
983,5856,0.0,0,cs.SI
46,11954,0.0,0,cs.SI
5538,7700,0.0,0,cs.SI
8101,11942,0.0,0,cs.SI
6989,8239,0.0,0,cs.SI
10622,10934,0.0,0,cs.SI
7882,9948,0.0,0,cs.SI
6393,8888,0.0,0,cs.SI
5361,9873,0.0,0,cs.SI
2829,12034,0.0,0,cs.SI
6033,10302,0.0,0,cs.SI
6093,11485,0.0,0,cs.SI
3791,9084,0.0,0,cs.SI
7429,10991,0.0,0,cs.SI
1362,5745,0.0,0,cs.SI
5069,10375,0.0,0,cs.SI
10168,10391,0.0,0,cs.SI
4580,9015,0.0,0,cs.SI
7823,9718,0.0,0,cs.SI
6226,10553,0.0,0,cs.SI
7871,11372,0.0,0,cs.SI
8026,9934,0.0,0,cs.SI
1057,9575,0.0,0,cs.SI
9737,10927,0.0,0,cs.SI
6095,8412,0.0,0,cs.SI
7889,9965,0.0,0,cs.SI
6080,7466,0.0,0,cs.SI
1770,3589,0.0,0,cs.SI
408,10706,0.0,0,cs.SI
9337,10993,0.0,0,cs.SI
1808,7902,0.0,0,cs.SI
3554,5506,0.0,0,cs.SI
5329,6780,0.0,0,cs.SI
935,5155,0.0,0,cs.SI
10648,12132,0.0,0,cs.SI
4086,6678,0.0,0,cs.SI
10171,12207,0.0,0,cs.SI
9056,10076,0.0,0,cs.SI
2076,6032,0.0,0,cs.SI
10155,11216,0.0,0,cs.SI
5400,7334,0.0,0,cs.SI
9233,11286,0.0,0,cs.SI
5662,10372,0.0,0,cs.SI
4351,9578,0.0,0,cs.SI
801,11576,0.0,0,cs.SI
8343,11717,0.0,0,cs.SI
2627,4859,0.0,0,cs.SI
7518,7927,0.0,0,cs.SI
419,11510,0.0,0,cs.SI
1380,6938,0.0,0,cs.SI
2446,2568,0.0,0,cs.SI
8204,11903,0.0,0,cs.SI
6242,11297,0.0,0,cs.SI
9147,10989,0.0,0,cs.SI
3113,9267,0.0,0,cs.SI
888,11845,0.0,0,cs.SI
8094,11771,0.0,0,cs.SI
317,6251,0.0,0,cs.SI
2506,6002,0.0,0,cs.SI
5759,6490,0.0,0,cs.SI
5300,5418,0.0,0,cs.SI
7269,8018,0.0,0,cs.SI
8405,8631,0.0,0,cs.SI
8123,8653,0.0,0,cs.SI
1639,8631,0.0,0,cs.SI
4169,8266,0.0,0,cs.SI
6036,8195,0.0,0,cs.SI
4641,6913,0.0,0,cs.SI
6498,9309,0.0,0,cs.SI
4540,4732,0.0,0,cs.SI
3285,11975,0.0,0,cs.SI
4095,10123,0.0,0,cs.SI
9719,9844,0.0,0,cs.SI
2675,3155,0.0,0,cs.SI
6622,7883,0.0,0,cs.SI
95,5505,0.0,0,cs.SI
3558,5345,0.0,0,cs.SI
9085,10726,0.0,0,cs.SI
6432,8805,0.0,0,cs.SI
6903,7902,0.0,0,cs.SI
4372,7664,0.0,0,cs.SI
159,9318,0.0,0,cs.SI
6994,11583,0.0,0,cs.SI
7084,8996,0.0,0,cs.SI
7336,7411,0.0,0,cs.SI
5953,10533,0.0,0,cs.SI
8885,10328,0.0,0,cs.SI
266,9709,0.0,0,cs.SI
5611,6977,0.0,0,cs.SI
6871,11332,0.0,0,cs.SI
4961,8180,0.0,0,cs.SI
5345,5811,0.0,0,cs.SI
7218,9081,0.0,0,cs.SI
478,1751,0.0,0,cs.SI
7045,11670,0.0,0,cs.SI
216,5952,0.0,0,cs.SI
5371,8838,0.0,0,cs.SI
5110,5419,0.0,0,cs.SI
6861,11440,0.0,0,cs.SI
4832,11827,0.0,0,cs.SI
7902,8846,0.0,0,cs.SI
10112,11738,0.0,0,cs.SI
19,6426,0.0,0,cs.SI
632,10970,0.0,0,cs.SI
2007,6007,0.0,0,cs.SI
7009,9617,0.0,0,cs.SI
5827,11597,0.0,0,cs.SI
9797,10042,0.0,0,cs.SI
5681,6030,0.0,0,cs.SI
263,3790,0.0,0,cs.SI
8095,9771,0.0,0,cs.SI
2007,6946,0.0,0,cs.SI
6289,6560,0.0,0,cs.SI
4583,6548,0.0,0,cs.SI
3292,5323,0.0,0,cs.SI
5817,12199,0.0,0,cs.SI
7522,8682,0.0,0,cs.SI
4815,8633,0.0,0,cs.SI
6321,8025,0.0,0,cs.SI
3837,6062,0.0,0,cs.SI
583,9105,0.0,0,cs.SI
3114,5438,0.0,0,cs.SI
10834,11327,0.0,0,cs.SI
6150,7914,0.0,0,cs.SI
5702,10002,0.0,0,cs.SI
7109,7731,0.0,0,cs.SI
300,4997,0.0,0,cs.SI
5267,5580,0.0,0,cs.SI
107,4193,0.0,0,cs.SI
5157,12130,0.0,0,cs.SI
1456,11366,0.0,0,cs.SI
286,9757,0.0,0,cs.SI
6716,9233,0.0,0,cs.SI
6947,7525,0.0,0,cs.SI
1419,11075,0.0,0,cs.SI
9121,11205,0.0,0,cs.SI
3664,10312,0.0,0,cs.SI
297,9134,0.0,0,cs.SI
4848,7704,0.0,0,cs.SI
1001,11990,0.0,0,cs.SI
3790,11440,0.0,0,cs.SI
8842,10441,0.0,0,cs.SI
6549,6697,0.0,0,cs.SI
4977,7854,0.0,0,cs.SI
11349,12015,0.0,0,cs.SI
7290,11921,0.0,0,cs.SI
6393,7389,0.0,0,cs.SI
6940,7787,0.0,0,cs.SI
5701,9376,0.0,0,cs.SI
6966,10405,0.0,0,cs.SI
4145,9574,0.0,0,cs.SI
3386,4418,0.0,0,cs.SI
9551,9747,0.0,0,cs.SI
4316,8638,0.0,0,cs.SI
1857,4862,0.0,0,cs.SI
4049,8294,0.0,0,cs.SI
5805,11541,0.0,0,cs.SI
5502,11732,0.0,0,cs.SI
5466,5659,0.0,0,cs.SI
5330,6027,0.0,0,cs.SI
8267,9464,0.0,0,cs.SI
6092,8336,0.0,0,cs.SI
9981,10728,0.0,0,cs.SI
6984,11886,0.0,0,cs.SI
4169,9378,0.0,0,cs.SI
2916,3341,0.0,0,cs.SI
7284,10835,0.0,0,cs.SI
6085,9236,0.0,0,cs.SI
4546,9630,0.0,0,cs.SI
3017,9251,0.0,0,cs.SI
6622,8766,0.0,0,cs.SI
4101,5344,0.0,0,cs.SI
4410,8165,0.0,0,cs.SI
2249,9299,0.0,0,cs.SI
432,4352,0.0,0,cs.SI
6754,8247,0.0,0,cs.SI
5594,8180,0.0,0,cs.SI
8866,9621,0.0,0,cs.SI
8396,12066,0.0,0,cs.SI
5695,9580,0.0,0,cs.SI
4997,6240,0.0,0,cs.SI
839,8239,0.0,0,cs.SI
72,4948,0.0,0,cs.SI
10474,11132,0.0,0,cs.SI
5780,9624,0.0,0,cs.SI
5695,6956,0.0,0,cs.SI
1383,9385,0.0,0,cs.SI
5954,10185,0.0,0,cs.SI
4531,8167,0.0,0,cs.SI
3790,10756,0.0,0,cs.SI
4850,7618,0.0,0,cs.SI
6747,8509,0.0,0,cs.SI
466,5140,0.0,0,cs.SI
4804,7916,0.0,0,cs.SI
572,5307,0.0,0,cs.SI
5426,10968,0.0,0,cs.SI
3279,11628,0.0,0,cs.SI
3801,8406,0.0,0,cs.SI
7957,10159,0.0,0,cs.SI
1808,4960,0.0,0,cs.SI
1724,2108,0.0,0,cs.SI
4147,5144,0.0,0,cs.SI
7406,7512,0.0,0,cs.SI
6349,11064,0.0,0,cs.SI
11612,11826,0.0,0,cs.SI
9805,9962,0.0,0,cs.SI
4540,6387,0.0,0,cs.SI
6789,9679,0.0,0,cs.SI
7409,11638,0.0,0,cs.SI
4557,8425,0.0,0,cs.SI
3962,6001,0.0,0,cs.SI
144,12120,0.0,0,cs.SI
2232,9753,0.0,0,cs.SI
5662,8333,0.0,0,cs.SI
4421,4745,0.0,0,cs.SI
3533,4957,0.0,0,cs.SI
5465,6327,0.0,0,cs.SI
7987,8353,0.0,0,cs.SI
1834,4050,0.0,0,cs.SI
2026,5340,0.0,0,cs.SI
7157,7603,0.0,0,cs.SI
230,416,0.0,0,cs.SI
7864,8139,0.0,0,cs.SI
224,10544,0.0,0,cs.SI
3988,4225,0.0,0,cs.SI
4609,7919,0.0,0,cs.SI
10356,11683,0.0,0,cs.SI
4307,9832,0.0,0,cs.SI
1660,2738,0.0,0,cs.SI
6933,10338,0.0,0,cs.SI
5144,7705,0.0,0,cs.SI
3632,9285,0.0,0,cs.SI
9245,9751,0.0,0,cs.SI
1500,2340,0.0,0,cs.SI
7367,10307,0.0,0,cs.SI
5631,10452,0.0,0,cs.SI
6962,8946,0.0,0,cs.SI
5455,10455,0.0,0,cs.SI
4147,5651,0.0,0,cs.SI
4443,11800,0.0,0,cs.SI
4130,6910,0.0,0,cs.SI
5322,8241,0.0,0,cs.SI
5562,8488,0.0,0,cs.SI
9127,10145,0.0,0,cs.SI
573,10589,0.0,0,cs.SI
10276,11402,0.0,0,cs.SI
2247,9831,0.0,0,cs.SI
6232,6741,0.0,0,cs.SI
4427,7547,0.0,0,cs.SI
3114,7875,0.0,0,cs.SI
4297,10555,0.0,0,cs.SI
8403,9412,0.0,0,cs.SI
7542,9907,0.0,0,cs.SI
4166,8674,0.0,0,cs.SI
4898,6494,0.0,0,cs.SI
4357,10340,0.0,0,cs.SI
9108,9350,0.0,0,cs.SI
6098,13687,0.0,0,cs.SI
931,6254,0.0,0,cs.SI
11281,11716,0.0,0,cs.SI
2951,7853,0.0,0,cs.SI
7226,7571,0.0,0,cs.SI
5197,9944,0.0,0,cs.SI
1777,9428,0.0,0,cs.SI
2207,7026,0.0,0,cs.SI
6199,8262,0.0,0,cs.SI
9283,9503,0.0,0,cs.SI
1731,6279,0.0,0,cs.SI
6038,7527,0.0,0,cs.SI
7820,9972,0.0,0,cs.SI
4580,9194,0.0,0,cs.SI
1241,6680,0.0,0,cs.SI
4867,8204,0.0,0,cs.SI
5900,11205,0.0,0,cs.SI
210,10635,0.0,0,cs.SI
7922,8335,0.0,0,cs.SI
5877,9680,0.0,0,cs.SI
4066,11309,0.0,0,cs.SI
2360,11712,0.0,0,cs.SI
7927,8678,0.0,0,cs.SI
6976,8196,0.0,0,cs.SI
3454,11870,0.0,0,cs.SI
6178,10925,0.0,0,cs.SI
3374,4262,0.0,0,cs.SI
572,5745,0.0,0,cs.SI
3505,6402,0.0,0,cs.SI
100,9578,0.0,0,cs.SI
4281,6400,0.0,0,cs.SI
6716,10456,0.0,0,cs.SI
10497,11854,0.0,0,cs.SI
7957,10368,0.0,0,cs.SI
6561,10290,0.0,0,cs.SI
8337,9457,0.0,0,cs.SI
1117,10270,0.0,0,cs.SI
10526,11423,0.0,0,cs.SI
1249,6374,0.0,0,cs.SI
10311,12029,0.0,0,cs.SI
8294,9352,0.0,0,cs.SI
5134,6840,0.0,0,cs.SI
9991,11264,0.0,0,cs.SI
7122,9310,0.0,0,cs.SI
1214,6532,0.0,0,cs.SI
721,4942,0.0,0,cs.SI
759,7040,0.0,0,cs.SI
1911,8186,0.0,0,cs.SI
6750,9029,0.0,0,cs.SI
6151,6226,0.0,0,cs.SI
5131,6282,0.0,0,cs.SI
660,6131,0.0,0,cs.SI
4500,4609,0.0,0,cs.SI
7226,11438,0.0,0,cs.SI
4820,6276,0.0,0,cs.SI
7164,11908,0.0,0,cs.SI
4593,6908,0.0,0,cs.SI
1420,5595,0.0,0,cs.SI
6641,8160,0.0,0,cs.SI
502,5549,0.0,0,cs.SI
3558,4068,0.0,0,cs.SI
543,6490,0.0,0,cs.SI
6879,7988,0.0,0,cs.SI
3641,11650,0.0,0,cs.SI
1861,11689,0.0,0,cs.SI
2005,5732,0.0,0,cs.SI
1116,8831,0.0,0,cs.SI
5355,11107,0.0,0,cs.SI
5805,10935,0.0,0,cs.SI
5505,11689,0.0,0,cs.SI
3529,5703,0.0,0,cs.SI
5789,12122,0.0,0,cs.SI
9118,10650,0.0,0,cs.SI
9020,10264,0.0,0,cs.SI
208,1782,0.0,0,cs.SI
4249,5763,0.0,0,cs.SI
4312,4391,0.0,0,cs.SI
4492,10774,0.0,0,cs.SI
2105,9318,0.0,0,cs.SI
6542,10001,0.0,0,cs.SI
1290,5313,0.0,0,cs.SI
4598,9300,0.0,0,cs.SI
5613,9574,0.0,0,cs.SI
10100,10752,0.0,0,cs.SI
3115,4643,0.0,0,cs.SI
3658,6877,0.0,0,cs.SI
5856,11286,0.0,0,cs.SI
66,12027,0.0,0,cs.SI
5759,7418,0.0,0,cs.SI
932,7595,0.0,0,cs.SI
7787,11990,0.0,0,cs.SI
5490,6964,0.0,0,cs.SI
3833,4779,0.0,0,cs.SI
659,9917,0.0,0,cs.SI
8806,9494,0.0,0,cs.SI
6662,6776,0.0,0,cs.SI
10002,11241,0.0,0,cs.SI
10031,11942,0.0,0,cs.SI
7527,8652,0.0,0,cs.SI
4390,4961,0.0,0,cs.SI
5854,8674,0.0,0,cs.SI
3559,6232,0.0,0,cs.SI
716,6106,0.0,0,cs.SI
3450,5508,0.0,0,cs.SI
7315,9821,0.0,0,cs.SI
7367,7882,0.0,0,cs.SI
4627,10014,0.0,0,cs.SI
4292,11601,0.0,0,cs.SI
8359,8401,0.0,0,cs.SI
4129,7522,0.0,0,cs.SI
4265,9103,0.0,0,cs.SI
68,10387,0.0,0,cs.SI
52,4521,0.0,0,cs.SI
5601,8758,0.0,0,cs.SI
2854,7059,0.0,0,cs.SI
5644,6096,0.0,0,cs.SI
8156,11196,0.0,0,cs.SI
7084,11501,0.0,0,cs.SI
1613,4523,0.0,0,cs.SI
7039,10038,0.0,0,cs.SI
2950,10559,0.0,0,cs.SI
6227,6862,0.0,0,cs.SI
8695,10049,0.0,0,cs.SI
179,11917,0.0,0,cs.SI
5841,7958,0.0,0,cs.SI
3605,11164,0.0,0,cs.SI
5369,7999,0.0,0,cs.SI
508,6234,0.0,0,cs.SI
3790,5059,0.0,0,cs.SI
3816,7183,0.0,0,cs.SI
6649,7902,0.0,0,cs.SI
6322,10891,0.0,0,cs.SI
2511,10633,0.0,0,cs.SI
4356,6639,0.0,0,cs.SI
6564,7306,0.0,0,cs.SI
5734,7868,0.0,0,cs.SI
4493,9762,0.0,0,cs.SI
4644,7945,0.0,0,cs.SI
144,8288,0.0,0,cs.SI
2637,5790,0.0,0,cs.SI
6391,11664,0.0,0,cs.SI
502,6275,0.0,0,cs.SI
8094,11112,0.0,0,cs.SI
4066,6921,0.0,0,cs.SI
5210,5323,0.0,0,cs.SI
2748,6911,0.0,0,cs.SI
7120,8139,0.0,0,cs.SI
4863,9336,0.0,0,cs.SI
4634,9513,0.0,0,cs.SI
340,1639,0.0,0,cs.SI
3022,4935,0.0,0,cs.SI
7011,7594,0.0,0,cs.SI
2266,5446,0.0,0,cs.SI
7411,9779,0.0,0,cs.SI
6142,8722,0.0,0,cs.SI
1634,7304,0.0,0,cs.SI
977,3019,0.0,0,cs.SI
1747,3834,0.0,0,cs.SI
7084,9649,0.0,0,cs.SI
3896,5584,0.0,0,cs.SI
760,11243,0.0,0,cs.SI
7567,10786,0.0,0,cs.SI
8628,10502,0.0,0,cs.SI
487,11493,0.0,0,cs.SI
5917,10037,0.0,0,cs.SI
1721,2506,0.0,0,cs.SI
2786,10298,0.0,0,cs.SI
5022,5694,0.0,0,cs.SI
5289,7844,0.0,0,cs.SI
5287,11218,0.0,0,cs.SI
53,3838,0.0,0,cs.SI
698,8271,0.0,0,cs.SI
4066,8102,0.0,0,cs.SI
6570,10043,0.0,0,cs.SI
4180,7041,0.0,0,cs.SI
3572,9665,0.0,0,cs.SI
5372,6157,0.0,0,cs.SI
2223,11468,0.0,0,cs.SI
6291,9087,0.0,0,cs.SI
4181,7414,0.0,0,cs.SI
6440,8887,0.0,0,cs.SI
4939,8261,0.0,0,cs.SI
10105,11305,0.0,0,cs.SI
5788,7011,0.0,0,cs.SI
4892,6608,0.0,0,cs.SI
2652,6254,0.0,0,cs.SI
4929,5852,0.0,0,cs.SI
5919,6182,0.0,0,cs.SI
10389,11100,0.0,0,cs.SI
2062,9457,0.0,0,cs.SI
4230,5213,0.0,0,cs.SI
5681,8116,0.0,0,cs.SI
889,8108,0.0,0,cs.SI
4392,9970,0.0,0,cs.SI
4487,9713,0.0,0,cs.SI
2210,5419,0.0,0,cs.SI
1410,3529,0.0,0,cs.SI
7518,9450,0.0,0,cs.SI
4498,6281,0.0,0,cs.SI
4195,7326,0.0,0,cs.SI
5462,11577,0.0,0,cs.SI
6426,6485,0.0,0,cs.SI
1548,5156,0.0,0,cs.SI
7764,9856,0.0,0,cs.SI
5527,11297,0.0,0,cs.SI
4504,11809,0.0,0,cs.SI
6799,11807,0.0,0,cs.SI
1349,7692,0.0,0,cs.SI
11469,11938,0.0,0,cs.SI
4332,5875,0.0,0,cs.SI
1851,2309,0.0,0,cs.SI
487,6235,0.0,0,cs.SI
7937,10314,0.0,0,cs.SI
3862,11295,0.0,0,cs.SI
547,4974,0.0,0,cs.SI
8625,9030,0.0,0,cs.SI
641,6149,0.0,0,cs.SI
4154,8290,0.0,0,cs.SI
2627,8695,0.0,0,cs.SI
250,8106,0.0,0,cs.SI
434,9913,0.0,0,cs.SI
3860,12129,0.0,0,cs.SI
4077,5482,0.0,0,cs.SI
2343,7889,0.0,0,cs.SI
2829,11309,0.0,0,cs.SI
7830,8624,0.0,0,cs.SI
5206,6501,0.0,0,cs.SI
2046,5158,0.0,0,cs.SI
5626,10879,0.0,0,cs.SI
5354,9145,0.0,0,cs.SI
691,5489,0.0,0,cs.SI
8239,10140,0.0,0,cs.SI
5559,11463,0.0,0,cs.SI
371,9191,0.0,0,cs.SI
4947,10298,0.0,0,cs.SI
948,950,0.0,0,cs.SI
4625,4914,0.0,0,cs.SI
2503,6156,0.0,0,cs.SI
1384,8979,0.0,0,cs.SI
10525,13695,0.0,0,cs.SI
5663,8295,0.0,0,cs.SI
4026,7071,0.0,0,cs.SI
211,8649,0.0,0,cs.SI
2395,6744,0.0,0,cs.SI
4490,5219,0.0,0,cs.SI
4232,12014,0.0,0,cs.SI
11040,11522,0.0,0,cs.SI
2070,9019,0.0,0,cs.SI
6942,11845,0.0,0,cs.SI
507,6432,0.0,0,cs.SI
4180,9645,0.0,0,cs.SI
5154,7370,0.0,0,cs.SI
882,11333,0.0,0,cs.SI
1877,7806,0.0,0,cs.SI
2831,11597,0.0,0,cs.SI
9493,10636,0.0,0,cs.SI
9514,11333,0.0,0,cs.SI
1747,3117,0.0,0,cs.SI
3557,10685,0.0,0,cs.SI
2247,7641,0.0,0,cs.SI
6494,6852,0.0,0,cs.SI
5164,7011,0.0,0,cs.SI
10534,11017,0.0,0,cs.SI
1080,7269,0.0,0,cs.SI
6254,10317,0.0,0,cs.SI
1599,3633,0.0,0,cs.SI
9234,10906,0.0,0,cs.SI
11537,11811,0.0,0,cs.SI
7231,11431,0.0,0,cs.SI
9503,11854,0.0,0,cs.SI
2195,11651,0.0,0,cs.SI
8758,9485,0.0,0,cs.SI
424,8361,0.0,0,cs.SI
4249,6073,0.0,0,cs.SI
5746,7897,0.0,0,cs.SI
9914,10787,0.0,0,cs.SI
1431,7877,0.0,0,cs.SI
4847,11806,0.0,0,cs.SI
4385,9237,0.0,0,cs.SI
4733,11146,0.0,0,cs.SI
5046,7405,0.0,0,cs.SI
7874,8949,0.0,0,cs.SI
2918,10410,0.0,0,cs.SI
4639,10810,0.0,0,cs.SI
8862,11421,0.0,0,cs.SI
7587,11516,0.0,0,cs.SI
5793,11620,0.0,0,cs.SI
4322,5361,0.0,0,cs.SI
8990,11197,0.0,0,cs.SI
8944,10147,0.0,0,cs.SI
9197,10098,0.0,0,cs.SI
4156,6002,0.0,0,cs.SI
2025,4163,0.0,0,cs.SI
5029,6570,0.0,0,cs.SI
3815,8418,0.0,0,cs.SI
5211,11651,0.0,0,cs.SI
11017,11120,0.0,0,cs.SI
7194,7361,0.0,0,cs.SI
4916,9747,0.0,0,cs.SI
4026,11118,0.0,0,cs.SI
5100,11145,0.0,0,cs.SI
1360,4123,0.0,0,cs.SI
10095,11598,0.0,0,cs.SI
4539,9308,0.0,0,cs.SI
9979,11652,0.0,0,cs.SI
6385,8885,0.0,0,cs.SI
6547,8718,0.0,0,cs.SI
4165,4371,0.0,0,cs.SI
1193,8183,0.0,0,cs.SI
1834,8508,0.0,0,cs.SI
889,10401,0.0,0,cs.SI
1936,3946,0.0,0,cs.SI
5020,10520,0.0,0,cs.SI
144,10921,0.0,0,cs.SI
6894,11916,0.0,0,cs.SI
2479,10726,0.0,0,cs.SI
4033,4453,0.0,0,cs.SI
5551,10415,0.0,0,cs.SI
7110,11131,0.0,0,cs.SI
3064,3279,0.0,0,cs.SI
11586,12187,0.0,0,cs.SI
4498,5312,0.0,0,cs.SI
6965,9617,0.0,0,cs.SI
3006,9201,0.0,0,cs.SI
6817,9458,0.0,0,cs.SI
6309,8759,0.0,0,cs.SI
4627,9519,0.0,0,cs.SI
8403,9404,0.0,0,cs.SI
1314,10786,0.0,0,cs.SI
3992,11488,0.0,0,cs.SI
4690,10069,0.0,0,cs.SI
317,7335,0.0,0,cs.SI
4351,11951,0.0,0,cs.SI
7182,7642,0.0,0,cs.SI
8911,11429,0.0,0,cs.SI
153,8251,0.0,0,cs.SI
6550,9091,0.0,0,cs.SI
909,2901,0.0,0,cs.SI
7710,11818,0.0,0,cs.SI
2515,7664,0.0,0,cs.SI
4889,7955,0.0,0,cs.SI
7639,11349,0.0,0,cs.SI
8234,8297,0.0,0,cs.SI
6034,11951,0.0,0,cs.SI
3322,9944,0.0,0,cs.SI
7357,9830,0.0,0,cs.SI
4604,11843,0.0,0,cs.SI
3238,6158,0.0,0,cs.SI
4542,6535,0.0,0,cs.SI
7037,8922,0.0,0,cs.SI
3815,11948,0.0,0,cs.SI
10326,11349,0.0,0,cs.SI
3024,10372,0.0,0,cs.SI
5493,8334,0.0,0,cs.SI
3450,11792,0.0,0,cs.SI
5868,8360,0.0,0,cs.SI
216,4147,0.0,0,cs.SI
1817,7749,0.0,0,cs.SI
7511,8203,0.0,0,cs.SI
9304,10169,0.0,0,cs.SI
410,5144,0.0,0,cs.SI
7776,10429,0.0,0,cs.SI
5422,10116,0.0,0,cs.SI
5559,8400,0.0,0,cs.SI
478,11587,0.0,0,cs.SI
6435,6759,0.0,0,cs.SI
4373,4897,0.0,0,cs.SI
3887,10373,0.0,0,cs.SI
3664,10444,0.0,0,cs.SI
6768,10989,0.0,0,cs.SI
2637,8017,0.0,0,cs.SI
6494,8916,0.0,0,cs.SI
3615,12165,0.0,0,cs.SI
7194,8653,0.0,0,cs.SI
3591,8510,0.0,0,cs.SI
5267,10479,0.0,0,cs.SI
4424,12154,0.0,0,cs.SI
1824,7356,0.0,0,cs.SI
605,6974,0.0,0,cs.SI
8576,10081,0.0,0,cs.SI
3802,4263,0.0,0,cs.SI
4080,7362,0.0,0,cs.SI
1689,3375,0.0,0,cs.SI
8894,10018,0.0,0,cs.SI
3328,8401,0.0,0,cs.SI
414,10497,0.0,0,cs.SI
4609,7217,0.0,0,cs.SI
5325,11365,0.0,0,cs.SI
3601,12122,0.0,0,cs.SI
7575,8731,0.0,0,cs.SI
9276,12154,0.0,0,cs.SI
671,7040,0.0,0,cs.SI
4949,10705,0.0,0,cs.SI
4961,5426,0.0,0,cs.SI
7979,9574,0.0,0,cs.SI
456,4491,0.0,0,cs.SI
5959,10455,0.0,0,cs.SI
10328,10366,0.0,0,cs.SI
6489,10126,0.0,0,cs.SI
9518,11952,0.0,0,cs.SI
5133,8018,0.0,0,cs.SI
6390,6440,0.0,0,cs.SI
1356,8805,0.0,0,cs.SI
4633,8863,0.0,0,cs.SI
954,3428,0.0,0,cs.SI
4878,9225,0.0,0,cs.SI
8695,9377,0.0,0,cs.SI
831,6970,0.0,0,cs.SI
5415,6949,0.0,0,cs.SI
6029,8160,0.0,0,cs.SI
2561,11948,0.0,0,cs.SI
1358,12148,0.0,0,cs.SI
3483,6222,0.0,0,cs.SI
4108,4733,0.0,0,cs.SI
1580,5287,0.0,0,cs.SI
5788,11368,0.0,0,cs.SI
11489,11681,0.0,0,cs.SI
4763,7782,0.0,0,cs.SI
5809,10753,0.0,0,cs.SI
1112,10780,0.0,0,cs.SI
5855,11772,0.0,0,cs.SI
8921,10627,0.0,0,cs.SI
1411,4139,0.0,0,cs.SI
4155,8084,0.0,0,cs.SI
5346,9450,0.0,0,cs.SI
9028,10726,0.0,0,cs.SI
7854,10724,0.0,0,cs.SI
6101,6207,0.0,0,cs.SI
7912,11488,0.0,0,cs.SI
6960,7923,0.0,0,cs.SI
2026,8240,0.0,0,cs.SI
6984,9034,0.0,0,cs.SI
2828,10548,0.0,0,cs.SI
62,5489,0.0,0,cs.SI
1851,3512,0.0,0,cs.SI
11381,11487,0.0,0,cs.SI
1692,8888,0.0,0,cs.SI
5580,7788,0.0,0,cs.SI
941,9105,0.0,0,cs.SI
7038,7289,0.0,0,cs.SI
1765,10126,0.0,0,cs.SI
6853,11036,0.0,0,cs.SI
2543,8178,0.0,0,cs.SI
10526,11588,0.0,0,cs.SI
6081,11867,0.0,0,cs.SI
3883,6820,0.0,0,cs.SI
4391,6961,0.0,0,cs.SI
4051,10834,0.0,0,cs.SI
6550,7098,0.0,0,cs.SI
5160,6914,0.0,0,cs.SI
4647,5346,0.0,0,cs.SI
4387,10145,0.0,0,cs.SI
8325,11261,0.0,0,cs.SI
809,9043,0.0,0,cs.SI
1671,4727,0.0,0,cs.SI
1198,7018,0.0,0,cs.SI
3341,10674,0.0,0,cs.SI
7830,9598,0.0,0,cs.SI
1671,8290,0.0,0,cs.SI
1710,6146,0.0,0,cs.SI
6654,7420,0.0,0,cs.SI
341,5676,0.0,0,cs.SI
1903,3837,0.0,0,cs.SI
6461,10668,0.0,0,cs.SI
7049,7806,0.0,0,cs.SI
5836,9533,0.0,0,cs.SI
3189,4165,0.0,0,cs.SI
2082,10340,0.0,0,cs.SI
6809,9810,0.0,0,cs.SI
5305,9753,0.0,0,cs.SI
7909,11589,0.0,0,cs.SI
605,6630,0.0,0,cs.SI
5828,6941,0.0,0,cs.SI
2232,3868,0.0,0,cs.SI
2161,4976,0.0,0,cs.SI
2808,5312,0.0,0,cs.SI
1912,7835,0.0,0,cs.SI
7438,10368,0.0,0,cs.SI
5242,6291,0.0,0,cs.SI
2664,7290,0.0,0,cs.SI
28,2798,0.0,0,cs.SI
4648,8478,0.0,0,cs.SI
4677,4829,0.0,0,cs.SI
4357,10629,0.0,0,cs.SI
11327,11856,0.0,0,cs.SI
477,6336,0.0,0,cs.SI
10678,11218,0.0,0,cs.SI
10996,11235,0.0,0,cs.SI
9269,11807,0.0,0,cs.SI
4746,8311,0.0,0,cs.SI
1881,5982,0.0,0,cs.SI
5469,8297,0.0,0,cs.SI
8597,10627,0.0,0,cs.SI
2857,10700,0.0,0,cs.SI
4998,5270,0.0,0,cs.SI
759,6966,0.0,0,cs.SI
6489,6785,0.0,0,cs.SI
1827,8756,0.0,0,cs.SI
8949,10297,0.0,0,cs.SI
2246,6790,0.0,0,cs.SI
6286,6605,0.0,0,cs.SI
955,4891,0.0,0,cs.SI
5970,7388,0.0,0,cs.SI
7903,9922,0.0,0,cs.SI
1455,8740,0.0,0,cs.SI
6074,7365,0.0,0,cs.SI
950,6822,0.0,0,cs.SI
5185,10501,0.0,0,cs.SI
5238,10476,0.0,0,cs.SI
4523,10647,0.0,0,cs.SI
4267,8884,0.0,0,cs.SI
3862,11130,0.0,0,cs.SI
6905,10676,0.0,0,cs.SI
1020,8290,0.0,0,cs.SI
5751,8145,0.0,0,cs.SI
2311,4267,0.0,0,cs.SI
2925,11220,0.0,0,cs.SI
4829,11067,0.0,0,cs.SI
42,6744,0.0,0,cs.SI
8475,10125,0.0,0,cs.SI
5185,7324,0.0,0,cs.SI
3858,6851,0.0,0,cs.SI
38,9254,0.0,0,cs.SI
7716,8990,0.0,0,cs.SI
4263,8477,0.0,0,cs.SI
315,4687,0.0,0,cs.SI
4709,12090,0.0,0,cs.SI
5232,9916,0.0,0,cs.SI
3805,5533,0.0,0,cs.SI
5350,11220,0.0,0,cs.SI
6944,8510,0.0,0,cs.SI
10224,10672,0.0,0,cs.SI
8731,10990,0.0,0,cs.SI
5812,6784,0.0,0,cs.SI
7374,8508,0.0,0,cs.SI
1605,10992,0.0,0,cs.SI
2223,10776,0.0,0,cs.SI
7560,8369,0.0,0,cs.SI
7903,9117,0.0,0,cs.SI
4182,7441,0.0,0,cs.SI
3802,11012,0.0,0,cs.SI
4899,6450,0.0,0,cs.SI
7325,11886,0.0,0,cs.SI
4254,10355,0.0,0,cs.SI
5952,8111,0.0,0,cs.SI
8942,10620,0.0,0,cs.SI
10124,12203,0.0,0,cs.SI
6874,9246,0.0,0,cs.SI
1877,7785,0.0,0,cs.SI
4598,11189,0.0,0,cs.SI
5833,8806,0.0,0,cs.SI
506,1198,0.0,0,cs.SI
3804,9193,0.0,0,cs.SI
5069,9233,0.0,0,cs.SI
1649,10932,0.0,0,cs.SI
7038,7632,0.0,0,cs.SI
4399,6778,0.0,0,cs.SI
5941,7441,0.0,0,cs.SI
2135,7527,0.0,0,cs.SI
1137,6735,0.0,0,cs.SI
6375,10787,0.0,0,cs.SI
6864,11918,0.0,0,cs.SI
6516,7528,0.0,0,cs.SI
4494,6908,0.0,0,cs.SI
8783,9413,0.0,0,cs.SI
410,12004,0.0,0,cs.SI
6286,8234,0.0,0,cs.SI
371,8486,0.0,0,cs.SI
10578,11605,0.0,0,cs.SI
6809,8949,0.0,0,cs.SI
6500,12135,0.0,0,cs.SI
7414,10520,0.0,0,cs.SI
4160,6244,0.0,0,cs.SI
6199,9663,0.0,0,cs.SI
1723,7331,0.0,0,cs.SI
4389,7910,0.0,0,cs.SI
6133,9983,0.0,0,cs.SI
5671,7594,0.0,0,cs.SI
895,10971,0.0,0,cs.SI
199,4443,0.0,0,cs.SI
5441,6759,0.0,0,cs.SI
2024,11236,0.0,0,cs.SI
8138,11984,0.0,0,cs.SI
2444,11264,0.0,0,cs.SI
8509,11402,0.0,0,cs.SI
8758,9971,0.0,0,cs.SI
955,6677,0.0,0,cs.SI
1067,6918,0.0,0,cs.SI
865,7952,0.0,0,cs.SI
73,10755,0.0,0,cs.SI
2515,6485,0.0,0,cs.SI
2635,11017,0.0,0,cs.SI
479,7916,0.0,0,cs.SI
6281,8169,0.0,0,cs.SI
6441,7367,0.0,0,cs.SI
7914,8196,0.0,0,cs.SI
1453,9964,0.0,0,cs.SI
5152,13687,0.0,0,cs.SI
3396,5681,0.0,0,cs.SI
4017,4079,0.0,0,cs.SI
7977,7986,0.0,0,cs.SI
4489,4712,0.0,0,cs.SI
5074,6534,0.0,0,cs.SI
7228,8393,0.0,0,cs.SI
8563,10676,0.0,0,cs.SI
5683,8484,0.0,0,cs.SI
159,219,0.0,0,cs.SI
8477,8574,0.0,0,cs.SI
4832,8843,0.0,0,cs.SI
229,2120,0.0,0,cs.SI
4546,4693,0.0,0,cs.SI
4146,5662,0.0,0,cs.SI
1950,8941,0.0,0,cs.SI
5861,8117,0.0,0,cs.SI
2739,3997,0.0,0,cs.SI
7452,7733,0.0,0,cs.SI
4735,6551,0.0,0,cs.SI
7638,9846,0.0,0,cs.SI
138,11657,0.0,0,cs.SI
5670,6945,0.0,0,cs.SI
9135,10730,0.0,0,cs.SI
5075,11345,0.0,0,cs.SI
10554,10828,0.0,0,cs.SI
11279,11907,0.0,0,cs.SI
9318,9948,0.0,0,cs.SI
4018,6681,0.0,0,cs.SI
2738,6103,0.0,0,cs.SI
9307,11107,0.0,0,cs.SI
9573,10848,0.0,0,cs.SI
10413,11468,0.0,0,cs.SI
7049,7357,0.0,0,cs.SI
5661,8823,0.0,0,cs.SI
5670,8234,0.0,0,cs.SI
1765,8198,0.0,0,cs.SI
5092,8257,0.0,0,cs.SI
6305,9419,0.0,0,cs.SI
3069,8575,0.0,0,cs.SI
6289,6671,0.0,0,cs.SI
4521,4649,0.0,0,cs.SI
3792,10367,0.0,0,cs.SI
5672,11806,0.0,0,cs.SI
9910,10331,0.0,0,cs.SI
2312,6008,0.0,0,cs.SI
9702,9807,0.0,0,cs.SI
7085,9386,0.0,0,cs.SI
4058,6321,0.0,0,cs.SI
9231,11619,0.0,0,cs.SI
5110,6446,0.0,0,cs.SI
7238,9299,0.0,0,cs.SI
6816,6946,0.0,0,cs.SI
4821,10544,0.0,0,cs.SI
6093,7820,0.0,0,cs.SI
8766,10473,0.0,0,cs.SI
7564,11306,0.0,0,cs.SI
2074,3857,0.0,0,cs.SI
10657,11433,0.0,0,cs.SI
479,8786,0.0,0,cs.SI
9580,13695,0.0,0,cs.SI
3202,3483,0.0,0,cs.SI
6243,6303,0.0,0,cs.SI
5536,6819,0.0,0,cs.SI
4499,7231,0.0,0,cs.SI
4330,6227,0.0,0,cs.SI
5205,6570,0.0,0,cs.SI
8118,9799,0.0,0,cs.SI
3017,7458,0.0,0,cs.SI
3528,11466,0.0,0,cs.SI
7883,10161,0.0,0,cs.SI
1599,4243,0.0,0,cs.SI
214,6681,0.0,0,cs.SI
8475,11613,0.0,0,cs.SI
3870,11840,0.0,0,cs.SI
7210,8311,0.0,0,cs.SI
5537,7430,0.0,0,cs.SI
6876,6974,0.0,0,cs.SI
5059,9117,0.0,0,cs.SI
1819,2561,0.0,0,cs.SI
5512,9737,0.0,0,cs.SI
4978,6914,0.0,0,cs.SI
4641,7966,0.0,0,cs.SI
11195,11201,0.0,0,cs.SI
3558,9251,0.0,0,cs.SI
5193,7396,0.0,0,cs.SI
9800,11496,0.0,0,cs.SI
5793,6079,0.0,0,cs.SI
3285,7780,0.0,0,cs.SI
2737,4119,0.0,0,cs.SI
4309,6037,0.0,0,cs.SI
4472,4603,0.0,0,cs.SI
1691,9178,0.0,0,cs.SI
6291,11954,0.0,0,cs.SI
4515,6105,0.0,0,cs.SI
7060,7706,0.0,0,cs.SI
5644,9519,0.0,0,cs.SI
2213,9897,0.0,0,cs.SI
5256,8211,0.0,0,cs.SI
5068,10226,0.0,0,cs.SI
6983,8654,0.0,0,cs.SI
4609,9303,0.0,0,cs.SI
10112,11358,0.0,0,cs.SI
6708,8306,0.0,0,cs.SI
5811,9107,0.0,0,cs.SI
260,6746,0.0,0,cs.SI
2020,4105,0.0,0,cs.SI
3477,6939,0.0,0,cs.SI
2675,9060,0.0,0,cs.SI
4472,7878,0.0,0,cs.SI
5913,9276,0.0,0,cs.SI
5699,6952,0.0,0,cs.SI
4815,11744,0.0,0,cs.SI
5126,6681,0.0,0,cs.SI
6801,8246,0.0,0,cs.SI
11597,11608,0.0,0,cs.SI
5559,12161,0.0,0,cs.SI
1442,7367,0.0,0,cs.SI
2543,4941,0.0,0,cs.SI
7758,11288,0.0,0,cs.SI
5611,9993,0.0,0,cs.SI
5307,10076,0.0,0,cs.SI
6678,10921,0.0,0,cs.SI
10356,11732,0.0,0,cs.SI
371,3064,0.0,0,cs.SI
2950,9120,0.0,0,cs.SI
2730,10774,0.0,0,cs.SI
7642,12016,0.0,0,cs.SI
6168,7143,0.0,0,cs.SI
1777,9199,0.0,0,cs.SI
5809,7964,0.0,0,cs.SI
6031,10026,0.0,0,cs.SI
169,9350,0.0,0,cs.SI
5852,9237,0.0,0,cs.SI
804,1230,0.0,0,cs.SI
8781,11916,0.0,0,cs.SI
4995,8570,0.0,0,cs.SI
4627,11670,0.0,0,cs.SI
4179,4978,0.0,0,cs.SI
5075,5115,0.0,0,cs.SI
317,4117,0.0,0,cs.SI
4248,10590,0.0,0,cs.SI
591,11559,0.0,0,cs.SI
152,3146,0.0,0,cs.SI
3554,9621,0.0,0,cs.SI
7271,9457,0.0,0,cs.SI
1605,8570,0.0,0,cs.SI
53,11246,0.0,0,cs.SI
10302,10835,0.0,0,cs.SI
5171,5762,0.0,0,cs.SI
3197,4395,0.0,0,cs.SI
4600,9702,0.0,0,cs.SI
1068,12014,0.0,0,cs.SI
5342,11013,0.0,0,cs.SI
9150,11611,0.0,0,cs.SI
199,9350,0.0,0,cs.SI
4622,8823,0.0,0,cs.SI
10341,11436,0.0,0,cs.SI
6707,9765,0.0,0,cs.SI
7327,10525,0.0,0,cs.SI
7142,7770,0.0,0,cs.SI
1809,6355,0.0,0,cs.SI
6942,11617,0.0,0,cs.SI
5338,6140,0.0,0,cs.SI
3837,5780,0.0,0,cs.SI
9200,10830,0.0,0,cs.SI
5441,5744,0.0,0,cs.SI
263,10539,0.0,0,cs.SI
4095,9422,0.0,0,cs.SI
2627,7927,0.0,0,cs.SI
1144,7844,0.0,0,cs.SI
4102,4622,0.0,0,cs.SI
315,4578,0.0,0,cs.SI
8017,12027,0.0,0,cs.SI
4747,8301,0.0,0,cs.SI
6741,6873,0.0,0,cs.SI
9268,10146,0.0,0,cs.SI
4905,4982,0.0,0,cs.SI
4962,7322,0.0,0,cs.SI
3996,6303,0.0,0,cs.SI
6816,12007,0.0,0,cs.SI
4320,4557,0.0,0,cs.SI
11507,11560,0.0,0,cs.SI
7339,8112,0.0,0,cs.SI
4177,6988,0.0,0,cs.SI
8759,10390,0.0,0,cs.SI
2870,11826,0.0,0,cs.SI
8574,11922,0.0,0,cs.SI
8287,11334,0.0,0,cs.SI
153,5805,0.0,0,cs.SI
4063,10126,0.0,0,cs.SI
5778,7068,0.0,0,cs.SI
9195,10813,0.0,0,cs.SI
5854,9309,0.0,0,cs.SI
5506,9120,0.0,0,cs.SI
6328,11672,0.0,0,cs.SI
7634,11076,0.0,0,cs.SI
9084,9813,0.0,0,cs.SI
304,7965,0.0,0,cs.SI
5117,9802,0.0,0,cs.SI
764,10955,0.0,0,cs.SI
10368,11938,0.0,0,cs.SI
4879,11587,0.0,0,cs.SI
6886,10544,0.0,0,cs.SI
5593,5746,0.0,0,cs.SI
4050,10573,0.0,0,cs.SI
5363,7764,0.0,0,cs.SI
10033,10901,0.0,0,cs.SI
882,7532,0.0,0,cs.SI
4218,9483,0.0,0,cs.SI
394,5908,0.0,0,cs.SI
4568,5660,0.0,0,cs.SI
1584,2062,0.0,0,cs.SI
1746,12189,0.0,0,cs.SI
2315,3858,0.0,0,cs.SI
1968,9492,0.0,0,cs.SI
5059,10772,0.0,0,cs.SI
6928,8941,0.0,0,cs.SI
4496,6085,0.0,0,cs.SI
6818,9972,0.0,0,cs.SI
5780,9751,0.0,0,cs.SI
7429,9717,0.0,0,cs.SI
3605,4156,0.0,0,cs.SI
5160,6101,0.0,0,cs.SI
8653,11940,0.0,0,cs.SI
4796,5150,0.0,0,cs.SI
2358,8487,0.0,0,cs.SI
317,4470,0.0,0,cs.SI
4524,5365,0.0,0,cs.SI
4975,9996,0.0,0,cs.SI
7437,9842,0.0,0,cs.SI
1849,10452,0.0,0,cs.SI
8468,9270,0.0,0,cs.SI
671,7856,0.0,0,cs.SI
260,2623,0.0,0,cs.SI
8563,9687,0.0,0,cs.SI
4763,11919,0.0,0,cs.SI
1045,13695,0.0,0,cs.SI
1605,5661,0.0,0,cs.SI
1168,11816,0.0,0,cs.SI
4890,10684,0.0,0,cs.SI
551,2579,0.0,0,cs.SI
48,9835,0.0,0,cs.SI
1372,8204,0.0,0,cs.SI
10572,11398,0.0,0,cs.SI
52,4063,0.0,0,cs.SI
10577,11858,0.0,0,cs.SI
10046,10830,0.0,0,cs.SI
6127,10481,0.0,0,cs.SI
6862,6878,0.0,0,cs.SI
8422,10479,0.0,0,cs.SI
4292,4583,0.0,0,cs.SI
5708,9451,0.0,0,cs.SI
80,9988,0.0,0,cs.SI
10777,12068,0.0,0,cs.SI
6034,8160,0.0,0,cs.SI
6393,7604,0.0,0,cs.SI
1123,9921,0.0,0,cs.SI
5322,10812,0.0,0,cs.SI
4878,6900,0.0,0,cs.SI
5215,6027,0.0,0,cs.SI
10046,12119,0.0,0,cs.SI
5958,8026,0.0,0,cs.SI
4663,6453,0.0,0,cs.SI
622,7576,0.0,0,cs.SI
4271,6981,0.0,0,cs.SI
3782,5621,0.0,0,cs.SI
1724,5307,0.0,0,cs.SI
693,10080,0.0,0,cs.SI
5778,8095,0.0,0,cs.SI
9249,9596,0.0,0,cs.SI
4312,7921,0.0,0,cs.SI
10098,11613,0.0,0,cs.SI
975,5075,0.0,0,cs.SI
4341,5211,0.0,0,cs.SI
4845,6959,0.0,0,cs.SI
4104,9585,0.0,0,cs.SI
323,4889,0.0,0,cs.SI
3241,11431,0.0,0,cs.SI
5369,6736,0.0,0,cs.SI
3632,10678,0.0,0,cs.SI
5154,6402,0.0,0,cs.SI
869,5853,0.0,0,cs.SI
7365,10113,0.0,0,cs.SI
9143,9964,0.0,0,cs.SI
4691,10055,0.0,0,cs.SI
272,6537,0.0,0,cs.SI
6153,7046,0.0,0,cs.SI
4891,6028,0.0,0,cs.SI
7693,8337,0.0,0,cs.SI
1234,3241,0.0,0,cs.SI
3587,9071,0.0,0,cs.SI
4281,10571,0.0,0,cs.SI
5901,11068,0.0,0,cs.SI
7338,9457,0.0,0,cs.SI
8538,10500,0.0,0,cs.SI
4815,4879,0.0,0,cs.SI
6588,8556,0.0,0,cs.SI
9993,11015,0.0,0,cs.SI
6409,9753,0.0,0,cs.SI
4599,5074,0.0,0,cs.SI
6983,11071,0.0,0,cs.SI
36,1691,0.0,0,cs.SI
9111,9580,0.0,0,cs.SI
7665,7987,0.0,0,cs.SI
6391,11016,0.0,0,cs.SI
5567,10755,0.0,0,cs.SI
4182,8434,0.0,0,cs.SI
1362,4307,0.0,0,cs.SI
5622,7423,0.0,0,cs.SI
4602,9551,0.0,0,cs.SI
4232,7388,0.0,0,cs.SI
1715,2359,0.0,0,cs.SI
7866,8916,0.0,0,cs.SI
2770,10366,0.0,0,cs.SI
1587,6231,0.0,0,cs.SI
7042,11507,0.0,0,cs.SI
2808,6982,0.0,0,cs.SI
1672,8404,0.0,0,cs.SI
4264,11398,0.0,0,cs.SI
382,4929,0.0,0,cs.SI
2469,12131,0.0,0,cs.SI
7944,11989,0.0,0,cs.SI
132,7643,0.0,0,cs.SI
565,2686,0.0,0,cs.SI
5292,5423,0.0,0,cs.SI
5538,11608,0.0,0,cs.SI
7041,12194,0.0,0,cs.SI
7037,11815,0.0,0,cs.SI
8290,10124,0.0,0,cs.SI
592,3728,0.0,0,cs.SI
5369,11012,0.0,0,cs.SI
3858,7978,0.0,0,cs.SI
95,9832,0.0,0,cs.SI
2543,9285,0.0,0,cs.SI
7395,11379,0.0,0,cs.SI
5082,8740,0.0,0,cs.SI
4604,10656,0.0,0,cs.SI
589,8799,0.0,0,cs.SI
2105,11539,0.0,0,cs.SI
5153,5996,0.0,0,cs.SI
8022,11742,0.0,0,cs.SI
9208,10815,0.0,0,cs.SI
1137,10473,0.0,0,cs.SI
5020,8770,0.0,0,cs.SI
809,7984,0.0,0,cs.SI
3802,7938,0.0,0,cs.SI
5346,7851,0.0,0,cs.SI
477,11595,0.0,0,cs.SI
693,11107,0.0,0,cs.SI
1711,5232,0.0,0,cs.SI
2627,11620,0.0,0,cs.SI
4049,9621,0.0,0,cs.SI
5105,11208,0.0,0,cs.SI
6059,7909,0.0,0,cs.SI
5705,8351,0.0,0,cs.SI
7720,8178,0.0,0,cs.SI
6321,13687,0.0,0,cs.SI
90,605,0.0,0,cs.SI
4767,6490,0.0,0,cs.SI
4026,10019,0.0,0,cs.SI
6754,9224,0.0,0,cs.SI
5850,9083,0.0,0,cs.SI
4457,8399,0.0,0,cs.SI
80,8633,0.0,0,cs.SI
1746,9512,0.0,0,cs.SI
4667,7046,0.0,0,cs.SI
6967,7122,0.0,0,cs.SI
2249,9049,0.0,0,cs.SI
805,9977,0.0,0,cs.SI
5366,9006,0.0,0,cs.SI
6101,11590,0.0,0,cs.SI
3543,5440,0.0,0,cs.SI
7969,8100,0.0,0,cs.SI
8468,10673,0.0,0,cs.SI
9814,10113,0.0,0,cs.SI
3341,7148,0.0,0,cs.SI
2367,8403,0.0,0,cs.SI
9111,10221,0.0,0,cs.SI
2950,10444,0.0,0,cs.SI
4198,9312,0.0,0,cs.SI
1731,11948,0.0,0,cs.SI
2730,5453,0.0,0,cs.SI
2831,7720,0.0,0,cs.SI
4460,9843,0.0,0,cs.SI
8434,9484,0.0,0,cs.SI
571,2841,0.0,0,cs.SI
7357,8597,0.0,0,cs.SI
5454,5713,0.0,0,cs.SI
6776,10537,0.0,0,cs.SI
4816,11612,0.0,0,cs.SI
9300,9375,0.0,0,cs.SI
250,5531,0.0,0,cs.SI
6956,10504,0.0,0,cs.SI
2926,6007,0.0,0,cs.SI
4562,5954,0.0,0,cs.SI
424,7782,0.0,0,cs.SI
4681,5237,0.0,0,cs.SI
2503,4592,0.0,0,cs.SI
6304,10169,0.0,0,cs.SI
7525,9120,0.0,0,cs.SI
9582,10372,0.0,0,cs.SI
7700,12090,0.0,0,cs.SI
3801,10816,0.0,0,cs.SI
7332,10382,0.0,0,cs.SI
5612,7732,0.0,0,cs.SI
9470,11857,0.0,0,cs.SI
1181,11818,0.0,0,cs.SI
2063,11797,0.0,0,cs.SI
2679,9814,0.0,0,cs.SI
6866,10853,0.0,0,cs.SI
215,8439,0.0,0,cs.SI
2343,5291,0.0,0,cs.SI
6963,8799,0.0,0,cs.SI
2341,8628,0.0,0,cs.SI
1308,13552,1.4426950408889634,1,cs.CV
14252,14254,2.164042561333445,1,cs.CV
730,12760,1.660343908073847,1,cs.CV
474,12420,0.0,1,cs.CV
1738,12392,2.0504261057956024,1,cs.CV
1654,13622,1.4426950408889634,1,cs.CV
606,2441,1.8204784532536746,1,cs.CV
12209,12210,0.0,1,cs.CV
2495,12695,0.0,1,cs.CV
8177,13903,0.0,1,cs.CV
1814,12376,0.0,1,cs.CV
12229,12231,1.4426950408889634,1,cs.CV
10742,12655,0.9102392266268373,1,cs.CV
13751,10121,1.4426950408889634,1,cs.CV
12655,12656,0.9102392266268373,1,cs.CV
12391,12516,1.8625330531383901,1,cs.CV
1157,12313,0.0,1,cs.CV
1000,13506,0.0,1,cs.CV
94,2748,0.0,1,cs.CV
12638,12639,1.4426950408889634,1,cs.CV
12292,12743,1.4426950408889634,1,cs.CV
123,13813,0.0,1,cs.CV
12268,12269,0.9102392266268373,1,cs.CV
1000,12355,0.0,1,cs.CV
37,1743,1.4288802187655152,1,cs.CV
46,866,1.4426950408889634,1,cs.CV
2004,5427,1.8204784532536746,1,cs.CV
1577,12420,0.0,1,cs.CV
5755,5757,1.4426950408889634,1,cs.CV
13621,13622,0.0,1,cs.CV
6433,12521,0.0,1,cs.CV
1531,2408,1.631586747071319,1,cs.CV
1810,13463,0.0,1,cs.CV
730,12451,0.3898712452512801,1,cs.CV
553,12530,0.9102392266268373,1,cs.CV
38,1743,2.608325779876374,1,cs.CV
985,12377,1.4426950408889634,1,cs.CV
12477,12478,0.0,1,cs.CV
152,153,0.0,1,cs.CV
13816,13817,0.9102392266268373,1,cs.CV
1000,13505,0.0,1,cs.CV
13699,13701,1.8204784532536746,1,cs.CV
13499,13500,1.631586747071319,1,cs.CV
12550,12551,0.0,1,cs.CV
765,12257,1.4426950408889634,1,cs.CV
5115,12314,0.0,1,cs.CV
5600,12822,1.4426950408889634,1,cs.CV
432,435,2.352934267515801,1,cs.CV
866,765,0.9102392266268373,1,cs.CV
2283,12645,1.4426950408889634,1,cs.CV
13897,13904,0.7213475204444817,1,cs.CV
94,12642,0.0,1,cs.CV
12690,12693,0.7213475204444817,1,cs.CV
12814,12815,1.4426950408889634,1,cs.CV
1228,12392,1.5695277588326144,1,cs.CV
12507,12509,3.263173494142638,1,cs.CV
3170,12347,1.4426950408889634,1,cs.CV
3038,13532,0.0,1,cs.CV
12353,12354,0.0,1,cs.CV
13465,13466,1.4426950408889634,1,cs.CV
12647,12648,2.352934267515801,1,cs.CV
317,1973,1.4426950408889634,1,cs.CV
730,1743,2.050215153325127,1,cs.CV
1468,12844,1.8204784532536746,1,cs.CV
37,1228,1.072008968920998,1,cs.CV
94,553,0.0,1,cs.CV
13614,13615,0.0,1,cs.CV
94,12819,0.0,1,cs.CV
13831,13833,1.4426950408889634,1,cs.CV
12412,12515,0.0,1,cs.CV
380,12505,0.0,1,cs.CV
1654,12563,0.0,1,cs.CV
12691,12692,1.631586747071319,1,cs.CV
474,1577,0.0,1,cs.CV
8177,13898,0.7213475204444817,1,cs.CV
577,13721,0.9102392266268373,1,cs.CV
2297,12468,0.0,1,cs.CV
673,12472,0.0,1,cs.CV
12209,12211,0.0,1,cs.CV
37,12451,0.3898712452512801,1,cs.CV
37,1738,1.5529073158839857,1,cs.CV
12292,12820,0.0,1,cs.CV
1000,12353,0.0,1,cs.CV
557,13639,1.4426950408889634,1,cs.CV
553,2196,0.9102392266268373,1,cs.CV
2335,13937,1.8204784532536746,1,cs.CV
72,317,0.0,1,cs.CV
1810,13464,0.0,1,cs.CV
202,1228,2.6857490119351093,1,cs.CV
51,52,0.0,1,cs.CV
12179,12472,0.0,1,cs.CV
9113,12262,0.0,1,cs.CV
765,12256,1.4426950408889634,1,cs.CV
13903,13904,0.0,1,cs.CV
12286,13626,0.0,1,cs.CV
12471,12179,1.4426950408889634,1,cs.CV
606,12508,1.8204784532536746,1,cs.CV
464,12471,1.4426950408889634,1,cs.CV
12412,12814,0.0,0,cs.CV
319,14256,0.0,0,cs.CV
2297,12814,0.0,0,cs.CV
12209,12571,0.0,0,cs.CV
5757,7624,0.0,0,cs.CV
94,668,0.0,0,cs.CV
38,12647,0.0,0,cs.CV
730,1763,0.0,0,cs.CV
2538,12357,0.0,0,cs.CV
13614,13640,0.0,0,cs.CV
12269,12670,0.0,0,cs.CV
12492,12507,0.0,0,cs.CV
12211,13467,0.0,0,cs.CV
218,1468,0.0,0,cs.CV
122,12401,0.0,0,cs.CV
13516,14254,0.0,0,cs.CV
1308,2004,0.0,0,cs.CV
46,12354,0.0,0,cs.CV
2011,12440,0.0,0,cs.CV
2296,10742,0.0,0,cs.CV
924,13626,0.0,0,cs.CV
1531,14249,0.0,0,cs.CV
205,14257,0.0,0,cs.CV
3733,13552,0.0,0,cs.CV
13462,13499,0.0,0,cs.CV
205,13830,0.0,0,cs.CV
12567,13586,0.0,0,cs.CV
13532,13816,0.0,0,cs.CV
12949,13462,0.0,0,cs.CV
3038,13520,0.0,0,cs.CV
985,12247,0.0,0,cs.CV
12313,13562,0.0,0,cs.CV
12633,13625,0.0,0,cs.CV
208,13638,0.0,0,cs.CV
469,2003,0.0,0,cs.CV
10483,12254,0.0,0,cs.CV
12521,13532,0.0,0,cs.CV
12493,12537,0.0,0,cs.CV
795,2179,0.0,0,cs.CV
606,12530,0.0,0,cs.CV
12786,13817,0.0,0,cs.CV
5427,12583,0.0,0,cs.CV
1526,2199,0.0,0,cs.CV
2297,13938,0.0,0,cs.CV
1747,12436,0.0,0,cs.CV
94,12537,0.0,0,cs.CV
6433,9113,0.0,0,cs.CV
2196,12814,0.0,0,cs.CV
673,1211,0.0,0,cs.CV
2011,13607,0.0,0,cs.CV
469,12727,0.0,0,cs.CV
7315,12820,0.0,0,cs.CV
1531,13903,0.0,0,cs.CV
13608,13829,0.0,0,cs.CV
6848,13806,0.0,0,cs.CV
148,13916,0.0,0,cs.CV
464,13936,0.0,0,cs.CV
12571,13896,0.0,0,cs.CV
10121,13741,0.0,0,cs.CV
467,13916,0.0,0,cs.CV
12440,13614,0.0,0,cs.CV
12570,13461,0.0,0,cs.CV
3576,12550,0.0,0,cs.CV
218,553,0.0,0,cs.CV
1743,5044,0.0,0,cs.CV
12247,13701,0.0,0,cs.CV
2495,12550,0.0,0,cs.CV
94,13462,0.0,0,cs.CV
72,474,0.0,0,cs.CV
479,12269,0.0,0,cs.CV
12626,13831,0.0,0,cs.CV
796,12507,0.0,0,cs.CV
6433,12326,0.0,0,cs.CV
13463,13915,0.0,0,cs.CV
435,13805,0.0,0,cs.CV
12451,12516,0.3898712452512801,0,cs.CV
7625,12268,0.0,0,cs.CV
209,13554,0.0,0,cs.CV
12229,12570,0.0,0,cs.CV
5757,14253,0.0,0,cs.CV
12248,12376,0.0,0,cs.CV
13516,13830,0.0,0,cs.CV
12530,13833,0.0,0,cs.CV
1833,14252,0.0,0,cs.CV
94,12440,0.0,0,cs.CV
94,13651,0.0,0,cs.CV
12253,12548,0.0,0,cs.CV
1577,13752,0.0,0,cs.CV
12328,12441,0.0,0,cs.CV
12515,12804,0.0,0,cs.CV
12493,12508,0.0,0,cs.CV
153,12492,0.0,0,cs.CV
12760,13913,0.0,0,cs.CV
12267,12412,0.0,0,cs.CV
1308,12681,0.0,0,cs.CV
46,12286,0.0,0,cs.CV
124,319,0.0,0,cs.CV
12286,12291,0.0,0,cs.CV
