node1,node2,score,label,layer
1969,9040,2,1,physics.soc-ph
11093,11095,36,1,physics.soc-ph
2018,2014,63,1,physics.soc-ph
8253,8254,2,1,physics.soc-ph
652,8318,6,1,physics.soc-ph
1531,2331,45,1,physics.soc-ph
910,2871,6,1,physics.soc-ph
8427,8429,4,1,physics.soc-ph
218,221,50,1,physics.soc-ph
5556,11775,12,1,physics.soc-ph
7653,7656,20,1,physics.soc-ph
8796,10876,1,1,physics.soc-ph
2854,3739,1,1,physics.soc-ph
786,788,25,1,physics.soc-ph
3637,5523,32,1,physics.soc-ph
2209,5239,9,1,physics.soc-ph
11350,11356,6,1,physics.soc-ph
172,14160,11,1,physics.soc-ph
7658,7660,36,1,physics.soc-ph
6257,14109,40,1,physics.soc-ph
397,3786,3,1,physics.soc-ph
153,168,4,1,physics.soc-ph
1,2,4,1,physics.soc-ph
2432,9278,6,1,physics.soc-ph
4061,6262,24,1,physics.soc-ph
615,3345,12,1,physics.soc-ph
1128,1173,0,1,physics.soc-ph
9862,9863,4,1,physics.soc-ph
467,1382,0,1,physics.soc-ph
2017,10984,28,1,physics.soc-ph
10761,10764,6,1,physics.soc-ph
7653,7659,16,1,physics.soc-ph
799,3878,0,1,physics.soc-ph
718,8834,4,1,physics.soc-ph
8954,8955,12,1,physics.soc-ph
6255,6259,30,1,physics.soc-ph
396,2561,10,1,physics.soc-ph
11562,11570,42,1,physics.soc-ph
4375,4376,2,1,physics.soc-ph
2047,2052,16,1,physics.soc-ph
4773,7136,2,1,physics.soc-ph
3567,3568,2,1,physics.soc-ph
3209,6738,0,1,physics.soc-ph
8238,8951,35,1,physics.soc-ph
7261,7262,0,1,physics.soc-ph
2046,3360,4,1,physics.soc-ph
1611,6797,14,1,physics.soc-ph
38,1743,15,1,physics.soc-ph
13628,13630,20,1,physics.soc-ph
9446,9447,60,1,physics.soc-ph
6613,11703,7,1,physics.soc-ph
3720,3722,8,1,physics.soc-ph
4650,4651,4,1,physics.soc-ph
909,910,9,1,physics.soc-ph
3720,3721,2,1,physics.soc-ph
2048,2051,12,1,physics.soc-ph
220,572,30,1,physics.soc-ph
7710,7711,8,1,physics.soc-ph
1812,1813,1,1,physics.soc-ph
7943,4479,20,1,physics.soc-ph
5386,5388,4,1,physics.soc-ph
8953,8956,18,1,physics.soc-ph
885,886,1,1,physics.soc-ph
2503,5045,1,1,physics.soc-ph
1711,3619,12,1,physics.soc-ph
9895,9896,0,1,physics.soc-ph
9833,10884,0,1,physics.soc-ph
636,7035,0,1,physics.soc-ph
729,591,44,1,physics.soc-ph
11562,11567,70,1,physics.soc-ph
4376,4377,4,1,physics.soc-ph
1892,10581,39,1,physics.soc-ph
1669,2000,10,1,physics.soc-ph
7943,591,20,1,physics.soc-ph
6579,9864,10,1,physics.soc-ph
3445,3446,3,1,physics.soc-ph
13153,13155,0,1,physics.soc-ph
1017,1019,6,1,physics.soc-ph
11763,11764,0,1,physics.soc-ph
1912,1915,12,1,physics.soc-ph
5386,5389,4,1,physics.soc-ph
1784,2669,3,1,physics.soc-ph
2265,5816,1,1,physics.soc-ph
17,4495,0,1,physics.soc-ph
10885,10886,2,1,physics.soc-ph
1173,6993,2,1,physics.soc-ph
9434,9439,25,1,physics.soc-ph
7655,7659,16,1,physics.soc-ph
11409,11410,0,1,physics.soc-ph
1374,1375,9,1,physics.soc-ph
1953,8423,1,1,physics.soc-ph
929,7313,5,1,physics.soc-ph
1291,7712,15,1,physics.soc-ph
7613,10581,18,1,physics.soc-ph
39,11111,11,1,physics.soc-ph
10581,10582,6,1,physics.soc-ph
1863,1865,2,1,physics.soc-ph
47,207,3,1,physics.soc-ph
5924,8114,9,1,physics.soc-ph
256,795,9,1,physics.soc-ph
8953,8955,12,1,physics.soc-ph
12786,12787,2,1,physics.soc-ph
1599,7712,9,1,physics.soc-ph
1751,2275,3,1,physics.soc-ph
1879,1880,2,1,physics.soc-ph
1370,7090,8,1,physics.soc-ph
148,4297,0,1,physics.soc-ph
1746,1747,6,1,physics.soc-ph
814,493,9,1,physics.soc-ph
11750,11751,9,1,physics.soc-ph
1810,1812,0,1,physics.soc-ph
6613,8098,28,1,physics.soc-ph
6997,6998,3,1,physics.soc-ph
1329,3334,6,1,physics.soc-ph
2717,3911,2,1,physics.soc-ph
3935,5039,1,1,physics.soc-ph
636,1999,105,1,physics.soc-ph
1784,3214,1,1,physics.soc-ph
1521,9324,6,1,physics.soc-ph
6781,9298,6,1,physics.soc-ph
462,464,0,1,physics.soc-ph
3444,9359,10,1,physics.soc-ph
8954,8957,12,1,physics.soc-ph
11762,11764,0,1,physics.soc-ph
1865,7352,4,1,physics.soc-ph
291,293,3,1,physics.soc-ph
252,382,9,1,physics.soc-ph
1521,9326,9,1,physics.soc-ph
5274,5275,0,1,physics.soc-ph
3098,3099,4,1,physics.soc-ph
1436,6772,4,1,physics.soc-ph
11746,11751,6,1,physics.soc-ph
2311,14037,0,1,physics.soc-ph
3424,3422,1,1,physics.soc-ph
220,2172,30,1,physics.soc-ph
10763,10764,6,1,physics.soc-ph
6578,6581,4,1,physics.soc-ph
1876,5397,15,1,physics.soc-ph
1599,7710,6,1,physics.soc-ph
6257,14106,32,1,physics.soc-ph
6259,6264,35,1,physics.soc-ph
1034,1289,8,1,physics.soc-ph
9539,9540,2,1,physics.soc-ph
9833,10885,0,1,physics.soc-ph
3498,3499,0,1,physics.soc-ph
6256,6260,36,1,physics.soc-ph
6020,6021,12,1,physics.soc-ph
2922,11573,35,1,physics.soc-ph
6258,6260,42,1,physics.soc-ph
1237,1238,1,1,physics.soc-ph
2326,2327,24,1,physics.soc-ph
1211,6215,24,1,physics.soc-ph
13896,13897,12,1,physics.soc-ph
1098,7562,24,1,physics.soc-ph
2922,11567,50,1,physics.soc-ph
10760,10762,9,1,physics.soc-ph
1649,10293,0,1,physics.soc-ph
2953,2954,12,1,physics.soc-ph
1863,1867,2,1,physics.soc-ph
291,294,1,1,physics.soc-ph
1900,1902,4,1,physics.soc-ph
2441,5642,8,1,physics.soc-ph
750,7288,15,1,physics.soc-ph
2922,7005,15,1,physics.soc-ph
8953,8954,9,1,physics.soc-ph
1122,2543,4,1,physics.soc-ph
885,1184,0,1,physics.soc-ph
6781,4810,6,1,physics.soc-ph
929,7314,10,1,physics.soc-ph
591,4093,12,1,physics.soc-ph
6255,6264,42,1,physics.soc-ph
208,4802,0,1,physics.soc-ph
4568,4569,35,1,physics.soc-ph
48,1425,9,1,physics.soc-ph
362,363,20,1,physics.soc-ph
11354,11355,15,1,physics.soc-ph
5976,5978,2,1,physics.soc-ph
8950,8955,20,1,physics.soc-ph
784,790,16,1,physics.soc-ph
361,363,30,1,physics.soc-ph
11351,11355,9,1,physics.soc-ph
13775,14036,1,1,physics.soc-ph
3336,1329,6,1,physics.soc-ph
5124,6064,2,1,physics.soc-ph
6479,6484,6,1,physics.soc-ph
2952,2953,9,1,physics.soc-ph
729,11533,33,1,physics.soc-ph
10487,11535,4,1,physics.soc-ph
2367,4392,16,1,physics.soc-ph
5641,8545,0,1,physics.soc-ph
8951,8956,30,1,physics.soc-ph
5498,13959,2,1,physics.soc-ph
2020,7113,10,1,physics.soc-ph
8956,8957,24,1,physics.soc-ph
11479,12060,1,1,physics.soc-ph
8891,457,0,1,physics.soc-ph
874,14153,6,1,physics.soc-ph
909,2870,6,1,physics.soc-ph
1683,1730,1,1,physics.soc-ph
153,2396,2,1,physics.soc-ph
3763,3762,24,1,physics.soc-ph
615,3344,12,1,physics.soc-ph
12612,14116,0,1,physics.soc-ph
3846,11094,40,1,physics.soc-ph
259,9185,2,1,physics.soc-ph
2014,2015,35,1,physics.soc-ph
4367,4369,6,1,physics.soc-ph
1425,3615,15,1,physics.soc-ph
578,874,18,1,physics.soc-ph
39,8428,22,1,physics.soc-ph
152,2396,2,1,physics.soc-ph
4099,4100,1,1,physics.soc-ph
1211,6212,40,1,physics.soc-ph
3848,9671,70,1,physics.soc-ph
279,2079,2,1,physics.soc-ph
1901,12768,40,1,physics.soc-ph
8956,8958,18,1,physics.soc-ph
14106,14111,20,1,physics.soc-ph
1714,13137,2,1,physics.soc-ph
636,1997,105,1,physics.soc-ph
269,2057,2,1,physics.soc-ph
774,1375,6,1,physics.soc-ph
4839,5995,0,1,physics.soc-ph
9435,9440,20,1,physics.soc-ph
774,1374,6,1,physics.soc-ph
955,956,0,1,physics.soc-ph
6018,6020,12,1,physics.soc-ph
3114,9228,2,1,physics.soc-ph
2606,2608,6,1,physics.soc-ph
294,4422,3,1,physics.soc-ph
3453,13977,1,1,physics.soc-ph
48,251,12,1,physics.soc-ph
358,363,15,1,physics.soc-ph
1375,14294,6,1,physics.soc-ph
357,363,25,1,physics.soc-ph
6255,6262,36,1,physics.soc-ph
11570,11571,54,1,physics.soc-ph
216,4838,1,1,physics.soc-ph
1034,6061,8,1,physics.soc-ph
4583,5389,6,1,physics.soc-ph
7280,12061,1,1,physics.soc-ph
6052,10131,0,1,physics.soc-ph
709,4774,28,1,physics.soc-ph
7481,7482,2,1,physics.soc-ph
2197,2201,9,1,physics.soc-ph
1436,6771,4,1,physics.soc-ph
11562,11565,49,1,physics.soc-ph
10314,10315,4,1,physics.soc-ph
8952,8953,12,1,physics.soc-ph
9278,10986,8,1,physics.soc-ph
10940,13924,6,1,physics.soc-ph
1286,1288,1,1,physics.soc-ph
6698,6700,4,1,physics.soc-ph
358,362,12,1,physics.soc-ph
172,874,33,1,physics.soc-ph
11353,11356,12,1,physics.soc-ph
1196,466,15,1,physics.soc-ph
1669,1998,6,1,physics.soc-ph
44,4930,4,1,physics.soc-ph
689,4024,0,1,physics.soc-ph
1521,9325,15,1,physics.soc-ph
12765,12771,30,1,physics.soc-ph
3846,3848,50,1,physics.soc-ph
2049,2050,24,1,physics.soc-ph
271,9833,0,1,physics.soc-ph
3846,10374,30,1,physics.soc-ph
6999,7000,6,1,physics.soc-ph
6891,6893,0,1,physics.soc-ph
13154,13156,0,1,physics.soc-ph
551,6674,4,1,physics.soc-ph
636,10374,126,1,physics.soc-ph
13775,14037,0,1,physics.soc-ph
2321,14231,15,1,physics.soc-ph
9323,9324,8,1,physics.soc-ph
473,814,6,1,physics.soc-ph
2561,10877,10,1,physics.soc-ph
153,8231,4,1,physics.soc-ph
3935,5038,2,1,physics.soc-ph
6257,6260,48,1,physics.soc-ph
573,6435,4,1,physics.soc-ph
1531,13942,18,1,physics.soc-ph
7176,9671,21,1,physics.soc-ph
4445,4446,1,1,physics.soc-ph
2367,6213,24,1,physics.soc-ph
8850,8851,0,1,physics.soc-ph
264,265,0,1,physics.soc-ph
14251,5139,2,1,physics.soc-ph
2196,10582,10,1,physics.soc-ph
1491,8814,6,1,physics.soc-ph
13230,13233,0,1,physics.soc-ph
973,3387,0,1,physics.soc-ph
2432,2433,3,1,physics.soc-ph
10818,10819,42,1,physics.soc-ph
6892,6893,0,1,physics.soc-ph
6257,14110,16,1,physics.soc-ph
3793,5204,0,1,physics.soc-ph
2326,2330,20,1,physics.soc-ph
2166,2167,0,1,physics.soc-ph
636,2771,42,1,physics.soc-ph
2329,2330,25,1,physics.soc-ph
3426,464,0,1,physics.soc-ph
2432,2568,12,1,physics.soc-ph
209,1867,10,1,physics.soc-ph
3444,3446,5,1,physics.soc-ph
466,7710,10,1,physics.soc-ph
450,14153,10,1,physics.soc-ph
1329,3352,0,1,physics.soc-ph
6479,6482,12,1,physics.soc-ph
479,260,12,1,physics.soc-ph
120,8766,0,1,physics.soc-ph
260,1116,2,1,physics.soc-ph
10488,10489,3,1,physics.soc-ph
1784,1785,2,1,physics.soc-ph
6258,6263,35,1,physics.soc-ph
9323,9326,12,1,physics.soc-ph
450,14160,5,1,physics.soc-ph
2166,2168,0,1,physics.soc-ph
636,2772,336,1,physics.soc-ph
2408,13942,4,1,physics.soc-ph
36,1747,8,1,physics.soc-ph
578,14160,6,1,physics.soc-ph
479,482,24,1,physics.soc-ph
2017,2014,49,1,physics.soc-ph
4478,10147,8,1,physics.soc-ph
99,2477,3,1,physics.soc-ph
3775,3777,4,1,physics.soc-ph
7653,7657,24,1,physics.soc-ph
5451,5452,4,1,physics.soc-ph
615,14044,12,1,physics.soc-ph
3935,5040,3,1,physics.soc-ph
2147,6257,48,1,physics.soc-ph
1870,3424,0,1,physics.soc-ph
2166,2170,0,1,physics.soc-ph
1543,2275,2,1,physics.soc-ph
480,481,75,1,physics.soc-ph
129,131,4,1,physics.soc-ph
2477,480,15,1,physics.soc-ph
2022,6088,20,1,physics.soc-ph
11566,11569,81,1,physics.soc-ph
7656,7660,30,1,physics.soc-ph
3760,3761,10,1,physics.soc-ph
216,13997,2,1,physics.soc-ph
8953,8957,12,1,physics.soc-ph
252,1425,9,1,physics.soc-ph
2326,2328,24,1,physics.soc-ph
718,4322,0,1,physics.soc-ph
2057,14327,4,1,physics.soc-ph
489,3427,4,1,physics.soc-ph
1089,1090,12,1,physics.soc-ph
6688,6689,1,1,physics.soc-ph
257,259,10,1,physics.soc-ph
4715,4716,0,1,physics.soc-ph
784,787,20,1,physics.soc-ph
357,358,15,1,physics.soc-ph
4296,4297,0,1,physics.soc-ph
279,3426,2,1,physics.soc-ph
11351,11352,12,1,physics.soc-ph
10408,10409,12,1,physics.soc-ph
799,1696,0,1,physics.soc-ph
10484,10485,4,1,physics.soc-ph
1547,1548,12,1,physics.soc-ph
11128,11129,1,1,physics.soc-ph
14249,14250,0,1,physics.soc-ph
1549,1913,6,1,physics.soc-ph
382,13198,0,1,physics.soc-ph
4901,8958,24,1,physics.soc-ph
96,1315,4,1,physics.soc-ph
1618,10818,48,1,physics.soc-ph
8880,8883,9,1,physics.soc-ph
2367,6215,24,1,physics.soc-ph
3510,10574,21,1,physics.soc-ph
9324,9328,6,1,physics.soc-ph
636,4568,147,1,physics.soc-ph
2772,4569,80,1,physics.soc-ph
11393,11395,1,1,physics.soc-ph
1617,7277,45,1,physics.soc-ph
4252,4253,2,1,physics.soc-ph
2018,10983,27,1,physics.soc-ph
9292,9293,3,1,physics.soc-ph
9833,10886,0,1,physics.soc-ph
2329,2332,25,1,physics.soc-ph
6480,6484,8,1,physics.soc-ph
9893,9895,0,1,physics.soc-ph
2236,3761,18,1,physics.soc-ph
3763,3776,36,1,physics.soc-ph
17,5388,10,1,physics.soc-ph
3544,3546,4,1,physics.soc-ph
3497,3499,0,1,physics.soc-ph
975,1618,88,1,physics.soc-ph
125,1611,28,1,physics.soc-ph
10982,10983,9,1,physics.soc-ph
1291,7713,20,1,physics.soc-ph
2441,8545,0,1,physics.soc-ph
11748,11749,8,1,physics.soc-ph
11355,11356,9,1,physics.soc-ph
1211,14257,8,1,physics.soc-ph
1998,1999,15,1,physics.soc-ph
7908,7909,0,1,physics.soc-ph
1810,1811,0,1,physics.soc-ph
7274,7275,1,1,physics.soc-ph
866,9525,1,1,physics.soc-ph
9324,9327,8,1,physics.soc-ph
436,437,0,1,physics.soc-ph
2017,2018,63,1,physics.soc-ph
153,8232,4,1,physics.soc-ph
1549,1914,15,1,physics.soc-ph
1863,7352,2,1,physics.soc-ph
1308,2022,15,1,physics.soc-ph
4248,8766,0,1,physics.soc-ph
1601,11762,1,1,physics.soc-ph
3793,3794,0,1,physics.soc-ph
2717,3909,1,1,physics.soc-ph
1609,1610,0,1,physics.soc-ph
132,797,21,1,physics.soc-ph
2684,5899,2,1,physics.soc-ph
5641,5642,4,1,physics.soc-ph
1399,1400,0,1,physics.soc-ph
14107,14109,15,1,physics.soc-ph
5961,5962,1,1,physics.soc-ph
1618,9444,96,1,physics.soc-ph
465,2159,0,1,physics.soc-ph
11350,11352,8,1,physics.soc-ph
11408,11410,0,1,physics.soc-ph
1034,1290,0,1,physics.soc-ph
4444,4445,2,1,physics.soc-ph
356,358,15,1,physics.soc-ph
2683,5899,2,1,physics.soc-ph
2167,2168,2,1,physics.soc-ph
12556,12557,4,1,physics.soc-ph
2922,11571,45,1,physics.soc-ph
3767,3777,14,1,physics.soc-ph
1997,7177,10,1,physics.soc-ph
2432,2567,9,1,physics.soc-ph
395,2639,18,1,physics.soc-ph
338,3907,2,1,physics.soc-ph
1996,4571,72,1,physics.soc-ph
2147,14107,18,1,physics.soc-ph
2168,2170,2,1,physics.soc-ph
132,1017,7,1,physics.soc-ph
395,1034,48,1,physics.soc-ph
1548,1912,12,1,physics.soc-ph
8242,8243,0,1,physics.soc-ph
1098,6307,6,1,physics.soc-ph
2772,11093,96,1,physics.soc-ph
853,854,1,1,physics.soc-ph
1599,7713,12,1,physics.soc-ph
848,14366,6,1,physics.soc-ph
3721,4444,2,1,physics.soc-ph
1339,1367,14,1,physics.soc-ph
436,438,0,1,physics.soc-ph
14240,14241,0,1,physics.soc-ph
3722,4444,8,1,physics.soc-ph
5249,5251,1,1,physics.soc-ph
148,3634,30,1,physics.soc-ph
221,4031,25,1,physics.soc-ph
2604,2607,6,1,physics.soc-ph
1947,1949,25,1,physics.soc-ph
3934,9321,21,1,physics.soc-ph
350,4572,36,1,physics.soc-ph
12766,12770,35,1,physics.soc-ph
450,874,15,1,physics.soc-ph
13911,13912,2,1,physics.soc-ph
2147,14110,12,1,physics.soc-ph
6138,11504,2,1,physics.soc-ph
13897,13904,6,1,physics.soc-ph
9040,9041,2,1,physics.soc-ph
1878,1879,2,1,physics.soc-ph
39,8427,22,1,physics.soc-ph
11350,11351,6,1,physics.soc-ph
6613,6611,7,1,physics.soc-ph
3733,3734,2,1,physics.soc-ph
8951,8958,15,1,physics.soc-ph
4575,10487,4,1,physics.soc-ph
2013,13250,4,1,physics.soc-ph
350,1996,72,1,physics.soc-ph
8253,8255,2,1,physics.soc-ph
750,8795,15,1,physics.soc-ph
7561,9668,16,1,physics.soc-ph
291,295,2,1,physics.soc-ph
7653,7654,20,1,physics.soc-ph
6257,4061,32,1,physics.soc-ph
14046,14047,4,1,physics.soc-ph
2067,7276,50,1,physics.soc-ph
492,815,24,1,physics.soc-ph
47,208,6,1,physics.soc-ph
636,11093,126,1,physics.soc-ph
8766,8767,0,1,physics.soc-ph
14110,14111,10,1,physics.soc-ph
4114,5753,6,1,physics.soc-ph
9291,9293,3,1,physics.soc-ph
4773,4772,2,1,physics.soc-ph
513,2735,2,1,physics.soc-ph
1098,13943,12,1,physics.soc-ph
8238,8955,28,1,physics.soc-ph
2922,7003,10,1,physics.soc-ph
608,2816,4,1,physics.soc-ph
2780,2781,0,1,physics.soc-ph
37,252,18,1,physics.soc-ph
3635,3637,24,1,physics.soc-ph
1947,2114,15,1,physics.soc-ph
2013,13251,4,1,physics.soc-ph
730,885,2,1,physics.soc-ph
2725,7113,6,1,physics.soc-ph
4366,4368,9,1,physics.soc-ph
636,7176,63,1,physics.soc-ph
8955,8958,12,1,physics.soc-ph
3763,11533,36,1,physics.soc-ph
511,9256,4,1,physics.soc-ph
8950,8953,15,1,physics.soc-ph
1876,5003,10,1,physics.soc-ph
1067,9256,2,1,physics.soc-ph
356,363,25,1,physics.soc-ph
8952,8957,16,1,physics.soc-ph
454,6728,1,1,physics.soc-ph
6433,6434,0,1,physics.soc-ph
6276,14074,0,1,physics.soc-ph
6263,6264,35,1,physics.soc-ph
4444,4446,2,1,physics.soc-ph
2159,5127,0,1,physics.soc-ph
1097,1098,24,1,physics.soc-ph
1819,2952,12,1,physics.soc-ph
1356,3567,2,1,physics.soc-ph
132,3366,35,1,physics.soc-ph
6997,7000,3,1,physics.soc-ph
2922,11568,45,1,physics.soc-ph
1912,1913,6,1,physics.soc-ph
2331,2332,25,1,physics.soc-ph
6257,6261,56,1,physics.soc-ph
2922,11569,45,1,physics.soc-ph
4061,6259,20,1,physics.soc-ph
740,741,0,1,physics.soc-ph
3975,3977,4,1,physics.soc-ph
17,5386,10,1,physics.soc-ph
4094,4095,6,1,physics.soc-ph
10698,10699,1,1,physics.soc-ph
4788,4789,1,1,physics.soc-ph
913,2717,7,1,physics.soc-ph
9685,10601,8,1,physics.soc-ph
851,853,1,1,physics.soc-ph
11563,11565,56,1,physics.soc-ph
13315,14160,6,1,physics.soc-ph
218,4031,50,1,physics.soc-ph
6052,6053,0,1,physics.soc-ph
8950,8957,20,1,physics.soc-ph
412,1290,0,1,physics.soc-ph
7657,7659,24,1,physics.soc-ph
3846,7176,15,1,physics.soc-ph
2022,5055,20,1,physics.soc-ph
8952,8954,12,1,physics.soc-ph
13155,13156,0,1,physics.soc-ph
1203,1204,9,1,physics.soc-ph
9327,9328,12,1,physics.soc-ph
1360,4375,7,1,physics.soc-ph
615,1714,6,1,physics.soc-ph
14106,14107,12,1,physics.soc-ph
339,2964,2,1,physics.soc-ph
294,295,2,1,physics.soc-ph
2335,13937,6,1,physics.soc-ph
3634,3635,9,1,physics.soc-ph
10842,14153,8,1,physics.soc-ph
14481,14482,1,1,physics.soc-ph
2020,2965,20,1,physics.soc-ph
7815,7816,0,1,physics.soc-ph
123,2653,0,1,physics.soc-ph
2145,2147,12,1,physics.soc-ph
1547,1549,9,1,physics.soc-ph
3926,3929,6,1,physics.soc-ph
4786,4787,0,1,physics.soc-ph
4061,6260,24,1,physics.soc-ph
3763,3775,24,1,physics.soc-ph
11479,12061,1,1,physics.soc-ph
13991,13993,1,1,physics.soc-ph
291,292,0,1,physics.soc-ph
754,5879,1,1,physics.soc-ph
5115,11207,0,1,physics.soc-ph
5718,5720,4,1,physics.soc-ph
8879,8881,9,1,physics.soc-ph
1087,1088,16,1,physics.soc-ph
473,1313,8,1,physics.soc-ph
3890,4024,0,1,physics.soc-ph
12765,12769,35,1,physics.soc-ph
6023,6024,0,1,physics.soc-ph
4369,4370,6,1,physics.soc-ph
209,6781,15,1,physics.soc-ph
3766,3767,14,1,physics.soc-ph
2020,2022,25,1,physics.soc-ph
2408,13520,2,1,physics.soc-ph
292,294,0,1,physics.soc-ph
4095,4096,8,1,physics.soc-ph
5448,5452,6,1,physics.soc-ph
6256,6259,30,1,physics.soc-ph
12766,12768,25,1,physics.soc-ph
3330,3331,1,1,physics.soc-ph
9326,9328,9,1,physics.soc-ph
2166,2169,0,1,physics.soc-ph
11571,11572,81,1,physics.soc-ph
2100,2101,2,1,physics.soc-ph
10374,11095,36,1,physics.soc-ph
1034,2561,40,1,physics.soc-ph
11563,11564,64,1,physics.soc-ph
785,790,20,1,physics.soc-ph
140,142,10,1,physics.soc-ph
4318,4319,3,1,physics.soc-ph
1237,3846,5,0,physics.soc-ph
3491,11409,0,0,physics.soc-ph
5995,8255,0,0,physics.soc-ph
3760,8317,15,0,physics.soc-ph
1521,2320,15,0,physics.soc-ph
13301,14163,3,0,physics.soc-ph
3,9446,36,0,physics.soc-ph
2683,9505,6,0,physics.soc-ph
1475,6481,10,0,physics.soc-ph
1711,7005,12,0,physics.soc-ph
493,7113,6,0,physics.soc-ph
6606,11837,10,0,physics.soc-ph
1238,2907,3,0,physics.soc-ph
642,7321,3,0,physics.soc-ph
3271,9540,2,0,physics.soc-ph
52,9432,1,0,physics.soc-ph
432,8670,8,0,physics.soc-ph
6998,11394,3,0,physics.soc-ph
1998,3525,6,0,physics.soc-ph
3722,12612,0,0,physics.soc-ph
3288,4534,2,0,physics.soc-ph
48,3311,6,0,physics.soc-ph
122,9685,4,0,physics.soc-ph
8883,10483,9,0,physics.soc-ph
293,2166,0,0,physics.soc-ph
407,3747,6,0,physics.soc-ph
430,1543,2,0,physics.soc-ph
481,4370,45,0,physics.soc-ph
1867,13417,12,0,physics.soc-ph
489,5125,2,0,physics.soc-ph
4570,6689,7,0,physics.soc-ph
435,3180,6,0,physics.soc-ph
4376,4478,8,0,physics.soc-ph
1751,4336,3,0,physics.soc-ph
8202,13913,9,0,physics.soc-ph
2051,3829,12,0,physics.soc-ph
851,2368,2,0,physics.soc-ph
11111,13535,3,0,physics.soc-ph
3617,6408,6,0,physics.soc-ph
1097,2109,12,0,physics.soc-ph
338,6258,14,0,physics.soc-ph
338,2057,4,0,physics.soc-ph
1853,8935,1,0,physics.soc-ph
6020,13904,6,0,physics.soc-ph
13231,13927,2,0,physics.soc-ph
1314,6024,2,0,physics.soc-ph
240,4788,0,0,physics.soc-ph
4203,11748,4,0,physics.soc-ph
8098,8958,12,0,physics.soc-ph
2780,12061,0,0,physics.soc-ph
480,6481,25,0,physics.soc-ph
2066,4096,8,0,physics.soc-ph
10986,14326,16,0,physics.soc-ph
3330,5294,1,0,physics.soc-ph
5143,8797,4,0,physics.soc-ph
4367,5556,12,0,physics.soc-ph
6612,14327,4,0,physics.soc-ph
787,5051,5,0,physics.soc-ph
1186,6643,6,0,physics.soc-ph
3159,8957,8,0,physics.soc-ph
5249,11704,1,0,physics.soc-ph
2758,13628,4,0,physics.soc-ph
3783,5523,12,0,physics.soc-ph
1831,14257,2,0,physics.soc-ph
2020,2771,10,0,physics.soc-ph
279,1746,3,0,physics.soc-ph
1548,13914,12,0,physics.soc-ph
2168,8951,5,0,physics.soc-ph
3607,9098,9,0,physics.soc-ph
9324,14231,6,0,physics.soc-ph
4646,5995,0,0,physics.soc-ph
1946,8429,8,0,physics.soc-ph
3910,4031,20,0,physics.soc-ph
929,2632,55,0,physics.soc-ph
1688,3209,0,0,physics.soc-ph
474,1423,1,0,physics.soc-ph
2437,4227,5,0,physics.soc-ph
1751,4070,6,0,physics.soc-ph
1761,9862,4,0,physics.soc-ph
2199,5249,4,0,physics.soc-ph
480,716,20,0,physics.soc-ph
2226,2332,15,0,physics.soc-ph
6481,9320,25,0,physics.soc-ph
1344,6797,6,0,physics.soc-ph
3739,11562,7,0,physics.soc-ph
4774,6701,12,0,physics.soc-ph
8697,13198,0,0,physics.soc-ph
2758,5239,3,0,physics.soc-ph
6383,8348,4,0,physics.soc-ph
10576,13775,4,0,physics.soc-ph
7234,14481,1,0,physics.soc-ph
1863,11032,1,0,physics.soc-ph
2297,8255,4,0,physics.soc-ph
5051,5145,2,0,physics.soc-ph
3637,13155,0,0,physics.soc-ph
1444,7274,2,0,physics.soc-ph
2169,2327,18,0,physics.soc-ph
298,2922,15,0,physics.soc-ph
1531,7827,9,0,physics.soc-ph
543,7714,2,0,physics.soc-ph
3367,11573,42,0,physics.soc-ph
142,2275,5,0,physics.soc-ph
7275,9289,3,0,physics.soc-ph
1751,2079,6,0,physics.soc-ph
3039,3909,4,0,physics.soc-ph
476,8545,0,0,physics.soc-ph
1914,9541,15,0,physics.soc-ph
2083,3083,1,0,physics.soc-ph
1949,2854,5,0,physics.soc-ph
2022,8409,5,0,physics.soc-ph
1743,2102,9,0,physics.soc-ph
1948,6812,18,0,physics.soc-ph
8952,10265,4,0,physics.soc-ph
852,8176,3,0,physics.soc-ph
1784,4336,1,0,physics.soc-ph
2770,3878,0,0,physics.soc-ph
2683,11565,14,0,physics.soc-ph
7179,9293,2,0,physics.soc-ph
3809,12570,2,0,physics.soc-ph
2022,13378,10,0,physics.soc-ph
2841,9289,6,0,physics.soc-ph
3311,3424,2,0,physics.soc-ph
1947,10760,15,0,physics.soc-ph
1892,7801,26,0,physics.soc-ph
1344,6266,3,0,physics.soc-ph
207,9291,3,0,physics.soc-ph
608,1520,2,0,physics.soc-ph
1017,4568,7,0,physics.soc-ph
4071,14250,0,0,physics.soc-ph
1196,1690,3,0,physics.soc-ph
356,3928,30,0,physics.soc-ph
715,1475,10,0,physics.soc-ph
2197,3427,6,0,physics.soc-ph
2196,2717,5,0,physics.soc-ph
2016,10316,15,0,physics.soc-ph
2955,3114,10,0,physics.soc-ph
127,14002,6,0,physics.soc-ph
2265,3481,1,0,physics.soc-ph
36,8389,4,0,physics.soc-ph
8253,13943,2,0,physics.soc-ph
4468,12768,5,0,physics.soc-ph
1456,4093,3,0,physics.soc-ph
1291,2049,30,0,physics.soc-ph
5962,12631,2,0,physics.soc-ph
1861,3751,6,0,physics.soc-ph
6998,7653,12,0,physics.soc-ph
3183,4563,2,0,physics.soc-ph
323,12768,5,0,physics.soc-ph
5045,13301,3,0,physics.soc-ph
716,2500,8,0,physics.soc-ph
8348,14153,4,0,physics.soc-ph
11042,13155,0,0,physics.soc-ph
474,1017,1,0,physics.soc-ph
848,9328,9,0,physics.soc-ph
975,11754,22,0,physics.soc-ph
3333,5294,4,0,physics.soc-ph
3181,8952,8,0,physics.soc-ph
257,4978,15,0,physics.soc-ph
6999,9734,6,0,physics.soc-ph
1475,2771,4,0,physics.soc-ph
4392,8176,2,0,physics.soc-ph
46,10640,12,0,physics.soc-ph
2483,8915,0,0,physics.soc-ph
293,4369,6,0,physics.soc-ph
6214,10986,32,0,physics.soc-ph
11093,11111,6,0,physics.soc-ph
497,4114,9,0,physics.soc-ph
209,13937,10,0,physics.soc-ph
1730,11395,1,0,physics.soc-ph
7277,13911,18,0,physics.soc-ph
1211,6266,8,0,physics.soc-ph
3122,7275,1,0,physics.soc-ph
8231,10859,4,0,physics.soc-ph
359,3106,7,0,physics.soc-ph
2955,13959,10,0,physics.soc-ph
853,8098,4,0,physics.soc-ph
4572,9185,6,0,physics.soc-ph
476,14146,0,0,physics.soc-ph
10884,10982,6,0,physics.soc-ph
4650,13961,2,0,physics.soc-ph
6479,10489,3,0,physics.soc-ph
3335,8834,8,0,physics.soc-ph
476,3794,1,0,physics.soc-ph
108,6772,12,0,physics.soc-ph
3096,7276,40,0,physics.soc-ph
1339,1697,7,0,physics.soc-ph
2815,4810,6,0,physics.soc-ph
6701,9671,21,0,physics.soc-ph
3423,13916,6,0,physics.soc-ph
4251,6209,6,0,physics.soc-ph
298,2084,3,0,physics.soc-ph
36,4061,16,0,physics.soc-ph
913,2110,21,0,physics.soc-ph
4376,9358,8,0,physics.soc-ph
1831,2015,10,0,physics.soc-ph
371,5052,1,0,physics.soc-ph
6781,11204,3,0,physics.soc-ph
4243,13938,12,0,physics.soc-ph
3546,9440,8,0,physics.soc-ph
251,9175,4,0,physics.soc-ph
1901,9685,32,0,physics.soc-ph
2015,2199,20,0,physics.soc-ph
139,3762,6,0,physics.soc-ph
787,1997,25,0,physics.soc-ph
1289,4468,1,0,physics.soc-ph
730,8126,2,0,physics.soc-ph
13100,14074,0,0,physics.soc-ph
1423,14109,5,0,physics.soc-ph
1988,9448,10,0,physics.soc-ph
218,4567,10,0,physics.soc-ph
52,12766,5,0,physics.soc-ph
2027,12646,3,0,physics.soc-ph
983,3714,2,0,physics.soc-ph
2841,6892,2,0,physics.soc-ph
8202,11204,3,0,physics.soc-ph
80,10487,4,0,physics.soc-ph
453,12557,4,0,physics.soc-ph
1088,9541,12,0,physics.soc-ph
1251,4571,12,0,physics.soc-ph
798,6023,0,0,physics.soc-ph
2881,9539,2,0,physics.soc-ph
5899,11741,2,0,physics.soc-ph
4772,8126,1,0,physics.soc-ph
3925,9184,6,0,physics.soc-ph
5749,6689,2,0,physics.soc-ph
1761,6408,4,0,physics.soc-ph
11564,13962,16,0,physics.soc-ph
6833,10818,18,0,physics.soc-ph
3105,10842,4,0,physics.soc-ph
2434,8697,0,0,physics.soc-ph
573,13250,4,0,physics.soc-ph
6782,13918,8,0,physics.soc-ph
483,4335,3,0,physics.soc-ph
10314,10819,14,0,physics.soc-ph
9447,14086,5,0,physics.soc-ph
1196,10763,9,0,physics.soc-ph
292,8834,0,0,physics.soc-ph
5167,9096,14,0,physics.soc-ph
2050,3096,16,0,physics.soc-ph
2172,7659,24,0,physics.soc-ph
47,88,6,0,physics.soc-ph
8392,13156,0,0,physics.soc-ph
2477,9863,6,0,physics.soc-ph
480,3619,15,0,physics.soc-ph
382,6256,18,0,physics.soc-ph
1287,7274,2,0,physics.soc-ph
7309,9327,16,0,physics.soc-ph
955,5498,5,0,physics.soc-ph
4099,13914,3,0,physics.soc-ph
2200,14002,9,0,physics.soc-ph
47,9896,6,0,physics.soc-ph
2347,11568,9,0,physics.soc-ph
636,6257,168,0,physics.soc-ph
13155,13973,0,0,physics.soc-ph
2,467,0,0,physics.soc-ph
4296,11566,18,0,physics.soc-ph
4336,7828,2,0,physics.soc-ph
3525,3714,4,0,physics.soc-ph
9443,11204,5,0,physics.soc-ph
479,3677,48,0,physics.soc-ph
1184,6062,0,0,physics.soc-ph
5246,14047,6,0,physics.soc-ph
984,1854,2,0,physics.soc-ph
2871,4501,6,0,physics.soc-ph
10314,13914,6,0,physics.soc-ph
2209,5721,9,0,physics.soc-ph
241,5700,3,0,physics.soc-ph
754,2322,4,0,physics.soc-ph
2501,3525,4,0,physics.soc-ph
10489,13942,2,0,physics.soc-ph
4575,7319,2,0,physics.soc-ph
7310,10761,18,0,physics.soc-ph
10506,12570,3,0,physics.soc-ph
2051,11565,28,0,physics.soc-ph
2209,11355,9,0,physics.soc-ph
2922,11776,20,0,physics.soc-ph
4472,7995,2,0,physics.soc-ph
600,2147,6,0,physics.soc-ph
515,2170,6,0,physics.soc-ph
47,604,9,0,physics.soc-ph
120,8429,4,0,physics.soc-ph
5748,9185,2,0,physics.soc-ph
2631,14467,3,0,physics.soc-ph
8851,11562,7,0,physics.soc-ph
2013,2516,6,0,physics.soc-ph
432,3331,4,0,physics.soc-ph
1286,7035,0,0,physics.soc-ph
1252,2027,2,0,physics.soc-ph
1465,4773,6,0,physics.soc-ph
11128,13250,2,0,physics.soc-ph
2209,5963,6,0,physics.soc-ph
432,4252,8,0,physics.soc-ph
3607,6258,21,0,physics.soc-ph
437,7714,1,0,physics.soc-ph
2882,13914,3,0,physics.soc-ph
9436,9893,12,0,physics.soc-ph
1375,1599,9,0,physics.soc-ph
798,3510,28,0,physics.soc-ph
3499,3692,0,0,physics.soc-ph
6811,13898,6,0,physics.soc-ph
8253,12960,3,0,physics.soc-ph
48,11572,27,0,physics.soc-ph
8126,11535,2,0,physics.soc-ph
265,12571,1,0,physics.soc-ph
450,2683,10,0,physics.soc-ph
317,1116,2,0,physics.soc-ph
6019,13997,10,0,physics.soc-ph
1020,1743,6,0,physics.soc-ph
1751,3054,0,0,physics.soc-ph
8391,8427,2,0,physics.soc-ph
874,7714,3,0,physics.soc-ph
3423,8104,0,0,physics.soc-ph
1865,8256,6,0,physics.soc-ph
1996,12648,36,0,physics.soc-ph
4651,5871,2,0,physics.soc-ph
11763,13100,2,0,physics.soc-ph
19,14366,2,0,physics.soc-ph
6811,8951,10,0,physics.soc-ph
4366,10982,9,0,physics.soc-ph
551,1831,4,0,physics.soc-ph
5523,13137,8,0,physics.soc-ph
7280,10314,2,0,physics.soc-ph
464,3907,0,0,physics.soc-ph
4086,13417,24,0,physics.soc-ph
1425,1949,15,0,physics.soc-ph
5720,12766,10,0,physics.soc-ph
264,983,0,0,physics.soc-ph
7781,10583,20,0,physics.soc-ph
600,9438,5,0,physics.soc-ph
484,5044,15,0,physics.soc-ph
5449,14374,4,0,physics.soc-ph
4087,12186,6,0,physics.soc-ph
4446,11203,1,0,physics.soc-ph
5643,5748,10,0,physics.soc-ph
3751,6211,3,0,physics.soc-ph
786,6019,25,0,physics.soc-ph
2115,10483,12,0,physics.soc-ph
1761,10409,8,0,physics.soc-ph
853,5700,3,0,physics.soc-ph
457,5700,0,0,physics.soc-ph
5962,8201,2,0,physics.soc-ph
4618,7657,6,0,physics.soc-ph
4202,11763,8,0,physics.soc-ph
2758,2870,2,0,physics.soc-ph
125,1947,20,0,physics.soc-ph
269,11754,2,0,physics.soc-ph
4617,14086,1,0,physics.soc-ph
2033,6276,0,0,physics.soc-ph
1315,11747,8,0,physics.soc-ph
2148,4100,3,0,physics.soc-ph
1867,14057,8,0,physics.soc-ph
2871,4086,8,0,physics.soc-ph
8957,12765,20,0,physics.soc-ph
6781,12715,3,0,physics.soc-ph
5275,7800,0,0,physics.soc-ph
631,4838,5,0,physics.soc-ph
1000,5449,8,0,physics.soc-ph
2049,14325,6,0,physics.soc-ph
4786,11410,0,0,physics.soc-ph
1367,12570,2,0,physics.soc-ph
5127,5961,1,0,physics.soc-ph
1746,13915,9,0,physics.soc-ph
2084,8797,2,0,physics.soc-ph
2434,8272,4,0,physics.soc-ph
251,6377,8,0,physics.soc-ph
2333,7713,8,0,physics.soc-ph
5143,6719,2,0,physics.soc-ph
5014,7499,1,0,physics.soc-ph
4472,8348,4,0,physics.soc-ph
4335,6811,2,0,physics.soc-ph
4716,6484,0,0,physics.soc-ph
4930,12353,6,0,physics.soc-ph
1211,10885,16,0,physics.soc-ph
9668,13230,0,0,physics.soc-ph
10266,11351,3,0,physics.soc-ph
1538,3039,4,0,physics.soc-ph
3159,12715,2,0,physics.soc-ph
4248,11748,8,0,physics.soc-ph
2066,5239,6,0,physics.soc-ph
2503,4444,2,0,physics.soc-ph
7004,8428,6,0,physics.soc-ph
13925,13991,3,0,physics.soc-ph
4370,4809,6,0,physics.soc-ph
1090,11763,8,0,physics.soc-ph
474,7482,1,0,physics.soc-ph
2434,3783,6,0,physics.soc-ph
1019,9097,12,0,physics.soc-ph
1948,4227,6,0,physics.soc-ph
216,1045,3,0,physics.soc-ph
2296,4901,24,0,physics.soc-ph
815,2109,12,0,physics.soc-ph
3545,12670,2,0,physics.soc-ph
6259,9326,15,0,physics.soc-ph
6052,6772,12,0,physics.soc-ph
1870,8850,0,0,physics.soc-ph
152,11753,4,0,physics.soc-ph
298,2502,9,0,physics.soc-ph
848,4394,9,0,physics.soc-ph
496,955,10,0,physics.soc-ph
1986,10858,4,0,physics.soc-ph
412,2780,0,0,physics.soc-ph
241,445,1,0,physics.soc-ph
2114,5274,0,0,physics.soc-ph
3427,6612,4,0,physics.soc-ph
983,1805,2,0,physics.soc-ph
3976,5241,12,0,physics.soc-ph
913,5044,35,0,physics.soc-ph
435,804,15,0,physics.soc-ph
2780,7713,0,0,physics.soc-ph
1291,11748,20,0,physics.soc-ph
3878,7469,0,0,physics.soc-ph
2047,10315,8,0,physics.soc-ph
2146,14257,3,0,physics.soc-ph
7263,9833,0,0,physics.soc-ph
12715,14165,2,0,physics.soc-ph
2441,9833,0,0,physics.soc-ph
9893,12570,2,0,physics.soc-ph
395,3733,12,0,physics.soc-ph
2084,10764,2,0,physics.soc-ph
1746,4618,3,0,physics.soc-ph
3184,7829,9,0,physics.soc-ph
4376,5979,4,0,physics.soc-ph
644,6688,3,0,physics.soc-ph
1949,5700,15,0,physics.soc-ph
874,1399,3,0,physics.soc-ph
1360,3099,14,0,physics.soc-ph
157,3070,2,0,physics.soc-ph
790,1823,8,0,physics.soc-ph
7588,7661,8,0,physics.soc-ph
1865,10581,6,0,physics.soc-ph
3096,3618,16,0,physics.soc-ph
1649,4788,4,0,physics.soc-ph
2639,8892,6,0,physics.soc-ph
1128,7179,0,0,physics.soc-ph
2016,9438,25,0,physics.soc-ph
3794,5753,2,0,physics.soc-ph
1456,1876,5,0,physics.soc-ph
1986,10983,6,0,physics.soc-ph
264,1987,0,0,physics.soc-ph
2172,4703,12,0,physics.soc-ph
4099,12670,1,0,physics.soc-ph
2476,12186,6,0,physics.soc-ph
2516,6053,0,0,physics.soc-ph
2329,8469,5,0,physics.soc-ph
2417,5055,8,0,physics.soc-ph
2236,2490,9,0,physics.soc-ph
8255,9175,2,0,physics.soc-ph
3910,4099,4,0,physics.soc-ph
3399,10485,2,0,physics.soc-ph
6061,13101,1,0,physics.soc-ph
774,11762,2,0,physics.soc-ph
464,1087,0,0,physics.soc-ph
601,7499,1,0,physics.soc-ph
209,11572,45,0,physics.soc-ph
946,14327,6,0,physics.soc-ph
1696,14020,0,0,physics.soc-ph
2167,9175,2,0,physics.soc-ph
5752,8348,6,0,physics.soc-ph
1020,3766,4,0,physics.soc-ph
4,2032,6,0,physics.soc-ph
2083,12061,1,0,physics.soc-ph
1089,6782,12,0,physics.soc-ph
10147,11393,2,0,physics.soc-ph
1087,3038,16,0,physics.soc-ph
151,5995,0,0,physics.soc-ph
10583,12570,5,0,physics.soc-ph
3345,11129,2,0,physics.soc-ph
9358,13960,8,0,physics.soc-ph
1090,5700,12,0,physics.soc-ph
3763,6138,12,0,physics.soc-ph
1569,10820,14,0,physics.soc-ph
1087,13520,4,0,physics.soc-ph
1457,1948,0,0,physics.soc-ph
693,9298,4,0,physics.soc-ph
6993,9293,1,0,physics.soc-ph
2684,9671,14,0,physics.soc-ph
787,8798,5,0,physics.soc-ph
6643,7710,6,0,physics.soc-ph
5871,9863,2,0,physics.soc-ph
7136,13897,3,0,physics.soc-ph
2275,14374,1,0,physics.soc-ph
1286,9668,4,0,physics.soc-ph
1315,12355,6,0,physics.soc-ph
3786,14119,1,0,physics.soc-ph
2433,7321,1,0,physics.soc-ph
574,8317,3,0,physics.soc-ph
295,4790,4,0,physics.soc-ph
2146,9906,6,0,physics.soc-ph
693,5245,6,0,physics.soc-ph
9541,11407,3,0,physics.soc-ph
1913,14241,0,0,physics.soc-ph
2326,7469,4,0,physics.soc-ph
2331,5750,10,0,physics.soc-ph
10315,11704,2,0,physics.soc-ph
1696,5752,0,0,physics.soc-ph
13198,14001,0,0,physics.soc-ph
3576,10489,1,0,physics.soc-ph
6893,11407,0,0,physics.soc-ph
131,257,10,0,physics.soc-ph
432,11207,0,0,physics.soc-ph
2454,12767,7,0,physics.soc-ph
2116,7277,36,0,physics.soc-ph
1569,3352,0,0,physics.soc-ph
3677,6376,12,0,physics.soc-ph
1291,3097,15,0,physics.soc-ph
446,6797,12,0,physics.soc-ph
9228,13301,3,0,physics.soc-ph
1996,9292,36,0,physics.soc-ph
6687,7658,12,0,physics.soc-ph
4365,4772,4,0,physics.soc-ph
317,4715,0,0,physics.soc-ph
8350,9505,6,0,physics.soc-ph
4444,13943,4,0,physics.soc-ph
6256,7319,6,0,physics.soc-ph
543,5274,0,0,physics.soc-ph
6860,7177,2,0,physics.soc-ph
4319,14366,2,0,physics.soc-ph
1901,8892,16,0,physics.soc-ph
338,8795,6,0,physics.soc-ph
2347,10147,2,0,physics.soc-ph
6892,8795,3,0,physics.soc-ph
555,3060,3,0,physics.soc-ph
689,7588,1,0,physics.soc-ph
2199,6376,12,0,physics.soc-ph
5353,13930,0,0,physics.soc-ph
270,5389,14,0,physics.soc-ph
4070,8935,2,0,physics.soc-ph
2235,2613,0,0,physics.soc-ph
1746,7675,9,0,physics.soc-ph
438,4564,1,0,physics.soc-ph
4071,10575,8,0,physics.soc-ph
729,13923,11,0,physics.soc-ph
6859,10487,2,0,physics.soc-ph
2013,3607,6,0,physics.soc-ph
157,2079,2,0,physics.soc-ph
6214,7815,8,0,physics.soc-ph
1238,5398,5,0,physics.soc-ph
240,5240,0,0,physics.soc-ph
4809,10271,6,0,physics.soc-ph
9444,12785,36,0,physics.soc-ph
2016,3617,15,0,physics.soc-ph
2965,11741,8,0,physics.soc-ph
494,9293,2,0,physics.soc-ph
10764,11129,2,0,physics.soc-ph
2780,7674,0,0,physics.soc-ph
2606,4251,6,0,physics.soc-ph
1474,6479,3,0,physics.soc-ph
215,5686,2,0,physics.soc-ph
9862,10274,2,0,physics.soc-ph
5929,7287,8,0,physics.soc-ph
1290,1374,0,0,physics.soc-ph
3907,11356,3,0,physics.soc-ph
5244,8096,20,0,physics.soc-ph
3890,10131,0,0,physics.soc-ph
497,5139,3,0,physics.soc-ph
481,8065,0,0,physics.soc-ph
787,6024,5,0,physics.soc-ph
7781,11571,36,0,physics.soc-ph
3751,14482,1,0,physics.soc-ph
578,1173,12,0,physics.soc-ph
1854,7468,2,0,physics.soc-ph
1290,1913,0,0,physics.soc-ph
6377,8767,4,0,physics.soc-ph
372,13137,2,0,physics.soc-ph
3615,4535,5,0,physics.soc-ph
5449,8348,8,0,physics.soc-ph
1617,1880,10,0,physics.soc-ph
6600,10581,6,0,physics.soc-ph
1996,2331,60,0,physics.soc-ph
8892,11647,2,0,physics.soc-ph
1900,11659,2,0,physics.soc-ph
784,11351,12,0,physics.soc-ph
1654,1813,2,0,physics.soc-ph
4118,4472,0,0,physics.soc-ph
1878,5978,4,0,physics.soc-ph
2048,2606,6,0,physics.soc-ph
8469,8795,3,0,physics.soc-ph
317,5167,7,0,physics.soc-ph
2501,14108,12,0,physics.soc-ph
338,3829,6,0,physics.soc-ph
434,2454,3,0,physics.soc-ph
1239,8242,0,0,physics.soc-ph
3544,10639,4,0,physics.soc-ph
3746,4703,2,0,physics.soc-ph
7827,14251,2,0,physics.soc-ph
555,5498,3,0,physics.soc-ph
473,4394,6,0,physics.soc-ph
120,5924,6,0,physics.soc-ph
4873,11203,1,0,physics.soc-ph
6262,11111,6,0,physics.soc-ph
557,1760,4,0,physics.soc-ph
1709,11546,3,0,physics.soc-ph
8349,13932,6,0,physics.soc-ph
2048,8370,6,0,physics.soc-ph
1097,2537,8,0,physics.soc-ph
2110,2167,6,0,physics.soc-ph
1609,2321,0,0,physics.soc-ph
1948,5143,12,0,physics.soc-ph
5125,14001,3,0,physics.soc-ph
6263,13574,10,0,physics.soc-ph
8851,9358,4,0,physics.soc-ph
1747,11505,4,0,physics.soc-ph
6088,7562,16,0,physics.soc-ph
14090,14093,21,1,physics.data-an
1291,466,108,1,physics.data-an
37,2822,180,1,physics.data-an
218,7790,135,1,physics.data-an
543,2634,156,1,physics.data-an
424,1611,40,1,physics.data-an
2822,10481,24,1,physics.data-an
8678,8679,9,1,physics.data-an
42,931,133,1,physics.data-an
2446,10673,108,1,physics.data-an
677,14117,3,1,physics.data-an
9275,9717,10,1,physics.data-an
1248,7503,189,1,physics.data-an
6711,6713,15,1,physics.data-an
5674,8204,10,1,physics.data-an
6894,7710,30,1,physics.data-an
2208,2967,3,1,physics.data-an
2808,3886,0,1,physics.data-an
1746,11718,8,1,physics.data-an
6714,6718,20,1,physics.data-an
7228,7230,5,1,physics.data-an
479,484,265,1,physics.data-an
5268,9308,20,1,physics.data-an
93,3533,88,1,physics.data-an
506,505,300,1,physics.data-an
4808,2479,52,1,physics.data-an
4897,4898,4,1,physics.data-an
597,869,30,1,physics.data-an
10147,11616,440,1,physics.data-an
2848,2851,63,1,physics.data-an
12479,14021,0,1,physics.data-an
716,2570,156,1,physics.data-an
4453,4455,15,1,physics.data-an
479,6551,318,1,physics.data-an
6090,6091,2,1,physics.data-an
9427,9429,9,1,physics.data-an
2242,492,44,1,physics.data-an
782,4320,224,1,physics.data-an
455,10090,38,1,physics.data-an
11614,11619,506,1,physics.data-an
975,10662,144,1,physics.data-an
2172,4031,28,1,physics.data-an
243,244,16,1,physics.data-an
1808,8694,42,1,physics.data-an
468,10273,9,1,physics.data-an
1141,7125,90,1,physics.data-an
4316,5847,4,1,physics.data-an
2007,9728,8,1,physics.data-an
7492,8941,26,1,physics.data-an
1642,8264,10,1,physics.data-an
507,505,495,1,physics.data-an
754,1809,60,1,physics.data-an
107,7789,52,1,physics.data-an
2836,2357,32,1,physics.data-an
434,435,102,1,physics.data-an
111,720,168,1,physics.data-an
1336,1337,2,1,physics.data-an
280,11268,1,1,physics.data-an
3556,3557,6,1,physics.data-an
1548,14234,24,1,physics.data-an
3460,7964,10,1,physics.data-an
1942,8241,12,1,physics.data-an
7458,8800,4,1,physics.data-an
2223,1549,165,1,physics.data-an
5304,5305,72,1,physics.data-an
88,1808,63,1,physics.data-an
7842,458,2,1,physics.data-an
11614,11627,483,1,physics.data-an
270,2057,240,1,physics.data-an
3743,9020,36,1,physics.data-an
8978,8979,0,1,physics.data-an
397,5867,210,1,physics.data-an
5309,5314,64,1,physics.data-an
7038,7039,0,1,physics.data-an
1156,1157,0,1,physics.data-an
12117,12119,1,1,physics.data-an
5761,13687,40,1,physics.data-an
3961,12088,4,1,physics.data-an
1562,4465,2,1,physics.data-an
4160,4161,10,1,physics.data-an
677,679,9,1,physics.data-an
11181,11182,4,1,physics.data-an
7218,7245,36,1,physics.data-an
5414,6776,40,1,physics.data-an
4166,3387,44,1,physics.data-an
5886,5888,28,1,physics.data-an
105,4125,63,1,physics.data-an
11075,11077,2,1,physics.data-an
320,9147,32,1,physics.data-an
45,3836,100,1,physics.data-an
159,4125,36,1,physics.data-an
9603,9604,16,1,physics.data-an
1168,9903,0,1,physics.data-an
999,1001,2,1,physics.data-an
9810,9812,0,1,physics.data-an
3670,7333,98,1,physics.data-an
12151,12152,2,1,physics.data-an
978,5888,119,1,physics.data-an
4048,4049,1,1,physics.data-an
172,13275,450,1,physics.data-an
6150,6154,12,1,physics.data-an
9201,9207,210,1,physics.data-an
5403,5407,6,1,physics.data-an
11508,11509,6,1,physics.data-an
480,1319,312,1,physics.data-an
5400,6387,6,1,physics.data-an
11611,11633,483,1,physics.data-an
808,605,150,1,physics.data-an
874,9396,96,1,physics.data-an
3202,3199,16,1,physics.data-an
1211,9872,130,1,physics.data-an
1470,1471,1,1,physics.data-an
1291,1359,18,1,physics.data-an
842,2042,0,1,physics.data-an
7011,7289,40,1,physics.data-an
4263,10526,10,1,physics.data-an
5551,5623,28,1,physics.data-an
7881,7882,15,1,physics.data-an
1500,9049,2,1,physics.data-an
3813,10558,2,1,physics.data-an
8156,9196,198,1,physics.data-an
2063,5682,9,1,physics.data-an
2124,2126,6,1,physics.data-an
220,12818,90,1,physics.data-an
3202,11591,24,1,physics.data-an
2232,9618,2,1,physics.data-an
2190,2193,9,1,physics.data-an
1605,2447,45,1,physics.data-an
10275,10277,6,1,physics.data-an
1067,1069,66,1,physics.data-an
51,9199,275,1,physics.data-an
9186,9187,20,1,physics.data-an
511,6745,9,1,physics.data-an
9195,9202,238,1,physics.data-an
721,945,15,1,physics.data-an
480,457,195,1,physics.data-an
4106,9058,16,1,physics.data-an
5304,5308,81,1,physics.data-an
5806,7383,12,1,physics.data-an
3024,9141,12,1,physics.data-an
3666,3667,1,1,physics.data-an
1765,1838,6,1,physics.data-an
2314,8037,120,1,physics.data-an
8156,9255,66,1,physics.data-an
5215,3284,360,1,physics.data-an
4583,5387,16,1,physics.data-an
219,1851,132,1,physics.data-an
605,5760,70,1,physics.data-an
7491,8941,20,1,physics.data-an
9988,9989,0,1,physics.data-an
9059,9061,0,1,physics.data-an
3328,7861,7,1,physics.data-an
1953,5348,26,1,physics.data-an
6355,8386,4,1,physics.data-an
5215,12028,36,1,physics.data-an
8006,8010,80,1,physics.data-an
925,926,5,1,physics.data-an
4355,8840,3,1,physics.data-an
81,14166,24,1,physics.data-an
5256,5258,36,1,physics.data-an
8655,9148,28,1,physics.data-an
1034,874,576,1,physics.data-an
7338,7333,63,1,physics.data-an
6267,551,77,1,physics.data-an
978,7860,34,1,physics.data-an
8025,9101,0,1,physics.data-an
557,2907,8,1,physics.data-an
14,1412,10,1,physics.data-an
869,9422,40,1,physics.data-an
394,6894,80,1,physics.data-an
5975,14073,40,1,physics.data-an
480,484,195,1,physics.data-an
562,564,20,1,physics.data-an
938,1213,170,1,physics.data-an
11943,12101,8,1,physics.data-an
4375,5681,0,1,physics.data-an
5683,9771,18,1,physics.data-an
3482,4605,91,1,physics.data-an
1302,480,468,1,physics.data-an
168,165,3,1,physics.data-an
4498,9197,224,1,physics.data-an
1617,6770,72,1,physics.data-an
4533,8512,4,1,physics.data-an
1116,7564,33,1,physics.data-an
1141,9135,15,1,physics.data-an
300,2279,144,1,physics.data-an
11226,11227,20,1,physics.data-an
287,3782,77,1,physics.data-an
2579,1824,6,1,physics.data-an
1825,1826,4,1,physics.data-an
14005,14007,12,1,physics.data-an
3609,6783,21,1,physics.data-an
4241,4242,3,1,physics.data-an
1045,4851,0,1,physics.data-an
1249,8241,24,1,physics.data-an
2072,13208,20,1,physics.data-an
6713,6717,24,1,physics.data-an
11195,11197,10,1,physics.data-an
7492,8026,13,1,physics.data-an
3604,3341,80,1,physics.data-an
9484,11256,60,1,physics.data-an
2754,10456,24,1,physics.data-an
9830,9831,4,1,physics.data-an
730,2838,12,1,physics.data-an
9902,9903,0,1,physics.data-an
4996,4997,16,1,physics.data-an
1302,481,552,1,physics.data-an
8624,8625,0,1,physics.data-an
149,711,96,1,physics.data-an
11388,11389,12,1,physics.data-an
172,3382,180,1,physics.data-an
6916,9988,0,1,physics.data-an
6079,6081,4,1,physics.data-an
3648,3649,9,1,physics.data-an
4663,6298,48,1,physics.data-an
11622,11626,336,1,physics.data-an
4427,8548,0,1,physics.data-an
14,3454,160,1,physics.data-an
5869,11629,437,1,physics.data-an
2314,6520,30,1,physics.data-an
11620,11634,437,1,physics.data-an
4605,7480,28,1,physics.data-an
481,4554,230,1,physics.data-an
7289,7293,16,1,physics.data-an
807,4089,352,1,physics.data-an
1942,8240,30,1,physics.data-an
1291,1599,180,1,physics.data-an
6077,6981,6,1,physics.data-an
6245,6249,35,1,physics.data-an
14012,14014,16,1,physics.data-an
2917,8477,99,1,physics.data-an
5084,5085,0,1,physics.data-an
1112,1232,15,1,physics.data-an
395,9576,102,1,physics.data-an
718,719,160,1,physics.data-an
73,8315,3,1,physics.data-an
7523,7524,1,1,physics.data-an
3354,914,33,1,physics.data-an
207,14087,27,1,physics.data-an
4267,8563,20,1,physics.data-an
3646,9912,30,1,physics.data-an
2976,2997,16,1,physics.data-an
1193,10685,30,1,physics.data-an
83,2280,0,1,physics.data-an
87,2125,12,1,physics.data-an
2120,6352,22,1,physics.data-an
5312,5313,90,1,physics.data-an
4339,4342,6,1,physics.data-an
2438,3798,0,1,physics.data-an
11610,11634,506,1,physics.data-an
6238,6239,0,1,physics.data-an
4685,6127,10,1,physics.data-an
1362,5621,36,1,physics.data-an
6654,6655,0,1,physics.data-an
9552,9553,4,1,physics.data-an
3382,3384,10,1,physics.data-an
37,1710,270,1,physics.data-an
1487,1489,6,1,physics.data-an
9550,9554,6,1,physics.data-an
8156,8157,44,1,physics.data-an
2797,14,170,1,physics.data-an
12016,12017,9,1,physics.data-an
481,5965,138,1,physics.data-an
20,6969,2,1,physics.data-an
564,793,5,1,physics.data-an
6551,9596,42,1,physics.data-an
4240,4244,18,1,physics.data-an
46,47,390,1,physics.data-an
9403,9717,16,1,physics.data-an
5304,5311,72,1,physics.data-an
10419,11301,10,1,physics.data-an
82,84,27,1,physics.data-an
2265,2266,5,1,physics.data-an
54,634,576,1,physics.data-an
4147,4148,2,1,physics.data-an
8680,8686,15,1,physics.data-an
2577,4061,117,1,physics.data-an
3884,3885,0,1,physics.data-an
14,1144,20,1,physics.data-an
45,6676,60,1,physics.data-an
172,860,360,1,physics.data-an
9266,14141,12,1,physics.data-an
804,7312,76,1,physics.data-an
11067,11070,90,1,physics.data-an
1968,10304,14,1,physics.data-an
3604,3606,90,1,physics.data-an
3092,3094,6,1,physics.data-an
218,7791,360,1,physics.data-an
6226,6227,8,1,physics.data-an
209,1116,319,1,physics.data-an
5141,5695,15,1,physics.data-an
7194,9255,24,1,physics.data-an
83,8806,427,1,physics.data-an
4676,4677,3,1,physics.data-an
4663,4665,108,1,physics.data-an
11611,10147,506,1,physics.data-an
6709,6718,25,1,physics.data-an
172,9722,270,1,physics.data-an
3579,9203,210,1,physics.data-an
1230,434,374,1,physics.data-an
1001,6576,2,1,physics.data-an
764,2340,21,1,physics.data-an
11610,11631,484,1,physics.data-an
782,2367,896,1,physics.data-an
2046,5309,136,1,physics.data-an
4062,4063,0,1,physics.data-an
551,10594,0,1,physics.data-an
7218,7246,48,1,physics.data-an
3375,447,7,1,physics.data-an
5307,5316,32,1,physics.data-an
251,6475,60,1,physics.data-an
2225,9333,69,1,physics.data-an
303,8031,4,1,physics.data-an
252,39,370,1,physics.data-an
1817,4337,0,1,physics.data-an
5083,10052,36,1,physics.data-an
72,2680,108,1,physics.data-an
762,13678,15,1,physics.data-an
6685,4515,15,1,physics.data-an
1425,6551,72,1,physics.data-an
4557,4560,30,1,physics.data-an
172,13115,540,1,physics.data-an
913,317,68,1,physics.data-an
7730,7982,0,1,physics.data-an
564,565,35,1,physics.data-an
5307,5309,32,1,physics.data-an
419,3024,12,1,physics.data-an
5600,5601,6,1,physics.data-an
7433,7434,12,1,physics.data-an
684,11257,182,1,physics.data-an
638,839,2,1,physics.data-an
710,2255,18,1,physics.data-an
2805,9082,72,1,physics.data-an
2256,5445,15,1,physics.data-an
4547,8823,120,1,physics.data-an
11806,11807,1,1,physics.data-an
873,1856,18,1,physics.data-an
874,1291,432,1,physics.data-an
68,874,360,1,physics.data-an
2935,2933,10,1,physics.data-an
11227,11231,20,1,physics.data-an
7020,7508,9,1,physics.data-an
3258,6361,0,1,physics.data-an
1318,4165,88,1,physics.data-an
1282,1283,0,1,physics.data-an
9199,9200,132,1,physics.data-an
14089,14092,28,1,physics.data-an
8307,8311,12,1,physics.data-an
10324,10325,0,1,physics.data-an
721,10007,10,1,physics.data-an
1196,10684,42,1,physics.data-an
1881,2908,60,1,physics.data-an
1145,1519,54,1,physics.data-an
2822,809,144,1,physics.data-an
683,3512,102,1,physics.data-an
90,64,22,1,physics.data-an
3016,7026,50,1,physics.data-an
4131,4132,12,1,physics.data-an
7763,10681,28,1,physics.data-an
3200,3204,9,1,physics.data-an
4193,10002,4,1,physics.data-an
48,40,168,1,physics.data-an
2507,2509,4,1,physics.data-an
9552,9554,4,1,physics.data-an
684,11886,104,1,physics.data-an
2120,5288,33,1,physics.data-an
573,6435,0,1,physics.data-an
5510,5512,0,1,physics.data-an
5075,5077,4,1,physics.data-an
395,3202,272,1,physics.data-an
8984,8986,8,1,physics.data-an
2676,4132,30,1,physics.data-an
9913,9914,0,1,physics.data-an
83,14166,122,1,physics.data-an
941,2255,30,1,physics.data-an
5083,7019,48,1,physics.data-an
1161,11155,112,1,physics.data-an
2311,2310,2,1,physics.data-an
6847,6848,1,1,physics.data-an
1451,1454,6,1,physics.data-an
14167,14168,0,1,physics.data-an
869,8452,20,1,physics.data-an
970,971,0,1,physics.data-an
7949,4373,45,1,physics.data-an
38,1743,76,1,physics.data-an
632,6309,24,1,physics.data-an
804,2045,209,1,physics.data-an
7949,8296,9,1,physics.data-an
1621,1150,630,1,physics.data-an
592,6525,116,1,physics.data-an
1587,5427,198,1,physics.data-an
4211,4212,6,1,physics.data-an
266,268,3,1,physics.data-an
7778,10743,0,1,physics.data-an
949,6567,0,1,physics.data-an
5882,5883,2,1,physics.data-an
220,4663,216,1,physics.data-an
2108,484,75,1,physics.data-an
6102,8353,3,1,physics.data-an
4381,7791,64,1,physics.data-an
7964,7965,6,1,physics.data-an
6625,9813,9,1,physics.data-an
243,248,16,1,physics.data-an
7711,7712,25,1,physics.data-an
416,4371,50,1,physics.data-an
3493,10895,6,1,physics.data-an
6364,6365,2,1,physics.data-an
318,319,0,1,physics.data-an
11629,11633,399,1,physics.data-an
3240,5805,44,1,physics.data-an
5586,5587,9,1,physics.data-an
4994,4998,15,1,physics.data-an
432,4628,13,1,physics.data-an
1809,14114,30,1,physics.data-an
660,11195,22,1,physics.data-an
300,958,744,1,physics.data-an
4279,4283,15,1,physics.data-an
941,7865,60,1,physics.data-an
1022,12757,8,1,physics.data-an
1817,2993,125,1,physics.data-an
5996,6196,49,1,physics.data-an
9403,9275,40,1,physics.data-an
5822,5823,2,1,physics.data-an
6470,6471,0,1,physics.data-an
451,10172,11,1,physics.data-an
144,8494,48,1,physics.data-an
8156,8155,44,1,physics.data-an
8477,8684,9,1,physics.data-an
4342,4343,4,1,physics.data-an
4557,4558,35,1,physics.data-an
5867,7157,56,1,physics.data-an
1141,3292,15,1,physics.data-an
6624,14178,21,1,physics.data-an
2507,8089,4,1,physics.data-an
2442,8688,6,1,physics.data-an
1599,7710,60,1,physics.data-an
718,4124,16,1,physics.data-an
481,2799,506,1,physics.data-an
5363,7792,0,1,physics.data-an
6288,11740,0,1,physics.data-an
6789,12189,30,1,physics.data-an
10099,10155,16,1,physics.data-an
3579,9197,196,1,physics.data-an
2062,9677,45,1,physics.data-an
3245,3246,8,1,physics.data-an
1407,8931,16,1,physics.data-an
11622,11634,368,1,physics.data-an
4596,6302,3,1,physics.data-an
2994,2996,12,1,physics.data-an
5415,5446,25,1,physics.data-an
8024,8025,18,1,physics.data-an
1484,90,330,1,physics.data-an
716,6789,260,1,physics.data-an
734,4931,3,1,physics.data-an
1161,11154,48,1,physics.data-an
9296,9297,0,1,physics.data-an
2045,9472,11,1,physics.data-an
4665,4949,27,1,physics.data-an
6540,6541,1,1,physics.data-an
1141,1350,180,1,physics.data-an
2120,2122,22,1,physics.data-an
11804,11805,0,1,physics.data-an
2394,2393,42,1,physics.data-an
8738,8739,4,1,physics.data-an
4309,4310,0,1,physics.data-an
716,2074,182,1,physics.data-an
4419,4675,5,1,physics.data-an
3206,9015,0,1,physics.data-an
54,2844,128,1,physics.data-an
11155,11156,21,1,physics.data-an
10619,10623,6,1,physics.data-an
6489,6491,16,1,physics.data-an
807,4837,256,1,physics.data-an
543,4629,273,1,physics.data-an
6731,6732,6,1,physics.data-an
866,4472,85,1,physics.data-an
7276,10661,48,1,physics.data-an
1381,1691,12,1,physics.data-an
782,2234,64,1,physics.data-an
4019,11920,0,1,physics.data-an
1019,5699,12,1,physics.data-an
11609,11618,418,1,physics.data-an
387,1020,40,1,physics.data-an
9299,9304,56,1,physics.data-an
260,481,1702,1,physics.data-an
2791,2792,2,1,physics.data-an
2004,2003,14,1,physics.data-an
83,9203,915,1,physics.data-an
2273,2274,0,1,physics.data-an
985,6353,7,1,physics.data-an
300,83,1464,1,physics.data-an
4850,4851,0,1,physics.data-an
7494,8024,12,1,physics.data-an
540,1790,8,1,physics.data-an
5908,5909,3,1,physics.data-an
4554,4558,35,1,physics.data-an
9173,11068,81,1,physics.data-an
6861,11075,2,1,physics.data-an
5442,10656,9,1,physics.data-an
4280,4282,24,1,physics.data-an
4165,7323,8,1,physics.data-an
1903,4410,12,1,physics.data-an
416,8241,50,1,physics.data-an
1967,4218,55,1,physics.data-an
1150,1362,420,1,physics.data-an
2686,14004,16,1,physics.data-an
269,99,180,1,physics.data-an
1587,11769,36,1,physics.data-an
666,2711,14,1,physics.data-an
11618,11633,462,1,physics.data-an
2308,2309,0,1,physics.data-an
11156,14069,9,1,physics.data-an
8694,7791,48,1,physics.data-an
4972,9736,4,1,physics.data-an
578,5612,306,1,physics.data-an
2289,10490,18,1,physics.data-an
4778,4779,0,1,physics.data-an
5414,5446,25,1,physics.data-an
4293,5356,32,1,physics.data-an
269,83,1830,1,physics.data-an
11613,11631,418,1,physics.data-an
7879,7881,12,1,physics.data-an
11245,11247,2,1,physics.data-an
4745,4747,1,1,physics.data-an
7878,7882,30,1,physics.data-an
11614,11632,414,1,physics.data-an
9403,14141,16,1,physics.data-an
61,1027,374,1,physics.data-an
13187,14004,10,1,physics.data-an
5869,11627,483,1,physics.data-an
5888,11004,14,1,physics.data-an
1034,83,1464,1,physics.data-an
159,5081,12,1,physics.data-an
698,703,68,1,physics.data-an
172,78,450,1,physics.data-an
2214,4332,8,1,physics.data-an
2960,2961,0,1,physics.data-an
872,875,12,1,physics.data-an
4089,1291,198,1,physics.data-an
1849,6400,15,1,physics.data-an
2798,2799,110,1,physics.data-an
11622,11624,336,1,physics.data-an
11224,11231,16,1,physics.data-an
7335,7341,90,1,physics.data-an
1817,3283,25,1,physics.data-an
2738,4356,6,1,physics.data-an
4053,4054,0,1,physics.data-an
4262,5132,12,1,physics.data-an
6669,6670,1,1,physics.data-an
8023,8024,15,1,physics.data-an
2485,5839,18,1,physics.data-an
72,5705,36,1,physics.data-an
4625,4626,4,1,physics.data-an
479,5309,424,1,physics.data-an
683,11174,34,1,physics.data-an
1618,1803,39,1,physics.data-an
1199,1200,1,1,physics.data-an
10651,10653,0,1,physics.data-an
591,1967,451,1,physics.data-an
6873,6874,4,1,physics.data-an
857,6693,8,1,physics.data-an
6,8053,90,1,physics.data-an
3477,5105,9,1,physics.data-an
5235,945,15,1,physics.data-an
4263,10527,15,1,physics.data-an
2025,3041,24,1,physics.data-an
1150,4560,210,1,physics.data-an
1410,10005,0,1,physics.data-an
407,5084,0,1,physics.data-an
6157,9830,8,1,physics.data-an
3557,3559,6,1,physics.data-an
6279,3856,80,1,physics.data-an
10335,10337,2,1,physics.data-an
578,874,1224,1,physics.data-an
1078,1077,24,1,physics.data-an
7490,7491,10,1,physics.data-an
7143,7144,16,1,physics.data-an
1445,5676,25,1,physics.data-an
218,562,180,1,physics.data-an
1511,14007,9,1,physics.data-an
1150,3387,140,1,physics.data-an
7724,9142,12,1,physics.data-an
1425,7943,120,1,physics.data-an
1765,2632,60,1,physics.data-an
3915,10521,5,1,physics.data-an
2070,5632,0,1,physics.data-an
2577,7791,104,1,physics.data-an
11616,11630,420,1,physics.data-an
481,8105,138,1,physics.data-an
1121,6194,35,1,physics.data-an
4493,14156,0,1,physics.data-an
2214,4949,6,1,physics.data-an
263,9418,0,1,physics.data-an
83,11606,366,1,physics.data-an
792,793,3,1,physics.data-an
715,11630,861,1,physics.data-an
2242,2873,220,1,physics.data-an
5148,5356,32,1,physics.data-an
1558,6175,8,1,physics.data-an
3197,3204,27,1,physics.data-an
51,9952,25,1,physics.data-an
3284,9722,90,1,physics.data-an
8145,8343,0,1,physics.data-an
5626,5628,1,1,physics.data-an
317,726,119,1,physics.data-an
1248,1249,324,1,physics.data-an
452,2641,150,1,physics.data-an
11296,11373,20,1,physics.data-an
3850,7743,3,1,physics.data-an
7763,10685,42,1,physics.data-an
2674,2675,24,1,physics.data-an
6073,6074,9,1,physics.data-an
2924,2928,4,1,physics.data-an
7959,7961,3,1,physics.data-an
1116,1334,11,1,physics.data-an
7011,12800,20,1,physics.data-an
209,4608,58,1,physics.data-an
8554,8556,0,1,physics.data-an
466,2075,0,1,physics.data-an
1952,3432,15,1,physics.data-an
6059,6060,21,1,physics.data-an
448,14019,4,1,physics.data-an
9365,9367,6,1,physics.data-an
9196,9209,135,1,physics.data-an
1150,8562,175,1,physics.data-an
9963,9964,1,1,physics.data-an
1952,3431,15,1,physics.data-an
8148,8150,16,1,physics.data-an
481,2041,138,1,physics.data-an
7197,9570,2,1,physics.data-an
2071,304,42,1,physics.data-an
1621,481,828,1,physics.data-an
7276,9187,48,1,physics.data-an
1190,11823,4,1,physics.data-an
5222,5226,12,1,physics.data-an
1241,2400,18,1,physics.data-an
6157,9831,8,1,physics.data-an
599,1184,4,1,physics.data-an
3533,8783,22,1,physics.data-an
1484,7125,90,1,physics.data-an
5232,11863,10,1,physics.data-an
9134,9135,6,1,physics.data-an
11066,11069,120,1,physics.data-an
3228,3229,0,1,physics.data-an
2917,3581,0,1,physics.data-an
7904,8037,16,1,physics.data-an
8524,14012,16,1,physics.data-an
1851,8470,24,1,physics.data-an
9082,11758,9,1,physics.data-an
2510,2514,4,1,physics.data-an
11064,11068,81,1,physics.data-an
1549,3292,11,1,physics.data-an
3743,9051,54,1,physics.data-an
4481,3543,96,1,physics.data-an
608,2857,2,1,physics.data-an
4181,7080,2,1,physics.data-an
11655,11656,2,1,physics.data-an
10099,10683,56,1,physics.data-an
1188,1189,8,1,physics.data-an
479,1309,318,1,physics.data-an
111,1862,98,1,physics.data-an
480,5919,234,1,physics.data-an
2848,3860,35,1,physics.data-an
87,2126,8,1,physics.data-an
507,720,396,1,physics.data-an
868,1642,135,1,physics.data-an
7960,10681,32,1,physics.data-an
573,6737,46,1,physics.data-an
1744,1747,20,1,physics.data-an
1072,1130,160,1,physics.data-an
4193,9254,20,1,physics.data-an
7175,9365,6,1,physics.data-an
10104,10105,0,1,physics.data-an
228,229,5,1,physics.data-an
718,2085,96,1,physics.data-an
5483,1572,56,1,physics.data-an
7864,7868,25,1,physics.data-an
6625,14178,27,1,physics.data-an
985,2122,14,1,physics.data-an
1808,3803,14,1,physics.data-an
6745,6750,12,1,physics.data-an
7218,10673,48,1,physics.data-an
251,7026,150,1,physics.data-an
2057,11460,16,1,physics.data-an
2687,2688,6,1,physics.data-an
9201,9209,210,1,physics.data-an
2367,1034,672,1,physics.data-an
83,4402,61,1,physics.data-an
3664,3667,3,1,physics.data-an
44,2387,3,1,physics.data-an
481,2024,230,1,physics.data-an
5114,5115,0,1,physics.data-an
8006,8011,72,1,physics.data-an
2935,12114,15,1,physics.data-an
3454,6633,96,1,physics.data-an
8663,11616,380,1,physics.data-an
1953,11943,26,1,physics.data-an
105,9736,21,1,physics.data-an
729,1967,297,1,physics.data-an
7195,9569,6,1,physics.data-an
214,213,24,1,physics.data-an
8156,7196,154,1,physics.data-an
6711,6708,15,1,physics.data-an
4420,4421,8,1,physics.data-an
5952,7770,18,1,physics.data-an
4016,4017,8,1,physics.data-an
83,5651,122,1,physics.data-an
3782,8684,7,1,physics.data-an
149,1198,16,1,physics.data-an
1819,7378,14,1,physics.data-an
1660,5073,216,1,physics.data-an
96,7860,70,1,physics.data-an
1034,578,1224,1,physics.data-an
3512,8911,54,1,physics.data-an
10017,10018,0,1,physics.data-an
54,166,640,1,physics.data-an
3278,14053,60,1,physics.data-an
1549,4373,55,1,physics.data-an
218,4663,540,1,physics.data-an
3554,8696,1,1,physics.data-an
6393,6394,0,1,physics.data-an
172,2214,180,1,physics.data-an
941,14077,10,1,physics.data-an
481,483,184,1,physics.data-an
5428,5429,3,1,physics.data-an
6649,6653,6,1,physics.data-an
8110,8112,0,1,physics.data-an
4194,10002,9,1,physics.data-an
9187,9189,28,1,physics.data-an
450,1291,324,1,physics.data-an
6,1067,660,1,physics.data-an
6587,10458,2,1,physics.data-an
1262,8510,0,1,physics.data-an
791,14179,8,1,physics.data-an
199,5809,48,1,physics.data-an
10842,13315,60,1,physics.data-an
684,4763,52,1,physics.data-an
152,8473,14,1,physics.data-an
1168,3383,36,1,physics.data-an
394,6191,80,1,physics.data-an
6469,6470,0,1,physics.data-an
2020,2022,3,1,physics.data-an
4547,4544,36,1,physics.data-an
683,3811,153,1,physics.data-an
11620,11627,399,1,physics.data-an
7970,7971,0,1,physics.data-an
5562,11855,0,1,physics.data-an
3640,1680,72,1,physics.data-an
6060,3017,28,1,physics.data-an
578,860,204,1,physics.data-an
7710,8220,0,1,physics.data-an
220,407,450,1,physics.data-an
1328,7518,32,1,physics.data-an
5304,5306,72,1,physics.data-an
6618,6619,0,1,physics.data-an
9533,9534,4,1,physics.data-an
5307,5308,36,1,physics.data-an
4829,8930,4,1,physics.data-an
11803,11805,0,1,physics.data-an
766,763,40,1,physics.data-an
3483,11863,12,1,physics.data-an
1751,12056,0,1,physics.data-an
4240,2274,0,1,physics.data-an
1896,1897,20,1,physics.data-an
5510,5513,1,1,physics.data-an
12133,12178,2,1,physics.data-an
14080,14082,2,1,physics.data-an
2111,2507,14,1,physics.data-an
507,5258,99,1,physics.data-an
2074,4107,56,1,physics.data-an
479,1606,265,1,physics.data-an
6089,7324,6,1,physics.data-an
12016,12018,9,1,physics.data-an
3821,9625,8,1,physics.data-an
38,1747,95,1,physics.data-an
11617,11625,378,1,physics.data-an
1416,1417,5,1,physics.data-an
8002,8011,90,1,physics.data-an
6744,6750,16,1,physics.data-an
8663,11629,361,1,physics.data-an
45,13680,40,1,physics.data-an
3070,3073,9,1,physics.data-an
3587,3589,9,1,physics.data-an
5464,5465,16,1,physics.data-an
1484,3811,135,1,physics.data-an
3285,5622,91,1,physics.data-an
3284,4859,210,1,physics.data-an
2540,2541,20,1,physics.data-an
10412,10413,12,1,physics.data-an
2485,6240,45,1,physics.data-an
4053,4062,0,1,physics.data-an
297,11726,15,1,physics.data-an
105,9737,63,1,physics.data-an
1580,8325,4,1,physics.data-an
6708,6718,15,1,physics.data-an
11360,11361,15,1,physics.data-an
19,20,22,1,physics.data-an
6894,6878,10,1,physics.data-an
6710,6714,28,1,physics.data-an
428,9173,180,1,physics.data-an
11067,11069,100,1,physics.data-an
7295,7296,0,1,physics.data-an
2072,13115,30,1,physics.data-an
11615,11630,399,1,physics.data-an
2667,14004,14,1,physics.data-an
573,12004,69,1,physics.data-an
11615,11627,399,1,physics.data-an
1484,96,525,1,physics.data-an
2257,9151,12,1,physics.data-an
9358,9359,3,1,physics.data-an
3750,4307,42,1,physics.data-an
5311,5316,64,1,physics.data-an
11101,11102,4,1,physics.data-an
7823,9739,20,1,physics.data-an
3090,3091,6,1,physics.data-an
382,2708,72,1,physics.data-an
1633,2242,66,1,physics.data-an
6756,6758,0,1,physics.data-an
6157,7607,8,1,physics.data-an
2225,9331,69,1,physics.data-an
4558,4560,42,1,physics.data-an
6731,6733,6,1,physics.data-an
2111,9607,35,1,physics.data-an
5256,6776,96,1,physics.data-an
10444,11805,0,1,physics.data-an
7885,4904,16,1,physics.data-an
5510,5511,1,1,physics.data-an
5806,9688,6,1,physics.data-an
6156,5239,18,1,physics.data-an
3750,6439,84,1,physics.data-an
578,2713,51,1,physics.data-an
3239,12160,4,1,physics.data-an
3199,3200,6,1,physics.data-an
5414,7112,20,1,physics.data-an
8024,9101,0,1,physics.data-an
3231,4395,12,1,physics.data-an
1819,1628,84,1,physics.data-an
4596,6619,0,1,physics.data-an
633,2844,38,1,physics.data-an
8040,8041,2,1,physics.data-an
1587,6694,18,1,physics.data-an
17,5387,64,1,physics.data-an
4261,5131,15,1,physics.data-an
2274,5947,0,1,physics.data-an
238,239,0,1,physics.data-an
4573,8044,2,1,physics.data-an
4003,4005,3,1,physics.data-an
96,13390,0,1,physics.data-an
734,4934,3,1,physics.data-an
8149,8151,15,1,physics.data-an
2786,4847,6,1,physics.data-an
507,6104,99,1,physics.data-an
14141,14142,10,1,physics.data-an
11429,11431,1,1,physics.data-an
9223,9226,2,1,physics.data-an
3579,9196,126,1,physics.data-an
385,9016,27,1,physics.data-an
218,407,1125,1,physics.data-an
397,159,180,1,physics.data-an
1117,6401,24,1,physics.data-an
4160,5135,10,1,physics.data-an
251,2394,180,1,physics.data-an
684,1967,286,1,physics.data-an
7666,7667,1,1,physics.data-an
666,12866,7,1,physics.data-an
2208,14152,0,1,physics.data-an
83,1704,427,1,physics.data-an
945,7104,9,1,physics.data-an
591,7943,410,1,physics.data-an
5625,5626,2,1,physics.data-an
218,1385,990,1,physics.data-an
8246,8247,6,1,physics.data-an
6789,6788,40,1,physics.data-an
10555,10557,1,1,physics.data-an
729,805,81,1,physics.data-an
5196,10171,4,1,physics.data-an
6150,6152,16,1,physics.data-an
3198,3200,12,1,physics.data-an
10411,10414,8,1,physics.data-an
432,607,39,1,physics.data-an
3360,11521,3,1,physics.data-an
4263,11440,10,1,physics.data-an
172,9701,540,1,physics.data-an
5867,11987,42,1,physics.data-an
718,8573,48,1,physics.data-an
7173,8518,4,1,physics.data-an
8663,11610,418,1,physics.data-an
1616,7276,96,1,physics.data-an
10671,10673,12,1,physics.data-an
6789,10925,10,1,physics.data-an
4381,3802,72,1,physics.data-an
6246,6247,20,1,physics.data-an
3802,3803,18,1,physics.data-an
4629,8249,7,1,physics.data-an
985,6674,0,1,physics.data-an
2314,9248,270,1,physics.data-an
5974,11857,6,1,physics.data-an
9108,9109,3,1,physics.data-an
6334,8985,21,1,physics.data-an
7763,10682,35,1,physics.data-an
765,14080,5,1,physics.data-an
1642,8265,10,1,physics.data-an
11916,11917,9,1,physics.data-an
17,5389,48,1,physics.data-an
4946,4947,6,1,physics.data-an
172,66,1170,1,physics.data-an
807,808,480,1,physics.data-an
4648,6996,0,1,physics.data-an
11656,11919,1,1,physics.data-an
8404,7143,20,1,physics.data-an
208,211,36,1,physics.data-an
5572,9802,6,1,physics.data-an
1951,1952,12,1,physics.data-an
1191,2317,9,1,physics.data-an
209,250,203,1,physics.data-an
11558,11611,69,1,physics.data-an
608,6724,2,1,physics.data-an
6346,6349,9,1,physics.data-an
2388,44,18,1,physics.data-an
2609,10879,7,1,physics.data-an
14091,14093,18,1,physics.data-an
7967,9762,10,1,physics.data-an
103,104,2,1,physics.data-an
2233,4972,24,1,physics.data-an
3113,3116,6,1,physics.data-an
1150,9111,70,1,physics.data-an
8507,8509,0,1,physics.data-an
5875,6766,1,1,physics.data-an
6994,6995,0,1,physics.data-an
1248,8241,54,1,physics.data-an
1425,1967,132,1,physics.data-an
1211,6586,26,1,physics.data-an
4951,4952,45,1,physics.data-an
840,6633,96,1,physics.data-an
220,503,18,1,physics.data-an
1953,8468,13,1,physics.data-an
1751,1985,21,1,physics.data-an
5694,5697,20,1,physics.data-an
660,2668,88,1,physics.data-an
478,3692,0,1,physics.data-an
2731,1599,200,1,physics.data-an
1824,1826,2,1,physics.data-an
1484,1660,270,1,physics.data-an
5215,5402,24,1,physics.data-an
6896,6897,10,1,physics.data-an
11516,11517,0,1,physics.data-an
14080,14081,2,1,physics.data-an
1617,10663,60,1,physics.data-an
1751,1941,21,1,physics.data-an
415,2738,4,1,physics.data-an
6322,10382,0,1,physics.data-an
3366,7818,20,1,physics.data-an
7011,7292,40,1,physics.data-an
4428,8211,24,1,physics.data-an
6711,6709,25,1,physics.data-an
7959,7962,6,1,physics.data-an
10168,10170,25,1,physics.data-an
2511,2513,6,1,physics.data-an
1881,11606,60,1,physics.data-an
1484,3340,285,1,physics.data-an
6439,6440,6,1,physics.data-an
8800,8991,1,1,physics.data-an
8203,8204,6,1,physics.data-an
9152,5747,42,1,physics.data-an
7490,7493,2,1,physics.data-an
8297,8298,6,1,physics.data-an
11558,11591,9,1,physics.data-an
11611,11631,506,1,physics.data-an
869,578,510,1,physics.data-an
1466,4022,6,1,physics.data-an
578,13209,255,1,physics.data-an
452,10067,25,1,physics.data-an
3605,5551,91,1,physics.data-an
4015,4017,2,1,physics.data-an
172,13209,450,1,physics.data-an
1132,1133,2,1,physics.data-an
926,4542,5,1,physics.data-an
5154,7430,0,1,physics.data-an
3961,2660,32,1,physics.data-an
5562,9111,12,1,physics.data-an
1,11470,22,1,physics.data-an
634,11863,9,1,physics.data-an
6063,8406,18,1,physics.data-an
7123,8501,14,1,physics.data-an
975,8314,72,1,physics.data-an
90,11738,22,1,physics.data-an
11224,11226,16,1,physics.data-an
207,3744,270,1,physics.data-an
4152,11531,1,1,physics.data-an
14075,14076,6,1,physics.data-an
5584,5586,9,1,physics.data-an
9283,9286,10,1,physics.data-an
4193,4194,36,1,physics.data-an
303,304,14,1,physics.data-an
715,11609,779,1,physics.data-an
4308,4309,0,1,physics.data-an
573,3353,46,1,physics.data-an
10556,10557,1,1,physics.data-an
8000,8010,110,1,physics.data-an
2925,2927,24,1,physics.data-an
869,6282,170,1,physics.data-an
83,976,610,1,physics.data-an
9284,9286,10,1,physics.data-an
432,433,39,1,physics.data-an
1150,4557,175,1,physics.data-an
5923,7632,0,1,physics.data-an
10223,10879,3,1,physics.data-an
4263,10525,15,1,physics.data-an
2010,2011,6,1,physics.data-an
4320,11702,14,1,physics.data-an
413,537,6,1,physics.data-an
1639,11517,0,1,physics.data-an
6222,8249,4,1,physics.data-an
1000,1001,2,1,physics.data-an
6141,6154,18,1,physics.data-an
597,870,3,1,physics.data-an
2835,2838,1,1,physics.data-an
302,303,2,1,physics.data-an
8823,11064,90,1,physics.data-an
1328,4573,16,1,physics.data-an
1326,9107,7,1,physics.data-an
13983,13984,2,1,physics.data-an
266,267,9,1,physics.data-an
6708,6714,12,1,physics.data-an
1350,801,84,1,physics.data-an
1045,4717,80,1,physics.data-an
9666,9667,0,1,physics.data-an
397,1707,90,1,physics.data-an
4946,4948,6,1,physics.data-an
6711,6715,30,1,physics.data-an
6279,11378,0,1,physics.data-an
479,591,2173,1,physics.data-an
4607,9081,24,1,physics.data-an
153,1175,57,1,physics.data-an
4596,4597,0,1,physics.data-an
228,230,5,1,physics.data-an
66,640,39,1,physics.data-an
11625,11632,378,1,physics.data-an
138,10567,0,1,physics.data-an
10473,10474,1,1,physics.data-an
7949,14084,36,1,physics.data-an
7069,7070,1,1,physics.data-an
8194,8196,9,1,physics.data-an
934,6603,6,1,physics.data-an
866,9268,34,1,physics.data-an
4856,4857,9,1,physics.data-an
4106,6112,40,1,physics.data-an
370,10810,32,1,physics.data-an
2577,11808,39,1,physics.data-an
1617,10661,48,1,physics.data-an
1849,6402,15,1,physics.data-an
5310,5311,104,1,physics.data-an
10016,10017,0,1,physics.data-an
6102,9056,4,1,physics.data-an
1077,8073,0,1,physics.data-an
3202,6486,16,1,physics.data-an
2638,2641,48,1,physics.data-an
11611,11626,483,1,physics.data-an
37,416,750,1,physics.data-an
8510,8511,0,1,physics.data-an
914,10306,11,1,physics.data-an
51,4498,400,1,physics.data-an
3606,5624,27,1,physics.data-an
665,1369,0,1,physics.data-an
562,566,20,1,physics.data-an
7665,7666,2,1,physics.data-an
466,1359,6,1,physics.data-an
562,4241,12,1,physics.data-an
6198,9143,8,1,physics.data-an
2786,4845,6,1,physics.data-an
11617,11623,378,1,physics.data-an
48,1484,360,1,physics.data-an
55,1395,18,1,physics.data-an
61,938,374,1,physics.data-an
6309,11100,4,1,physics.data-an
7960,10685,48,1,physics.data-an
1851,9513,36,1,physics.data-an
3646,13309,0,1,physics.data-an
1616,804,152,1,physics.data-an
7175,9366,3,1,physics.data-an
1230,11387,33,1,physics.data-an
4387,4694,1,1,physics.data-an
2584,434,68,1,physics.data-an
782,111,448,1,physics.data-an
172,2713,90,1,physics.data-an
8000,8013,110,1,physics.data-an
2255,7866,15,1,physics.data-an
7293,7294,12,1,physics.data-an
578,4394,306,1,physics.data-an
6918,8472,10,1,physics.data-an
3483,634,108,1,physics.data-an
96,7861,35,1,physics.data-an
6708,6712,21,1,physics.data-an
11224,11229,28,1,physics.data-an
5610,10470,6,1,physics.data-an
2994,2997,16,1,physics.data-an
1425,300,288,1,physics.data-an
9202,9207,210,1,physics.data-an
890,1444,4,1,physics.data-an
1072,2658,40,1,physics.data-an
5909,5910,1,1,physics.data-an
8148,8149,12,1,physics.data-an
9331,9332,6,1,physics.data-an
11303,11347,15,1,physics.data-an
481,2798,460,1,physics.data-an
8156,9206,330,1,physics.data-an
3122,3123,0,1,physics.data-an
887,8912,60,1,physics.data-an
1378,3493,12,1,physics.data-an
8571,8573,12,1,physics.data-an
10147,11609,418,1,physics.data-an
691,693,120,1,physics.data-an
1322,1321,0,1,physics.data-an
5257,5415,55,1,physics.data-an
7960,10099,64,1,physics.data-an
14128,14131,2,1,physics.data-an
734,1494,6,1,physics.data-an
1456,7264,3,1,physics.data-an
8663,11619,418,1,physics.data-an
62,2569,96,1,physics.data-an
2025,3040,24,1,physics.data-an
868,14182,81,1,physics.data-an
3658,3657,20,1,physics.data-an
1072,7125,120,1,physics.data-an
68,14039,15,1,physics.data-an
8149,8152,12,1,physics.data-an
3640,10100,0,1,physics.data-an
8571,8574,16,1,physics.data-an
3202,3198,32,1,physics.data-an
11617,11629,342,1,physics.data-an
1358,3051,12,1,physics.data-an
3655,557,28,1,physics.data-an
6767,6768,2,1,physics.data-an
2596,9753,2,1,physics.data-an
512,5584,12,1,physics.data-an
2225,5624,69,1,physics.data-an
4382,4633,6,1,physics.data-an
4174,7986,0,1,physics.data-an
2498,10943,0,1,physics.data-an
7844,7851,2,1,physics.data-an
4350,4351,0,1,physics.data-an
8246,8248,4,1,physics.data-an
87,2124,12,1,physics.data-an
5442,10658,3,1,physics.data-an
11514,11516,4,1,physics.data-an
3484,7245,24,1,physics.data-an
3579,9201,196,1,physics.data-an
9614,9615,42,1,physics.data-an
9082,11261,36,1,physics.data-an
572,5610,42,1,physics.data-an
83,81,732,1,physics.data-an
1751,2517,0,1,physics.data-an
517,10636,11,1,physics.data-an
3647,3650,9,1,physics.data-an
3858,3859,20,1,physics.data-an
3115,3116,6,1,physics.data-an
1613,4154,6,1,physics.data-an
2873,10172,20,1,physics.data-an
4972,9735,8,1,physics.data-an
13116,14103,6,1,physics.data-an
1258,11295,18,1,physics.data-an
10776,10777,25,1,physics.data-an
37,1638,90,1,physics.data-an
2283,8463,1,1,physics.data-an
4465,3205,7,1,physics.data-an
5141,5697,12,1,physics.data-an
1543,3714,21,1,physics.data-an
832,2984,2,1,physics.data-an
5867,5572,28,1,physics.data-an
207,7268,81,1,physics.data-an
242,245,20,1,physics.data-an
1017,1018,33,1,physics.data-an
1478,6375,88,1,physics.data-an
506,1360,280,1,physics.data-an
1638,874,72,1,physics.data-an
3802,9681,18,1,physics.data-an
11611,11616,460,1,physics.data-an
5965,6564,12,1,physics.data-an
9612,9615,36,1,physics.data-an
4304,4389,18,1,physics.data-an
7139,7140,12,1,physics.data-an
682,9809,12,1,physics.data-an
3583,6182,4,1,physics.data-an
1302,485,84,1,physics.data-an
5305,5314,64,1,physics.data-an
1211,1412,26,1,physics.data-an
775,776,3,1,physics.data-an
2120,6353,11,1,physics.data-an
4261,6489,60,1,physics.data-an
11436,14075,22,1,physics.data-an
7867,7868,30,1,physics.data-an
2441,8688,3,1,physics.data-an
218,7102,180,1,physics.data-an
958,4644,31,1,physics.data-an
1445,5677,15,1,physics.data-an
5004,2836,48,1,physics.data-an
428,927,200,1,physics.data-an
10813,10815,2,1,physics.data-an
8624,8627,0,1,physics.data-an
6776,8677,16,1,physics.data-an
416,413,50,1,physics.data-an
9805,9808,16,1,physics.data-an
6861,11077,1,1,physics.data-an
5669,6604,12,1,physics.data-an
1193,10684,30,1,physics.data-an
450,861,108,1,physics.data-an
6916,9993,16,1,physics.data-an
9761,9762,4,1,physics.data-an
1621,4558,126,1,physics.data-an
2025,2026,60,1,physics.data-an
54,2755,448,1,physics.data-an
608,4752,4,1,physics.data-an
10705,10707,1,1,physics.data-an
9971,9973,0,1,physics.data-an
5965,5953,6,1,physics.data-an
4077,4078,1,1,physics.data-an
1034,1027,408,1,physics.data-an
6042,6043,0,1,physics.data-an
3799,6729,0,1,physics.data-an
6646,6647,0,1,physics.data-an
7960,7962,16,1,physics.data-an
5810,5811,50,1,physics.data-an
874,861,144,1,physics.data-an
840,842,144,1,physics.data-an
9594,9595,0,1,physics.data-an
172,1518,270,1,physics.data-an
4607,4606,24,1,physics.data-an
6250,6244,28,1,physics.data-an
1240,2489,12,1,physics.data-an
10617,12088,4,1,physics.data-an
11618,11620,418,1,physics.data-an
4829,6879,2,1,physics.data-an
6596,7074,1,1,physics.data-an
340,7026,80,1,physics.data-an
5777,11469,2,1,physics.data-an
4301,4302,9,1,physics.data-an
4717,3632,16,1,physics.data-an
1617,2632,120,1,physics.data-an
9302,9303,40,1,physics.data-an
2660,12088,8,1,physics.data-an
2577,5921,78,1,physics.data-an
809,938,408,1,physics.data-an
543,964,39,1,physics.data-an
8799,8800,4,1,physics.data-an
6424,1356,130,1,physics.data-an
4083,5903,15,1,physics.data-an
3663,11761,0,1,physics.data-an
840,5028,48,1,physics.data-an
1808,216,56,1,physics.data-an
745,9928,6,1,physics.data-an
1030,1032,2,1,physics.data-an
4953,4956,25,1,physics.data-an
112,6947,48,1,physics.data-an
4712,4714,1,1,physics.data-an
669,670,3,1,physics.data-an
480,4165,312,1,physics.data-an
62,1861,288,1,physics.data-an
6424,315,90,1,physics.data-an
83,80,366,1,physics.data-an
303,8029,4,1,physics.data-an
7196,7197,14,1,physics.data-an
4815,4814,0,1,physics.data-an
887,885,12,1,physics.data-an
583,1876,279,1,physics.data-an
1148,2727,8,1,physics.data-an
684,9813,26,1,physics.data-an
808,11261,60,1,physics.data-an
6751,4681,0,1,physics.data-an
6878,8220,0,1,physics.data-an
1229,6096,4,1,physics.data-an
5806,11363,12,1,physics.data-an
3062,11841,8,1,physics.data-an
46,408,240,1,physics.data-an
578,2731,1020,1,physics.data-an
5181,5183,0,1,physics.data-an
7333,7336,56,1,physics.data-an
4684,6547,5,1,physics.data-an
9813,9814,2,1,physics.data-an
5,7,2,1,physics.data-an
3780,9108,3,1,physics.data-an
410,8575,3,1,physics.data-an
2797,112,408,1,physics.data-an
8819,8821,9,1,physics.data-an
1572,13782,28,1,physics.data-an
4182,4181,4,1,physics.data-an
5447,6776,56,1,physics.data-an
7824,7825,0,1,physics.data-an
505,5349,15,1,physics.data-an
2046,5312,153,1,physics.data-an
678,14117,2,1,physics.data-an
12800,14038,4,1,physics.data-an
166,1617,120,1,physics.data-an
11069,11070,90,1,physics.data-an
474,2767,10,1,physics.data-an
372,2802,0,1,physics.data-an
5832,5833,2,1,physics.data-an
632,4667,108,1,physics.data-an
1583,1584,0,1,physics.data-an
660,1328,176,1,physics.data-an
5823,5824,2,1,physics.data-an
5509,5512,0,1,physics.data-an
1141,2223,225,1,physics.data-an
382,300,864,1,physics.data-an
955,1933,24,1,physics.data-an
679,7127,3,1,physics.data-an
4613,10908,26,1,physics.data-an
573,10621,46,1,physics.data-an
2223,1824,30,1,physics.data-an
11244,11245,4,1,physics.data-an
480,485,273,1,physics.data-an
1545,10900,8,1,physics.data-an
1067,2120,242,1,physics.data-an
507,10725,33,1,physics.data-an
2312,9430,6,1,physics.data-an
3258,4848,0,1,physics.data-an
11609,11617,342,1,physics.data-an
218,1146,90,1,physics.data-an
1808,9707,0,1,physics.data-an
481,3743,828,1,physics.data-an
3714,6001,3,1,physics.data-an
5805,5400,22,1,physics.data-an
730,2835,12,1,physics.data-an
3610,3612,12,1,physics.data-an
859,1633,42,1,physics.data-an
691,1034,240,1,physics.data-an
12133,12149,2,1,physics.data-an
83,11607,427,1,physics.data-an
2056,6896,16,1,physics.data-an
217,1385,308,1,physics.data-an
270,382,540,1,physics.data-an
4356,9594,0,1,physics.data-an
1308,4579,0,1,physics.data-an
5293,6753,0,1,physics.data-an
302,304,7,1,physics.data-an
153,1528,0,1,physics.data-an
6709,6712,35,1,physics.data-an
2731,2855,140,1,physics.data-an
572,888,14,1,physics.data-an
6267,6626,21,1,physics.data-an
54,221,320,1,physics.data-an
6195,6196,35,1,physics.data-an
508,4058,5,1,physics.data-an
2710,12866,7,1,physics.data-an
1951,3430,20,1,physics.data-an
8663,11630,399,1,physics.data-an
8941,8949,2,1,physics.data-an
1543,10022,7,1,physics.data-an
2207,7257,6,1,physics.data-an
4194,8037,36,1,physics.data-an
132,387,110,1,physics.data-an
7359,7360,2,1,physics.data-an
906,908,9,1,physics.data-an
6990,6991,1,1,physics.data-an
394,6193,96,1,physics.data-an
6093,6197,40,1,physics.data-an
217,1383,182,1,physics.data-an
2844,3543,24,1,physics.data-an
9142,9143,6,1,physics.data-an
636,2770,0,1,physics.data-an
2540,2542,25,1,physics.data-an
2926,4172,30,1,physics.data-an
46,407,750,1,physics.data-an
2479,10267,26,1,physics.data-an
54,10449,192,1,physics.data-an
684,11255,182,1,physics.data-an
7634,7636,16,1,physics.data-an
5555,5557,1,1,physics.data-an
47,6560,13,1,physics.data-an
9196,9203,135,1,physics.data-an
4991,7837,1,1,physics.data-an
6751,1399,15,1,physics.data-an
944,13076,9,1,physics.data-an
808,9082,135,1,physics.data-an
2007,9727,12,1,physics.data-an
4262,5131,3,1,physics.data-an
1948,4556,24,1,physics.data-an
83,9255,183,1,physics.data-an
5020,5021,6,1,physics.data-an
1548,2390,24,1,physics.data-an
7556,7557,4,1,physics.data-an
217,1356,182,1,physics.data-an
578,876,255,1,physics.data-an
1,10584,11,1,physics.data-an
3340,3341,152,1,physics.data-an
72,319,0,1,physics.data-an
763,14081,10,1,physics.data-an
15,18,4,1,physics.data-an
100,9644,4,1,physics.data-an
1599,4842,10,1,physics.data-an
913,9821,4,1,physics.data-an
218,11361,135,1,physics.data-an
6751,7255,5,1,physics.data-an
2041,5965,9,1,physics.data-an
3510,4004,3,1,physics.data-an
9148,9151,12,1,physics.data-an
1177,13689,0,1,physics.data-an
6130,6133,4,1,physics.data-an
10324,10326,1,1,physics.data-an
452,2820,100,1,physics.data-an
3383,3385,15,1,physics.data-an
6302,6304,1,1,physics.data-an
111,9701,84,1,physics.data-an
6895,12135,36,1,physics.data-an
2166,8962,0,1,physics.data-an
68,913,60,1,physics.data-an
3525,8867,12,1,physics.data-an
10826,10828,0,1,physics.data-an
11584,11586,9,1,physics.data-an
3493,7729,6,1,physics.data-an
479,565,371,1,physics.data-an
2223,2224,30,1,physics.data-an
11619,11624,462,1,physics.data-an
2675,4131,12,1,physics.data-an
300,1350,288,1,physics.data-an
5869,11632,414,1,physics.data-an
11223,11231,20,1,physics.data-an
720,9700,48,1,physics.data-an
3533,5790,0,1,physics.data-an
8353,9056,12,1,physics.data-an
3328,5502,21,1,physics.data-an
4699,11886,28,1,physics.data-an
4890,4892,8,1,physics.data-an
7360,7361,2,1,physics.data-an
710,7868,30,1,physics.data-an
11625,11633,441,1,physics.data-an
1407,2960,16,1,physics.data-an
11613,11630,399,1,physics.data-an
1572,808,210,1,physics.data-an
54,1384,320,1,physics.data-an
11530,11531,2,1,physics.data-an
451,9391,0,1,physics.data-an
11256,11886,24,1,physics.data-an
9966,9967,9,1,physics.data-an
3512,3341,48,1,physics.data-an
724,6208,2,1,physics.data-an
106,107,26,1,physics.data-an
8863,10295,9,1,physics.data-an
218,4061,405,1,physics.data-an
578,14103,102,1,physics.data-an
1548,6375,96,1,physics.data-an
6279,6544,32,1,physics.data-an
6572,6573,2,1,physics.data-an
6951,6952,2,1,physics.data-an
3321,6240,40,1,physics.data-an
9200,9204,132,1,physics.data-an
1075,14087,2,1,physics.data-an
68,3032,0,1,physics.data-an
1435,1433,2,1,physics.data-an
144,8493,108,1,physics.data-an
2752,2753,0,1,physics.data-an
551,9427,33,1,physics.data-an
5535,7756,2,1,physics.data-an
1838,1839,1,1,physics.data-an
320,1014,16,1,physics.data-an
218,2755,315,1,physics.data-an
874,13315,240,1,physics.data-an
715,11632,738,1,physics.data-an
10620,10623,6,1,physics.data-an
83,9205,1037,1,physics.data-an
6191,6196,35,1,physics.data-an
1903,6648,36,1,physics.data-an
865,2363,0,1,physics.data-an
1384,2074,35,1,physics.data-an
3579,9199,154,1,physics.data-an
3200,3201,12,1,physics.data-an
11621,11630,483,1,physics.data-an
251,5975,150,1,physics.data-an
83,1881,610,1,physics.data-an
3664,5593,9,1,physics.data-an
41,217,336,1,physics.data-an
457,458,10,1,physics.data-an
3602,3603,0,1,physics.data-an
6287,10900,3,1,physics.data-an
10617,12089,4,1,physics.data-an
10724,10725,1,1,physics.data-an
592,2686,232,1,physics.data-an
7640,7641,20,1,physics.data-an
2135,1706,36,1,physics.data-an
1817,2923,25,1,physics.data-an
54,2171,512,1,physics.data-an
578,13208,204,1,physics.data-an
272,9413,20,1,physics.data-an
214,3802,54,1,physics.data-an
7943,7823,50,1,physics.data-an
4717,4850,12,1,physics.data-an
5944,8495,2,1,physics.data-an
5808,6567,0,1,physics.data-an
1014,2257,16,1,physics.data-an
1186,1184,16,1,physics.data-an
172,669,90,1,physics.data-an
5224,9646,8,1,physics.data-an
317,2627,102,1,physics.data-an
3750,4086,168,1,physics.data-an
6078,6079,4,1,physics.data-an
10004,10005,0,1,physics.data-an
2289,2579,18,1,physics.data-an
2314,3799,240,1,physics.data-an
715,717,164,1,physics.data-an
10086,10534,0,1,physics.data-an
456,2562,5,1,physics.data-an
660,11197,55,1,physics.data-an
2275,5947,11,1,physics.data-an
6192,6196,35,1,physics.data-an
5914,9948,1,1,physics.data-an
7383,11363,4,1,physics.data-an
218,215,495,1,physics.data-an
4556,4560,48,1,physics.data-an
11760,11761,0,1,physics.data-an
4592,6787,16,1,physics.data-an
3789,3790,2,1,physics.data-an
1453,1451,14,1,physics.data-an
13094,13095,1,1,physics.data-an
5855,5856,4,1,physics.data-an
3114,4822,51,1,physics.data-an
1264,6895,117,1,physics.data-an
8677,8678,6,1,physics.data-an
252,3802,333,1,physics.data-an
3100,3101,2,1,physics.data-an
3284,2926,300,1,physics.data-an
7504,4727,30,1,physics.data-an
479,14172,106,1,physics.data-an
1484,6374,135,1,physics.data-an
53,55,66,1,physics.data-an
2311,2308,0,1,physics.data-an
13115,13207,30,1,physics.data-an
11623,11628,525,1,physics.data-an
3368,4573,4,1,physics.data-an
4428,8212,16,1,physics.data-an
322,983,12,1,physics.data-an
1,11792,22,1,physics.data-an
4967,4965,2,1,physics.data-an
4851,4852,0,1,physics.data-an
592,4092,29,1,physics.data-an
7292,7294,12,1,physics.data-an
1207,1209,4,1,physics.data-an
8006,8009,72,1,physics.data-an
9198,9199,110,1,physics.data-an
54,3543,768,1,physics.data-an
78,2506,5,1,physics.data-an
6713,6718,15,1,physics.data-an
10108,10109,1,1,physics.data-an
5212,5213,6,1,physics.data-an
3197,3199,18,1,physics.data-an
5975,9135,5,1,physics.data-an
5141,5698,15,1,physics.data-an
479,6102,53,1,physics.data-an
1019,3366,60,1,physics.data-an
684,7091,0,1,physics.data-an
11611,11634,529,1,physics.data-an
999,2213,6,1,physics.data-an
1262,6534,0,1,physics.data-an
132,4562,0,1,physics.data-an
1141,7124,75,1,physics.data-an
795,2020,3,1,physics.data-an
551,2312,22,1,physics.data-an
19,8985,33,1,physics.data-an
11613,11616,380,1,physics.data-an
615,2668,168,1,physics.data-an
3202,4575,24,1,physics.data-an
857,6469,6,1,physics.data-an
4061,169,18,1,physics.data-an
11798,11799,2,1,physics.data-an
83,977,366,1,physics.data-an
416,7881,75,1,physics.data-an
2225,9732,46,1,physics.data-an
1807,14113,8,1,physics.data-an
578,14092,204,1,physics.data-an
2479,5744,39,1,physics.data-an
1680,1681,0,1,physics.data-an
5669,10332,4,1,physics.data-an
304,12148,7,1,physics.data-an
591,729,1107,1,physics.data-an
8996,2918,40,1,physics.data-an
2632,7277,70,1,physics.data-an
3571,7502,21,1,physics.data-an
2510,2512,6,1,physics.data-an
14412,14413,0,1,physics.data-an
4033,4032,0,1,physics.data-an
3341,8911,72,1,physics.data-an
809,1161,384,1,physics.data-an
19,3780,11,1,physics.data-an
41,12818,120,1,physics.data-an
2632,9190,60,1,physics.data-an
9811,9812,0,1,physics.data-an
4216,4217,7,1,physics.data-an
4377,5229,4,1,physics.data-an
11622,11632,288,1,physics.data-an
5325,5326,9,1,physics.data-an
6995,6996,0,1,physics.data-an
9761,9763,4,1,physics.data-an
8033,8034,4,1,physics.data-an
593,6525,40,1,physics.data-an
7949,1824,18,1,physics.data-an
269,420,450,1,physics.data-an
6254,9666,0,1,physics.data-an
3205,11921,7,1,physics.data-an
5741,10290,28,1,physics.data-an
172,994,540,1,physics.data-an
1116,2149,33,1,physics.data-an
6007,6030,4,1,physics.data-an
451,1236,0,1,physics.data-an
11246,11247,3,1,physics.data-an
4089,226,22,1,physics.data-an
5306,5312,72,1,physics.data-an
300,1349,48,1,physics.data-an
407,7504,150,1,physics.data-an
698,2702,119,1,physics.data-an
144,4664,48,1,physics.data-an
209,4609,58,1,physics.data-an
1933,6409,12,1,physics.data-an
1944,10895,10,1,physics.data-an
209,14030,29,1,physics.data-an
5747,10482,7,1,physics.data-an
572,211,84,1,physics.data-an
250,4644,7,1,physics.data-an
4481,10449,24,1,physics.data-an
418,8685,0,1,physics.data-an
766,2558,16,1,physics.data-an
270,6439,90,1,physics.data-an
153,809,456,1,physics.data-an
3114,11607,119,1,physics.data-an
3533,9763,22,1,physics.data-an
4632,4633,9,1,physics.data-an
2680,2917,66,1,physics.data-an
2360,9148,32,1,physics.data-an
3155,8274,3,1,physics.data-an
7195,9570,3,1,physics.data-an
5777,11468,3,1,physics.data-an
6686,7255,7,1,physics.data-an
2632,11277,10,1,physics.data-an
466,10883,0,1,physics.data-an
901,1291,270,1,physics.data-an
1807,3803,16,1,physics.data-an
10112,13983,3,1,physics.data-an
172,14092,360,1,physics.data-an
2437,768,12,1,physics.data-an
5796,11651,6,1,physics.data-an
103,105,42,1,physics.data-an
5781,6175,2,1,physics.data-an
5806,6387,18,1,physics.data-an
317,2579,51,1,physics.data-an
5330,5332,2,1,physics.data-an
54,1616,512,1,physics.data-an
1807,9681,16,1,physics.data-an
2730,9307,1,1,physics.data-an
1808,3802,63,1,physics.data-an
8642,8643,1,1,physics.data-an
6744,6749,16,1,physics.data-an
458,5691,4,1,physics.data-an
10491,10492,12,1,physics.data-an
1131,1134,2,1,physics.data-an
4290,10794,0,1,physics.data-an
1014,5445,12,1,physics.data-an
269,7010,150,1,physics.data-an
9198,9200,120,1,physics.data-an
776,5743,6,1,physics.data-an
166,1616,80,1,physics.data-an
452,4320,175,1,physics.data-an
1803,1805,6,1,physics.data-an
4603,4604,0,1,physics.data-an
87,791,32,1,physics.data-an
10431,10432,1,1,physics.data-an
4229,4269,21,1,physics.data-an
41,9687,0,1,physics.data-an
591,592,1189,1,physics.data-an
1621,2488,126,1,physics.data-an
3311,8314,9,1,physics.data-an
716,565,182,1,physics.data-an
3664,3665,3,1,physics.data-an
2848,2849,21,1,physics.data-an
14146,14147,0,1,physics.data-an
11614,11622,368,1,physics.data-an
11623,11631,462,1,physics.data-an
39,5854,0,1,physics.data-an
578,2072,255,1,physics.data-an
1708,9952,3,1,physics.data-an
2479,2702,91,1,physics.data-an
5867,2214,28,1,physics.data-an
3114,10773,170,1,physics.data-an
90,231,220,1,physics.data-an
861,862,96,1,physics.data-an
14013,14014,24,1,physics.data-an
1248,7879,108,1,physics.data-an
791,793,8,1,physics.data-an
684,2360,208,1,physics.data-an
83,4193,244,1,physics.data-an
2849,4452,21,1,physics.data-an
8006,8013,80,1,physics.data-an
4629,8248,14,1,physics.data-an
1150,1948,105,1,physics.data-an
506,874,480,1,physics.data-an
698,1161,272,1,physics.data-an
1335,1337,2,1,physics.data-an
3504,4384,2,1,physics.data-an
7210,7615,0,1,physics.data-an
407,1248,675,1,physics.data-an
4763,4762,2,1,physics.data-an
2120,565,77,1,physics.data-an
4607,726,84,1,physics.data-an
1424,1771,0,1,physics.data-an
4316,5846,4,1,physics.data-an
6713,6715,18,1,physics.data-an
54,12818,320,1,physics.data-an
10786,10788,4,1,physics.data-an
6191,6195,25,1,physics.data-an
3750,2754,112,1,physics.data-an
10111,10112,3,1,physics.data-an
2623,12584,0,1,physics.data-an
2225,2634,92,1,physics.data-an
602,1746,32,1,physics.data-an
6673,4547,168,1,physics.data-an
5213,5214,6,1,physics.data-an
8003,8004,90,1,physics.data-an
11666,11667,0,1,physics.data-an
4094,4095,32,1,physics.data-an
2062,3859,36,1,physics.data-an
172,4392,810,1,physics.data-an
1208,1210,4,1,physics.data-an
684,6198,104,1,physics.data-an
5908,5910,3,1,physics.data-an
1364,3454,144,1,physics.data-an
842,939,0,1,physics.data-an
14039,14040,1,1,physics.data-an
9082,2625,54,1,physics.data-an
72,7480,72,1,physics.data-an
9990,9993,8,1,physics.data-an
7143,8403,12,1,physics.data-an
782,11702,64,1,physics.data-an
4101,6347,16,1,physics.data-an
4152,11532,2,1,physics.data-an
3744,3743,180,1,physics.data-an
395,577,340,1,physics.data-an
19,8986,22,1,physics.data-an
1322,2679,6,1,physics.data-an
6247,6249,25,1,physics.data-an
4269,4270,12,1,physics.data-an
3961,12089,4,1,physics.data-an
9512,9514,16,1,physics.data-an
267,1050,3,1,physics.data-an
1248,10411,54,1,physics.data-an
10705,10706,2,1,physics.data-an
1360,1359,14,1,physics.data-an
10853,10854,1,1,physics.data-an
11611,11624,483,1,physics.data-an
2367,7072,112,1,physics.data-an
3226,10080,80,1,physics.data-an
6282,11378,0,1,physics.data-an
4083,4117,0,1,physics.data-an
1680,6156,54,1,physics.data-an
297,4246,75,1,physics.data-an
866,7869,17,1,physics.data-an
8506,8508,0,1,physics.data-an
4106,9092,24,1,physics.data-an
252,249,259,1,physics.data-an
5154,7429,0,1,physics.data-an
3380,727,42,1,physics.data-an
1967,3069,11,1,physics.data-an
9196,9199,99,1,physics.data-an
2868,4539,8,1,physics.data-an
1302,729,324,1,physics.data-an
5505,5507,4,1,physics.data-an
6153,6154,12,1,physics.data-an
7356,7358,6,1,physics.data-an
4915,7931,30,1,physics.data-an
12088,12089,1,1,physics.data-an
1150,4555,245,1,physics.data-an
1572,5110,98,1,physics.data-an
112,2054,72,1,physics.data-an
480,9050,78,1,physics.data-an
4278,4283,15,1,physics.data-an
90,9855,88,1,physics.data-an
159,4377,12,1,physics.data-an
9295,9297,0,1,physics.data-an
1549,6816,11,1,physics.data-an
1549,8904,11,1,physics.data-an
2609,8916,14,1,physics.data-an
6516,2702,91,1,physics.data-an
11397,11398,4,1,physics.data-an
395,397,510,1,physics.data-an
6268,6267,70,1,physics.data-an
766,764,24,1,physics.data-an
3821,11426,8,1,physics.data-an
1196,1843,7,1,physics.data-an
975,9188,144,1,physics.data-an
4613,3386,52,1,physics.data-an
252,2709,259,1,physics.data-an
1362,517,132,1,physics.data-an
7416,9308,16,1,physics.data-an
6093,6194,28,1,physics.data-an
11469,11470,4,1,physics.data-an
9276,11732,0,1,physics.data-an
8300,8301,2,1,physics.data-an
6275,6276,0,1,physics.data-an
2063,778,36,1,physics.data-an
726,9152,42,1,physics.data-an
6435,6436,0,1,physics.data-an
6539,6541,1,1,physics.data-an
9198,9209,150,1,physics.data-an
7335,3670,140,1,physics.data-an
11209,11210,2,1,physics.data-an
1146,6587,4,1,physics.data-an
5760,5761,56,1,physics.data-an
11618,11627,462,1,physics.data-an
4727,1358,30,1,physics.data-an
11224,11227,20,1,physics.data-an
1350,2490,12,1,physics.data-an
7946,7948,1,1,physics.data-an
1027,4674,0,1,physics.data-an
4622,4624,21,1,physics.data-an
9612,9616,30,1,physics.data-an
4663,12818,60,1,physics.data-an
3930,11210,13,1,physics.data-an
8715,8716,0,1,physics.data-an
7880,7882,40,1,physics.data-an
6245,8662,14,1,physics.data-an
4341,4343,6,1,physics.data-an
5439,9681,12,1,physics.data-an
54,12019,256,1,physics.data-an
7315,7316,1,1,physics.data-an
172,12960,180,1,physics.data-an
3581,9244,0,1,physics.data-an
7987,7988,4,1,physics.data-an
1067,4592,176,1,physics.data-an
842,2002,0,1,physics.data-an
6626,6627,15,1,physics.data-an
231,960,40,1,physics.data-an
8015,8197,20,1,physics.data-an
214,6424,60,1,physics.data-an
62,1850,96,1,physics.data-an
2666,2667,35,1,physics.data-an
9992,9993,6,1,physics.data-an
745,5586,18,1,physics.data-an
3510,6239,0,1,physics.data-an
5224,5225,16,1,physics.data-an
10653,10654,1,1,physics.data-an
8002,8004,90,1,physics.data-an
10052,2798,60,1,physics.data-an
287,10167,55,1,physics.data-an
8680,13988,25,1,physics.data-an
627,7165,0,1,physics.data-an
10337,10339,2,1,physics.data-an
42,7408,133,1,physics.data-an
6543,10053,10,1,physics.data-an
2057,1240,48,1,physics.data-an
11615,11617,342,1,physics.data-an
11255,11257,49,1,physics.data-an
6080,6981,4,1,physics.data-an
1081,2360,48,1,physics.data-an
7333,7341,63,1,physics.data-an
1191,5912,9,1,physics.data-an
304,3107,0,1,physics.data-an
237,239,0,1,physics.data-an
1108,5081,10,1,physics.data-an
2754,2756,8,1,physics.data-an
4663,5790,0,1,physics.data-an
2731,4395,80,1,physics.data-an
13208,13209,20,1,physics.data-an
5306,5316,64,1,physics.data-an
11615,11620,361,1,physics.data-an
512,5586,12,1,physics.data-an
2437,10970,24,1,physics.data-an
2335,2491,16,1,physics.data-an
865,4321,72,1,physics.data-an
2046,3360,51,1,physics.data-an
975,4165,192,1,physics.data-an
4578,4579,0,1,physics.data-an
730,1078,72,1,physics.data-an
4242,4244,2,1,physics.data-an
251,207,810,1,physics.data-an
14411,14413,0,1,physics.data-an
1077,10090,8,1,physics.data-an
172,4395,360,1,physics.data-an
865,5066,12,1,physics.data-an
3743,6624,126,1,physics.data-an
62,2571,120,1,physics.data-an
2528,2530,1,1,physics.data-an
5631,5632,0,1,physics.data-an
5028,5029,3,1,physics.data-an
149,14162,0,1,physics.data-an
635,9970,4,1,physics.data-an
224,6208,2,1,physics.data-an
120,8766,2,1,physics.data-an
11759,11761,0,1,physics.data-an
2256,9147,40,1,physics.data-an
1967,8237,0,1,physics.data-an
1547,14234,6,1,physics.data-an
7196,9570,7,1,physics.data-an
218,53,495,1,physics.data-an
10027,10028,0,1,physics.data-an
1080,432,78,1,physics.data-an
105,4863,21,1,physics.data-an
54,12020,192,1,physics.data-an
9205,9209,255,1,physics.data-an
7338,7334,90,1,physics.data-an
7218,12195,48,1,physics.data-an
8150,8152,16,1,physics.data-an
3484,4635,48,1,physics.data-an
735,736,0,1,physics.data-an
6711,6714,20,1,physics.data-an
370,6409,48,1,physics.data-an
1150,4166,385,1,physics.data-an
1825,1824,8,1,physics.data-an
591,2044,41,1,physics.data-an
8500,12151,5,1,physics.data-an
602,583,248,1,physics.data-an
315,317,153,1,physics.data-an
395,2479,442,1,physics.data-an
1618,729,351,1,physics.data-an
3002,3003,1,1,physics.data-an
434,9519,68,1,physics.data-an
3958,3959,0,1,physics.data-an
5337,5338,16,1,physics.data-an
4907,8931,4,1,physics.data-an
9153,12152,6,1,physics.data-an
6282,3856,85,1,physics.data-an
10808,10809,0,1,physics.data-an
9365,9366,2,1,physics.data-an
93,4665,72,1,physics.data-an
9376,9378,2,1,physics.data-an
3114,9227,34,1,physics.data-an
4592,6788,32,1,physics.data-an
2062,2848,63,1,physics.data-an
2814,8028,48,1,physics.data-an
6244,6251,28,1,physics.data-an
3558,3560,8,1,physics.data-an
5329,5331,2,1,physics.data-an
2797,10460,85,1,physics.data-an
2708,5644,4,1,physics.data-an
218,1903,540,1,physics.data-an
48,6846,24,1,physics.data-an
434,10089,68,1,physics.data-an
297,7413,15,1,physics.data-an
3604,5552,70,1,physics.data-an
10772,10775,2,1,physics.data-an
977,10285,12,1,physics.data-an
5330,5331,1,1,physics.data-an
11609,11632,342,1,physics.data-an
2111,2112,0,1,physics.data-an
6322,6323,0,1,physics.data-an
2289,2288,6,1,physics.data-an
10534,10535,0,1,physics.data-an
1548,8904,12,1,physics.data-an
941,4346,70,1,physics.data-an
5811,9248,90,1,physics.data-an
4684,9110,15,1,physics.data-an
452,2640,100,1,physics.data-an
2367,4460,28,1,physics.data-an
3896,11234,0,1,physics.data-an
61,60,220,1,physics.data-an
6251,8660,21,1,physics.data-an
9204,9206,165,1,physics.data-an
955,6409,18,1,physics.data-an
3,61,22,1,physics.data-an
8508,8509,0,1,physics.data-an
78,451,55,1,physics.data-an
42,153,361,1,physics.data-an
6226,9393,0,1,physics.data-an
4261,8974,15,1,physics.data-an
578,2641,306,1,physics.data-an
3057,9274,57,1,physics.data-an
1513,2445,0,1,physics.data-an
4193,10001,4,1,physics.data-an
9199,9204,121,1,physics.data-an
913,3084,4,1,physics.data-an
1112,5921,30,1,physics.data-an
4663,6297,48,1,physics.data-an
7010,7011,50,1,physics.data-an
6269,6270,24,1,physics.data-an
1809,3802,90,1,physics.data-an
4499,5853,0,1,physics.data-an
1045,13390,0,1,physics.data-an
54,716,1664,1,physics.data-an
11611,11621,529,1,physics.data-an
10679,10680,35,1,physics.data-an
1617,480,468,1,physics.data-an
3057,1857,114,1,physics.data-an
3915,395,170,1,physics.data-an
83,9198,610,1,physics.data-an
887,3340,228,1,physics.data-an
1232,3797,18,1,physics.data-an
4225,9617,0,1,physics.data-an
698,721,85,1,physics.data-an
3070,3074,9,1,physics.data-an
7865,7867,36,1,physics.data-an
451,450,198,1,physics.data-an
1211,5293,52,1,physics.data-an
83,2836,488,1,physics.data-an
3382,3383,6,1,physics.data-an
2311,2309,2,1,physics.data-an
2072,13124,35,1,physics.data-an
9224,9226,1,1,physics.data-an
5643,7435,12,1,physics.data-an
715,11617,738,1,physics.data-an
1290,7830,8,1,physics.data-an
868,5083,162,1,physics.data-an
2312,9428,10,1,physics.data-an
2366,9396,12,1,physics.data-an
8004,8006,72,1,physics.data-an
4224,4225,1,1,physics.data-an
1445,1446,0,1,physics.data-an
5234,7103,6,1,physics.data-an
48,49,0,1,physics.data-an
914,1249,132,1,physics.data-an
8115,9483,6,1,physics.data-an
5192,5193,6,1,physics.data-an
933,4033,3,1,physics.data-an
793,794,3,1,physics.data-an
2062,2625,54,1,physics.data-an
557,3656,4,1,physics.data-an
1903,680,60,1,physics.data-an
397,9944,15,1,physics.data-an
1485,1488,6,1,physics.data-an
5324,5325,9,1,physics.data-an
977,4642,18,1,physics.data-an
1034,4674,0,1,physics.data-an
607,608,6,1,physics.data-an
4193,9255,12,1,physics.data-an
252,5654,629,1,physics.data-an
5649,7897,2,1,physics.data-an
41,219,264,1,physics.data-an
9403,9719,24,1,physics.data-an
969,970,0,1,physics.data-an
573,966,46,1,physics.data-an
8404,8406,15,1,physics.data-an
209,4644,29,1,physics.data-an
216,2031,8,1,physics.data-an
8823,11068,90,1,physics.data-an
2503,5044,1,1,physics.data-an
218,565,315,1,physics.data-an
5536,7756,2,1,physics.data-an
2789,5947,3,1,physics.data-an
1249,7881,36,1,physics.data-an
132,3367,66,1,physics.data-an
24,270,255,1,physics.data-an
8102,12198,24,1,physics.data-an
3164,5424,0,1,physics.data-an
5552,5554,77,1,physics.data-an
6542,10707,8,1,physics.data-an
6713,6714,12,1,physics.data-an
11437,11438,6,1,physics.data-an
1495,2075,0,1,physics.data-an
4261,11440,30,1,physics.data-an
5811,8759,70,1,physics.data-an
4193,7904,16,1,physics.data-an
11243,11244,4,1,physics.data-an
209,5390,87,1,physics.data-an
1264,2702,91,1,physics.data-an
83,9193,244,1,physics.data-an
5694,5696,25,1,physics.data-an
481,4555,322,1,physics.data-an
1809,4232,40,1,physics.data-an
2085,6381,0,1,physics.data-an
807,2242,352,1,physics.data-an
1356,1073,0,1,physics.data-an
6674,13376,0,1,physics.data-an
6951,6953,1,1,physics.data-an
511,6750,12,1,physics.data-an
90,2439,198,1,physics.data-an
5760,11938,21,1,physics.data-an
1851,7086,48,1,physics.data-an
1616,10661,32,1,physics.data-an
6275,6277,0,1,physics.data-an
2046,5305,136,1,physics.data-an
7110,7111,1,1,physics.data-an
6715,6718,30,1,physics.data-an
1411,10584,10,1,physics.data-an
5692,5696,25,1,physics.data-an
7790,11808,9,1,physics.data-an
11622,11628,400,1,physics.data-an
945,7103,6,1,physics.data-an
5336,5339,8,1,physics.data-an
6598,6599,0,1,physics.data-an
1531,5531,0,1,physics.data-an
5120,5121,9,1,physics.data-an
7724,9143,8,1,physics.data-an
9173,11071,81,1,physics.data-an
3606,5623,36,1,physics.data-an
5222,5223,12,1,physics.data-an
599,1185,4,1,physics.data-an
6321,6323,0,1,physics.data-an
4907,8945,12,1,physics.data-an
512,5587,12,1,physics.data-an
2922,11580,0,1,physics.data-an
938,3482,221,1,physics.data-an
9619,9620,2,1,physics.data-an
11605,11606,36,1,physics.data-an
4158,4322,8,1,physics.data-an
4193,340,64,1,physics.data-an
10033,10034,0,1,physics.data-an
2641,13275,30,1,physics.data-an
216,7791,64,1,physics.data-an
383,384,0,1,physics.data-an
543,1498,78,1,physics.data-an
4350,5624,12,1,physics.data-an
1328,615,336,1,physics.data-an
1308,2725,2,1,physics.data-an
54,2577,832,1,physics.data-an
698,10007,34,1,physics.data-an
153,168,57,1,physics.data-an
1218,1452,9,1,physics.data-an
251,3615,150,1,physics.data-an
5262,4392,81,1,physics.data-an
9034,9036,1,1,physics.data-an
419,14096,0,1,physics.data-an
215,3802,99,1,physics.data-an
11620,11632,342,1,physics.data-an
5224,9845,8,1,physics.data-an
1911,9109,11,1,physics.data-an
1711,2803,126,1,physics.data-an
2479,4169,39,1,physics.data-an
4204,4203,0,1,physics.data-an
873,901,135,1,physics.data-an
6146,8548,0,1,physics.data-an
7335,7337,100,1,physics.data-an
766,2339,32,1,physics.data-an
13115,13208,24,1,physics.data-an
4452,4996,28,1,physics.data-an
1616,1617,96,1,physics.data-an
9082,2062,81,1,physics.data-an
4243,4244,6,1,physics.data-an
41,10519,48,1,physics.data-an
665,13676,60,1,physics.data-an
506,5341,80,1,physics.data-an
11817,11818,1,1,physics.data-an
1116,13179,11,1,physics.data-an
9147,9150,40,1,physics.data-an
5310,5315,130,1,physics.data-an
1383,1384,65,1,physics.data-an
5141,5693,18,1,physics.data-an
1484,8912,75,1,physics.data-an
1141,4629,105,1,physics.data-an
11826,11827,0,1,physics.data-an
762,761,5,1,physics.data-an
269,1141,450,1,physics.data-an
8524,14011,16,1,physics.data-an
1072,3341,160,1,physics.data-an
2485,9274,27,1,physics.data-an
4526,4524,8,1,physics.data-an
4629,8246,14,1,physics.data-an
4613,5613,13,1,physics.data-an
3799,4017,8,1,physics.data-an
4381,8694,48,1,physics.data-an
152,168,21,1,physics.data-an
698,7087,119,1,physics.data-an
3239,3240,16,1,physics.data-an
2914,9272,6,1,physics.data-an
1303,12128,2,1,physics.data-an
2710,13676,21,1,physics.data-an
782,3543,384,1,physics.data-an
2901,9513,18,1,physics.data-an
24,1478,187,1,physics.data-an
4263,5131,5,1,physics.data-an
2120,2797,187,1,physics.data-an
2310,5092,3,1,physics.data-an
260,479,1961,1,physics.data-an
3341,8912,40,1,physics.data-an
9195,9204,187,1,physics.data-an
2233,2234,12,1,physics.data-an
5309,5315,80,1,physics.data-an
42,782,608,1,physics.data-an
1962,13186,21,1,physics.data-an
3482,7968,26,1,physics.data-an
975,1618,312,1,physics.data-an
11612,11633,504,1,physics.data-an
395,62,816,1,physics.data-an
2311,6589,2,1,physics.data-an
1851,7085,48,1,physics.data-an
782,1861,384,1,physics.data-an
6861,6862,2,1,physics.data-an
8156,9194,110,1,physics.data-an
2223,8296,15,1,physics.data-an
6795,6796,1,1,physics.data-an
807,2844,64,1,physics.data-an
9301,9302,45,1,physics.data-an
4766,4926,2,1,physics.data-an
1484,5232,150,1,physics.data-an
1407,4842,16,1,physics.data-an
507,5256,396,1,physics.data-an
10657,10658,1,1,physics.data-an
7408,9724,28,1,physics.data-an
1143,1144,4,1,physics.data-an
61,423,88,1,physics.data-an
1817,2111,175,1,physics.data-an
3381,3383,9,1,physics.data-an
5108,9035,15,1,physics.data-an
868,8452,54,1,physics.data-an
2543,10925,5,1,physics.data-an
7878,7879,24,1,physics.data-an
1141,4515,45,1,physics.data-an
578,10842,306,1,physics.data-an
716,3057,494,1,physics.data-an
6543,6542,40,1,physics.data-an
5138,5139,0,1,physics.data-an
4163,4164,6,1,physics.data-an
2925,2928,24,1,physics.data-an
8961,8962,0,1,physics.data-an
2367,1108,280,1,physics.data-an
41,5669,96,1,physics.data-an
37,1825,120,1,physics.data-an
664,13675,25,1,physics.data-an
4498,9196,144,1,physics.data-an
11064,11070,81,1,physics.data-an
1376,4265,9,1,physics.data-an
5101,11989,2,1,physics.data-an
434,8977,34,1,physics.data-an
169,631,4,1,physics.data-an
684,481,1196,1,physics.data-an
1691,2448,16,1,physics.data-an
1383,52,156,1,physics.data-an
2479,5745,26,1,physics.data-an
408,958,248,1,physics.data-an
4583,5389,12,1,physics.data-an
152,351,21,1,physics.data-an
5233,5234,12,1,physics.data-an
1881,11605,60,1,physics.data-an
104,105,21,1,physics.data-an
12132,12134,3,1,physics.data-an
2543,5235,25,1,physics.data-an
14095,14096,0,1,physics.data-an
1420,6720,3,1,physics.data-an
3790,3792,2,1,physics.data-an
782,1067,704,1,physics.data-an
96,6198,140,1,physics.data-an
1616,479,424,1,physics.data-an
592,1967,319,1,physics.data-an
2233,5427,66,1,physics.data-an
578,1168,612,1,physics.data-an
2108,14178,45,1,physics.data-an
17,4583,64,1,physics.data-an
8001,8005,120,1,physics.data-an
166,975,240,1,physics.data-an
2446,8596,135,1,physics.data-an
4997,4998,12,1,physics.data-an
3624,1751,84,1,physics.data-an
428,1315,100,1,physics.data-an
942,944,12,1,physics.data-an
2797,3387,68,1,physics.data-an
10829,10830,2,1,physics.data-an
4629,5621,21,1,physics.data-an
4123,4124,2,1,physics.data-an
2046,6102,17,1,physics.data-an
795,2022,1,1,physics.data-an
152,5866,14,1,physics.data-an
9313,9314,4,1,physics.data-an
10670,10672,20,1,physics.data-an
340,230,80,1,physics.data-an
1150,434,1190,1,physics.data-an
218,52,540,1,physics.data-an
80,8433,6,1,physics.data-an
434,5751,102,1,physics.data-an
1618,14065,39,1,physics.data-an
3604,5623,40,1,physics.data-an
11514,11517,0,1,physics.data-an
10727,10728,20,1,physics.data-an
10476,10477,1,1,physics.data-an
1377,1381,12,1,physics.data-an
450,14093,54,1,physics.data-an
172,869,900,1,physics.data-an
2446,10080,432,1,physics.data-an
7331,7339,90,1,physics.data-an
9430,9431,15,1,physics.data-an
5512,5513,0,1,physics.data-an
2335,2731,160,1,physics.data-an
72,2679,18,1,physics.data-an
711,14162,0,1,physics.data-an
1291,1361,36,1,physics.data-an
5747,6169,14,1,physics.data-an
62,2491,48,1,physics.data-an
1562,1563,6,1,physics.data-an
385,386,81,1,physics.data-an
7931,7936,25,1,physics.data-an
2388,11132,12,1,physics.data-an
8299,8301,4,1,physics.data-an
684,1150,910,1,physics.data-an
2674,4131,8,1,physics.data-an
929,1444,10,1,physics.data-an
153,913,76,1,physics.data-an
2699,2701,1,1,physics.data-an
597,1565,0,1,physics.data-an
7123,8569,70,1,physics.data-an
3381,3382,6,1,physics.data-an
4972,6217,12,1,physics.data-an
6708,6709,15,1,physics.data-an
578,862,816,1,physics.data-an
9200,9208,192,1,physics.data-an
48,260,888,1,physics.data-an
1,5777,11,1,physics.data-an
7290,7293,20,1,physics.data-an
6758,6759,0,1,physics.data-an
8306,8311,12,1,physics.data-an
62,14157,48,1,physics.data-an
5811,9302,50,1,physics.data-an
1077,10089,8,1,physics.data-an
1548,1547,36,1,physics.data-an
8309,8311,18,1,physics.data-an
11155,14070,21,1,physics.data-an
1197,1199,2,1,physics.data-an
2641,14067,48,1,physics.data-an
7503,10052,42,1,physics.data-an
10680,11580,0,1,physics.data-an
5009,5010,0,1,physics.data-an
4089,4088,22,1,physics.data-an
1018,1020,24,1,physics.data-an
975,3311,72,1,physics.data-an
479,480,2067,1,physics.data-an
7296,7297,0,1,physics.data-an
5324,5327,12,1,physics.data-an
13211,14157,4,1,physics.data-an
8477,8478,45,1,physics.data-an
385,9018,18,1,physics.data-an
9804,9806,12,1,physics.data-an
3989,9833,4,1,physics.data-an
7969,7971,0,1,physics.data-an
745,5585,36,1,physics.data-an
1328,1581,16,1,physics.data-an
434,4356,102,1,physics.data-an
728,4278,40,1,physics.data-an
1,11791,22,1,physics.data-an
3380,3382,14,1,physics.data-an
172,1262,270,1,physics.data-an
2922,10679,20,1,physics.data-an
578,1415,51,1,physics.data-an
9275,9276,0,1,physics.data-an
11622,11623,336,1,physics.data-an
3482,3483,156,1,physics.data-an
910,2870,1,1,physics.data-an
5215,7120,84,1,physics.data-an
2797,9563,68,1,physics.data-an
481,9359,46,1,physics.data-an
9621,9623,4,1,physics.data-an
11610,11626,462,1,physics.data-an
272,271,60,1,physics.data-an
2660,10502,0,1,physics.data-an
859,861,42,1,physics.data-an
54,2756,64,1,physics.data-an
809,2234,48,1,physics.data-an
467,13374,0,1,physics.data-an
324,2572,6,1,physics.data-an
4613,4468,52,1,physics.data-an
9582,9583,4,1,physics.data-an
3242,2343,14,1,physics.data-an
9969,9970,6,1,physics.data-an
481,1319,368,1,physics.data-an
571,4290,32,1,physics.data-an
6916,9984,8,1,physics.data-an
370,3455,112,1,physics.data-an
11989,11990,2,1,physics.data-an
5695,5698,25,1,physics.data-an
479,12003,159,1,physics.data-an
83,9208,976,1,physics.data-an
81,320,48,1,physics.data-an
2409,3886,0,1,physics.data-an
3445,3446,6,1,physics.data-an
132,7460,44,1,physics.data-an
1362,2210,36,1,physics.data-an
4607,7480,48,1,physics.data-an
209,1075,58,1,physics.data-an
4146,4147,1,1,physics.data-an
507,3127,66,1,physics.data-an
481,2025,552,1,physics.data-an
10147,11620,418,1,physics.data-an
7684,9578,10,1,physics.data-an
4344,7792,0,1,physics.data-an
6709,6713,15,1,physics.data-an
5795,9471,20,1,physics.data-an
73,152,21,1,physics.data-an
591,1963,287,1,physics.data-an
11885,11886,24,1,physics.data-an
8251,8252,0,1,physics.data-an
10907,10908,6,1,physics.data-an
8273,8274,1,1,physics.data-an
873,875,27,1,physics.data-an
2025,6976,24,1,physics.data-an
6862,11077,2,1,physics.data-an
95,2503,1,1,physics.data-an
1022,13000,8,1,physics.data-an
585,8859,0,1,physics.data-an
2623,7937,2,1,physics.data-an
4217,5811,70,1,physics.data-an
3641,4283,27,1,physics.data-an
710,7866,30,1,physics.data-an
3559,3560,6,1,physics.data-an
386,1019,108,1,physics.data-an
5575,5576,4,1,physics.data-an
45,1442,80,1,physics.data-an
9429,9430,9,1,physics.data-an
2857,4943,1,1,physics.data-an
2257,2258,16,1,physics.data-an
7064,7066,1,1,physics.data-an
11914,11918,9,1,physics.data-an
4846,4847,6,1,physics.data-an
480,6546,39,1,physics.data-an
245,248,16,1,physics.data-an
8248,8249,2,1,physics.data-an
3665,3666,1,1,physics.data-an
734,1493,6,1,physics.data-an
926,4455,25,1,physics.data-an
901,903,15,1,physics.data-an
3780,1911,11,1,physics.data-an
1078,3144,12,1,physics.data-an
2257,1896,40,1,physics.data-an
5132,11439,12,1,physics.data-an
4433,4435,1,1,physics.data-an
10080,11302,48,1,physics.data-an
8003,8011,90,1,physics.data-an
10420,11149,0,1,physics.data-an
6244,6246,16,1,physics.data-an
3016,5791,60,1,physics.data-an
9551,9553,6,1,physics.data-an
4959,6671,12,1,physics.data-an
394,7758,80,1,physics.data-an
8493,11361,27,1,physics.data-an
3780,6969,1,1,physics.data-an
479,5307,212,1,physics.data-an
8299,8300,2,1,physics.data-an
10651,10652,0,1,physics.data-an
691,4942,10,1,physics.data-an
54,270,960,1,physics.data-an
6776,11212,16,1,physics.data-an
8624,8626,0,1,physics.data-an
7634,7639,12,1,physics.data-an
4262,4264,6,1,physics.data-an
83,12850,183,1,physics.data-an
6276,6277,0,1,physics.data-an
2358,2359,0,1,physics.data-an
3525,6288,12,1,physics.data-an
107,11437,39,1,physics.data-an
2873,4321,240,1,physics.data-an
3533,3869,33,1,physics.data-an
4241,4243,9,1,physics.data-an
269,4689,30,1,physics.data-an
7367,8036,0,1,physics.data-an
172,422,1080,1,physics.data-an
9197,9200,168,1,physics.data-an
8247,8249,3,1,physics.data-an
5888,8938,7,1,physics.data-an
4178,6879,10,1,physics.data-an
543,5270,234,1,physics.data-an
1093,8680,60,1,physics.data-an
1518,1519,27,1,physics.data-an
198,4216,6,1,physics.data-an
975,6769,144,1,physics.data-an
14144,14145,1,1,physics.data-an
144,4381,96,1,physics.data-an
1168,3381,36,1,physics.data-an
1193,1196,35,1,physics.data-an
7790,11197,15,1,physics.data-an
866,929,85,1,physics.data-an
5868,5870,1,1,physics.data-an
3375,6846,7,1,physics.data-an
7414,7415,0,1,physics.data-an
1425,804,228,1,physics.data-an
407,5551,175,1,physics.data-an
2399,2400,2,1,physics.data-an
807,9083,160,1,physics.data-an
6282,1258,102,1,physics.data-an
1881,11607,70,1,physics.data-an
322,323,8,1,physics.data-an
1381,2450,12,1,physics.data-an
2120,10101,44,1,physics.data-an
2091,4321,156,1,physics.data-an
900,9586,0,1,physics.data-an
2314,9305,240,1,physics.data-an
4356,9595,0,1,physics.data-an
6568,6570,1,1,physics.data-an
1415,1417,1,1,physics.data-an
11609,11626,399,1,physics.data-an
1621,2025,216,1,physics.data-an
1264,7120,91,1,physics.data-an
2409,3448,0,1,physics.data-an
11226,11231,16,1,physics.data-an
11619,11633,462,1,physics.data-an
8009,8012,108,1,physics.data-an
10335,10338,4,1,physics.data-an
11980,14064,0,1,physics.data-an
4356,1912,9,1,physics.data-an
1745,1746,24,1,physics.data-an
10670,12195,20,1,physics.data-an
3658,3341,40,1,physics.data-an
4684,7577,10,1,physics.data-an
5913,3782,28,1,physics.data-an
13315,14094,100,1,physics.data-an
3799,4015,16,1,physics.data-an
578,13207,255,1,physics.data-an
7885,9983,16,1,physics.data-an
4958,12197,20,1,physics.data-an
3198,3199,8,1,physics.data-an
1350,729,324,1,physics.data-an
551,5794,33,1,physics.data-an
4145,4146,1,1,physics.data-an
2437,10971,24,1,physics.data-an
3285,5553,143,1,physics.data-an
2067,2068,7,1,physics.data-an
485,3743,126,1,physics.data-an
9835,9836,2,1,physics.data-an
717,806,12,1,physics.data-an
11620,11626,399,1,physics.data-an
1364,5489,9,1,physics.data-an
2257,9148,16,1,physics.data-an
887,683,204,1,physics.data-an
1634,1635,24,1,physics.data-an
8000,8009,99,1,physics.data-an
6,8052,120,1,physics.data-an
231,888,10,1,physics.data-an
914,8241,22,1,physics.data-an
591,593,410,1,physics.data-an
14018,14019,2,1,physics.data-an
251,539,120,1,physics.data-an
1093,8073,0,1,physics.data-an
3346,5794,45,1,physics.data-an
10147,11623,462,1,physics.data-an
7823,7822,5,1,physics.data-an
11611,11632,414,1,physics.data-an
10107,11606,48,1,physics.data-an
73,829,24,1,physics.data-an
2731,671,160,1,physics.data-an
408,9282,16,1,physics.data-an
5627,5628,2,1,physics.data-an
13,3515,11,1,physics.data-an
1425,591,492,1,physics.data-an
1045,8774,20,1,physics.data-an
12089,12090,5,1,physics.data-an
1045,682,120,1,physics.data-an
1141,6282,255,1,physics.data-an
5293,5292,0,1,physics.data-an
172,14153,450,1,physics.data-an
715,267,123,1,physics.data-an
5805,5806,66,1,physics.data-an
1942,2464,6,1,physics.data-an
958,11254,155,1,physics.data-an
4914,6279,80,1,physics.data-an
11613,11623,399,1,physics.data-an
62,641,240,1,physics.data-an
3022,9141,18,1,physics.data-an
885,12115,0,1,physics.data-an
1186,599,4,1,physics.data-an
4217,4382,14,1,physics.data-an
7427,14061,1,1,physics.data-an
1425,9596,84,1,physics.data-an
8007,8011,90,1,physics.data-an
1264,9723,39,1,physics.data-an
62,13211,48,1,physics.data-an
4161,4164,4,1,physics.data-an
3812,10558,8,1,physics.data-an
11591,11863,3,1,physics.data-an
9148,9149,16,1,physics.data-an
807,153,608,1,physics.data-an
543,3657,156,1,physics.data-an
2814,2446,216,1,physics.data-an
37,867,90,1,physics.data-an
8484,8975,0,1,physics.data-an
8506,8509,0,1,physics.data-an
5811,5812,60,1,physics.data-an
11940,12102,15,1,physics.data-an
6551,2046,102,1,physics.data-an
68,3231,45,1,physics.data-an
9309,9310,0,1,physics.data-an
40,3375,49,1,physics.data-an
1353,9625,6,1,physics.data-an
8004,8009,81,1,physics.data-an
5502,5504,15,1,physics.data-an
308,12411,0,1,physics.data-an
543,1500,39,1,physics.data-an
2686,10087,8,1,physics.data-an
10729,10732,20,1,physics.data-an
3971,3972,0,1,physics.data-an
11348,11349,0,1,physics.data-an
51,9196,225,1,physics.data-an
6304,6305,2,1,physics.data-an
3090,3094,4,1,physics.data-an
8663,11620,361,1,physics.data-an
2712,2713,2,1,physics.data-an
2479,2480,26,1,physics.data-an
132,2803,132,1,physics.data-an
38,2880,19,1,physics.data-an
807,3242,448,1,physics.data-an
83,370,976,1,physics.data-an
8156,4193,88,1,physics.data-an
3189,4068,24,1,physics.data-an
2835,6250,7,1,physics.data-an
729,804,513,1,physics.data-an
11619,11623,462,1,physics.data-an
214,216,48,1,physics.data-an
11068,11071,81,1,physics.data-an
745,5584,18,1,physics.data-an
4857,6573,1,1,physics.data-an
5954,7770,8,1,physics.data-an
4915,7936,30,1,physics.data-an
8492,8493,36,1,physics.data-an
5215,578,612,1,physics.data-an
11656,11657,3,1,physics.data-an
5975,1141,75,1,physics.data-an
2918,8995,24,1,physics.data-an
8307,9105,8,1,physics.data-an
985,2534,14,1,physics.data-an
698,6282,289,1,physics.data-an
3228,6711,5,1,physics.data-an
63,111,56,1,physics.data-an
13244,13245,0,1,physics.data-an
711,14078,12,1,physics.data-an
207,888,27,1,physics.data-an
859,860,28,1,physics.data-an
9196,9197,126,1,physics.data-an
6589,6590,2,1,physics.data-an
11625,11627,441,1,physics.data-an
1248,10080,432,1,physics.data-an
6394,10752,4,1,physics.data-an
7173,7174,0,1,physics.data-an
11621,11624,483,1,physics.data-an
10794,10795,0,1,physics.data-an
3992,4309,0,1,physics.data-an
7636,7639,12,1,physics.data-an
2074,2073,7,1,physics.data-an
2918,8997,32,1,physics.data-an
536,1250,96,1,physics.data-an
72,8035,36,1,physics.data-an
2122,6674,0,1,physics.data-an
14044,13137,10,1,physics.data-an
11251,11253,4,1,physics.data-an
3023,11494,40,1,physics.data-an
2797,8053,51,1,physics.data-an
660,2665,55,1,physics.data-an
3632,3633,12,1,physics.data-an
395,68,510,1,physics.data-an
4095,9285,24,1,physics.data-an
4554,4556,40,1,physics.data-an
3743,6625,162,1,physics.data-an
7196,9254,35,1,physics.data-an
583,12781,62,1,physics.data-an
111,507,462,1,physics.data-an
2274,2789,0,1,physics.data-an
3381,3385,15,1,physics.data-an
1034,169,48,1,physics.data-an
6149,6153,20,1,physics.data-an
5310,5314,104,1,physics.data-an
3340,3512,114,1,physics.data-an
6678,6679,4,1,physics.data-an
1540,5574,30,1,physics.data-an
1072,4720,0,1,physics.data-an
11295,11296,15,1,physics.data-an
214,382,216,1,physics.data-an
8500,12152,10,1,physics.data-an
11625,11630,441,1,physics.data-an
511,6748,12,1,physics.data-an
11618,11625,462,1,physics.data-an
1704,3655,49,1,physics.data-an
5160,5161,18,1,physics.data-an
9299,9302,35,1,physics.data-an
165,167,3,1,physics.data-an
54,633,1216,1,physics.data-an
8663,11626,399,1,physics.data-an
10670,10671,15,1,physics.data-an
2916,5419,44,1,physics.data-an
6198,7724,16,1,physics.data-an
11588,11590,1,1,physics.data-an
711,2255,36,1,physics.data-an
1763,1839,2,1,physics.data-an
207,4644,27,1,physics.data-an
3851,3852,1,1,physics.data-an
1067,3278,330,1,physics.data-an
8625,8626,1,1,physics.data-an
11779,11780,10,1,physics.data-an
5888,8940,21,1,physics.data-an
3284,5489,30,1,physics.data-an
2057,2754,128,1,physics.data-an
1356,1385,286,1,physics.data-an
1746,6439,24,1,physics.data-an
3604,5553,110,1,physics.data-an
416,2447,125,1,physics.data-an
563,564,45,1,physics.data-an
832,2983,2,1,physics.data-an
955,7378,12,1,physics.data-an
874,13275,120,1,physics.data-an
927,13126,10,1,physics.data-an
11650,11652,6,1,physics.data-an
5751,2026,15,1,physics.data-an
6334,11132,14,1,physics.data-an
938,1851,204,1,physics.data-an
8261,8263,1,1,physics.data-an
6723,6724,2,1,physics.data-an
3580,4975,6,1,physics.data-an
2357,3296,0,1,physics.data-an
7667,7668,2,1,physics.data-an
3533,7967,55,1,physics.data-an
5896,5897,0,1,physics.data-an
11954,11955,1,1,physics.data-an
9603,9606,20,1,physics.data-an
434,842,306,1,physics.data-an
5232,11558,30,1,physics.data-an
201,1047,0,1,physics.data-an
4648,6995,0,1,physics.data-an
434,4371,68,1,physics.data-an
4574,8044,10,1,physics.data-an
1660,96,630,1,physics.data-an
1122,10567,0,1,physics.data-an
9911,9912,6,1,physics.data-an
297,14368,15,1,physics.data-an
37,6686,210,1,physics.data-an
451,452,275,1,physics.data-an
948,6310,2,1,physics.data-an
666,13676,21,1,physics.data-an
4320,6633,42,1,physics.data-an
4623,4621,8,1,physics.data-an
152,13253,14,1,physics.data-an
10651,10654,0,1,physics.data-an
862,3858,80,1,physics.data-an
1356,1263,169,1,physics.data-an
9141,11492,30,1,physics.data-an
765,14082,10,1,physics.data-an
221,502,55,1,physics.data-an
9082,1117,72,1,physics.data-an
4665,2214,18,1,physics.data-an
12169,12171,1,1,physics.data-an
565,566,35,1,physics.data-an
543,3606,351,1,physics.data-an
4344,6575,0,1,physics.data-an
3202,3204,24,1,physics.data-an
842,3062,36,1,physics.data-an
720,12028,36,1,physics.data-an
8264,8265,4,1,physics.data-an
219,407,275,1,physics.data-an
5534,5536,8,1,physics.data-an
578,863,255,1,physics.data-an
2555,10028,0,1,physics.data-an
4079,4720,0,1,physics.data-an
10147,11617,396,1,physics.data-an
434,432,442,1,physics.data-an
4011,4083,25,1,physics.data-an
682,6185,0,1,physics.data-an
2924,4172,6,1,physics.data-an
5307,5314,32,1,physics.data-an
1248,434,918,1,physics.data-an
1385,2803,132,1,physics.data-an
2699,2700,2,1,physics.data-an
1311,7560,0,1,physics.data-an
4304,5073,108,1,physics.data-an
4596,6335,0,1,physics.data-an
11610,11630,462,1,physics.data-an
8585,2543,15,1,physics.data-an
2797,5288,51,1,physics.data-an
3050,481,276,1,physics.data-an
11617,11619,396,1,physics.data-an
573,965,46,1,physics.data-an
3057,1855,95,1,physics.data-an
720,4089,132,1,physics.data-an
166,10663,50,1,physics.data-an
2632,4166,110,1,physics.data-an
47,572,182,1,physics.data-an
1067,6753,0,1,physics.data-an
2161,10312,13,1,physics.data-an
4521,4522,1,1,physics.data-an
8306,8310,24,1,physics.data-an
1157,5468,0,1,physics.data-an
72,3484,144,1,physics.data-an
8506,8507,0,1,physics.data-an
8156,9198,220,1,physics.data-an
1808,14113,7,1,physics.data-an
2660,4925,24,1,physics.data-an
3888,6729,0,1,physics.data-an
210,4018,0,1,physics.data-an
6251,8662,14,1,physics.data-an
1175,1173,6,1,physics.data-an
42,1161,304,1,physics.data-an
8003,8010,100,1,physics.data-an
782,808,480,1,physics.data-an
11515,11517,0,1,physics.data-an
3071,3073,12,1,physics.data-an
1141,5974,90,1,physics.data-an
83,3655,427,1,physics.data-an
5215,720,144,1,physics.data-an
11609,11613,361,1,physics.data-an
1034,11988,0,1,physics.data-an
9929,9930,0,1,physics.data-an
1066,4843,0,1,physics.data-an
1360,6895,126,1,physics.data-an
2485,3057,171,1,physics.data-an
1692,3651,18,1,physics.data-an
7997,7998,2,1,physics.data-an
301,3107,0,1,physics.data-an
11780,11907,10,1,physics.data-an
6268,6626,30,1,physics.data-an
270,6877,30,1,physics.data-an
978,7861,17,1,physics.data-an
1,1264,143,1,physics.data-an
9615,11239,12,1,physics.data-an
4002,4003,2,1,physics.data-an
9199,9202,154,1,physics.data-an
4663,6741,24,1,physics.data-an
11612,11624,504,1,physics.data-an
543,3605,507,1,physics.data-an
8570,8573,12,1,physics.data-an
6246,6248,24,1,physics.data-an
395,7930,102,1,physics.data-an
7365,7366,2,1,physics.data-an
385,573,207,1,physics.data-an
317,316,34,1,physics.data-an
1350,3744,120,1,physics.data-an
11240,11476,35,1,physics.data-an
1196,10682,35,1,physics.data-an
7197,9569,4,1,physics.data-an
5795,11584,15,1,physics.data-an
14012,14015,12,1,physics.data-an
1894,1895,6,1,physics.data-an
1712,900,0,1,physics.data-an
1478,3842,66,1,physics.data-an
2822,938,102,1,physics.data-an
3743,8164,36,1,physics.data-an
1264,2665,65,1,physics.data-an
6157,10402,8,1,physics.data-an
3568,3670,70,1,physics.data-an
6513,6514,0,1,physics.data-an
11357,11358,0,1,physics.data-an
83,11605,366,1,physics.data-an
716,4107,208,1,physics.data-an
3164,3216,9,1,physics.data-an
10052,9111,12,1,physics.data-an
10535,10536,1,1,physics.data-an
11611,11862,92,1,physics.data-an
4018,4019,0,1,physics.data-an
3987,3988,0,1,physics.data-an
10620,10621,6,1,physics.data-an
4279,4280,20,1,physics.data-an
4086,5083,72,1,physics.data-an
153,165,19,1,physics.data-an
958,1072,620,1,physics.data-an
10418,10419,5,1,physics.data-an
4057,547,14,1,physics.data-an
862,3860,80,1,physics.data-an
765,14167,0,1,physics.data-an
60,111,140,1,physics.data-an
36,10075,8,1,physics.data-an
1751,1543,147,1,physics.data-an
4357,9577,12,1,physics.data-an
1635,2486,12,1,physics.data-an
105,3580,126,1,physics.data-an
4699,3051,14,1,physics.data-an
866,1141,255,1,physics.data-an
7491,8024,30,1,physics.data-an
5461,5463,16,1,physics.data-an
2746,2747,9,1,physics.data-an
4837,9922,24,1,physics.data-an
3914,3916,2,1,physics.data-an
9198,9202,140,1,physics.data-an
4290,10795,0,1,physics.data-an
3613,3612,12,1,physics.data-an
1549,2389,22,1,physics.data-an
2124,321,3,1,physics.data-an
4168,11798,6,1,physics.data-an
61,62,528,1,physics.data-an
5662,9543,18,1,physics.data-an
14011,14015,12,1,physics.data-an
2166,7705,6,1,physics.data-an
4554,4555,35,1,physics.data-an
1661,14083,28,1,physics.data-an
975,9186,120,1,physics.data-an
7949,1920,45,1,physics.data-an
975,481,1104,1,physics.data-an
370,1241,144,1,physics.data-an
96,13012,140,1,physics.data-an
252,538,185,1,physics.data-an
4667,4666,9,1,physics.data-an
5414,6103,15,1,physics.data-an
7120,1360,98,1,physics.data-an
578,8731,153,1,physics.data-an
12101,12103,20,1,physics.data-an
1383,1904,130,1,physics.data-an
6539,6540,1,1,physics.data-an
2195,5439,6,1,physics.data-an
90,6778,66,1,physics.data-an
551,9429,33,1,physics.data-an
7388,7390,1,1,physics.data-an
382,215,396,1,physics.data-an
2768,2769,6,1,physics.data-an
4261,10526,30,1,physics.data-an
2314,3889,120,1,physics.data-an
543,958,1209,1,physics.data-an
1203,2801,5,1,physics.data-an
52,3189,144,1,physics.data-an
1911,8287,0,1,physics.data-an
10594,10595,0,1,physics.data-an
975,2632,240,1,physics.data-an
6,166,300,1,physics.data-an
1163,2492,0,1,physics.data-an
9403,9404,16,1,physics.data-an
269,480,1170,1,physics.data-an
1618,14066,39,1,physics.data-an
1230,11386,44,1,physics.data-an
4850,4852,0,1,physics.data-an
7509,7510,9,1,physics.data-an
96,321,35,1,physics.data-an
220,1356,234,1,physics.data-an
7103,7104,6,1,physics.data-an
1681,10401,0,1,physics.data-an
592,11379,29,1,physics.data-an
6953,6954,2,1,physics.data-an
214,8694,36,1,physics.data-an
660,11196,22,1,physics.data-an
10144,11779,4,0,physics.data-an
8307,11347,12,0,physics.data-an
492,5535,8,0,physics.data-an
7182,10829,0,0,physics.data-an
4857,10022,1,0,physics.data-an
1500,4979,2,0,physics.data-an
2046,8567,51,0,physics.data-an
2633,6786,12,0,physics.data-an
260,2933,74,0,physics.data-an
6953,11387,3,0,physics.data-an
4897,6716,18,0,physics.data-an
4427,6767,1,0,physics.data-an
4548,8634,4,0,physics.data-an
314,8767,9,0,physics.data-an
6322,11669,1,0,physics.data-an
10001,10459,3,0,physics.data-an
5446,8966,5,0,physics.data-an
153,6226,76,0,physics.data-an
9060,14042,2,0,physics.data-an
6332,8155,4,0,physics.data-an
467,680,0,0,physics.data-an
7084,7790,12,0,physics.data-an
8626,10174,0,0,physics.data-an
2338,6995,0,0,physics.data-an
8117,9888,9,0,physics.data-an
4169,5869,69,0,physics.data-an
3,4746,2,0,physics.data-an
1638,1659,15,0,physics.data-an
1870,9779,1,0,physics.data-an
8568,11630,84,0,physics.data-an
2805,2854,16,0,physics.data-an
2928,9835,2,0,physics.data-an
1501,11224,4,0,physics.data-an
900,6654,0,0,physics.data-an
447,13390,0,0,physics.data-an
5262,7460,18,0,physics.data-an
6570,11626,21,0,physics.data-an
7060,11719,1,0,physics.data-an
6208,6929,1,0,physics.data-an
90,8542,22,0,physics.data-an
7349,14073,8,0,physics.data-an
2824,10945,1,0,physics.data-an
2366,2748,24,0,physics.data-an
3914,4272,6,0,physics.data-an
49,7049,0,0,physics.data-an
2659,8105,3,0,physics.data-an
1163,1816,9,0,physics.data-an
1941,1967,11,0,physics.data-an
2814,5010,0,0,physics.data-an
218,7644,45,0,physics.data-an
269,7955,60,0,physics.data-an
1819,5913,28,0,physics.data-an
571,3747,8,0,physics.data-an
381,8196,15,0,physics.data-an
11483,11722,1,0,physics.data-an
4082,10537,0,0,physics.data-an
8916,9087,6,0,physics.data-an
1851,2338,60,0,physics.data-an
4575,11718,6,0,physics.data-an
6309,11154,6,0,physics.data-an
2360,3384,40,0,physics.data-an
863,3366,25,0,physics.data-an
7850,8209,4,0,physics.data-an
4621,8307,8,0,physics.data-an
1203,6440,5,0,physics.data-an
12148,13689,0,0,physics.data-an
71,693,72,0,physics.data-an
1262,4274,6,0,physics.data-an
3244,3812,8,0,physics.data-an
3792,6390,2,0,physics.data-an
8044,14081,4,0,physics.data-an
9364,11168,5,0,physics.data-an
1367,9580,1,0,physics.data-an
272,2260,20,0,physics.data-an
2908,6486,12,0,physics.data-an
3296,11815,0,0,physics.data-an
4263,13968,5,0,physics.data-an
5073,6603,36,0,physics.data-an
272,12733,30,0,physics.data-an
933,13116,3,0,physics.data-an
420,4229,105,0,physics.data-an
7897,12463,1,0,physics.data-an
1314,7969,0,0,physics.data-an
10307,14019,1,0,physics.data-an
4525,11758,3,0,physics.data-an
67,11955,6,0,physics.data-an
6469,11004,6,0,physics.data-an
5331,10955,0,0,physics.data-an
2081,4843,1,0,physics.data-an
7512,8716,2,0,physics.data-an
6182,9778,1,0,physics.data-an
1210,12463,2,0,physics.data-an
7075,7960,16,0,physics.data-an
3803,10577,2,0,physics.data-an
319,1000,0,0,physics.data-an
8575,11515,3,0,physics.data-an
8799,9948,4,0,physics.data-an
4948,6585,0,0,physics.data-an
711,10011,12,0,physics.data-an
3087,10900,3,0,physics.data-an
4049,4078,1,0,physics.data-an
280,11667,0,0,physics.data-an
4608,6436,2,0,physics.data-an
428,1028,60,0,physics.data-an
5536,9006,6,0,physics.data-an
5453,9237,9,0,physics.data-an
3602,14091,6,0,physics.data-an
4015,11520,2,0,physics.data-an
1146,6677,8,0,physics.data-an
7885,10781,16,0,physics.data-an
3003,7087,7,0,physics.data-an
4321,4393,36,0,physics.data-an
659,7233,3,0,physics.data-an
3746,11103,3,0,physics.data-an
4061,7960,72,0,physics.data-an
5730,11617,72,0,physics.data-an
2854,9996,2,0,physics.data-an
6790,7396,0,0,physics.data-an
5643,11612,96,0,physics.data-an
572,6182,14,0,physics.data-an
5947,9071,1,0,physics.data-an
96,6747,245,0,physics.data-an
971,1577,0,0,physics.data-an
5947,10419,5,0,physics.data-an
6586,10900,1,0,physics.data-an
252,8800,37,0,physics.data-an
10155,13988,10,0,physics.data-an
1357,3226,5,0,physics.data-an
4809,14131,6,0,physics.data-an
6655,9687,0,0,physics.data-an
6686,12155,28,0,physics.data-an
4240,4934,9,0,physics.data-an
8306,10028,0,0,physics.data-an
9517,10326,1,0,physics.data-an
2393,5743,14,0,physics.data-an
8037,8820,16,0,physics.data-an
2366,6543,15,0,physics.data-an
1163,10944,3,0,physics.data-an
2283,7677,1,0,physics.data-an
447,1814,3,0,physics.data-an
3084,8220,0,0,physics.data-an
4077,9113,1,0,physics.data-an
984,5694,10,0,physics.data-an
220,7284,36,0,physics.data-an
410,8985,9,0,physics.data-an
8405,11583,20,0,physics.data-an
466,11626,126,0,physics.data-an
2926,5833,10,0,physics.data-an
6981,10652,2,0,physics.data-an
2046,4588,34,0,physics.data-an
11217,14171,2,0,physics.data-an
1942,12115,0,0,physics.data-an
5356,11388,16,0,physics.data-an
3326,14025,18,0,physics.data-an
12155,13142,24,0,physics.data-an
8680,9801,5,0,physics.data-an
2845,4941,2,0,physics.data-an
4377,5591,4,0,physics.data-an
6545,8629,5,0,physics.data-an
1104,3022,3,0,physics.data-an
699,10521,5,0,physics.data-an
1160,11670,8,0,physics.data-an
132,11722,22,0,physics.data-an
4850,6268,30,0,physics.data-an
3012,7040,2,0,physics.data-an
475,721,10,0,physics.data-an
7358,11514,4,0,physics.data-an
3534,6182,2,0,physics.data-an
3168,14118,6,0,physics.data-an
1163,3193,6,0,physics.data-an
477,5489,3,0,physics.data-an
3114,9388,34,0,physics.data-an
3071,4322,8,0,physics.data-an
138,11429,4,0,physics.data-an
2441,5732,12,0,physics.data-an
667,6934,9,0,physics.data-an
5668,14075,6,0,physics.data-an
9197,9430,42,0,physics.data-an
1708,7315,3,0,physics.data-an
3917,10013,2,0,physics.data-an
4456,6535,4,0,physics.data-an
4998,7492,39,0,physics.data-an
3666,5821,3,0,physics.data-an
3432,9855,20,0,physics.data-an
7207,8204,4,0,physics.data-an
476,1746,12,0,physics.data-an
1857,11086,6,0,physics.data-an
320,1727,12,0,physics.data-an
2509,14130,4,0,physics.data-an
9151,14094,30,0,physics.data-an
1966,2362,3,0,physics.data-an
1861,7264,12,0,physics.data-an
2058,6646,0,0,physics.data-an
1846,6238,0,0,physics.data-an
6626,11870,3,0,physics.data-an
5121,7418,6,0,physics.data-an
2489,8675,40,0,physics.data-an
2756,11908,4,0,physics.data-an
3562,8774,3,0,physics.data-an
7413,12860,3,0,physics.data-an
11360,13679,20,0,physics.data-an
6976,7638,12,0,physics.data-an
4822,6304,3,0,physics.data-an
4926,11874,1,0,physics.data-an
7484,9622,6,0,physics.data-an
467,6068,0,0,physics.data-an
2438,5331,3,0,physics.data-an
7335,8510,0,0,physics.data-an
5031,7875,2,0,physics.data-an
7393,9912,6,0,physics.data-an
9707,12138,0,0,physics.data-an
3606,9194,45,0,physics.data-an
7423,12006,4,0,physics.data-an
5155,6778,3,0,physics.data-an
5693,9422,24,0,physics.data-an
6520,9200,12,0,physics.data-an
1729,10011,7,0,physics.data-an
4103,5161,4,0,physics.data-an
1768,5621,6,0,physics.data-an
3202,8588,8,0,physics.data-an
9586,9983,4,0,physics.data-an
10672,10955,0,0,physics.data-an
394,4169,48,0,physics.data-an
11494,12195,20,0,physics.data-an
14009,14411,2,0,physics.data-an
1196,3216,21,0,physics.data-an
710,7789,24,0,physics.data-an
9303,9402,16,0,physics.data-an
7915,7979,10,0,physics.data-an
1870,9991,4,0,physics.data-an
5622,10651,0,0,physics.data-an
3425,3534,4,0,physics.data-an
4633,11634,69,0,physics.data-an
2358,3100,0,0,physics.data-an
5749,7085,8,0,physics.data-an
1862,8266,21,0,physics.data-an
9036,10900,1,0,physics.data-an
2007,8275,8,0,physics.data-an
7639,7851,3,0,physics.data-an
7642,11389,3,0,physics.data-an
2068,2363,0,0,physics.data-an
783,5908,6,0,physics.data-an
1846,2436,9,0,physics.data-an
5504,7290,25,0,physics.data-an
9752,10172,2,0,physics.data-an
8169,8690,10,0,physics.data-an
5083,10414,24,0,physics.data-an
2214,3585,2,0,physics.data-an
2247,7820,2,0,physics.data-an
1920,5210,20,0,physics.data-an
9943,10908,4,0,physics.data-an
6486,11148,2,0,physics.data-an
906,5117,6,0,physics.data-an
9804,11387,9,0,physics.data-an
5832,7914,6,0,physics.data-an
1661,2246,14,0,physics.data-an
7872,14038,8,0,physics.data-an
2984,12170,2,0,physics.data-an
5021,10295,9,0,physics.data-an
4295,10340,1,0,physics.data-an
666,9830,14,0,physics.data-an
2436,13124,21,0,physics.data-an
2822,10536,6,0,physics.data-an
1057,7357,12,0,physics.data-an
3588,7854,8,0,physics.data-an
2661,2854,6,0,physics.data-an
2171,13989,16,0,physics.data-an
4547,11580,0,0,physics.data-an
10054,11799,6,0,physics.data-an
5234,6768,6,0,physics.data-an
7142,10670,40,0,physics.data-an
4815,11251,6,0,physics.data-an
168,8506,0,0,physics.data-an
634,3812,72,0,physics.data-an
5164,14028,2,0,physics.data-an
7264,7743,1,0,physics.data-an
81,11247,12,0,physics.data-an
1128,14183,8,0,physics.data-an
5849,11507,8,0,physics.data-an
4204,7161,8,0,physics.data-an
173,2290,6,0,physics.data-an
4410,10155,2,0,physics.data-an
7842,10874,1,0,physics.data-an
9234,13987,12,0,physics.data-an
9517,10669,2,0,physics.data-an
2334,12187,3,0,physics.data-an
4604,13812,0,0,physics.data-an
4648,4699,14,0,physics.data-an
5066,9413,4,0,physics.data-an
7614,9554,6,0,physics.data-an
5138,6512,0,0,physics.data-an
7665,9376,4,0,physics.data-an
959,11493,6,0,physics.data-an
2958,7291,20,0,physics.data-an
1548,2848,84,0,physics.data-an
1228,9143,2,0,physics.data-an
5507,8337,8,0,physics.data-an
2149,8470,6,0,physics.data-an
7930,9832,3,0,physics.data-an
7366,11825,2,0,physics.data-an
4176,7979,6,0,physics.data-an
37,9613,120,0,physics.data-an
9740,10538,0,0,physics.data-an
2112,6718,0,0,physics.data-an
1288,4434,4,0,physics.data-an
1471,9394,3,0,physics.data-an
5975,9201,70,0,physics.data-an
4301,10490,9,0,physics.data-an
6861,9968,3,0,physics.data-an
243,412,68,0,physics.data-an
777,7293,12,0,physics.data-an
1708,9752,6,0,physics.data-an
2530,2770,0,0,physics.data-an
2515,9057,9,0,physics.data-an
4154,14083,8,0,physics.data-an
10809,14166,0,0,physics.data-an
5483,13879,4,0,physics.data-an
4663,7315,12,0,physics.data-an
2717,6388,10,0,physics.data-an
7517,7914,3,0,physics.data-an
1386,3321,8,0,physics.data-an
6976,8642,2,0,physics.data-an
212,1104,3,0,physics.data-an
5338,11245,8,0,physics.data-an
144,13243,48,0,physics.data-an
4477,9525,4,0,physics.data-an
10075,11174,2,0,physics.data-an
9832,10104,0,0,physics.data-an
6445,9765,0,0,physics.data-an
7818,8027,28,0,physics.data-an
2515,10081,3,0,physics.data-an
1583,8975,0,0,physics.data-an
3999,7914,18,0,physics.data-an
3961,9608,24,0,physics.data-an
4533,8867,4,0,physics.data-an
4063,6394,0,0,physics.data-an
5210,10543,4,0,physics.data-an
3798,4891,0,0,physics.data-an
760,3245,12,0,physics.data-an
3505,10267,18,0,physics.data-an
5252,10051,2,0,physics.data-an
3067,10450,2,0,physics.data-an
8782,11867,2,0,physics.data-an
864,2844,16,0,physics.data-an
308,9042,0,0,physics.data-an
1032,14177,12,0,physics.data-an
2868,8111,2,0,physics.data-an
945,4229,21,0,physics.data-an
10093,11205,2,0,physics.data-an
2789,11530,6,0,physics.data-an
8895,9534,4,0,physics.data-an
9420,9764,0,0,physics.data-an
5644,7923,4,0,physics.data-an
5824,8119,2,0,physics.data-an
3202,3562,24,0,physics.data-an
4309,6512,0,0,physics.data-an
3477,11494,15,0,physics.data-an
3049,8164,2,0,physics.data-an
2122,3869,6,0,physics.data-an
9231,10916,3,0,physics.data-an
3803,9529,4,0,physics.data-an
4906,4961,5,0,physics.data-an
8472,12850,6,0,physics.data-an
3789,4032,0,0,physics.data-an
4281,7124,35,0,physics.data-an
2317,4602,1,0,physics.data-an
551,3493,33,0,physics.data-an
2190,4232,12,0,physics.data-an
1378,12576,4,0,physics.data-an
764,5443,15,0,physics.data-an
242,2020,15,0,physics.data-an
13000,14182,6,0,physics.data-an
4158,11339,0,0,physics.data-an
6697,10794,0,0,physics.data-an
7864,11431,5,0,physics.data-an
2822,3547,24,0,physics.data-an
3448,3860,0,0,physics.data-an
2885,4915,12,0,physics.data-an
1535,5096,8,0,physics.data-an
1112,2927,10,0,physics.data-an
450,9718,72,0,physics.data-an
1425,12134,12,0,physics.data-an
8151,12018,15,0,physics.data-an
5257,5919,66,0,physics.data-an
1282,8299,0,0,physics.data-an
3117,3351,12,0,physics.data-an
641,10597,30,0,physics.data-an
583,10018,31,0,physics.data-an
905,2570,24,0,physics.data-an
4994,11732,5,0,physics.data-an
6249,6438,5,0,physics.data-an
4085,9749,4,0,physics.data-an
585,4057,21,0,physics.data-an
1876,4607,108,0,physics.data-an
3805,10555,0,0,physics.data-an
4384,5652,3,0,physics.data-an
2387,7383,2,0,physics.data-an
5808,6323,0,0,physics.data-an
7963,9050,8,0,physics.data-an
4539,9058,8,0,physics.data-an
5674,8574,20,0,physics.data-an
4607,7615,0,0,physics.data-an
5662,7437,18,0,physics.data-an
9235,14053,12,0,physics.data-an
6089,8264,4,0,physics.data-an
691,7457,10,0,physics.data-an
3144,8041,2,0,physics.data-an
7126,7357,4,0,physics.data-an
3258,6714,24,0,physics.data-an
9710,10081,6,0,physics.data-an
3950,7238,4,0,physics.data-an
2935,7638,30,0,physics.data-an
1202,1751,21,0,physics.data-an
2573,5336,12,0,physics.data-an
2927,5419,8,0,physics.data-an
1145,8041,6,0,physics.data-an
605,6227,20,0,physics.data-an
978,1219,17,0,physics.data-an
8403,10080,48,0,physics.data-an
2073,6181,2,0,physics.data-an
9724,11333,8,0,physics.data-an
5745,6769,12,0,physics.data-an
8246,11594,14,0,physics.data-an
634,10571,9,0,physics.data-an
4466,10357,2,0,physics.data-an
927,6543,50,0,physics.data-an
6475,7517,2,0,physics.data-an
7417,11483,2,0,physics.data-an
319,1290,0,0,physics.data-an
424,5922,100,0,physics.data-an
201,11363,12,0,physics.data-an
677,10389,9,0,physics.data-an
7557,14117,2,0,physics.data-an
221,7140,20,0,physics.data-an
5445,11617,54,0,physics.data-an
10090,10114,4,0,physics.data-an
482,2485,27,0,physics.data-an
641,9828,20,0,physics.data-an
8962,14137,0,0,physics.data-an
1728,9911,8,0,physics.data-an
4082,8566,12,0,physics.data-an
5908,6279,48,0,physics.data-an
2360,4940,16,0,physics.data-an
3246,6982,2,0,physics.data-an
11769,11914,6,0,physics.data-an
6283,7962,8,0,physics.data-an
6181,9034,2,0,physics.data-an
7423,7971,0,0,physics.data-an
670,13274,27,0,physics.data-an
779,7668,2,0,physics.data-an
3656,9971,1,0,physics.data-an
3584,8554,0,0,physics.data-an
5536,7575,2,0,physics.data-an
4811,8568,16,0,physics.data-an
1108,13356,30,0,physics.data-an
71,1431,6,0,physics.data-an
5731,5944,10,0,physics.data-an
3528,12860,15,0,physics.data-an
4274,10169,12,0,physics.data-an
1442,1452,12,0,physics.data-an
7565,9259,21,0,physics.data-an
6311,7162,3,0,physics.data-an
9226,9757,1,0,physics.data-an
730,5682,12,0,physics.data-an
8572,11219,12,0,physics.data-an
300,2193,72,0,physics.data-an
3022,8823,30,0,physics.data-an
1357,9752,2,0,physics.data-an
5235,10966,0,0,physics.data-an
1068,3462,12,0,physics.data-an
3580,7393,12,0,physics.data-an
1810,5676,15,0,physics.data-an
3204,7896,0,0,physics.data-an
638,10559,3,0,physics.data-an
3665,9194,5,0,physics.data-an
2813,5796,4,0,physics.data-an
713,8783,0,0,physics.data-an
8819,14070,9,0,physics.data-an
3992,5653,8,0,physics.data-an
4663,11679,12,0,physics.data-an
6776,10617,32,0,physics.data-an
1782,3484,32,0,physics.data-an
5504,7865,30,0,physics.data-an
6561,11632,90,0,physics.data-an
925,1877,4,0,physics.data-an
4960,5406,12,0,physics.data-an
3050,7959,18,0,physics.data-an
2077,4420,6,0,physics.data-an
1805,10148,2,0,physics.data-an
4136,14004,16,0,physics.data-an
8157,11362,10,0,physics.data-an
425,5468,0,0,physics.data-an
2786,7397,3,0,physics.data-an
3123,6228,0,0,physics.data-an
5074,9305,24,0,physics.data-an
1690,11515,3,0,physics.data-an
247,8207,10,0,physics.data-an
1658,12960,6,0,physics.data-an
483,1473,4,0,physics.data-an
9306,11950,4,0,physics.data-an
5506,14182,9,0,physics.data-an
2515,11857,1,0,physics.data-an
2920,7970,0,0,physics.data-an
5528,10414,12,0,physics.data-an
5072,7165,0,0,physics.data-an
1546,4267,30,0,physics.data-an
6982,11373,4,0,physics.data-an
726,5437,14,0,physics.data-an
6247,6494,0,0,physics.data-an
9102,12156,8,0,physics.data-an
1155,14181,6,0,physics.data-an
4086,9285,36,0,physics.data-an
5238,5476,2,0,physics.data-an
763,2960,5,0,physics.data-an
5133,10006,12,0,physics.data-an
1112,14368,5,0,physics.data-an
5144,6897,5,0,physics.data-an
717,4421,16,0,physics.data-an
1547,7880,24,0,physics.data-an
7264,14096,0,0,physics.data-an
4320,4384,7,0,physics.data-an
6335,10335,0,0,physics.data-an
4997,5386,20,0,physics.data-an
3200,7242,6,0,physics.data-an
7493,9309,0,0,physics.data-an
5148,6787,16,0,physics.data-an
383,4926,0,0,physics.data-an
540,9748,12,0,physics.data-an
120,4961,2,0,physics.data-an
1203,2450,20,0,physics.data-an
6596,9737,3,0,physics.data-an
214,9812,0,0,physics.data-an
5507,6432,2,0,physics.data-an
1424,1780,4,0,physics.data-an
11705,12018,6,0,physics.data-an
245,2108,60,0,physics.data-an
1650,4603,0,0,physics.data-an
6062,9543,21,0,physics.data-an
6247,12069,20,0,physics.data-an
2492,9119,0,0,physics.data-an
3354,7314,0,0,physics.data-an
7598,11883,6,0,physics.data-an
3544,7932,3,0,physics.data-an
1721,8275,6,0,physics.data-an
776,5881,9,0,physics.data-an
2347,3633,3,0,physics.data-an
3455,10334,21,0,physics.data-an
2112,10411,0,0,physics.data-an
780,7986,0,0,physics.data-an
218,10577,45,0,physics.data-an
28,1328,32,0,physics.data-an
2175,8630,10,0,physics.data-an
9580,9965,2,0,physics.data-an
492,5075,8,0,physics.data-an
7543,8276,4,0,physics.data-an
2193,7632,0,0,physics.data-an
480,6678,78,0,physics.data-an
8473,9873,4,0,physics.data-an
11430,12056,0,0,physics.data-an
8653,10743,0,0,physics.data-an
626,2042,0,0,physics.data-an
5258,6873,6,0,physics.data-an
863,7238,10,0,physics.data-an
905,14145,4,0,physics.data-an
4395,10555,4,0,physics.data-an
319,11949,0,0,physics.data-an
3640,11705,24,0,physics.data-an
2658,10067,2,0,physics.data-an
2701,9620,2,0,physics.data-an
885,7787,1,0,physics.data-an
4684,11826,5,0,physics.data-an
10375,14081,6,0,physics.data-an
120,3374,4,0,physics.data-an
4131,7970,0,0,physics.data-an
1548,6639,36,0,physics.data-an
210,1690,5,0,physics.data-an
9295,11499,2,0,physics.data-an
3198,6490,8,0,physics.data-an
269,10901,0,0,physics.data-an
6598,6619,0,0,physics.data-an
7065,13324,2,0,physics.data-an
10650,11167,3,0,physics.data-an
1177,5191,6,0,physics.data-an
2950,6388,5,0,physics.data-an
4015,6254,4,0,physics.data-an
8567,8990,18,0,physics.data-an
7646,8351,0,0,physics.data-an
3915,7070,5,0,physics.data-an
5045,10004,1,0,physics.data-an
2375,9571,1,0,physics.data-an
720,9525,24,0,physics.data-an
5082,7936,15,0,physics.data-an
3328,9345,14,0,physics.data-an
1200,11181,2,0,physics.data-an
4767,5300,24,0,physics.data-an
4202,10775,4,0,physics.data-an
1254,9989,1,0,physics.data-an
6469,11614,69,0,physics.data-an
9117,9807,10,0,physics.data-an
7210,10794,0,0,physics.data-an
1361,2769,2,0,physics.data-an
6990,8347,2,0,physics.data-an
3813,9395,6,0,physics.data-an
1093,3512,72,0,physics.data-an
6113,9471,8,0,physics.data-an
1876,5578,36,0,physics.data-an
844,1316,20,0,physics.data-an
242,2968,10,0,physics.data-an
1485,1492,6,0,physics.data-an
1200,9990,4,0,physics.data-an
2513,11239,4,0,physics.data-an
10662,14044,30,0,physics.data-an
1326,8674,14,0,physics.data-an
5029,7821,2,0,physics.data-an
507,3387,132,0,physics.data-an
5696,8401,10,0,physics.data-an
6297,7687,16,0,physics.data-an
1074,1777,12,0,physics.data-an
6352,7394,8,0,physics.data-an
2166,3961,12,0,physics.data-an
5694,8211,15,0,physics.data-an
3094,8517,6,0,physics.data-an
2730,10535,1,0,physics.data-an
4193,13678,12,0,physics.data-an
7502,10305,6,0,physics.data-an
9992,12199,15,0,physics.data-an
7438,11718,6,0,physics.data-an
2803,4926,6,0,physics.data-an
1014,1210,8,0,physics.data-an
8867,9200,24,0,physics.data-an
6681,10952,2,0,physics.data-an
3646,8212,20,0,physics.data-an
4636,8542,2,0,physics.data-an
6984,9412,4,0,physics.data-an
2993,5697,20,0,physics.data-an
1626,7744,4,0,physics.data-an
1100,7140,8,0,physics.data-an
8433,9273,2,0,physics.data-an
3640,6182,12,0,physics.data-an
1166,5953,6,0,physics.data-an
5824,14040,2,0,physics.data-an
1018,7632,0,0,physics.data-an
7418,12004,6,0,physics.data-an
5620,6662,2,0,physics.data-an
1912,11521,3,0,physics.data-an
483,7208,8,0,physics.data-an
4889,7266,3,0,physics.data-an
2569,11870,4,0,physics.data-an
1614,3870,2,0,physics.data-an
420,12112,15,0,physics.data-an
1207,8407,2,0,physics.data-an
1014,2908,24,0,physics.data-an
6894,10808,0,0,physics.data-an
2338,9679,25,0,physics.data-an
4264,9694,2,0,physics.data-an
9200,13179,12,0,physics.data-an
5534,10944,4,0,physics.data-an
3510,9082,27,0,physics.data-an
80,10093,12,0,physics.data-an
37,6196,210,0,physics.data-an
4745,9966,3,0,physics.data-an
4240,8024,27,0,physics.data-an
9016,9193,12,0,physics.data-an
1316,9518,20,0,physics.data-an
4803,5743,6,0,physics.data-an
8249,9020,2,0,physics.data-an
681,9830,4,0,physics.data-an
4393,8468,3,0,physics.data-an
724,14072,4,0,physics.data-an
124,9238,0,0,physics.data-an
4301,6435,0,0,physics.data-an
4310,10276,4,0,physics.data-an
1681,5594,0,0,physics.data-an
3544,5144,3,0,physics.data-an
6619,9943,0,0,physics.data-an
6990,8687,3,0,physics.data-an
1131,13678,6,0,physics.data-an
2731,7781,20,0,physics.data-an
6984,11761,0,0,physics.data-an
67,1241,54,0,physics.data-an
8638,10005,0,0,physics.data-an
5225,5327,16,0,physics.data-an
3068,6648,6,0,physics.data-an
704,12149,5,0,physics.data-an
6439,11180,18,0,physics.data-an
1629,14156,0,0,physics.data-an
1347,2163,3,0,physics.data-an
4265,6453,3,0,physics.data-an
3606,11921,9,0,physics.data-an
3383,8057,15,0,physics.data-an
9992,14031,3,0,physics.data-an
2569,4685,20,0,physics.data-an
934,14008,4,0,physics.data-an
1080,1410,6,0,physics.data-an
7842,11239,2,0,physics.data-an
2486,2701,1,0,physics.data-an
4466,5805,11,0,physics.data-an
5170,12194,4,0,physics.data-an
9232,10636,3,0,physics.data-an
3282,13374,0,0,physics.data-an
4604,9302,0,0,physics.data-an
3661,10661,8,0,physics.data-an
2492,4587,0,0,physics.data-an
4210,8774,4,0,physics.data-an
433,11398,6,0,physics.data-an
3821,11702,8,0,physics.data-an
86,11174,6,0,physics.data-an
9134,9804,18,0,physics.data-an
5076,9297,0,0,physics.data-an
1074,3321,32,0,physics.data-an
5866,9273,4,0,physics.data-an
434,11857,34,0,physics.data-an
5237,7530,1,0,physics.data-an
2514,10389,6,0,physics.data-an
38,10087,19,0,physics.data-an
994,10504,6,0,physics.data-an
2837,11796,2,0,physics.data-an
2482,5332,6,0,physics.data-an
8656,13679,16,0,physics.data-an
1834,8149,3,0,physics.data-an
1186,6244,16,0,physics.data-an
5533,9514,12,0,physics.data-an
1613,2259,6,0,physics.data-an
2125,4951,27,0,physics.data-an
3611,4136,32,0,physics.data-an
4391,11301,4,0,physics.data-an
8198,12757,0,0,physics.data-an
7474,11085,1,0,physics.data-an
3013,7713,5,0,physics.data-an
1693,9314,2,0,physics.data-an
8324,13390,0,0,physics.data-an
5306,6847,8,0,physics.data-an
5747,12102,35,0,physics.data-an
3653,5944,14,0,physics.data-an
3533,6553,22,0,physics.data-an
1715,9747,6,0,physics.data-an
7600,10672,12,0,physics.data-an
4229,11244,14,0,physics.data-an
2556,13252,4,0,physics.data-an
3571,9554,14,0,physics.data-an
719,5172,0,0,physics.data-an
4940,9386,6,0,physics.data-an
5182,10460,0,0,physics.data-an
1949,8638,8,0,physics.data-an
1606,4592,40,0,physics.data-an
1080,9092,18,0,physics.data-an
4067,5705,6,0,physics.data-an
4801,5255,0,0,physics.data-an
634,9042,36,0,physics.data-an
7712,8145,0,0,physics.data-an
479,3884,0,0,physics.data-an
6788,9746,8,0,physics.data-an
2555,6089,6,0,physics.data-an
6947,9739,8,0,physics.data-an
2822,9471,24,0,physics.data-an
3,19,11,0,physics.data-an
7575,12197,4,0,physics.data-an
3545,6239,0,0,physics.data-an
886,4387,4,0,physics.data-an
6735,10005,0,0,physics.data-an
2444,9110,3,0,physics.data-an
2982,3538,4,0,physics.data-an
1122,10787,3,0,physics.data-an
2336,5641,35,0,physics.data-an
3200,13968,3,0,physics.data-an
5648,9858,6,0,physics.data-an
1168,4752,24,0,physics.data-an
4157,4178,10,0,physics.data-an
9916,14232,6,0,physics.data-an
840,3117,64,0,physics.data-an
2362,8524,12,0,physics.data-an
4278,7851,5,0,physics.data-an
1126,4526,8,0,physics.data-an
536,4395,32,0,physics.data-an
6245,9704,14,0,physics.data-an
9511,9753,3,0,physics.data-an
7491,10634,30,0,physics.data-an
3321,7963,32,0,physics.data-an
3048,11826,1,0,physics.data-an
2374,2756,2,0,physics.data-an
948,1078,12,0,physics.data-an
4270,8112,4,0,physics.data-an
9684,10355,6,0,physics.data-an
1112,5759,30,0,physics.data-an
8010,9887,30,0,physics.data-an
6754,8763,2,0,physics.data-an
4455,7340,45,0,physics.data-an
7959,8264,6,0,physics.data-an
1101,3013,2,0,physics.data-an
217,8034,28,0,physics.data-an
1751,9394,63,0,physics.data-an
3648,6493,0,0,physics.data-an
7677,11174,2,0,physics.data-an
6208,9943,2,0,physics.data-an
5833,11952,2,0,physics.data-an
3788,7556,4,0,physics.data-an
4969,11618,110,0,physics.data-an
1289,5693,12,0,physics.data-an
474,10090,20,0,physics.data-an
3273,14051,15,0,physics.data-an
6553,8894,4,0,physics.data-an
47,6081,26,0,physics.data-an
1155,3743,36,0,physics.data-an
468,12118,6,0,physics.data-an
406,5116,0,0,physics.data-an
7600,9206,45,0,physics.data-an
6786,10679,30,0,physics.data-an
3,11493,6,0,physics.data-an
286,9072,15,0,physics.data-an
5625,7120,14,0,physics.data-an
11632,14041,18,0,physics.data-an
6895,10622,45,0,physics.data-an
6965,8960,1,0,physics.data-an
8799,11781,12,0,physics.data-an
2054,10901,0,0,physics.data-an
2513,4096,6,0,physics.data-an
3022,8403,9,0,physics.data-an
1219,2717,2,0,physics.data-an
5648,14013,18,0,physics.data-an
6402,9377,6,0,physics.data-an
7453,8405,12,0,physics.data-an
1189,11096,0,0,physics.data-an
954,11867,2,0,physics.data-an
4274,6029,6,0,physics.data-an
1897,3863,4,0,physics.data-an
3821,6169,8,0,physics.data-an
2907,5340,8,0,physics.data-an
4601,9887,3,0,physics.data-an
7017,7694,9,0,physics.data-an
1861,4929,12,0,physics.data-an
3216,14168,6,0,physics.data-an
704,1898,20,0,physics.data-an
632,3450,48,0,physics.data-an
5340,8011,36,0,physics.data-an
1213,11309,0,0,physics.data-an
5694,7340,45,0,physics.data-an
9411,9769,8,0,physics.data-an
6440,12005,2,0,physics.data-an
9471,12151,4,0,physics.data-an
9992,12411,0,0,physics.data-an
3647,10827,6,0,physics.data-an
7695,9600,6,0,physics.data-an
4434,13687,10,0,physics.data-an
7785,14103,0,0,physics.data-an
12017,14125,6,0,physics.data-an
861,7479,12,0,physics.data-an
5959,11817,2,0,physics.data-an
4057,12159,14,0,physics.data-an
9779,10317,0,0,physics.data-an
692,8052,8,0,physics.data-an
7842,8343,0,0,physics.data-an
5509,7824,0,0,physics.data-an
1825,6710,28,0,physics.data-an
4685,7383,10,0,physics.data-an
925,1349,2,0,physics.data-an
2444,3829,2,0,physics.data-an
2025,7409,12,0,physics.data-an
4022,4595,6,0,physics.data-an
5580,11267,2,0,physics.data-an
3591,7526,16,0,physics.data-an
1317,1809,30,0,physics.data-an
10311,14011,12,0,physics.data-an
4940,5659,2,0,physics.data-an
9723,11180,9,0,physics.data-an
6275,7484,0,0,physics.data-an
913,5288,12,0,physics.data-an
4333,11811,3,0,physics.data-an
1647,14143,2,0,physics.data-an
8204,11705,4,0,physics.data-an
775,3368,4,0,physics.data-an
4310,5528,3,0,physics.data-an
5154,9968,0,0,physics.data-an
169,3558,8,0,physics.data-an
8675,14179,10,0,physics.data-an
71,11245,12,0,physics.data-an
4935,4942,3,0,physics.data-an
2072,4343,10,0,physics.data-an
754,7860,12,0,physics.data-an
7665,7869,2,0,physics.data-an
3092,10443,6,0,physics.data-an
4272,6175,3,0,physics.data-an
1911,2934,33,0,physics.data-an
7547,10357,10,0,physics.data-an
7127,9771,3,0,physics.data-an
7791,11657,24,0,physics.data-an
6767,10776,5,0,physics.data-an
4543,6674,0,0,physics.data-an
382,1199,36,0,physics.data-an
1807,8102,48,0,physics.data-an
14009,14039,2,0,physics.data-an
2949,11827,0,0,physics.data-an
3588,9419,4,0,physics.data-an
547,5324,6,0,physics.data-an
2543,7878,30,0,physics.data-an
5388,7897,6,0,physics.data-an
7662,13205,2,0,physics.data-an
3692,5312,0,0,physics.data-an
2867,6281,4,0,physics.data-an
5363,7315,2,0,physics.data-an
7303,8168,3,0,physics.data-an
3989,6730,8,0,physics.data-an
4606,5503,16,0,physics.data-an
9952,13124,7,0,physics.data-an
5652,8766,3,0,physics.data-an
2394,4636,12,0,physics.data-an
5045,5730,4,0,physics.data-an
5126,9968,9,0,physics.data-an
4055,6303,8,0,physics.data-an
7503,11347,21,0,physics.data-an
1334,2935,5,0,physics.data-an
9280,12056,0,0,physics.data-an
1626,6490,4,0,physics.data-an
199,1729,84,0,physics.data-an
5536,9988,0,0,physics.data-an
536,7879,32,0,physics.data-an
1778,11808,3,0,physics.data-an
1181,9603,12,0,physics.data-an
5293,12067,4,0,physics.data-an
3870,5619,4,0,physics.data-an
1769,11988,0,0,physics.data-an
6300,7382,1,0,physics.data-an
9983,11655,4,0,physics.data-an
3338,3543,48,0,physics.data-an
8157,9741,4,0,physics.data-an
9513,11855,0,0,physics.data-an
3292,10566,1,0,physics.data-an
6641,7266,1,0,physics.data-an
9751,10222,0,0,physics.data-an
7272,8157,0,0,physics.data-an
4210,11587,8,0,physics.data-an
2258,3032,0,0,physics.data-an
157,11387,12,0,physics.data-an
3002,9228,2,0,physics.data-an
3066,3205,14,0,physics.data-an
2474,7351,1,0,physics.data-an
3448,13186,0,0,physics.data-an
6347,12130,0,0,physics.data-an
3651,8819,27,0,physics.data-an
124,6142,0,0,physics.data-an
7292,8782,4,0,physics.data-an
7987,9307,2,0,physics.data-an
3127,4240,18,0,physics.data-an
5668,6737,6,0,physics.data-an
3446,3462,6,0,physics.data-an
5465,12156,16,0,physics.data-an
7632,7947,0,0,physics.data-an
3979,6177,10,0,physics.data-an
2659,4889,3,0,physics.data-an
1326,10492,21,0,physics.data-an
2446,5190,54,0,physics.data-an
966,14121,4,0,physics.data-an
4262,10815,3,0,physics.data-an
792,2485,27,0,physics.data-an
2801,9030,2,0,physics.data-an
7666,10685,6,0,physics.data-an
10148,11067,10,0,physics.data-an
5406,6364,4,0,physics.data-an
1881,3431,50,0,physics.data-an
7989,8486,3,0,physics.data-an
1920,7560,0,0,physics.data-an
3360,6778,9,0,physics.data-an
866,7474,17,0,physics.data-an
8568,11954,4,0,physics.data-an
7292,9806,16,0,physics.data-an
6948,7027,1,0,physics.data-an
324,10080,48,0,physics.data-an
6718,10357,10,0,physics.data-an
72,6975,90,0,physics.data-an
8759,9306,14,0,physics.data-an
9223,11247,2,0,physics.data-an
159,14070,36,0,physics.data-an
9333,11793,9,0,physics.data-an
659,1933,4,0,physics.data-an
5659,11132,2,0,physics.data-an
5258,10788,6,0,physics.data-an
4249,5749,4,0,physics.data-an
3124,4328,2,0,physics.data-an
1115,1691,8,0,physics.data-an
7494,8484,12,0,physics.data-an
6090,10680,7,0,physics.data-an
4957,11470,0,0,physics.data-an
8085,10386,16,0,physics.data-an
4953,9779,5,0,physics.data-an
495,7953,12,0,physics.data-an
2479,6103,39,0,physics.data-an
4261,7565,45,0,physics.data-an
2242,9574,11,0,physics.data-an
6286,6799,1,0,physics.data-an
1286,8074,2,0,physics.data-an
7333,9735,14,0,physics.data-an
994,10297,12,0,physics.data-an
4103,8031,4,0,physics.data-an
5790,6303,0,0,physics.data-an
83,1629,61,0,physics.data-an
4419,6690,0,0,physics.data-an
6982,7671,2,0,physics.data-an
5869,9485,69,0,physics.data-an
6220,8022,10,0,physics.data-an
4297,5538,2,0,physics.data-an
891,9121,9,0,physics.data-an
340,11987,48,0,physics.data-an
5738,9267,3,0,physics.data-an
5535,6198,8,0,physics.data-an
7946,12149,1,0,physics.data-an
1633,14081,12,0,physics.data-an
4004,6453,1,0,physics.data-an
6589,10076,4,0,physics.data-an
2700,13691,4,0,physics.data-an
2208,5289,15,0,physics.data-an
2596,14128,2,0,physics.data-an
5831,6605,12,0,physics.data-an
10909,14146,0,0,physics.data-an
734,6141,18,0,physics.data-an
9968,10331,6,0,physics.data-an
2045,5623,44,0,physics.data-an
957,2277,0,0,physics.data-an
1638,3658,15,0,physics.data-an
9194,11956,10,0,physics.data-an
3792,6426,4,0,physics.data-an
2976,5903,12,0,physics.data-an
3483,9612,72,0,physics.data-an
4733,5960,4,0,physics.data-an
5749,7331,18,0,physics.data-an
7452,11389,9,0,physics.data-an
1098,9019,3,0,physics.data-an
1807,3063,24,0,physics.data-an
7396,9359,2,0,physics.data-an
2654,7020,12,0,physics.data-an
1334,9704,2,0,physics.data-an
7383,11146,2,0,physics.data-an
4365,7635,4,0,physics.data-an
1112,9511,15,0,physics.data-an
5144,5387,4,0,physics.data-an
1363,4892,8,0,physics.data-an
9197,10654,14,0,physics.data-an
27,1710,9,0,physics.data-an
5508,7161,40,0,physics.data-an
3791,6991,2,0,physics.data-an
5349,7662,2,0,physics.data-an
9413,11218,4,0,physics.data-an
957,1580,0,0,physics.data-an
5213,5257,22,0,physics.data-an
3647,5405,15,0,physics.data-an
5389,10178,0,0,physics.data-an
8714,11625,42,0,physics.data-an
3228,14089,7,0,physics.data-an
15,4481,16,0,physics.data-an
2918,14012,32,0,physics.data-an
2358,3732,0,0,physics.data-an
5631,11517,0,0,physics.data-an
2192,7641,16,0,physics.data-an
9232,10504,3,0,physics.data-an
144,7600,36,0,physics.data-an
120,5028,6,0,physics.data-an
2808,8627,10,0,physics.data-an
4624,11134,3,0,physics.data-an
4395,7864,20,0,physics.data-an
2956,4181,2,0,physics.data-an
2163,9420,1,0,physics.data-an
4533,9146,10,0,physics.data-an
6283,9344,16,0,physics.data-an
1584,6180,6,0,physics.data-an
4321,8509,0,0,physics.data-an
2799,5954,44,0,physics.data-an
1349,1704,14,0,physics.data-an
9678,9952,8,0,physics.data-an
4559,10632,10,0,physics.data-an
5419,7060,4,0,physics.data-an
91,10110,4,0,physics.data-an
8031,8571,8,0,physics.data-an
509,10623,0,0,physics.data-an
280,4384,1,0,physics.data-an
4524,11842,6,0,physics.data-an
6567,7009,0,0,physics.data-an
4493,7245,9,0,physics.data-an
7290,8307,20,0,physics.data-an
864,10033,0,0,physics.data-an
2957,4941,4,0,physics.data-an
1372,8108,1,0,physics.data-an
8309,9338,36,0,physics.data-an
5611,7086,12,0,physics.data-an
2033,8119,0,0,physics.data-an
704,7011,50,0,physics.data-an
6073,9511,9,0,physics.data-an
2573,4951,27,0,physics.data-an
5372,7743,1,0,physics.data-an
4767,9735,8,0,physics.data-an
2054,11296,15,0,physics.data-an
5302,11211,12,0,physics.data-an
5239,9285,6,0,physics.data-an
2245,9286,2,0,physics.data-an
1977,8977,2,0,physics.data-an
3193,7813,2,0,physics.data-an
5502,10827,6,0,physics.data-an
868,11585,243,0,physics.data-an
6723,7792,0,0,physics.data-an
5732,6185,0,0,physics.data-an
4085,5356,4,0,physics.data-an
7467,11624,42,0,physics.data-an
1044,9712,18,0,physics.data-an
2336,8012,60,0,physics.data-an
11145,11501,0,0,physics.data-an
4625,6618,2,0,physics.data-an
5316,5489,8,0,physics.data-an
7489,8493,9,0,physics.data-an
3578,5116,0,0,physics.data-an
5907,9191,6,0,physics.data-an
607,2769,3,0,physics.data-an
5622,6169,14,0,physics.data-an
5239,6288,4,0,physics.data-an
3189,8867,24,0,physics.data-an
2389,14147,0,0,physics.data-an
9150,11508,15,0,physics.data-an
5600,8402,6,0,physics.data-an
603,5624,18,0,physics.data-an
5621,11085,3,0,physics.data-an
1367,4479,3,0,physics.data-an
5081,9234,3,0,physics.data-an
10651,12133,0,0,physics.data-an
7027,11064,9,0,physics.data-an
4291,6485,0,0,physics.data-an
5288,6674,0,0,physics.data-an
5436,7512,4,0,physics.data-an
5027,11514,4,0,physics.data-an
2539,5954,16,0,physics.data-an
503,9514,4,0,physics.data-an
7843,13987,8,0,physics.data-an
4949,6985,6,0,physics.data-an
2996,3340,57,0,physics.data-an
6280,11400,12,0,physics.data-an
2408,10080,32,0,physics.data-an
4554,4994,25,0,physics.data-an
4346,6951,7,0,physics.data-an
4765,11630,63,0,physics.data-an
90,8149,66,0,physics.data-an
872,3346,60,0,physics.data-an
5030,6680,3,0,physics.data-an
2070,12156,20,0,physics.data-an
4929,5465,4,0,physics.data-an
3580,6514,6,0,physics.data-an
9275,11745,10,0,physics.data-an
3182,4375,0,0,physics.data-an
1857,2514,12,0,physics.data-an
4048,10411,2,0,physics.data-an
11068,11230,63,0,physics.data-an
6038,11759,0,0,physics.data-an
2824,6387,3,0,physics.data-an
7994,14011,4,0,physics.data-an
315,1707,54,0,physics.data-an
12128,14019,1,0,physics.data-an
6362,6486,2,0,physics.data-an
1187,9858,6,0,physics.data-an
8388,10789,3,0,physics.data-an
4648,5982,4,0,physics.data-an
9301,9667,9,0,physics.data-an
3755,6896,2,0,physics.data-an
1964,2725,2,0,physics.data-an
10401,10772,0,0,physics.data-an
765,860,20,0,physics.data-an
5806,8074,6,0,physics.data-an
4003,11922,2,0,physics.data-an
4594,4815,9,0,physics.data-an
1658,7530,3,0,physics.data-an
2627,6983,12,0,physics.data-an
2921,9150,5,0,physics.data-an
4356,11179,9,0,physics.data-an
6650,14064,0,0,physics.data-an
6245,8008,84,0,physics.data-an
9110,11389,9,0,physics.data-an
6151,7821,12,0,physics.data-an
2289,8421,12,0,physics.data-an
5906,9365,2,0,physics.data-an
2699,11208,2,0,physics.data-an
5881,8634,3,0,physics.data-an
11443,11944,0,0,physics.data-an
698,14025,34,0,physics.data-an
5463,7712,20,0,physics.data-an
4526,9231,12,0,physics.data-an
1400,14180,4,0,physics.data-an
3615,5438,10,0,physics.data-an
1161,2006,64,0,physics.data-an
6512,14135,6,0,physics.data-an
6668,7558,6,0,physics.data-an
9994,10016,5,0,physics.data-an
6169,8628,2,0,physics.data-an
953,9030,4,0,physics.data-an
8112,9141,6,0,physics.data-an
1639,6325,3,0,physics.data-an
2492,10442,0,0,physics.data-an
634,4820,27,0,physics.data-an
3651,9152,54,0,physics.data-an
592,4594,87,0,physics.data-an
691,10049,20,0,physics.data-an
45,3113,60,0,physics.data-an
12952,14006,5,0,physics.data-an
3543,5534,48,0,physics.data-an
4105,6964,24,0,physics.data-an
2133,9313,2,0,physics.data-an
2003,2967,1,0,physics.data-an
93,10099,64,0,physics.data-an
857,4604,0,0,physics.data-an
385,2659,9,0,physics.data-an
4372,4720,0,0,physics.data-an
9600,11940,6,0,physics.data-an
2542,11732,5,0,physics.data-an
8155,9080,6,0,physics.data-an
1605,4583,36,0,physics.data-an
1076,9752,2,0,physics.data-an
5631,5732,8,0,physics.data-an
6275,7869,0,0,physics.data-an
5854,9533,0,0,physics.data-an
4847,9708,4,0,physics.data-an
6720,7087,7,0,physics.data-an
8655,10943,0,0,physics.data-an
5293,10548,2,0,physics.data-an
6346,9506,9,0,physics.data-an
6276,8624,0,0,physics.data-an
5959,11806,2,0,physics.data-an
5121,7323,3,0,physics.data-an
9248,10590,18,0,physics.data-an
7333,11344,42,0,physics.data-an
3051,4002,4,0,physics.data-an
3348,8984,16,0,physics.data-an
1027,7244,34,0,physics.data-an
2480,14129,6,0,physics.data-an
7429,11168,2,0,physics.data-an
7852,9019,6,0,physics.data-an
4493,6155,3,0,physics.data-an
6074,12960,6,0,physics.data-an
487,11845,1,0,physics.data-an
3213,4859,7,0,physics.data-an
6605,11400,12,0,physics.data-an
5632,8270,0,0,physics.data-an
2441,8660,9,0,physics.data-an
6150,11085,4,0,physics.data-an
1318,11333,22,0,physics.data-an
6183,9196,45,0,physics.data-an
5553,7897,11,0,physics.data-an
1229,5922,10,0,physics.data-an
4804,9579,1,0,physics.data-an
3201,8942,12,0,physics.data-an
812,5490,1,0,physics.data-an
159,4931,12,0,physics.data-an
4232,10027,8,0,physics.data-an
4990,10874,2,0,physics.data-an
3857,9512,28,0,physics.data-an
2730,12411,0,0,physics.data-an
1369,1737,0,0,physics.data-an
2909,7458,4,0,physics.data-an
2274,4961,0,0,physics.data-an
8010,10373,10,0,physics.data-an
983,5228,12,0,physics.data-an
15,2442,12,0,physics.data-an
1530,4543,6,0,physics.data-an
484,1200,5,0,physics.data-an
4435,5553,11,0,physics.data-an
3226,4132,30,0,physics.data-an
11578,11955,2,0,physics.data-an
2340,10046,14,0,physics.data-an
2289,14022,6,0,physics.data-an
5649,7842,2,0,physics.data-an
618,3122,0,0,physics.data-an
3386,9719,12,0,physics.data-an
2091,5406,52,0,physics.data-an
3117,9594,0,0,physics.data-an
4890,10270,12,0,physics.data-an
832,12090,10,0,physics.data-an
1985,7868,5,0,physics.data-an
7885,9596,56,0,physics.data-an
1967,11612,264,0,physics.data-an
2242,14062,22,0,physics.data-an
1044,9273,12,0,physics.data-an
983,5205,9,0,physics.data-an
1546,3067,12,0,physics.data-an
4357,7560,0,0,physics.data-an
5230,8388,3,0,physics.data-an
1717,8584,12,0,physics.data-an
4977,5584,3,0,physics.data-an
793,1783,3,0,physics.data-an
5386,8492,20,0,physics.data-an
4182,4526,16,0,physics.data-an
9284,9306,10,0,physics.data-an
1454,7041,6,0,physics.data-an
4011,10306,5,0,physics.data-an
1629,11854,3,0,physics.data-an
953,1017,22,0,physics.data-an
6081,7970,0,0,physics.data-an
10169,14135,12,0,physics.data-an
8261,14168,2,0,physics.data-an
2849,9082,27,0,physics.data-an
565,2943,21,0,physics.data-an
8655,14064,0,0,physics.data-an
2161,5447,91,0,physics.data-an
1070,10843,3,0,physics.data-an
8209,12028,6,0,physics.data-an
4351,8806,0,0,physics.data-an
632,14144,12,0,physics.data-an
2207,7665,12,0,physics.data-an
495,6676,18,0,physics.data-an
2067,8939,28,0,physics.data-an
7556,7712,10,0,physics.data-an
2702,5923,0,0,physics.data-an
3791,5292,0,0,physics.data-an
3671,8265,2,0,physics.data-an
72,8155,36,0,physics.data-an
2244,11609,19,0,physics.data-an
5700,10358,4,0,physics.data-an
4132,8739,12,0,physics.data-an
6631,9061,1,0,physics.data-an
4733,6633,12,0,physics.data-an
2007,4499,0,0,physics.data-an
7252,12117,2,0,physics.data-an
7969,9283,0,0,physics.data-an
6778,9345,6,0,physics.data-an
6437,8112,1,0,physics.data-an
2044,7764,2,0,physics.data-an
10278,10756,4,0,physics.data-an
1104,10589,3,0,physics.data-an
9147,14130,16,0,physics.data-an
2558,10874,2,0,physics.data-an
1132,4092,1,0,physics.data-an
2838,3609,7,0,physics.data-an
10432,11345,6,0,physics.data-an
4312,6990,1,0,physics.data-an
407,6576,50,0,physics.data-an
4202,5132,8,0,physics.data-an
4433,13812,2,0,physics.data-an
8241,8960,2,0,physics.data-an
451,14087,11,0,physics.data-an
9985,10921,0,0,physics.data-an
323,1249,24,0,physics.data-an
8861,9428,5,0,physics.data-an
4857,6677,4,0,physics.data-an
2274,2340,0,0,physics.data-an
5649,9615,12,0,physics.data-an
5446,9701,30,0,physics.data-an
3987,7989,9,0,physics.data-an
1781,7511,12,0,physics.data-an
909,4958,10,0,physics.data-an
1322,9706,6,0,physics.data-an
8587,13245,0,0,physics.data-an
3803,12863,2,0,physics.data-an
7914,10264,9,0,physics.data-an
5338,6720,4,0,physics.data-an
966,9284,10,0,physics.data-an
4377,11149,1,0,physics.data-an
298,8596,5,0,physics.data-an
593,6564,40,0,physics.data-an
6322,14066,3,0,physics.data-an
3614,8008,36,0,physics.data-an
4592,5066,16,0,physics.data-an
5426,8904,3,0,physics.data-an
6030,11005,6,0,physics.data-an
8036,11946,0,0,physics.data-an
2596,8519,6,0,physics.data-an
5455,9376,4,0,physics.data-an
7971,8030,0,0,physics.data-an
7367,9987,0,0,physics.data-an
2245,11150,2,0,physics.data-an
5441,7757,9,0,physics.data-an
1548,4428,96,0,physics.data-an
2822,3354,18,0,physics.data-an
2177,7488,2,0,physics.data-an
1771,12170,0,0,physics.data-an
2666,11588,5,0,physics.data-an
211,13673,12,0,physics.data-an
1898,4546,20,0,physics.data-an
9948,11918,3,0,physics.data-an
3543,10140,12,0,physics.data-an
1371,4242,0,0,physics.data-an
4176,8512,6,0,physics.data-an
1805,11902,2,0,physics.data-an
5292,6586,0,0,physics.data-an
5781,6485,0,0,physics.data-an
905,5086,4,0,physics.data-an
1116,1248,297,0,physics.data-an
538,5558,10,0,physics.data-an
3446,8028,18,0,physics.data-an
5400,7962,4,0,physics.data-an
1882,7957,3,0,physics.data-an
7009,9087,24,0,physics.data-an
2982,5944,4,0,physics.data-an
941,11195,20,0,physics.data-an
2639,3246,26,0,physics.data-an
8696,10662,6,0,physics.data-an
85,10572,3,0,physics.data-an
3995,11855,0,0,physics.data-an
831,9230,10,0,physics.data-an
3258,10542,12,0,physics.data-an
3322,6393,0,0,physics.data-an
4931,8916,2,0,physics.data-an
7292,10171,8,0,physics.data-an
10657,10900,1,0,physics.data-an
397,8300,15,0,physics.data-an
3886,8012,0,0,physics.data-an
9982,13879,3,0,physics.data-an
1898,9254,20,0,physics.data-an
9990,11339,0,0,physics.data-an
678,5838,4,0,physics.data-an
551,5505,22,0,physics.data-an
4269,8716,3,0,physics.data-an
717,9967,12,0,physics.data-an
9102,10648,6,0,physics.data-an
7852,11590,2,0,physics.data-an
3576,10595,0,0,physics.data-an
9682,12800,8,0,physics.data-an
2747,3803,6,0,physics.data-an
2923,3620,1,0,physics.data-an
433,1168,36,0,physics.data-an
1130,9647,24,0,physics.data-an
5304,7333,63,0,physics.data-an
7429,9394,6,0,physics.data-an
942,12156,16,0,physics.data-an
9049,14061,2,0,physics.data-an
1635,11625,252,0,physics.data-an
6090,6435,0,0,physics.data-an
8524,11875,4,0,physics.data-an
1599,2928,20,0,physics.data-an
7997,8688,1,0,physics.data-an
1622,5355,20,0,physics.data-an
1511,7510,9,0,physics.data-an
4098,5693,0,0,physics.data-an
1385,6876,66,0,physics.data-an
1416,2928,10,0,physics.data-an
641,11791,20,0,physics.data-an
4627,9606,15,0,physics.data-an
1079,5866,4,0,physics.data-an
10005,12155,0,0,physics.data-an
6589,12018,3,0,physics.data-an
5288,9431,15,0,physics.data-an
6244,7962,8,0,physics.data-an
2679,11229,7,0,physics.data-an
8820,8962,0,0,physics.data-an
3212,4410,2,0,physics.data-an
3664,11215,6,0,physics.data-an
4392,6670,9,0,physics.data-an
3189,10168,60,0,physics.data-an
7577,10172,2,0,physics.data-an
5562,11168,6,0,physics.data-an
2277,9528,4,0,physics.data-an
95,4340,4,0,physics.data-an
985,9916,21,0,physics.data-an
6208,11508,3,0,physics.data-an
421,9694,3,0,physics.data-an
475,5235,10,0,physics.data-an
6283,9058,8,0,physics.data-an
6801,8904,5,0,physics.data-an
3992,7639,6,0,physics.data-an
8011,11223,45,0,physics.data-an
3445,4388,8,0,physics.data-an
3347,6934,12,0,physics.data-an
3227,6789,30,0,physics.data-an
4595,7788,18,0,physics.data-an
46,1451,60,0,physics.data-an
1317,2926,30,0,physics.data-an
5426,10834,3,0,physics.data-an
3605,9035,65,0,physics.data-an
44,6445,6,0,physics.data-an
5507,7381,2,0,physics.data-an
1249,9967,36,0,physics.data-an
8517,11705,6,0,physics.data-an
9427,10169,18,0,physics.data-an
251,2085,180,0,physics.data-an
247,7713,25,0,physics.data-an
8014,9284,60,0,physics.data-an
6196,11920,0,0,physics.data-an
10147,11843,44,0,physics.data-an
4632,6250,21,0,physics.data-an
7962,13374,0,0,physics.data-an
2471,7421,9,0,physics.data-an
4698,10811,8,0,physics.data-an
1950,9376,16,0,physics.data-an
4952,8821,15,0,physics.data-an
6080,9530,8,0,physics.data-an
2922,12132,12,0,physics.data-an
3535,9915,3,0,physics.data-an
4972,8799,16,0,physics.data-an
1425,11885,72,0,physics.data-an
4548,8508,4,0,physics.data-an
2259,4240,18,0,physics.data-an
1779,7953,4,0,physics.data-an
3732,12760,8,0,physics.data-an
5760,10342,7,0,physics.data-an
4175,8491,6,0,physics.data-an
11302,11422,12,0,physics.data-an
5400,11842,6,0,physics.data-an
10444,11168,4,0,physics.data-an
2229,2676,5,0,physics.data-an
9989,10853,1,0,physics.data-an
3164,8403,9,0,physics.data-an
5214,7959,9,0,physics.data-an
4455,5921,30,0,physics.data-an
1031,4123,2,0,physics.data-an
5371,10503,1,0,physics.data-an
8024,9943,6,0,physics.data-an
6157,9080,12,0,physics.data-an
2568,7331,54,0,physics.data-an
1896,3146,20,0,physics.data-an
6311,9403,8,0,physics.data-an
945,8894,6,0,physics.data-an
8493,14070,27,0,physics.data-an
6334,11867,14,0,physics.data-an
3805,7129,0,0,physics.data-an
4472,6131,15,0,physics.data-an
1847,10050,15,0,physics.data-an
1395,7266,3,0,physics.data-an
2512,5336,12,0,physics.data-an
3428,13185,5,0,physics.data-an
4244,14116,2,0,physics.data-an
7666,11115,2,0,physics.data-an
626,3822,6,0,physics.data-an
592,14117,29,0,physics.data-an
6268,6975,50,0,physics.data-an
1616,10388,24,0,physics.data-an
5652,11810,9,0,physics.data-an
939,6762,0,0,physics.data-an
2506,7104,3,0,physics.data-an
3664,10508,9,0,physics.data-an
5196,9989,2,0,physics.data-an
7869,9902,1,0,physics.data-an
2400,6677,8,0,physics.data-an
383,7069,0,0,physics.data-an
7566,7686,12,0,physics.data-an
1146,5105,6,0,physics.data-an
863,9512,20,0,physics.data-an
712,6570,0,0,physics.data-an
1399,9114,6,0,physics.data-an
6895,10227,9,0,physics.data-an
2556,4337,0,0,physics.data-an
7104,10895,6,0,physics.data-an
3023,12174,32,0,physics.data-an
1156,7635,0,0,physics.data-an
3547,5794,12,0,physics.data-an
1181,4281,21,0,physics.data-an
2909,7987,2,0,physics.data-an
4499,11759,0,0,physics.data-an
6182,7666,1,0,physics.data-an
1254,1790,2,0,physics.data-an
2257,5437,8,0,physics.data-an
2341,3859,24,0,physics.data-an
5883,7635,8,0,physics.data-an
5257,14412,11,0,physics.data-an
87,10431,4,0,physics.data-an
5883,8538,4,0,physics.data-an
2058,10597,12,0,physics.data-an
4100,5045,1,0,physics.data-an
4626,7635,8,0,physics.data-an
4346,11373,28,0,physics.data-an
1160,5920,20,0,physics.data-an
4683,7989,3,0,physics.data-an
431,2247,4,0,physics.data-an
4935,5846,6,0,physics.data-an
86,13998,6,0,physics.data-an
4892,14026,4,0,physics.data-an
7731,10704,1,0,physics.data-an
221,344,35,0,physics.data-an
4601,9649,2,0,physics.data-an
1126,4242,2,0,physics.data-an
2202,6790,0,0,physics.data-an
557,7877,28,0,physics.data-an
7340,7966,36,0,physics.data-an
602,4767,32,0,physics.data-an
759,6520,3,0,physics.data-an
617,5304,45,0,physics.data-an
6063,13995,18,0,physics.data-an
2909,4473,1,0,physics.data-an
4076,5339,6,0,physics.data-an
1028,2214,6,0,physics.data-an
11132,13988,10,0,physics.data-an
1325,11397,4,0,physics.data-an
4941,8261,2,0,physics.data-an
8334,10337,1,0,physics.data-an
1034,7923,48,0,physics.data-an
4665,7576,0,0,physics.data-an
2541,2850,16,0,physics.data-an
6678,9694,2,0,physics.data-an
10759,11267,8,0,physics.data-an
6575,11667,0,0,physics.data-an
1150,13207,175,0,physics.data-an
3561,9624,9,0,physics.data-an
3040,4934,2,0,physics.data-an
4372,8491,6,0,physics.data-an
7323,10743,0,0,physics.data-an
745,1638,18,0,physics.data-an
10172,14067,8,0,physics.data-an
251,874,720,0,physics.data-an
5702,8889,2,0,physics.data-an
100,7615,0,0,physics.data-an
5883,14005,8,0,physics.data-an
971,7350,2,0,physics.data-an
6769,10342,6,0,physics.data-an
10875,11600,2,0,physics.data-an
3961,9679,20,0,physics.data-an
1546,10290,24,0,physics.data-an
10178,12160,0,0,physics.data-an
62,943,120,0,physics.data-an
3790,13998,2,0,physics.data-an
3017,8678,12,0,physics.data-an
85,4224,3,0,physics.data-an
1142,13324,2,0,physics.data-an
4383,4978,2,0,physics.data-an
8960,9873,2,0,physics.data-an
1729,2046,119,0,physics.data-an
2641,3094,12,0,physics.data-an
4287,5535,6,0,physics.data-an
5340,9677,20,0,physics.data-an
7076,10089,4,0,physics.data-an
301,6185,0,0,physics.data-an
1282,4889,0,0,physics.data-an
11940,13994,6,0,physics.data-an
4635,10419,30,0,physics.data-an
6981,7493,2,0,physics.data-an
8333,13243,4,0,physics.data-an
1827,2208,18,0,physics.data-an
7088,12165,2,0,physics.data-an
7064,7756,1,0,physics.data-an
4067,6062,21,0,physics.data-an
4818,8325,2,0,physics.data-an
7436,8976,6,0,physics.data-an
6348,14118,9,0,physics.data-an
497,1028,15,0,physics.data-an
4663,7484,24,0,physics.data-an
2072,4455,25,0,physics.data-an
4469,10508,3,0,physics.data-an
762,12028,15,0,physics.data-an
3463,8247,6,0,physics.data-an
1870,14040,1,0,physics.data-an
3915,9805,20,0,physics.data-an
7438,14126,3,0,physics.data-an
1411,6552,30,0,physics.data-an
6228,12889,0,0,physics.data-an
3890,5876,6,0,physics.data-an
11252,11908,12,0,physics.data-an
11531,13687,5,0,physics.data-an
5421,8596,20,0,physics.data-an
7127,11460,1,0,physics.data-an
2509,10356,4,0,physics.data-an
733,3604,40,0,physics.data-an
5747,11618,154,0,physics.data-an
5227,8730,8,0,physics.data-an
832,9733,6,0,physics.data-an
2255,10705,3,0,physics.data-an
4131,12174,8,0,physics.data-an
5964,13984,4,0,physics.data-an
1953,9351,26,0,physics.data-an
45,4286,60,0,physics.data-an
474,4283,30,0,physics.data-an
6221,11165,0,0,physics.data-an
212,4283,9,0,physics.data-an
249,9534,14,0,physics.data-an
12866,13355,3,0,physics.data-an
1248,6157,108,0,physics.data-an
2124,4479,9,0,physics.data-an
9431,9821,5,0,physics.data-an
2068,6713,3,0,physics.data-an
4094,4829,4,0,physics.data-an
1208,2557,4,0,physics.data-an
703,1747,20,0,physics.data-an
1381,1811,12,0,physics.data-an
2777,4815,3,0,physics.data-an
1380,7853,10,0,physics.data-an
9943,13007,2,0,physics.data-an
8759,11005,21,0,physics.data-an
5623,8033,8,0,physics.data-an
7046,8739,2,0,physics.data-an
2277,7237,4,0,physics.data-an
5210,13987,16,0,physics.data-an
3828,5505,10,0,physics.data-an
7237,9804,6,0,physics.data-an
3869,9707,0,0,physics.data-an
1,13116,33,0,physics.data-an
2362,12156,12,0,physics.data-an
1213,5237,10,0,physics.data-an
7289,8502,8,0,physics.data-an
7547,11915,20,0,physics.data-an
4274,7397,2,0,physics.data-an
5429,10275,3,0,physics.data-an
2909,6632,3,0,physics.data-an
7509,11251,6,0,physics.data-an
4990,7195,6,0,physics.data-an
1445,8405,20,0,physics.data-an
829,6150,32,0,physics.data-an
269,2960,30,0,physics.data-an
7112,10648,12,0,physics.data-an
3561,4608,6,0,physics.data-an
7195,9105,6,0,physics.data-an
8211,10619,9,0,physics.data-an
2109,7896,0,0,physics.data-an
1744,4765,12,0,physics.data-an
2289,8766,6,0,physics.data-an
726,2387,7,0,physics.data-an
13116,14153,15,0,physics.data-an
6392,7734,4,0,physics.data-an
2488,3462,14,0,physics.data-an
5621,10337,3,0,physics.data-an
1751,9993,42,0,physics.data-an
1236,11650,0,0,physics.data-an
584,7523,1,0,physics.data-an
384,10387,0,0,physics.data-an
2541,5310,52,0,physics.data-an
5047,9018,2,0,physics.data-an
2824,10357,2,0,physics.data-an
45,8297,60,0,physics.data-an
779,6715,6,0,physics.data-an
1076,1309,6,0,physics.data-an
2486,11381,1,0,physics.data-an
1472,8628,2,0,physics.data-an
11247,14039,1,0,physics.data-an
10276,10312,4,0,physics.data-an
6442,12780,6,0,physics.data-an
1337,7271,0,0,physics.data-an
1647,2967,1,0,physics.data-an
2642,7842,2,0,physics.data-an
95,12584,0,0,physics.data-an
1028,9225,6,0,physics.data-an
5181,6394,0,0,physics.data-an
5698,9738,15,0,physics.data-an
7959,10826,3,0,physics.data-an
7489,9708,2,0,physics.data-an
1102,9476,0,0,physics.data-an
1848,11215,18,0,physics.data-an
4943,5555,1,0,physics.data-an
2925,6180,24,0,physics.data-an
5225,9554,8,0,physics.data-an
8276,12159,4,0,physics.data-an
2979,14144,3,0,physics.data-an
408,1825,32,0,physics.data-an
1017,10420,0,0,physics.data-an
640,7315,3,0,physics.data-an
3203,5407,18,0,physics.data-an
2634,6153,16,0,physics.data-an
4003,9103,0,0,physics.data-an
6063,6983,12,0,physics.data-an
4974,9420,2,0,physics.data-an
11347,13689,0,0,physics.data-an
6246,11943,8,0,physics.data-an
322,7271,0,0,physics.data-an
4242,4955,13,0,physics.data-an
2577,2995,78,0,physics.data-an
11631,14122,44,0,physics.data-an
231,10908,20,0,physics.data-an
8034,11615,38,0,physics.data-an
8635,8686,3,0,physics.data-an
6602,7791,8,0,physics.data-an
2199,4131,4,0,physics.data-an
4960,13987,12,0,physics.data-an
9992,10795,0,0,physics.data-an
10705,12128,1,0,physics.data-an
4092,9418,0,0,physics.data-an
5190,14040,2,0,physics.data-an
17,340,256,0,physics.data-an
4016,4355,24,0,physics.data-an
3063,6536,3,0,physics.data-an
1171,2233,18,0,physics.data-an
5883,7173,4,0,physics.data-an
4648,6029,6,0,physics.data-an
3663,6946,18,0,physics.data-an
8986,11545,0,0,physics.data-an
2666,13252,5,0,physics.data-an
2448,5216,28,0,physics.data-an
5806,10107,48,0,physics.data-an
5227,11154,12,0,physics.data-an
6198,8990,24,0,physics.data-an
4241,10565,6,0,physics.data-an
63,9733,12,0,physics.data-an
16,3385,15,0,physics.data-an
734,7686,12,0,physics.data-an
2814,6627,40,0,physics.data-an
4548,6063,24,0,physics.data-an
3113,9812,0,0,physics.data-an
1690,5808,6,0,physics.data-an
1171,7049,3,0,physics.data-an
9603,11634,92,0,physics.data-an
4080,4088,2,0,physics.data-an
6277,7864,0,0,physics.data-an
7952,8031,8,0,physics.data-an
1117,2993,40,0,physics.data-an
1817,11218,50,0,physics.data-an
9284,10276,20,0,physics.data-an
7438,9473,3,0,physics.data-an
7576,9666,0,0,physics.data-an
572,9386,42,0,physics.data-an
10726,12164,10,0,physics.data-an
8961,9134,6,0,physics.data-an
3603,5331,0,0,physics.data-an
1779,10324,2,0,physics.data-an
4130,14009,0,0,physics.data-an
6969,11919,1,0,physics.data-an
2317,3812,8,0,physics.data-an
7295,14155,2,0,physics.data-an
1611,9019,6,0,physics.data-an
5550,14072,2,0,physics.data-an
6596,14117,1,0,physics.data-an
8022,8333,2,0,physics.data-an
1119,9231,3,0,physics.data-an
2520,10178,0,0,physics.data-an
7782,14093,3,0,physics.data-an
2334,11485,1,0,physics.data-an
2070,11146,5,0,physics.data-an
8347,9706,2,0,physics.data-an
4060,6221,16,0,physics.data-an
4579,6786,0,0,physics.data-an
7394,13315,40,0,physics.data-an
2927,8588,2,0,physics.data-an
2920,6477,8,0,physics.data-an
4288,6759,4,0,physics.data-an
5429,13000,2,0,physics.data-an
6075,10222,0,0,physics.data-an
1425,2713,12,0,physics.data-an
3198,6607,16,0,physics.data-an
103,10052,12,0,physics.data-an
1175,9368,12,0,physics.data-an
3073,10633,3,0,physics.data-an
2440,6519,2,0,physics.data-an
2202,8942,6,0,physics.data-an
547,2337,10,0,physics.data-an
4845,6648,6,0,physics.data-an
4273,4994,10,0,physics.data-an
39,10826,10,0,physics.data-an
4906,11359,5,0,physics.data-an
1367,10477,1,0,physics.data-an
10020,10829,4,0,physics.data-an
11815,14067,24,0,physics.data-an
1081,2163,6,0,physics.data-an
4938,7226,24,0,physics.data-an
7958,9614,7,0,physics.data-an
6778,8257,3,0,physics.data-an
4100,9510,2,0,physics.data-an
972,6542,16,0,physics.data-an
3484,11901,8,0,physics.data-an
1080,5846,12,0,physics.data-an
1386,7350,2,0,physics.data-an
4955,11601,39,0,physics.data-an
5387,7997,4,0,physics.data-an
796,10108,2,0,physics.data-an
8296,12089,1,0,physics.data-an
8224,10672,4,0,physics.data-an
4557,14071,10,0,physics.data-an
9708,11245,4,0,physics.data-an
6302,8678,3,0,physics.data-an
4604,9573,0,0,physics.data-an
5798,11768,2,0,physics.data-an
3244,9152,6,0,physics.data-an
10026,10508,3,0,physics.data-an
9153,13881,3,0,physics.data-an
3943,5626,2,0,physics.data-an
1147,3168,8,0,physics.data-an
5311,7485,16,0,physics.data-an
4279,11210,5,0,physics.data-an
4914,10638,20,0,physics.data-an
4076,7324,9,0,physics.data-an
553,6221,8,0,physics.data-an
421,13995,9,0,physics.data-an
272,12066,20,0,physics.data-an
2277,3886,0,0,physics.data-an
5839,7195,6,0,physics.data-an
1452,2577,39,0,physics.data-an
841,14172,6,0,physics.data-an
9275,9907,5,0,physics.data-an
775,9388,2,0,physics.data-an
5464,8337,16,0,physics.data-an
3226,10945,5,0,physics.data-an
62,1495,0,0,physics.data-an
7039,10080,0,0,physics.data-an
4246,11154,15,0,physics.data-an
5161,9504,2,0,physics.data-an
2981,11379,2,0,physics.data-an
1121,10555,5,0,physics.data-an
4635,10706,12,0,physics.data-an
433,1258,18,0,physics.data-an
9807,11609,95,0,physics.data-an
5870,10458,1,0,physics.data-an
6982,9582,2,0,physics.data-an
617,10155,10,0,physics.data-an
2057,5172,0,0,physics.data-an
7522,10578,4,0,physics.data-an
3869,14061,3,0,physics.data-an
9153,9284,15,0,physics.data-an
8946,9708,4,0,physics.data-an
383,3279,0,0,physics.data-an
420,10220,15,0,physics.data-an
1286,10780,2,0,physics.data-an
2081,14132,2,0,physics.data-an
6694,11780,5,0,physics.data-an
7217,9569,0,0,physics.data-an
4355,4393,9,0,physics.data-an
172,8922,90,0,physics.data-an
3460,12028,15,0,physics.data-an
729,9779,27,0,physics.data-an
2962,5744,3,0,physics.data-an
1647,10004,1,0,physics.data-an
872,6301,4,0,physics.data-an
3795,10477,3,0,physics.data-an
11223,12173,15,0,physics.data-an
7842,9779,1,0,physics.data-an
6007,7142,16,0,physics.data-an
425,6929,2,0,physics.data-an
1115,2797,34,0,physics.data-an
1211,1422,26,0,physics.data-an
1689,7233,3,0,physics.data-an
2274,7743,0,0,physics.data-an
9503,12757,4,0,physics.data-an
9334,10621,8,0,physics.data-an
1214,6302,6,0,physics.data-an
5599,13211,8,0,physics.data-an
7110,9600,2,0,physics.data-an
2360,7294,24,0,physics.data-an
52,761,12,0,physics.data-an
7636,11781,12,0,physics.data-an
7851,11706,2,0,physics.data-an
169,8027,14,0,physics.data-an
6729,10402,0,0,physics.data-an
509,7129,0,0,physics.data-an
8283,12760,2,0,physics.data-an
7304,8949,4,0,physics.data-an
6995,12135,0,0,physics.data-an
1148,1639,12,0,physics.data-an
2756,11516,2,0,physics.data-an
4211,11680,3,0,physics.data-an
10054,11705,6,0,physics.data-an
5808,6043,0,0,physics.data-an
385,6949,18,0,physics.data-an
9201,11380,14,0,physics.data-an
9341,9554,6,0,physics.data-an
6626,11334,6,0,physics.data-an
6080,6322,4,0,physics.data-an
7303,11204,0,0,physics.data-an
6682,11760,3,0,physics.data-an
6755,11744,6,0,physics.data-an
2232,8397,1,0,physics.data-an
4946,12134,2,0,physics.data-an
9680,11500,5,0,physics.data-an
1563,12174,12,0,physics.data-an
247,2820,20,0,physics.data-an
4385,5193,6,0,physics.data-an
6755,9120,6,0,physics.data-an
1828,5046,2,0,physics.data-an
1815,5076,9,0,physics.data-an
7502,10775,6,0,physics.data-an
10566,14073,8,0,physics.data-an
4990,10636,2,0,physics.data-an
3462,11305,2,0,physics.data-an
5103,11071,36,0,physics.data-an
2177,2310,2,0,physics.data-an
1156,8674,0,0,physics.data-an
8089,9525,4,0,physics.data-an
1328,7963,64,0,physics.data-an
2109,10663,10,0,physics.data-an
4575,7504,18,0,physics.data-an
5415,6089,10,0,physics.data-an
4950,8204,10,0,physics.data-an
2342,5388,24,0,physics.data-an
2005,10053,12,0,physics.data-an
2886,9573,2,0,physics.data-an
10305,11938,6,0,physics.data-an
9911,10470,4,0,physics.data-an
6374,8237,0,0,physics.data-an
2984,7335,10,0,physics.data-an
3651,6486,18,0,physics.data-an
1386,3744,10,0,physics.data-an
1077,11885,24,0,physics.data-an
5850,8353,12,0,physics.data-an
5111,11577,8,0,physics.data-an
2245,2687,2,0,physics.data-an
5731,10467,5,0,physics.data-an
4209,6112,10,0,physics.data-an
6301,7242,2,0,physics.data-an
2752,4626,0,0,physics.data-an
1200,7790,3,0,physics.data-an
8026,10730,6,0,physics.data-an
4829,7662,2,0,physics.data-an
2389,5068,2,0,physics.data-an
5421,7394,16,0,physics.data-an
4358,10786,6,0,physics.data-an
4644,13215,3,0,physics.data-an
3716,5806,6,0,physics.data-an
395,14043,68,0,physics.data-an
6131,10070,6,0,physics.data-an
8074,8182,1,0,physics.data-an
6282,9299,119,0,physics.data-an
3774,7882,5,0,physics.data-an
978,5238,17,0,physics.data-an
8343,14234,0,0,physics.data-an
2667,5426,21,0,physics.data-an
8030,10476,5,0,physics.data-an
8774,9582,2,0,physics.data-an
3428,9051,15,0,physics.data-an
3959,4666,0,0,physics.data-an
6131,14127,3,0,physics.data-an
2256,2822,30,0,physics.data-an
5170,5309,16,0,physics.data-an
2110,9300,21,0,physics.data-an
165,4842,1,0,physics.data-an
4267,14172,10,0,physics.data-an
1364,10270,27,0,physics.data-an
6179,10756,4,0,physics.data-an
1249,6268,120,0,physics.data-an
3226,7640,25,0,physics.data-an
934,4944,2,0,physics.data-an
229,6669,5,0,physics.data-an
5601,5760,14,0,physics.data-an
2556,6619,0,0,physics.data-an
6221,6328,8,0,physics.data-an
12016,14004,6,0,physics.data-an
664,7420,30,0,physics.data-an
1558,1626,16,0,physics.data-an
5292,9620,0,0,physics.data-an
3606,6734,36,0,physics.data-an
10414,11197,20,0,physics.data-an
52,8204,24,0,physics.data-an
2359,7502,0,0,physics.data-an
3003,4077,1,0,physics.data-an
6798,9952,3,0,physics.data-an
4354,5810,5,0,physics.data-an
8497,9430,6,0,physics.data-an
6989,7713,10,0,physics.data-an
7924,8485,4,0,physics.data-an
6362,14116,1,0,physics.data-an
5129,8695,4,0,physics.data-an
8118,14394,2,0,physics.data-an
5789,5852,2,0,physics.data-an
63,4808,16,0,physics.data-an
4956,7986,0,0,physics.data-an
8806,11204,0,0,physics.data-an
286,1173,10,0,physics.data-an
9844,11165,0,0,physics.data-an
938,4891,51,0,physics.data-an
5045,9757,1,0,physics.data-an
6217,8895,6,0,physics.data-an
5292,8694,0,0,physics.data-an
1066,7291,0,0,physics.data-an
8403,10935,9,0,physics.data-an
3024,10264,6,0,physics.data-an
4852,7641,0,0,physics.data-an
104,6916,8,0,physics.data-an
6125,9571,3,0,physics.data-an
7342,11112,2,0,physics.data-an
1133,10355,4,0,physics.data-an
2540,8493,45,0,physics.data-an
2951,6078,2,0,physics.data-an
13,4848,0,0,physics.data-an
2658,9388,4,0,physics.data-an
2120,3068,22,0,physics.data-an
1850,7494,16,0,physics.data-an
9787,10788,0,0,physics.data-an
6928,10834,6,0,physics.data-an
2109,4636,4,0,physics.data-an
1196,1371,0,0,physics.data-an
3678,13124,21,0,physics.data-an
5077,6303,8,0,physics.data-an
3571,8568,28,0,physics.data-an
6734,9391,0,0,physics.data-an
238,6363,1,0,physics.data-an
2769,7126,2,0,physics.data-an
5576,6624,14,0,physics.data-an
1763,4636,4,0,physics.data-an
1078,2584,12,0,physics.data-an
7669,12903,8,0,physics.data-an
9114,11333,4,0,physics.data-an
6822,8866,1,0,physics.data-an
976,6737,20,0,physics.data-an
2567,8568,40,0,physics.data-an
4623,10270,12,0,physics.data-an
1289,7871,8,0,physics.data-an
3972,10080,0,0,physics.data-an
8347,8573,6,0,physics.data-an
5781,8197,4,0,physics.data-an
933,12903,4,0,physics.data-an
28,8596,10,0,physics.data-an
6619,9418,0,0,physics.data-an
6152,7880,32,0,physics.data-an
1826,10411,2,0,physics.data-an
8656,11515,12,0,physics.data-an
2448,13692,8,0,physics.data-an
3328,8149,21,0,physics.data-an
1358,10571,6,0,physics.data-an
9082,10460,45,0,physics.data-an
4994,5235,25,0,physics.data-an
165,10672,4,0,physics.data-an
2980,11343,6,0,physics.data-an
7026,10335,10,0,physics.data-an
7599,11954,2,0,physics.data-an
985,7293,28,0,physics.data-an
2124,7337,30,0,physics.data-an
4053,7915,0,0,physics.data-an
564,6662,5,0,physics.data-an
4683,11874,1,0,physics.data-an
46,3667,30,0,physics.data-an
5192,9765,0,0,physics.data-an
6681,9779,1,0,physics.data-an
5068,8009,9,0,physics.data-an
1547,14006,15,0,physics.data-an
41,2914,72,0,physics.data-an
8629,9058,2,0,physics.data-an
5031,11245,2,0,physics.data-an
1302,7530,12,0,physics.data-an
5332,8204,4,0,physics.data-an
8105,9812,0,0,physics.data-an
1723,6769,18,0,physics.data-an
8036,9712,0,0,physics.data-an
11458,14030,4,0,physics.data-an
2933,7102,8,0,physics.data-an
2193,5114,0,0,physics.data-an
410,3799,24,0,physics.data-an
791,5068,8,0,physics.data-an
4466,10420,0,0,physics.data-an
618,14073,8,0,physics.data-an
1033,10114,4,0,physics.data-an
93,8738,16,0,physics.data-an
1941,2009,4,0,physics.data-an
947,1825,12,0,physics.data-an
2498,2680,6,0,physics.data-an
4676,5311,24,0,physics.data-an
4097,7670,0,0,physics.data-an
3005,12576,2,0,physics.data-an
5947,8629,1,0,physics.data-an
4202,11807,2,0,physics.data-an
4594,9150,15,0,physics.data-an
324,7295,3,0,physics.data-an
5848,6026,18,0,physics.data-an
73,888,3,0,physics.data-an
5022,10908,2,0,physics.data-an
1198,2166,6,0,physics.data-an
4132,14079,24,0,physics.data-an
8680,9117,10,0,physics.data-an
1967,3580,66,0,physics.data-an
6602,6759,2,0,physics.data-an
6196,9189,49,0,physics.data-an
939,1188,0,0,physics.data-an
4083,14043,10,0,physics.data-an
2949,11633,0,0,physics.data-an
2638,3226,40,0,physics.data-an
7040,8418,2,0,physics.data-an
152,1302,84,0,physics.data-an
2207,6157,24,0,physics.data-an
1318,7865,66,0,physics.data-an
5509,6043,0,0,physics.data-an
1945,6157,8,0,physics.data-an
6096,7417,4,0,physics.data-an
10419,14122,10,0,physics.data-an
5426,10969,12,0,physics.data-an
3647,10070,6,0,physics.data-an
4211,7668,6,0,physics.data-an
5192,13691,6,0,physics.data-an
2387,11493,6,0,physics.data-an
8996,10526,10,0,physics.data-an
1472,2446,54,0,physics.data-an
6572,11174,4,0,physics.data-an
10324,13969,2,0,physics.data-an
1693,6731,2,0,physics.data-an
3604,4897,20,0,physics.data-an
1729,11758,7,0,physics.data-an
2471,4667,27,0,physics.data-an
6681,9360,4,0,physics.data-an
6156,11610,198,0,physics.data-an
4403,11666,0,0,physics.data-an
1070,9083,15,0,physics.data-an
3425,12479,2,0,physics.data-an
106,260,74,0,physics.data-an
876,10795,0,0,physics.data-an
1714,7693,9,0,physics.data-an
3788,7872,8,0,physics.data-an
9224,14038,2,0,physics.data-an
3005,8100,2,0,physics.data-an
3798,6753,0,0,physics.data-an
321,2814,8,0,physics.data-an
6734,11357,4,0,physics.data-an
2408,11673,4,0,physics.data-an
3311,11181,6,0,physics.data-an
1805,7322,12,0,physics.data-an
6381,13390,0,0,physics.data-an
8937,11357,3,0,physics.data-an
482,781,15,0,physics.data-an
6977,13006,4,0,physics.data-an
10020,10337,2,0,physics.data-an
2567,4612,40,0,physics.data-an
1813,7039,0,0,physics.data-an
9255,9307,3,0,physics.data-an
1541,11800,6,0,physics.data-an
3443,8977,4,0,physics.data-an
4316,12169,2,0,physics.data-an
1810,9364,15,0,physics.data-an
5594,6221,8,0,physics.data-an
5021,10789,9,0,physics.data-an
1731,8662,14,0,physics.data-an
5028,10276,12,0,physics.data-an
4689,10810,2,0,physics.data-an
8677,9043,8,0,physics.data-an
10402,11808,6,0,physics.data-an
7026,10953,10,0,physics.data-an
7460,11145,0,0,physics.data-an
6254,6681,2,0,physics.data-an
11400,14177,18,0,physics.data-an
9202,10356,28,0,physics.data-an
1126,5555,2,0,physics.data-an
5081,8301,2,0,physics.data-an
5355,8275,10,0,physics.data-an
7338,10810,18,0,physics.data-an
1661,7556,14,0,physics.data-an
2089,5602,12,0,physics.data-an
168,8820,12,0,physics.data-an
3375,4533,14,0,physics.data-an
9173,9511,27,0,physics.data-an
3004,11945,10,0,physics.data-an
2125,5332,6,0,physics.data-an
1895,6676,6,0,physics.data-an
4003,8388,1,0,physics.data-an
406,11357,3,0,physics.data-an
718,5473,32,0,physics.data-an
2558,3987,6,0,physics.data-an
5537,9227,8,0,physics.data-an
10934,14153,15,0,physics.data-an
7642,11608,10,0,physics.data-an
6491,10012,4,0,physics.data-an
9615,10386,48,0,physics.data-an
2814,4587,16,0,physics.data-an
6349,7564,9,0,physics.data-an
2572,11506,8,0,physics.data-an
2517,9584,0,0,physics.data-an
70,14413,0,0,physics.data-an
384,11720,0,0,physics.data-an
5738,11468,3,0,physics.data-an
3589,4354,3,0,physics.data-an
9585,14006,15,0,physics.data-an
4103,4575,6,0,physics.data-an
9580,10401,0,0,physics.data-an
1478,7677,11,0,physics.data-an
1493,5325,6,0,physics.data-an
1633,11672,12,0,physics.data-an
1032,3655,14,0,physics.data-an
10047,14073,16,0,physics.data-an
3546,9618,6,0,physics.data-an
5304,8508,9,0,physics.data-an
2288,14083,4,0,physics.data-an
2507,4062,0,0,physics.data-an
1817,12103,125,0,physics.data-an
6026,10564,18,0,physics.data-an
1066,7359,0,0,physics.data-an
3620,9832,1,0,physics.data-an
1530,13321,6,0,physics.data-an
7175,12199,15,0,physics.data-an
634,7293,36,0,physics.data-an
5831,12948,6,0,physics.data-an
1862,8089,14,0,physics.data-an
5256,6975,60,0,physics.data-an
807,9844,64,0,physics.data-an
1530,4955,39,0,physics.data-an
2070,11501,5,0,physics.data-an
433,10277,6,0,physics.data-an
45,7837,20,0,physics.data-an
966,5407,6,0,physics.data-an
7009,8904,8,0,physics.data-an
7408,9404,14,0,physics.data-an
2068,8013,10,0,physics.data-an
3023,5533,24,0,physics.data-an
5288,5731,15,0,physics.data-an
1074,1562,8,0,physics.data-an
1115,13874,4,0,physics.data-an
6490,8690,2,0,physics.data-an
6432,14112,2,0,physics.data-an
1283,10303,0,0,physics.data-an
1912,6081,6,0,physics.data-an
5338,11595,24,0,physics.data-an
5498,7303,3,0,physics.data-an
209,1156,0,0,physics.data-an
11225,13124,49,0,physics.data-an
4720,5660,0,0,physics.data-an
5947,12090,5,0,physics.data-an
1230,4591,22,0,physics.data-an
42,5445,57,0,physics.data-an
9476,11875,5,0,physics.data-an
4627,11625,63,0,physics.data-an
2597,5631,4,0,physics.data-an
5138,8573,0,0,physics.data-an
7896,9235,0,0,physics.data-an
1951,4961,4,0,physics.data-an
5676,5853,15,0,physics.data-an
80,1126,12,0,physics.data-an
3127,3352,2,0,physics.data-an
1201,5323,4,0,physics.data-an
5185,14103,4,0,physics.data-an
2777,6537,1,0,physics.data-an
3338,14152,0,0,physics.data-an
8763,9988,0,0,physics.data-an
4665,5473,18,0,physics.data-an
4969,6113,10,0,physics.data-an
7928,9272,2,0,physics.data-an
3067,9573,2,0,physics.data-an
8541,9615,6,0,physics.data-an
1032,9279,12,0,physics.data-an
5693,11656,6,0,physics.data-an
83,4291,305,0,physics.data-an
2445,4342,0,0,physics.data-an
729,2825,27,0,physics.data-an
1303,2194,8,0,physics.data-an
5108,7210,0,0,physics.data-an
1712,8220,0,0,physics.data-an
231,3780,10,0,physics.data-an
447,9528,2,0,physics.data-an
2279,4395,24,0,physics.data-an
5210,8655,28,0,physics.data-an
812,4665,9,0,physics.data-an
1076,6352,2,0,physics.data-an
3842,4623,24,0,physics.data-an
5613,7733,2,0,physics.data-an
5807,11799,8,0,physics.data-an
127,14132,6,0,physics.data-an
3273,4960,15,0,physics.data-an
2393,11363,14,0,physics.data-an
1842,7139,12,0,physics.data-an
1911,2543,55,0,physics.data-an
2571,3376,20,0,physics.data-an
2512,11134,3,0,physics.data-an
1008,9042,0,0,physics.data-an
2836,6685,40,0,physics.data-an
816,10827,6,0,physics.data-an
9494,10449,18,0,physics.data-an
11379,11595,6,0,physics.data-an
2340,11436,77,0,physics.data-an
1069,9732,6,0,physics.data-an
1870,2956,2,0,physics.data-an
4974,11803,4,0,physics.data-an
4950,11854,15,0,physics.data-an
7150,11880,6,0,physics.data-an
19,3200,33,0,physics.data-an
9569,12056,0,0,physics.data-an
2175,6795,2,0,physics.data-an
5682,9036,1,0,physics.data-an
6309,11349,0,0,physics.data-an
272,384,0,0,physics.data-an
3885,4067,3,0,physics.data-an
9117,9680,10,0,physics.data-an
2652,6576,6,0,physics.data-an
4202,10684,12,0,physics.data-an
765,3434,5,0,physics.data-an
2225,11347,69,0,physics.data-an
6801,9107,5,0,physics.data-an
931,7524,7,0,physics.data-an
5,39,10,0,physics.data-an
2085,5445,18,0,physics.data-an
4848,9749,0,0,physics.data-an
316,11421,8,0,physics.data-an
83,3342,183,0,physics.data-an
7861,9352,2,0,physics.data-an
2908,4960,18,0,physics.data-an
5806,10504,6,0,physics.data-an
4590,8407,5,0,physics.data-an
3296,14081,0,0,physics.data-an
270,5648,45,0,physics.data-an
2172,9278,42,0,physics.data-an
9968,11779,6,0,physics.data-an
4162,7700,8,0,physics.data-an
6730,8939,16,0,physics.data-an
618,4525,3,0,physics.data-an
1605,3123,0,0,physics.data-an
8406,10091,9,0,physics.data-an
4310,7980,2,0,physics.data-an
5427,7331,99,0,physics.data-an
2059,10389,12,0,physics.data-an
5704,5919,6,0,physics.data-an
1721,6309,6,0,physics.data-an
3961,11767,8,0,physics.data-an
801,1119,7,0,physics.data-an
6304,11247,1,0,physics.data-an
1478,11426,22,0,physics.data-an
670,7460,6,0,physics.data-an
906,4210,12,0,physics.data-an
984,3455,14,0,physics.data-an
2027,4694,1,0,physics.data-an
273,5020,4,0,physics.data-an
9273,10026,2,0,physics.data-an
5696,7757,15,0,physics.data-an
971,12003,3,0,physics.data-an
2311,9148,8,0,physics.data-an
2634,7852,8,0,physics.data-an
4714,9911,2,0,physics.data-an
4479,10682,15,0,physics.data-an
2091,9410,13,0,physics.data-an
6981,14011,4,0,physics.data-an
9080,9747,6,0,physics.data-an
1066,1165,0,0,physics.data-an
9081,13275,10,0,physics.data-an
2400,5326,6,0,physics.data-an
7687,9563,16,0,physics.data-an
8270,11226,4,0,physics.data-an
1650,4456,4,0,physics.data-an
603,3326,54,0,physics.data-an
2803,9651,12,0,physics.data-an
7351,10776,5,0,physics.data-an
4097,6537,0,0,physics.data-an
9429,10022,3,0,physics.data-an
3803,9208,32,0,physics.data-an
5677,6552,9,0,physics.data-an
1303,7386,4,0,physics.data-an
11608,14009,20,0,physics.data-an
1850,5798,4,0,physics.data-an
1378,1638,12,0,physics.data-an
5354,10743,0,0,physics.data-an
6878,10449,6,0,physics.data-an
8911,9049,18,0,physics.data-an
1613,11483,3,0,physics.data-an
761,7331,9,0,physics.data-an
2498,2980,1,0,physics.data-an
4560,4991,6,0,physics.data-an
4057,10112,21,0,physics.data-an
7488,7525,2,0,physics.data-an
2275,11459,11,0,physics.data-an
5796,12781,4,0,physics.data-an
8575,10411,2,0,physics.data-an
3528,7324,15,0,physics.data-an
385,10314,9,0,physics.data-an
2042,8484,0,0,physics.data-an
4545,10460,15,0,physics.data-an
2994,4092,4,0,physics.data-an
4851,10652,0,0,physics.data-an
4159,7163,6,0,physics.data-an
1855,7574,5,0,physics.data-an
7175,7824,0,0,physics.data-an
381,12006,10,0,physics.data-an
1681,4914,0,0,physics.data-an
3216,9016,9,0,physics.data-an
4456,7126,8,0,physics.data-an
143,9739,4,0,physics.data-an
1380,13324,5,0,physics.data-an
1635,2997,48,0,physics.data-an
11132,13010,2,0,physics.data-an
7194,7693,24,0,physics.data-an
3780,8154,5,0,physics.data-an
7362,13693,0,0,physics.data-an
2917,5421,44,0,physics.data-an
4355,6027,6,0,physics.data-an
11581,12576,1,0,physics.data-an
4211,7065,6,0,physics.data-an
1810,11107,6,0,physics.data-an
11796,14078,1,0,physics.data-an
3857,14121,14,0,physics.data-an
8492,12196,20,0,physics.data-an
4804,11600,2,0,physics.data-an
4688,9619,2,0,physics.data-an
7756,9238,2,0,physics.data-an
3356,9934,1,0,physics.data-an
5732,9740,12,0,physics.data-an
2126,12103,10,0,physics.data-an
4558,9738,21,0,physics.data-an
801,3072,28,0,physics.data-an
1689,8867,2,0,physics.data-an
5675,14081,8,0,physics.data-an
677,4434,6,0,physics.data-an
4148,9345,4,0,physics.data-an
8653,11103,9,0,physics.data-an
3856,9582,10,0,physics.data-an
6198,10558,4,0,physics.data-an
1540,10730,60,0,physics.data-an
5791,10091,18,0,physics.data-an
7732,14170,1,0,physics.data-an
8652,10729,12,0,physics.data-an
801,10656,21,0,physics.data-an
1197,9573,2,0,physics.data-an
95,10759,4,0,physics.data-an
4481,12151,8,0,physics.data-an
547,4998,6,0,physics.data-an
138,778,16,0,physics.data-an
3443,7314,0,0,physics.data-an
5959,10578,2,0,physics.data-an
1132,4605,7,0,physics.data-an
3482,8474,0,0,physics.data-an
6155,8912,5,0,physics.data-an
6916,11634,184,0,physics.data-an
3,7643,1,0,physics.data-an
2020,6873,6,0,physics.data-an
3360,4018,0,0,physics.data-an
2171,7271,0,0,physics.data-an
8224,11599,2,0,physics.data-an
9528,9990,8,0,physics.data-an
4102,4246,10,0,physics.data-an
859,5349,7,0,physics.data-an
5139,11827,0,0,physics.data-an
5155,8308,6,0,physics.data-an
2746,7242,6,0,physics.data-an
1806,4060,4,0,physics.data-an
2845,9579,1,0,physics.data-an
2707,6756,6,0,physics.data-an
972,4243,6,0,physics.data-an
729,6322,27,0,physics.data-an
4714,11949,4,0,physics.data-an
3648,5473,6,0,physics.data-an
4350,8634,4,0,physics.data-an
2266,2849,3,0,physics.data-an
1712,11946,25,0,physics.data-an
3282,3546,6,0,physics.data-an
322,3460,20,0,physics.data-an
2854,10338,4,0,physics.data-an
7988,11215,4,0,physics.data-an
8519,12163,6,0,physics.data-an
5129,9338,12,0,physics.data-an
42,782,608,0,physics.data-an
4136,8036,0,0,physics.data-an
3197,7788,54,0,physics.data-an
3146,3950,4,0,physics.data-an
983,7226,18,0,physics.data-an
1433,10172,1,0,physics.data-an
7997,11040,1,0,physics.data-an
636,4558,42,0,physics.data-an
3494,6848,4,0,physics.data-an
8353,9506,9,0,physics.data-an
3798,10557,0,0,physics.data-an
479,2625,318,0,physics.data-an
2951,6191,5,0,physics.data-an
7723,8930,16,0,physics.data-an
4005,5868,3,0,physics.data-an
7112,14146,0,0,physics.data-an
3961,9617,0,0,physics.data-an
165,5812,6,0,physics.data-an
1422,4420,2,0,physics.data-an
381,5436,10,0,physics.data-an
5077,9943,4,0,physics.data-an
6039,10520,6,0,physics.data-an
10638,11265,4,0,physics.data-an
3610,10442,12,0,physics.data-an
1540,10828,0,0,physics.data-an
3739,6651,3,0,physics.data-an
6112,9341,15,0,physics.data-an
1376,9902,3,0,physics.data-an
2441,5796,6,0,physics.data-an
2802,11208,0,0,physics.data-an
9990,13969,8,0,physics.data-an
8148,9344,16,0,physics.data-an
3454,10725,16,0,physics.data-an
212,6603,9,0,physics.data-an
7386,7480,8,0,physics.data-an
4055,4678,8,0,physics.data-an
6949,10597,6,0,physics.data-an
3653,5601,14,0,physics.data-an
9577,14065,9,0,physics.data-an
5759,6715,36,0,physics.data-an
3624,8283,8,0,physics.data-an
2006,6169,8,0,physics.data-an
636,5438,12,0,physics.data-an
6131,9741,6,0,physics.data-an
4018,11477,0,0,physics.data-an
8347,9180,4,0,physics.data-an
7734,11726,1,0,physics.data-an
6918,7756,5,0,physics.data-an
8002,10457,30,0,physics.data-an
1827,9550,18,0,physics.data-an
3476,6169,8,0,physics.data-an
550,11558,12,0,physics.data-an
2596,5073,24,0,physics.data-an
1203,3572,10,0,physics.data-an
7144,9645,8,0,physics.data-an
8035,10756,4,0,physics.data-an
929,6221,20,0,physics.data-an
4666,4952,5,0,physics.data-an
3100,7315,1,0,physics.data-an
6353,7574,1,0,physics.data-an
4076,11948,12,0,physics.data-an
2709,5215,84,0,physics.data-an
6685,7904,20,0,physics.data-an
481,4898,92,0,physics.data-an
1100,6862,4,0,physics.data-an
10503,10681,4,0,physics.data-an
1304,5954,20,0,physics.data-an
6409,7362,3,0,physics.data-an
3529,10503,2,0,physics.data-an
485,8926,14,0,physics.data-an
301,8351,0,0,physics.data-an
1518,5425,3,0,physics.data-an
3202,3283,8,0,physics.data-an
3315,4243,0,0,physics.data-an
3445,9197,28,0,physics.data-an
1814,6735,6,0,physics.data-an
2089,8660,9,0,physics.data-an
167,3023,24,0,physics.data-an
2277,9763,4,0,physics.data-an
6334,14134,14,0,physics.data-an
720,2003,12,0,physics.data-an
11510,12118,6,0,physics.data-an
9191,11769,12,0,physics.data-an
8237,11621,0,0,physics.data-an
7954,14042,4,0,physics.data-an
730,1824,24,0,physics.data-an
3430,14028,5,0,physics.data-an
4194,11880,27,0,physics.data-an
8115,8397,3,0,physics.data-an
9255,10621,6,0,physics.data-an
9018,10794,0,0,physics.data-an
3354,8642,3,0,physics.data-an
153,13677,19,0,physics.data-an
7046,8039,3,0,physics.data-an
10390,11800,9,0,physics.data-an
3650,9049,6,0,physics.data-an
4666,6362,1,0,physics.data-an
5700,7144,16,0,physics.data-an
3664,9621,6,0,physics.data-an
2968,7294,6,0,physics.data-an
1751,11760,21,0,physics.data-an
7389,11267,4,0,physics.data-an
562,7694,12,0,physics.data-an
7466,12948,4,0,physics.data-an
7142,10901,0,0,physics.data-an
1360,9431,70,0,physics.data-an
1241,7982,0,0,physics.data-an
8782,11987,3,0,physics.data-an
4307,10895,6,0,physics.data-an
2768,7879,24,0,physics.data-an
1078,9718,24,0,physics.data-an
4054,6630,0,0,physics.data-an
4346,4852,0,0,physics.data-an
5225,5952,36,0,physics.data-an
199,3562,36,0,physics.data-an
939,1157,0,0,physics.data-an
607,14153,15,0,physics.data-an
5696,9366,5,0,physics.data-an
4106,13321,16,0,physics.data-an
14167,14171,0,0,physics.data-an
2935,9718,20,0,physics.data-an
4182,9295,4,0,physics.data-an
9695,10906,5,0,physics.data-an
3773,5075,4,0,physics.data-an
5510,7289,4,0,physics.data-an
5663,6336,6,0,physics.data-an
7102,8182,4,0,physics.data-an
734,8946,6,0,physics.data-an
913,6208,4,0,physics.data-an
5921,9749,24,0,physics.data-an
866,1288,34,0,physics.data-an
6104,7210,0,0,physics.data-an
5473,9967,6,0,physics.data-an
754,1232,18,0,physics.data-an
8119,12028,3,0,physics.data-an
3016,11633,210,0,physics.data-an
4809,11155,21,0,physics.data-an
693,6177,24,0,physics.data-an
2246,10934,6,0,physics.data-an
4985,5310,26,0,physics.data-an
7086,9378,4,0,physics.data-an
7733,14064,0,0,physics.data-an
3545,6766,4,0,physics.data-an
4062,6647,0,0,physics.data-an
1348,10458,5,0,physics.data-an
8575,10178,0,0,physics.data-an
4720,8273,0,0,physics.data-an
4129,10578,0,0,physics.data-an
1181,11629,57,0,physics.data-an
5446,11303,25,0,physics.data-an
1850,6540,4,0,physics.data-an
106,1806,2,0,physics.data-an
8105,11168,3,0,physics.data-an
564,5659,5,0,physics.data-an
1763,4814,0,0,physics.data-an
5612,8482,6,0,physics.data-an
3483,11900,12,0,physics.data-an
677,5536,6,0,physics.data-an
592,882,58,0,physics.data-an
3164,3632,12,0,physics.data-an
4264,6723,4,0,physics.data-an
5551,14064,0,0,physics.data-an
1117,3327,16,0,physics.data-an
7575,10221,0,0,physics.data-an
5954,10662,24,0,physics.data-an
72,6099,36,0,physics.data-an
173,260,111,0,physics.data-an
7526,14120,4,0,physics.data-an
3229,10033,0,0,physics.data-an
2925,10970,48,0,physics.data-an
6039,7853,4,0,physics.data-an
8257,9351,2,0,physics.data-an
3746,9393,0,0,physics.data-an
3454,4904,32,0,physics.data-an
199,14169,36,0,physics.data-an
5400,14053,8,0,physics.data-an
3396,11458,4,0,physics.data-an
1362,2004,168,0,physics.data-an
1137,14043,4,0,physics.data-an
6754,7340,18,0,physics.data-an
4594,7244,6,0,physics.data-an
9395,13982,9,0,physics.data-an
1518,10473,3,0,physics.data-an
6748,7531,4,0,physics.data-an
6298,10449,12,0,physics.data-an
5230,9296,3,0,physics.data-an
2542,5697,20,0,physics.data-an
3100,3889,4,0,physics.data-an
1936,9679,0,0,physics.data-an
4168,4633,18,0,physics.data-an
4666,6221,4,0,physics.data-an
639,6196,56,0,physics.data-an
1945,2445,0,0,physics.data-an
503,6564,4,0,physics.data-an
99,7643,6,0,physics.data-an
4273,13874,4,0,physics.data-an
8517,8995,9,0,physics.data-an
1159,1712,20,0,physics.data-an
22,5473,8,0,physics.data-an
4965,12152,2,0,physics.data-an
887,4460,12,0,physics.data-an
8939,11613,76,0,physics.data-an
1898,9688,4,0,physics.data-an
1031,10777,5,0,physics.data-an
2884,8407,2,0,physics.data-an
5235,13324,5,0,physics.data-an
563,10114,18,0,physics.data-an
908,14053,12,0,physics.data-an
1611,3624,8,0,physics.data-an
5552,8650,14,0,physics.data-an
477,5644,6,0,physics.data-an
3048,6709,5,0,physics.data-an
3515,12102,5,0,physics.data-an
4634,10331,4,0,physics.data-an
80,7485,12,0,physics.data-an
1247,5562,24,0,physics.data-an
4820,7977,6,0,physics.data-an
2053,9189,28,0,physics.data-an
5965,9233,3,0,physics.data-an
863,4224,5,0,physics.data-an
804,5895,19,0,physics.data-an
15,5326,6,0,physics.data-an
11272,11987,3,0,physics.data-an
780,5129,2,0,physics.data-an
4210,4383,8,0,physics.data-an
3355,13137,2,0,physics.data-an
4479,4916,9,0,physics.data-an
10075,12154,3,0,physics.data-an
4089,6042,0,0,physics.data-an
5622,11346,35,0,physics.data-an
9974,11842,3,0,physics.data-an
3382,8023,10,0,physics.data-an
719,1442,40,0,physics.data-an
7364,11689,1,0,physics.data-an
7045,8037,4,0,physics.data-an
8502,11854,6,0,physics.data-an
83,4944,61,0,physics.data-an
3539,3805,0,0,physics.data-an
1385,7575,22,0,physics.data-an
5611,8569,15,0,physics.data-an
7079,11678,3,0,physics.data-an
1495,6400,0,0,physics.data-an
434,9573,34,0,physics.data-an
4954,6349,15,0,physics.data-an
9724,14152,0,0,physics.data-an
18,10906,10,0,physics.data-an
9735,13115,12,0,physics.data-an
1746,5115,0,0,physics.data-an
7303,8273,3,0,physics.data-an
7976,14180,2,0,physics.data-an
11246,11719,3,0,physics.data-an
6632,11223,15,0,physics.data-an
9369,10019,0,0,physics.data-an
9084,10673,12,0,physics.data-an
2280,8283,0,0,physics.data-an
5292,13812,0,0,physics.data-an
6956,8574,4,0,physics.data-an
4211,6570,3,0,physics.data-an
4470,9948,1,0,physics.data-an
220,9091,18,0,physics.data-an
7124,11950,10,0,physics.data-an
2950,12018,3,0,physics.data-an
4766,9043,8,0,physics.data-an
1444,7638,12,0,physics.data-an
1966,11884,2,0,physics.data-an
4212,12169,2,0,physics.data-an
2921,9367,3,0,physics.data-an
7231,14147,0,0,physics.data-an
4956,12178,5,0,physics.data-an
5267,7195,6,0,physics.data-an
3773,5791,12,0,physics.data-an
9275,11265,5,0,physics.data-an
5121,10933,6,0,physics.data-an
4954,11430,10,0,physics.data-an
747,11358,0,0,physics.data-an
5068,10140,1,0,physics.data-an
2731,7293,80,0,physics.data-an
6534,7510,0,0,physics.data-an
2255,3657,12,0,physics.data-an
4212,6103,6,0,physics.data-an
1936,9273,0,0,physics.data-an
6280,11980,4,0,physics.data-an
382,4291,180,0,physics.data-an
939,8266,0,0,physics.data-an
11210,11629,19,0,physics.data-an
11907,13692,4,0,physics.data-an
2054,9530,6,0,physics.data-an
2260,8695,4,0,physics.data-an
984,3578,2,0,physics.data-an
1712,5974,30,0,physics.data-an
6041,6715,12,0,physics.data-an
1706,9606,20,0,physics.data-an
9236,11579,6,0,physics.data-an
2731,6596,20,0,physics.data-an
3464,7413,2,0,physics.data-an
1782,8024,12,0,physics.data-an
3610,11668,6,0,physics.data-an
7560,10772,0,0,physics.data-an
7518,10955,0,0,physics.data-an
6711,8123,10,0,physics.data-an
2194,12169,4,0,physics.data-an
424,9778,20,0,physics.data-an
8738,9990,8,0,physics.data-an
702,4130,0,0,physics.data-an
7955,9352,4,0,physics.data-an
457,11761,0,0,physics.data-an
2110,4033,9,0,physics.data-an
2206,7942,8,0,physics.data-an
12018,12863,3,0,physics.data-an
6690,8823,0,0,physics.data-an
4340,8660,12,0,physics.data-an
9579,9968,3,0,physics.data-an
1452,14012,12,0,physics.data-an
4104,7337,20,0,physics.data-an
2777,9228,2,0,physics.data-an
7928,10566,1,0,physics.data-an
3027,4644,2,0,physics.data-an
626,8686,18,0,physics.data-an
1077,2960,4,0,physics.data-an
1066,10004,0,0,physics.data-an
7864,11076,20,0,physics.data-an
5809,6975,20,0,physics.data-an
5907,7510,3,0,physics.data-an
9308,10673,16,0,physics.data-an
1358,11344,36,0,physics.data-an
2408,5160,18,0,physics.data-an
10310,14095,2,0,physics.data-an
4956,14118,15,0,physics.data-an
5625,9109,2,0,physics.data-an
4096,11948,12,0,physics.data-an
605,4727,50,0,physics.data-an
2553,6301,2,0,physics.data-an
4178,11343,30,0,physics.data-an
5059,5579,4,0,physics.data-an
152,6816,7,0,physics.data-an
455,1112,95,0,physics.data-an
3538,8767,6,0,physics.data-an
6286,9119,3,0,physics.data-an
6653,8504,6,0,physics.data-an
10222,11623,0,0,physics.data-an
10682,10970,20,0,physics.data-an
15,5126,6,0,physics.data-an
3327,11558,6,0,physics.data-an
7700,8730,4,0,physics.data-an
5192,7276,36,0,physics.data-an
1710,4979,18,0,physics.data-an
9113,11112,1,0,physics.data-an
1941,6718,5,0,physics.data-an
4165,11494,40,0,physics.data-an
9208,11875,16,0,physics.data-an
6431,13680,2,0,physics.data-an
47,11610,286,0,physics.data-an
7731,8308,6,0,physics.data-an
3292,7435,3,0,physics.data-an
11793,14155,6,0,physics.data-an
9303,13689,0,0,physics.data-an
1547,6040,9,0,physics.data-an
6060,7473,7,0,physics.data-an
7027,10443,2,0,physics.data-an
2311,11211,6,0,physics.data-an
4767,6876,12,0,physics.data-an
6125,14018,6,0,physics.data-an
4394,6514,6,0,physics.data-an
9411,11156,6,0,physics.data-an
9916,11817,3,0,physics.data-an
3838,6153,8,0,physics.data-an
2813,6619,0,0,physics.data-an
3587,9460,15,0,physics.data-an
1214,9888,18,0,physics.data-an
9801,10295,3,0,physics.data-an
6297,9142,12,0,physics.data-an
423,10441,8,0,physics.data-an
3601,6963,5,0,physics.data-an
2982,11272,2,0,physics.data-an
286,3382,10,0,physics.data-an
5437,7121,4,0,physics.data-an
972,11443,0,0,physics.data-an
4857,9780,2,0,physics.data-an
2272,12164,4,0,physics.data-an
11322,14052,4,0,physics.data-an
5668,7218,36,0,physics.data-an
2121,10045,6,0,physics.data-an
11647,12128,1,0,physics.data-an
3632,13115,24,0,physics.data-an
2699,12007,2,0,physics.data-an
2639,5577,26,0,physics.data-an
2739,5664,1,0,physics.data-an
9152,10006,24,0,physics.data-an
3367,9922,9,0,physics.data-an
9341,10925,3,0,physics.data-an
6240,14061,5,0,physics.data-an
7119,7879,4,0,physics.data-an
1953,11745,26,0,physics.data-an
682,699,30,0,physics.data-an
6697,6758,0,0,physics.data-an
5066,8583,4,0,physics.data-an
450,6091,36,0,physics.data-an
4626,14089,14,0,physics.data-an
3799,11916,24,0,physics.data-an
5489,6879,2,0,physics.data-an
809,10081,72,0,physics.data-an
7365,13309,0,0,physics.data-an
13349,13350,25,1,physics.bio-ph
1698,12669,11,1,physics.bio-ph
2536,2537,1,1,physics.bio-ph
37,12410,58,1,physics.bio-ph
1000,12355,8,1,physics.bio-ph
229,12611,30,1,physics.bio-ph
297,698,0,1,physics.bio-ph
2620,2622,4,1,physics.bio-ph
12735,12737,1,1,physics.bio-ph
3262,9648,4,1,physics.bio-ph
583,382,54,1,physics.bio-ph
12735,12734,2,1,physics.bio-ph
729,5919,46,1,physics.bio-ph
1356,4663,84,1,physics.bio-ph
8691,8693,0,1,physics.bio-ph
610,612,1,1,physics.bio-ph
9162,9165,8,1,physics.bio-ph
4887,527,32,1,physics.bio-ph
3763,2236,112,1,physics.bio-ph
3270,3271,0,1,physics.bio-ph
260,153,448,1,physics.bio-ph
8692,8693,0,1,physics.bio-ph
9880,9881,25,1,physics.bio-ph
1771,1213,20,1,physics.bio-ph
45,6560,19,1,physics.bio-ph
5200,13348,35,1,physics.bio-ph
5055,6088,20,1,physics.bio-ph
5200,4923,28,1,physics.bio-ph
4794,12634,0,1,physics.bio-ph
297,831,52,1,physics.bio-ph
5376,13242,0,1,physics.bio-ph
1892,2656,16,1,physics.bio-ph
929,891,60,1,physics.bio-ph
1407,1404,30,1,physics.bio-ph
3080,3081,9,1,physics.bio-ph
2357,2359,4,1,physics.bio-ph
711,2404,0,1,physics.bio-ph
874,2366,39,1,physics.bio-ph
317,1911,45,1,physics.bio-ph
12412,12414,9,1,physics.bio-ph
1211,12960,10,1,physics.bio-ph
3532,3533,1,1,physics.bio-ph
823,827,16,1,physics.bio-ph
1456,13136,0,1,physics.bio-ph
1240,13430,24,1,physics.bio-ph
132,5699,11,1,physics.bio-ph
29,33,6,1,physics.bio-ph
8823,11068,90,1,physics.bio-ph
4359,4360,9,1,physics.bio-ph
4294,1073,28,1,physics.bio-ph
5198,13348,30,1,physics.bio-ph
15,18,2,1,physics.bio-ph
54,217,841,1,physics.bio-ph
445,446,0,1,physics.bio-ph
5771,5773,1,1,physics.bio-ph
53,217,174,1,physics.bio-ph
577,579,12,1,physics.bio-ph
13614,13615,0,1,physics.bio-ph
3210,12653,2,1,physics.bio-ph
1329,13414,0,1,physics.bio-ph
1488,12481,2,1,physics.bio-ph
612,613,2,1,physics.bio-ph
673,7616,0,1,physics.bio-ph
1918,5018,2,1,physics.bio-ph
820,824,42,1,physics.bio-ph
715,12960,5,1,physics.bio-ph
591,4095,51,1,physics.bio-ph
1293,12399,8,1,physics.bio-ph
11240,11477,12,1,physics.bio-ph
1814,7839,11,1,physics.bio-ph
2438,9173,32,1,physics.bio-ph
578,13209,76,1,physics.bio-ph
218,12818,144,1,physics.bio-ph
152,8233,22,1,physics.bio-ph
12585,13330,0,1,physics.bio-ph
1886,1888,4,1,physics.bio-ph
615,13187,22,1,physics.bio-ph
1293,13538,8,1,physics.bio-ph
270,2058,133,1,physics.bio-ph
418,1612,0,1,physics.bio-ph
874,5341,26,1,physics.bio-ph
172,5150,102,1,physics.bio-ph
218,1385,216,1,physics.bio-ph
8981,8982,2,1,physics.bio-ph
123,552,0,1,physics.bio-ph
12286,13626,0,1,physics.bio-ph
927,13125,0,1,physics.bio-ph
1654,6666,25,1,physics.bio-ph
684,4763,22,1,physics.bio-ph
1360,4375,11,1,physics.bio-ph
12286,12473,30,1,physics.bio-ph
12353,12355,2,1,physics.bio-ph
298,1792,4,1,physics.bio-ph
226,12582,0,1,physics.bio-ph
684,12607,0,1,physics.bio-ph
132,13287,0,1,physics.bio-ph
12621,12623,20,1,physics.bio-ph
2772,5982,48,1,physics.bio-ph
14,12569,27,1,physics.bio-ph
573,12907,0,1,physics.bio-ph
7021,7022,9,1,physics.bio-ph
859,864,16,1,physics.bio-ph
208,5929,0,1,physics.bio-ph
653,13432,10,1,physics.bio-ph
9582,9585,4,1,physics.bio-ph
1833,12871,12,1,physics.bio-ph
12776,12778,3,1,physics.bio-ph
54,41,319,1,physics.bio-ph
4810,6782,5,1,physics.bio-ph
226,12886,6,1,physics.bio-ph
9228,13495,2,1,physics.bio-ph
4790,13428,0,1,physics.bio-ph
5159,5161,1,1,physics.bio-ph
317,639,18,1,physics.bio-ph
12278,12279,12,1,physics.bio-ph
96,1316,16,1,physics.bio-ph
165,2704,2,1,physics.bio-ph
10794,10795,0,1,physics.bio-ph
522,13013,25,1,physics.bio-ph
415,416,2,1,physics.bio-ph
11848,13518,0,1,physics.bio-ph
19,412,63,1,physics.bio-ph
300,958,33,1,physics.bio-ph
11240,11239,4,1,physics.bio-ph
2393,5866,2,1,physics.bio-ph
684,2437,154,1,physics.bio-ph
44,260,160,1,physics.bio-ph
684,1019,44,1,physics.bio-ph
1698,1871,44,1,physics.bio-ph
3846,5982,24,1,physics.bio-ph
527,12735,8,1,physics.bio-ph
610,613,2,1,physics.bio-ph
290,13343,9,1,physics.bio-ph
730,38,170,1,physics.bio-ph
199,1226,0,1,physics.bio-ph
1668,6037,12,1,physics.bio-ph
1323,13098,28,1,physics.bio-ph
36,12760,2,1,physics.bio-ph
209,6782,12,1,physics.bio-ph
1810,12336,0,1,physics.bio-ph
1711,2754,100,1,physics.bio-ph
1096,1098,20,1,physics.bio-ph
1328,12890,6,1,physics.bio-ph
2336,2338,6,1,physics.bio-ph
12971,12974,0,1,physics.bio-ph
153,8272,14,1,physics.bio-ph
527,4743,0,1,physics.bio-ph
360,12744,14,1,physics.bio-ph
159,13283,24,1,physics.bio-ph
3034,3036,12,1,physics.bio-ph
754,755,1,1,physics.bio-ph
54,5208,29,1,physics.bio-ph
2011,12542,12,1,physics.bio-ph
1814,5401,33,1,physics.bio-ph
468,125,66,1,physics.bio-ph
72,4606,21,1,physics.bio-ph
338,2964,4,1,physics.bio-ph
3704,3705,0,1,physics.bio-ph
901,3131,36,1,physics.bio-ph
1617,2632,35,1,physics.bio-ph
288,289,3,1,physics.bio-ph
975,13194,0,1,physics.bio-ph
557,2907,35,1,physics.bio-ph
3454,5174,1,1,physics.bio-ph
2196,10582,34,1,physics.bio-ph
1459,1461,4,1,physics.bio-ph
9171,9172,3,1,physics.bio-ph
785,5207,0,1,physics.bio-ph
12621,1297,30,1,physics.bio-ph
147,148,2,1,physics.bio-ph
822,826,35,1,physics.bio-ph
2965,2966,6,1,physics.bio-ph
12619,12620,21,1,physics.bio-ph
9615,9616,6,1,physics.bio-ph
4582,13260,2,1,physics.bio-ph
272,273,15,1,physics.bio-ph
1387,1388,2,1,physics.bio-ph
666,1442,10,1,physics.bio-ph
1779,12731,3,1,physics.bio-ph
543,4515,40,1,physics.bio-ph
13122,13123,4,1,physics.bio-ph
5011,12279,6,1,physics.bio-ph
54,899,87,1,physics.bio-ph
1256,1258,12,1,physics.bio-ph
10687,10694,30,1,physics.bio-ph
13076,13077,0,1,physics.bio-ph
1799,1800,6,1,physics.bio-ph
2323,2325,1,1,physics.bio-ph
2411,12782,0,1,physics.bio-ph
263,3537,22,1,physics.bio-ph
37,12411,87,1,physics.bio-ph
13135,13369,0,1,physics.bio-ph
12574,12576,1,1,physics.bio-ph
1066,6997,44,1,physics.bio-ph
1968,10302,6,1,physics.bio-ph
1076,12788,40,1,physics.bio-ph
2439,6374,3,1,physics.bio-ph
578,13142,38,1,physics.bio-ph
14348,14350,16,1,physics.bio-ph
1393,3042,0,1,physics.bio-ph
209,572,24,1,physics.bio-ph
108,1289,15,1,physics.bio-ph
12621,13030,5,1,physics.bio-ph
1543,1545,42,1,physics.bio-ph
218,6254,36,1,physics.bio-ph
881,929,105,1,physics.bio-ph
12441,12442,2,1,physics.bio-ph
766,2336,14,1,physics.bio-ph
1654,13029,0,1,physics.bio-ph
1529,1530,1,1,physics.bio-ph
3848,9671,56,1,physics.bio-ph
2531,2533,4,1,physics.bio-ph
3940,10517,9,1,physics.bio-ph
865,1350,42,1,physics.bio-ph
8020,9652,4,1,physics.bio-ph
466,465,0,1,physics.bio-ph
481,6624,14,1,physics.bio-ph
1156,1157,3,1,physics.bio-ph
588,975,98,1,physics.bio-ph
453,12389,0,1,physics.bio-ph
12318,12317,8,1,physics.bio-ph
13135,3876,0,1,physics.bio-ph
219,4663,49,1,physics.bio-ph
1798,1801,30,1,physics.bio-ph
4086,5208,3,1,physics.bio-ph
730,1738,68,1,physics.bio-ph
5427,13395,3,1,physics.bio-ph
1389,4215,12,1,physics.bio-ph
317,12492,9,1,physics.bio-ph
2824,2825,1,1,physics.bio-ph
1098,6307,20,1,physics.bio-ph
8947,8948,1,1,physics.bio-ph
3763,3776,70,1,physics.bio-ph
159,506,192,1,physics.bio-ph
1771,1537,35,1,physics.bio-ph
490,13334,2,1,physics.bio-ph
718,4090,7,1,physics.bio-ph
8189,8190,2,1,physics.bio-ph
799,1696,15,1,physics.bio-ph
804,7823,7,1,physics.bio-ph
322,562,0,1,physics.bio-ph
2350,10448,12,1,physics.bio-ph
412,1034,63,1,physics.bio-ph
124,8135,22,1,physics.bio-ph
1350,12841,21,1,physics.bio-ph
3760,3767,36,1,physics.bio-ph
12276,12277,6,1,physics.bio-ph
1019,9813,6,1,physics.bio-ph
13,730,221,1,physics.bio-ph
40,2516,5,1,physics.bio-ph
13193,13194,0,1,physics.bio-ph
12395,12396,2,1,physics.bio-ph
6276,12961,9,1,physics.bio-ph
553,12440,0,1,physics.bio-ph
2488,8672,0,1,physics.bio-ph
2827,12076,35,1,physics.bio-ph
219,898,91,1,physics.bio-ph
542,4215,16,1,physics.bio-ph
1930,12396,1,1,physics.bio-ph
1213,3788,20,1,physics.bio-ph
4361,4363,32,1,physics.bio-ph
5160,1967,56,1,physics.bio-ph
795,10448,16,1,physics.bio-ph
7943,3763,140,1,physics.bio-ph
10510,10511,0,1,physics.bio-ph
12268,13624,0,1,physics.bio-ph
13114,13116,21,1,physics.bio-ph
5662,9544,9,1,physics.bio-ph
730,745,136,1,physics.bio-ph
12094,12095,4,1,physics.bio-ph
592,11744,36,1,physics.bio-ph
562,566,0,1,physics.bio-ph
13113,13116,21,1,physics.bio-ph
12076,12079,40,1,physics.bio-ph
1035,3456,0,1,physics.bio-ph
5603,5604,2,1,physics.bio-ph
684,12754,22,1,physics.bio-ph
577,860,36,1,physics.bio-ph
13278,13083,1,1,physics.bio-ph
68,4395,6,1,physics.bio-ph
2004,5427,6,1,physics.bio-ph
1304,2841,20,1,physics.bio-ph
12731,12732,3,1,physics.bio-ph
1108,4377,80,1,physics.bio-ph
929,11547,15,1,physics.bio-ph
1263,1967,8,1,physics.bio-ph
7224,7225,1,1,physics.bio-ph
716,1204,2,1,physics.bio-ph
1758,6423,0,1,physics.bio-ph
269,624,51,1,physics.bio-ph
263,12965,22,1,physics.bio-ph
1378,3494,4,1,physics.bio-ph
1656,1657,0,1,physics.bio-ph
252,382,30,1,physics.bio-ph
2179,12567,8,1,physics.bio-ph
668,3037,70,1,physics.bio-ph
8823,11071,90,1,physics.bio-ph
730,12516,34,1,physics.bio-ph
1743,12760,2,1,physics.bio-ph
6840,9026,12,1,physics.bio-ph
636,7035,0,1,physics.bio-ph
96,99,96,1,physics.bio-ph
2748,12819,12,1,physics.bio-ph
740,741,2,1,physics.bio-ph
1269,1272,12,1,physics.bio-ph
36,1743,1,1,physics.bio-ph
494,2778,8,1,physics.bio-ph
2985,2987,6,1,physics.bio-ph
5196,7459,5,1,physics.bio-ph
898,2171,39,1,physics.bio-ph
13,12614,26,1,physics.bio-ph
12900,12901,2,1,physics.bio-ph
2725,2022,80,1,physics.bio-ph
1636,13369,0,1,physics.bio-ph
13,3515,65,1,physics.bio-ph
795,6797,32,1,physics.bio-ph
8430,8432,0,1,physics.bio-ph
12930,12932,12,1,physics.bio-ph
1257,1258,9,1,physics.bio-ph
3137,3139,6,1,physics.bio-ph
13164,13165,0,1,physics.bio-ph
270,5208,19,1,physics.bio-ph
5871,8357,8,1,physics.bio-ph
2238,2240,2,1,physics.bio-ph
66,641,4,1,physics.bio-ph
812,126,20,1,physics.bio-ph
7012,7925,3,1,physics.bio-ph
158,7150,7,1,physics.bio-ph
1308,12349,20,1,physics.bio-ph
13321,13324,4,1,physics.bio-ph
9228,13496,4,1,physics.bio-ph
1698,1869,22,1,physics.bio-ph
583,617,9,1,physics.bio-ph
1611,6797,36,1,physics.bio-ph
3783,13844,2,1,physics.bio-ph
901,13142,24,1,physics.bio-ph
446,12412,6,1,physics.bio-ph
514,5041,4,1,physics.bio-ph
1611,1370,117,1,physics.bio-ph
12604,13365,3,1,physics.bio-ph
37,1743,29,1,physics.bio-ph
386,1191,5,1,physics.bio-ph
12399,13538,1,1,physics.bio-ph
12697,13043,18,1,physics.bio-ph
2742,1751,20,1,physics.bio-ph
44,1414,35,1,physics.bio-ph
1203,1291,32,1,physics.bio-ph
12555,12557,10,1,physics.bio-ph
41,1005,22,1,physics.bio-ph
12598,12599,0,1,physics.bio-ph
955,976,10,1,physics.bio-ph
153,765,42,1,physics.bio-ph
1079,1081,1,1,physics.bio-ph
481,6625,35,1,physics.bio-ph
13267,13268,0,1,physics.bio-ph
10448,12150,4,1,physics.bio-ph
12314,12578,1,1,physics.bio-ph
114,453,20,1,physics.bio-ph
5160,5159,7,1,physics.bio-ph
12268,13625,0,1,physics.bio-ph
9184,9185,1,1,physics.bio-ph
114,812,20,1,physics.bio-ph
944,13077,2,1,physics.bio-ph
12409,13558,3,1,physics.bio-ph
1308,2196,340,1,physics.bio-ph
809,2873,15,1,physics.bio-ph
1797,1799,8,1,physics.bio-ph
7624,12724,2,1,physics.bio-ph
742,743,6,1,physics.bio-ph
7943,4479,30,1,physics.bio-ph
442,443,0,1,physics.bio-ph
96,978,48,1,physics.bio-ph
363,6613,18,1,physics.bio-ph
2600,7539,0,1,physics.bio-ph
3057,12931,4,1,physics.bio-ph
3779,4376,6,1,physics.bio-ph
1407,3348,70,1,physics.bio-ph
12643,13561,5,1,physics.bio-ph
152,1175,0,1,physics.bio-ph
1045,1044,0,1,physics.bio-ph
13405,13408,3,1,physics.bio-ph
432,3492,0,1,physics.bio-ph
12363,12364,1,1,physics.bio-ph
1712,1107,8,1,physics.bio-ph
1374,1375,0,1,physics.bio-ph
1098,7563,40,1,physics.bio-ph
4375,4376,2,1,physics.bio-ph
3056,12357,5,1,physics.bio-ph
54,4989,58,1,physics.bio-ph
13489,13490,3,1,physics.bio-ph
12331,12332,1,1,physics.bio-ph
5394,7768,9,1,physics.bio-ph
890,1444,12,1,physics.bio-ph
9169,9171,3,1,physics.bio-ph
14351,14352,16,1,physics.bio-ph
551,578,76,1,physics.bio-ph
413,414,2,1,physics.bio-ph
13008,13010,0,1,physics.bio-ph
2725,2722,15,1,physics.bio-ph
44,515,35,1,physics.bio-ph
45,46,114,1,physics.bio-ph
5198,13351,30,1,physics.bio-ph
578,1572,76,1,physics.bio-ph
1698,13129,33,1,physics.bio-ph
9671,10374,49,1,physics.bio-ph
1468,12845,4,1,physics.bio-ph
1047,13352,15,1,physics.bio-ph
257,258,3,1,physics.bio-ph
610,611,2,1,physics.bio-ph
2690,2691,1,1,physics.bio-ph
13190,13872,0,1,physics.bio-ph
257,3311,9,1,physics.bio-ph
7155,10103,6,1,physics.bio-ph
1712,13032,4,1,physics.bio-ph
11065,11066,90,1,physics.bio-ph
3839,12444,8,1,physics.bio-ph
10686,10688,18,1,physics.bio-ph
215,1328,0,1,physics.bio-ph
218,1711,180,1,physics.bio-ph
218,684,396,1,physics.bio-ph
2531,2532,4,1,physics.bio-ph
12599,12600,0,1,physics.bio-ph
90,231,12,1,physics.bio-ph
17,8891,6,1,physics.bio-ph
772,9401,2,1,physics.bio-ph
3999,4240,12,1,physics.bio-ph
599,1185,24,1,physics.bio-ph
41,13082,22,1,physics.bio-ph
13347,13349,25,1,physics.bio-ph
557,2908,7,1,physics.bio-ph
100,98,8,1,physics.bio-ph
985,13292,22,1,physics.bio-ph
1707,2062,1,1,physics.bio-ph
159,12612,24,1,physics.bio-ph
256,3311,21,1,physics.bio-ph
2350,10447,18,1,physics.bio-ph
5380,5382,1,1,physics.bio-ph
1297,12622,18,1,physics.bio-ph
7771,7772,4,1,physics.bio-ph
9882,9884,16,1,physics.bio-ph
2621,9587,8,1,physics.bio-ph
12450,12649,6,1,physics.bio-ph
47,208,84,1,physics.bio-ph
2739,12949,2,1,physics.bio-ph
13505,13506,2,1,physics.bio-ph
12183,12896,0,1,physics.bio-ph
2340,2338,18,1,physics.bio-ph
13696,13698,1,1,physics.bio-ph
5655,9743,2,1,physics.bio-ph
1073,5336,7,1,physics.bio-ph
412,420,81,1,physics.bio-ph
12303,12616,18,1,physics.bio-ph
83,13048,12,1,physics.bio-ph
955,711,25,1,physics.bio-ph
2467,2468,0,1,physics.bio-ph
12359,13472,4,1,physics.bio-ph
4265,6044,9,1,physics.bio-ph
1323,13176,14,1,physics.bio-ph
12842,12843,0,1,physics.bio-ph
13604,13605,1,1,physics.bio-ph
3839,12445,8,1,physics.bio-ph
360,363,126,1,physics.bio-ph
9884,9886,16,1,physics.bio-ph
165,2705,2,1,physics.bio-ph
9612,12791,7,1,physics.bio-ph
812,124,55,1,physics.bio-ph
617,14044,2,1,physics.bio-ph
502,1115,0,1,physics.bio-ph
2058,5120,21,1,physics.bio-ph
12077,12080,24,1,physics.bio-ph
300,481,77,1,physics.bio-ph
490,12705,2,1,physics.bio-ph
317,12448,27,1,physics.bio-ph
975,1000,112,1,physics.bio-ph
955,977,10,1,physics.bio-ph
2058,2747,63,1,physics.bio-ph
3870,3871,0,1,physics.bio-ph
12495,12496,6,1,physics.bio-ph
3033,3035,6,1,physics.bio-ph
2987,2991,6,1,physics.bio-ph
1654,13622,50,1,physics.bio-ph
1459,1460,3,1,physics.bio-ph
591,11745,51,1,physics.bio-ph
2748,2747,54,1,physics.bio-ph
12706,490,2,1,physics.bio-ph
1012,1013,2,1,physics.bio-ph
2747,5121,9,1,physics.bio-ph
2985,2988,8,1,physics.bio-ph
13046,13047,4,1,physics.bio-ph
7561,7563,8,1,physics.bio-ph
5383,5384,6,1,physics.bio-ph
665,2710,28,1,physics.bio-ph
1939,1940,0,1,physics.bio-ph
192,193,9,1,physics.bio-ph
578,397,114,1,physics.bio-ph
1540,12955,6,1,physics.bio-ph
10687,10690,30,1,physics.bio-ph
54,219,203,1,physics.bio-ph
3925,12450,9,1,physics.bio-ph
1047,1046,5,1,physics.bio-ph
881,13012,14,1,physics.bio-ph
1150,6624,10,1,physics.bio-ph
13264,13265,4,1,physics.bio-ph
154,12534,1,1,physics.bio-ph
1293,1295,8,1,physics.bio-ph
3848,5982,32,1,physics.bio-ph
1498,1499,0,1,physics.bio-ph
1764,12677,0,1,physics.bio-ph
1543,4461,7,1,physics.bio-ph
167,1617,7,1,physics.bio-ph
12704,13258,2,1,physics.bio-ph
2230,2829,4,1,physics.bio-ph
363,12608,18,1,physics.bio-ph
468,933,18,1,physics.bio-ph
1293,1296,16,1,physics.bio-ph
1414,12682,7,1,physics.bio-ph
12343,12344,0,1,physics.bio-ph
229,12610,20,1,physics.bio-ph
371,1628,6,1,physics.bio-ph
73,625,18,1,physics.bio-ph
515,1418,0,1,physics.bio-ph
3228,4887,20,1,physics.bio-ph
12081,12074,45,1,physics.bio-ph
4547,8823,90,1,physics.bio-ph
976,2169,2,1,physics.bio-ph
1076,683,30,1,physics.bio-ph
3836,7092,2,1,physics.bio-ph
765,763,0,1,physics.bio-ph
2394,13612,2,1,physics.bio-ph
4362,4363,32,1,physics.bio-ph
382,4290,24,1,physics.bio-ph
1711,1712,20,1,physics.bio-ph
394,550,1,1,physics.bio-ph
297,2242,104,1,physics.bio-ph
5393,5395,4,1,physics.bio-ph
12604,13364,6,1,physics.bio-ph
481,1150,35,1,physics.bio-ph
526,528,4,1,physics.bio-ph
6341,6344,6,1,physics.bio-ph
730,12392,170,1,physics.bio-ph
1996,3848,64,1,physics.bio-ph
4361,12428,8,1,physics.bio-ph
13989,13990,0,1,physics.bio-ph
1660,4763,0,1,physics.bio-ph
1543,12855,7,1,physics.bio-ph
1360,1359,11,1,physics.bio-ph
618,3572,4,1,physics.bio-ph
2022,2966,16,1,physics.bio-ph
2488,8671,0,1,physics.bio-ph
36,37,29,1,physics.bio-ph
6397,6398,6,1,physics.bio-ph
3075,3076,6,1,physics.bio-ph
13623,13624,0,1,physics.bio-ph
408,1460,3,1,physics.bio-ph
1711,3618,30,1,physics.bio-ph
360,5757,14,1,physics.bio-ph
412,13283,9,1,physics.bio-ph
2772,11094,96,1,physics.bio-ph
684,1660,0,1,physics.bio-ph
980,981,7,1,physics.bio-ph
992,8177,4,1,physics.bio-ph
41,1385,132,1,physics.bio-ph
218,2172,18,1,physics.bio-ph
297,3821,39,1,physics.bio-ph
1073,5934,0,1,physics.bio-ph
6006,9508,3,1,physics.bio-ph
1108,5081,16,1,physics.bio-ph
729,7823,23,1,physics.bio-ph
6439,7959,8,1,physics.bio-ph
881,12458,7,1,physics.bio-ph
3699,1765,4,1,physics.bio-ph
13451,13453,6,1,physics.bio-ph
13189,13190,1,1,physics.bio-ph
3646,5849,3,1,physics.bio-ph
3128,3127,12,1,physics.bio-ph
395,1861,26,1,physics.bio-ph
13304,13306,2,1,physics.bio-ph
10764,12080,24,1,physics.bio-ph
6439,7960,8,1,physics.bio-ph
1045,1315,9,1,physics.bio-ph
2242,3967,24,1,physics.bio-ph
1699,13098,4,1,physics.bio-ph
1308,7113,120,1,physics.bio-ph
2059,2746,12,1,physics.bio-ph
269,3828,68,1,physics.bio-ph
11436,13987,2,1,physics.bio-ph
1228,1227,6,1,physics.bio-ph
220,1115,0,1,physics.bio-ph
12899,12902,2,1,physics.bio-ph
591,6551,68,1,physics.bio-ph
2801,1399,3,1,physics.bio-ph
12385,12386,12,1,physics.bio-ph
1948,13194,0,1,physics.bio-ph
2964,9937,8,1,physics.bio-ph
1577,12420,10,1,physics.bio-ph
733,948,0,1,physics.bio-ph
14,715,9,1,physics.bio-ph
684,12606,0,1,physics.bio-ph
270,5196,95,1,physics.bio-ph
6137,13292,8,1,physics.bio-ph
370,12714,0,1,physics.bio-ph
422,577,36,1,physics.bio-ph
13489,13491,2,1,physics.bio-ph
1444,3159,4,1,physics.bio-ph
2896,12555,8,1,physics.bio-ph
8751,8755,6,1,physics.bio-ph
123,12382,1,1,physics.bio-ph
4923,13350,20,1,physics.bio-ph
506,1291,32,1,physics.bio-ph
7773,7771,8,1,physics.bio-ph
68,641,6,1,physics.bio-ph
13593,13594,1,1,physics.bio-ph
822,825,49,1,physics.bio-ph
395,577,78,1,physics.bio-ph
260,4265,96,1,physics.bio-ph
54,3750,232,1,physics.bio-ph
2057,2746,64,1,physics.bio-ph
13322,13325,3,1,physics.bio-ph
555,13959,9,1,physics.bio-ph
191,194,6,1,physics.bio-ph
5053,5054,1,1,physics.bio-ph
8753,8754,6,1,physics.bio-ph
172,13277,136,1,physics.bio-ph
1419,3995,1,1,physics.bio-ph
4569,4571,28,1,physics.bio-ph
592,4094,48,1,physics.bio-ph
3556,3560,9,1,physics.bio-ph
297,730,221,1,physics.bio-ph
172,874,442,1,physics.bio-ph
3057,12930,3,1,physics.bio-ph
13595,13596,0,1,physics.bio-ph
967,13043,42,1,physics.bio-ph
522,524,25,1,physics.bio-ph
2223,12881,9,1,physics.bio-ph
1001,6576,12,1,physics.bio-ph
865,1513,24,1,physics.bio-ph
2986,2991,6,1,physics.bio-ph
2725,2723,15,1,physics.bio-ph
12701,12702,9,1,physics.bio-ph
684,3425,22,1,physics.bio-ph
4578,4579,0,1,physics.bio-ph
12791,12793,2,1,physics.bio-ph
492,493,11,1,physics.bio-ph
159,12682,24,1,physics.bio-ph
8020,9653,4,1,physics.bio-ph
124,1035,33,1,physics.bio-ph
2754,13373,30,1,physics.bio-ph
8,9,6,1,physics.bio-ph
12818,2128,40,1,physics.bio-ph
1613,418,6,1,physics.bio-ph
553,12805,13,1,physics.bio-ph
12733,12994,9,1,physics.bio-ph
711,12795,5,1,physics.bio-ph
5011,12276,6,1,physics.bio-ph
2041,4629,44,1,physics.bio-ph
1968,3069,9,1,physics.bio-ph
94,2748,36,1,physics.bio-ph
8790,11953,0,1,physics.bio-ph
862,13209,36,1,physics.bio-ph
37,14006,116,1,physics.bio-ph
1576,13895,6,1,physics.bio-ph
149,1656,0,1,physics.bio-ph
258,259,10,1,physics.bio-ph
1759,6376,0,1,physics.bio-ph
270,2746,76,1,physics.bio-ph
967,12401,35,1,physics.bio-ph
12141,12414,9,1,physics.bio-ph
1699,13096,8,1,physics.bio-ph
13,448,39,1,physics.bio-ph
1647,1117,7,1,physics.bio-ph
578,862,171,1,physics.bio-ph
2986,2988,12,1,physics.bio-ph
527,1934,8,1,physics.bio-ph
742,8422,3,1,physics.bio-ph
5165,5167,6,1,physics.bio-ph
6439,7961,6,1,physics.bio-ph
2180,2182,9,1,physics.bio-ph
37,1076,290,1,physics.bio-ph
20,3780,20,1,physics.bio-ph
730,6287,17,1,physics.bio-ph
481,2169,7,1,physics.bio-ph
6848,12642,18,1,physics.bio-ph
1893,1371,5,1,physics.bio-ph
583,14044,18,1,physics.bio-ph
8680,11436,2,1,physics.bio-ph
6891,6893,1,1,physics.bio-ph
578,13113,57,1,physics.bio-ph
12074,12077,30,1,physics.bio-ph
6439,6440,2,1,physics.bio-ph
10761,10762,6,1,physics.bio-ph
1969,1971,2,1,physics.bio-ph
39,2347,9,1,physics.bio-ph
1097,9668,12,1,physics.bio-ph
9615,11240,24,1,physics.bio-ph
5198,14486,24,1,physics.bio-ph
6673,11071,90,1,physics.bio-ph
4359,8657,3,1,physics.bio-ph
479,804,77,1,physics.bio-ph
1463,1797,24,1,physics.bio-ph
1323,1869,28,1,physics.bio-ph
2810,2811,1,1,physics.bio-ph
1096,1097,12,1,physics.bio-ph
1488,13572,4,1,physics.bio-ph
7153,7155,9,1,physics.bio-ph
12075,12079,48,1,physics.bio-ph
11240,11476,16,1,physics.bio-ph
12376,12580,0,1,physics.bio-ph
350,1996,40,1,physics.bio-ph
663,5781,2,1,physics.bio-ph
711,2009,5,1,physics.bio-ph
300,543,110,1,physics.bio-ph
2022,11395,32,1,physics.bio-ph
5984,5985,15,1,physics.bio-ph
4568,7891,18,1,physics.bio-ph
1385,2171,36,1,physics.bio-ph
269,479,187,1,physics.bio-ph
1214,13065,9,1,physics.bio-ph
260,152,352,1,physics.bio-ph
975,13302,42,1,physics.bio-ph
2262,2263,0,1,physics.bio-ph
3783,13843,2,1,physics.bio-ph
13,859,104,1,physics.bio-ph
201,2122,44,1,physics.bio-ph
900,1427,0,1,physics.bio-ph
890,6423,0,1,physics.bio-ph
2236,3771,24,1,physics.bio-ph
2725,6606,25,1,physics.bio-ph
39,40,15,1,physics.bio-ph
8680,13987,4,1,physics.bio-ph
12825,12826,2,1,physics.bio-ph
1916,1917,2,1,physics.bio-ph
1971,1972,1,1,physics.bio-ph
12075,12080,24,1,physics.bio-ph
34,2657,0,1,physics.bio-ph
4681,7768,15,1,physics.bio-ph
7313,7314,4,1,physics.bio-ph
2989,2990,15,1,physics.bio-ph
3874,4790,0,1,physics.bio-ph
207,208,30,1,physics.bio-ph
2621,2622,4,1,physics.bio-ph
317,2161,0,1,physics.bio-ph
859,1146,0,1,physics.bio-ph
9612,11478,35,1,physics.bio-ph
111,6062,3,1,physics.bio-ph
100,13234,8,1,physics.bio-ph
5394,7769,9,1,physics.bio-ph
666,667,10,1,physics.bio-ph
468,5591,18,1,physics.bio-ph
4113,7686,4,1,physics.bio-ph
1370,4917,52,1,physics.bio-ph
823,824,24,1,physics.bio-ph
578,3348,133,1,physics.bio-ph
1385,1383,132,1,physics.bio-ph
9,11,4,1,physics.bio-ph
743,1269,12,1,physics.bio-ph
12436,13495,3,1,physics.bio-ph
2380,8818,30,1,physics.bio-ph
481,12372,7,1,physics.bio-ph
9583,9584,4,1,physics.bio-ph
12757,13000,9,1,physics.bio-ph
1391,1393,0,1,physics.bio-ph
1385,12818,96,1,physics.bio-ph
345,346,1,1,physics.bio-ph
12896,12897,0,1,physics.bio-ph
553,2503,13,1,physics.bio-ph
13957,13958,16,1,physics.bio-ph
554,12303,18,1,physics.bio-ph
13322,13324,2,1,physics.bio-ph
795,6171,24,1,physics.bio-ph
1308,4579,0,1,physics.bio-ph
2022,6088,80,1,physics.bio-ph
2376,2378,16,1,physics.bio-ph
6006,9507,3,1,physics.bio-ph
821,828,42,1,physics.bio-ph
1405,1406,9,1,physics.bio-ph
4361,13236,8,1,physics.bio-ph
4361,8657,4,1,physics.bio-ph
339,12341,50,1,physics.bio-ph
10691,10692,25,1,physics.bio-ph
745,13326,8,1,physics.bio-ph
8824,11066,90,1,physics.bio-ph
711,12879,20,1,physics.bio-ph
860,4394,18,1,physics.bio-ph
132,13286,0,1,physics.bio-ph
900,1818,32,1,physics.bio-ph
2619,2620,20,1,physics.bio-ph
218,41,198,1,physics.bio-ph
166,167,1,1,physics.bio-ph
201,2532,22,1,physics.bio-ph
1280,1279,24,1,physics.bio-ph
98,99,6,1,physics.bio-ph
54,2172,29,1,physics.bio-ph
9161,9162,10,1,physics.bio-ph
618,3573,4,1,physics.bio-ph
1462,2559,9,1,physics.bio-ph
1945,3716,0,1,physics.bio-ph
2237,2241,2,1,physics.bio-ph
1279,13030,6,1,physics.bio-ph
1371,2656,1,1,physics.bio-ph
5228,5229,12,1,physics.bio-ph
950,952,6,1,physics.bio-ph
41,4663,77,1,physics.bio-ph
62,13276,32,1,physics.bio-ph
12688,3301,0,1,physics.bio-ph
4089,1291,20,1,physics.bio-ph
424,9531,22,1,physics.bio-ph
4571,4572,28,1,physics.bio-ph
827,828,24,1,physics.bio-ph
12318,12610,8,1,physics.bio-ph
45,1142,0,1,physics.bio-ph
1460,1462,9,1,physics.bio-ph
615,13056,11,1,physics.bio-ph
3138,3140,3,1,physics.bio-ph
1918,5017,2,1,physics.bio-ph
12355,13505,1,1,physics.bio-ph
1751,13039,40,1,physics.bio-ph
5892,5893,4,1,physics.bio-ph
1035,1073,21,1,physics.bio-ph
4680,7769,12,1,physics.bio-ph
2235,12788,16,1,physics.bio-ph
9165,9166,16,1,physics.bio-ph
1232,1233,10,1,physics.bio-ph
5600,12822,1,1,physics.bio-ph
6343,6344,6,1,physics.bio-ph
8823,11064,63,1,physics.bio-ph
8430,8431,0,1,physics.bio-ph
91,201,33,1,physics.bio-ph
5702,5703,1,1,physics.bio-ph
13449,13450,6,1,physics.bio-ph
12667,12668,0,1,physics.bio-ph
1098,7561,20,1,physics.bio-ph
2772,3846,72,1,physics.bio-ph
665,1442,28,1,physics.bio-ph
4685,5379,2,1,physics.bio-ph
260,1309,64,1,physics.bio-ph
684,481,154,1,physics.bio-ph
172,422,204,1,physics.bio-ph
9162,9163,10,1,physics.bio-ph
1543,2275,42,1,physics.bio-ph
1893,2656,5,1,physics.bio-ph
2058,2196,119,1,physics.bio-ph
900,12975,0,1,physics.bio-ph
12364,12365,2,1,physics.bio-ph
6673,11064,63,1,physics.bio-ph
1892,10582,32,1,physics.bio-ph
2041,5983,33,1,physics.bio-ph
2007,8768,12,1,physics.bio-ph
774,1374,0,1,physics.bio-ph
2297,13029,0,1,physics.bio-ph
4095,4096,15,1,physics.bio-ph
3057,12934,4,1,physics.bio-ph
942,943,2,1,physics.bio-ph
260,481,224,1,physics.bio-ph
4290,10794,0,1,physics.bio-ph
263,12872,22,1,physics.bio-ph
1613,13166,2,1,physics.bio-ph
2377,6188,24,1,physics.bio-ph
3699,6299,6,1,physics.bio-ph
3044,5395,3,1,physics.bio-ph
5379,5382,1,1,physics.bio-ph
985,13119,11,1,physics.bio-ph
297,296,13,1,physics.bio-ph
3035,3036,8,1,physics.bio-ph
1378,1380,6,1,physics.bio-ph
397,5535,0,1,physics.bio-ph
13008,13009,0,1,physics.bio-ph
1892,1116,144,1,physics.bio-ph
578,4394,57,1,physics.bio-ph
420,6099,9,1,physics.bio-ph
889,1001,36,1,physics.bio-ph
3558,3557,54,1,physics.bio-ph
209,211,24,1,physics.bio-ph
260,4840,96,1,physics.bio-ph
1419,1420,2,1,physics.bio-ph
866,1141,36,1,physics.bio-ph
1799,1802,10,1,physics.bio-ph
2377,8817,24,1,physics.bio-ph
46,300,66,1,physics.bio-ph
201,2533,22,1,physics.bio-ph
51,4989,14,1,physics.bio-ph
4589,12467,0,1,physics.bio-ph
987,988,0,1,physics.bio-ph
1547,1912,8,1,physics.bio-ph
2138,2140,9,1,physics.bio-ph
19,159,168,1,physics.bio-ph
453,13498,5,1,physics.bio-ph
4882,6006,3,1,physics.bio-ph
11093,11095,35,1,physics.bio-ph
1011,1012,2,1,physics.bio-ph
127,13188,36,1,physics.bio-ph
80,12545,5,1,physics.bio-ph
13162,13290,2,1,physics.bio-ph
7092,7228,3,1,physics.bio-ph
1682,3192,1,1,physics.bio-ph
39,1759,0,1,physics.bio-ph
5603,5605,2,1,physics.bio-ph
1886,13419,8,1,physics.bio-ph
60,2335,4,1,physics.bio-ph
12482,13571,6,1,physics.bio-ph
2488,8673,0,1,physics.bio-ph
5381,5382,1,1,physics.bio-ph
668,9999,0,1,physics.bio-ph
264,265,0,1,physics.bio-ph
3763,3766,28,1,physics.bio-ph
807,5150,30,1,physics.bio-ph
47,3829,56,1,physics.bio-ph
683,2441,6,1,physics.bio-ph
730,37,493,1,physics.bio-ph
260,1045,288,1,physics.bio-ph
12392,12516,20,1,physics.bio-ph
1270,1271,20,1,physics.bio-ph
1161,1257,24,1,physics.bio-ph
2350,5621,24,1,physics.bio-ph
1763,12419,2,1,physics.bio-ph
12542,12959,4,1,physics.bio-ph
4066,10450,4,1,physics.bio-ph
469,8864,4,1,physics.bio-ph
12690,12692,3,1,physics.bio-ph
2772,11095,60,1,physics.bio-ph
13117,13118,0,1,physics.bio-ph
1360,1291,44,1,physics.bio-ph
615,4649,22,1,physics.bio-ph
2019,2023,0,1,physics.bio-ph
4840,5621,12,1,physics.bio-ph
6477,6476,4,1,physics.bio-ph
615,13092,33,1,physics.bio-ph
279,3076,16,1,physics.bio-ph
2211,2212,0,1,physics.bio-ph
1896,2292,4,1,physics.bio-ph
9881,9882,20,1,physics.bio-ph
269,4689,17,1,physics.bio-ph
12465,2011,18,1,physics.bio-ph
10689,10693,36,1,physics.bio-ph
363,12744,9,1,physics.bio-ph
615,12733,99,1,physics.bio-ph
9813,9815,3,1,physics.bio-ph
527,2706,8,1,physics.bio-ph
218,12542,36,1,physics.bio-ph
7925,7926,2,1,physics.bio-ph
10764,12074,30,1,physics.bio-ph
2041,2208,44,1,physics.bio-ph
13349,14486,20,1,physics.bio-ph
41,219,77,1,physics.bio-ph
269,729,391,1,physics.bio-ph
218,859,144,1,physics.bio-ph
1313,815,8,1,physics.bio-ph
9164,9165,20,1,physics.bio-ph
6673,11068,90,1,physics.bio-ph
13207,13209,28,1,physics.bio-ph
13304,13305,2,1,physics.bio-ph
551,13314,8,1,physics.bio-ph
13302,13194,0,1,physics.bio-ph
12408,13558,2,1,physics.bio-ph
12967,12968,1,1,physics.bio-ph
1291,1359,4,1,physics.bio-ph
754,12532,1,1,physics.bio-ph
591,1968,51,1,physics.bio-ph
13125,13126,0,1,physics.bio-ph
12074,12075,30,1,physics.bio-ph
6997,12872,8,1,physics.bio-ph
12597,12599,0,1,physics.bio-ph
1887,1888,1,1,physics.bio-ph
9168,9170,3,1,physics.bio-ph
6363,7175,0,1,physics.bio-ph
541,4213,10,1,physics.bio-ph
153,1352,14,1,physics.bio-ph
1759,13057,0,1,physics.bio-ph
7613,7614,5,1,physics.bio-ph
13417,13479,0,1,physics.bio-ph
5017,5018,4,1,physics.bio-ph
1116,5765,9,1,physics.bio-ph
16,18,2,1,physics.bio-ph
2379,2380,36,1,physics.bio-ph
5982,11093,28,1,physics.bio-ph
10760,12080,32,1,physics.bio-ph
151,8232,12,1,physics.bio-ph
1461,2560,12,1,physics.bio-ph
3348,4394,21,1,physics.bio-ph
13158,13159,4,1,physics.bio-ph
9168,9169,3,1,physics.bio-ph
53,13418,24,1,physics.bio-ph
3103,5374,0,1,physics.bio-ph
865,3744,0,1,physics.bio-ph
12413,12416,3,1,physics.bio-ph
12363,12366,2,1,physics.bio-ph
941,12795,6,1,physics.bio-ph
360,986,42,1,physics.bio-ph
12971,12972,0,1,physics.bio-ph
479,12459,22,1,physics.bio-ph
4359,4362,12,1,physics.bio-ph
900,1712,32,1,physics.bio-ph
9566,9567,2,1,physics.bio-ph
13456,13457,0,1,physics.bio-ph
363,12398,9,1,physics.bio-ph
625,817,4,1,physics.bio-ph
2639,13274,0,1,physics.bio-ph
1869,1870,10,1,physics.bio-ph
1574,1575,6,1,physics.bio-ph
1374,12979,0,1,physics.bio-ph
1277,1278,4,1,physics.bio-ph
12629,12630,0,1,physics.bio-ph
2011,12591,6,1,physics.bio-ph
2237,2238,1,1,physics.bio-ph
5200,14486,28,1,physics.bio-ph
468,1648,24,1,physics.bio-ph
2674,2676,9,1,physics.bio-ph
942,13076,0,1,physics.bio-ph
615,13186,11,1,physics.bio-ph
8750,8753,4,1,physics.bio-ph
2754,271,40,1,physics.bio-ph
1810,1812,8,1,physics.bio-ph
13450,13453,4,1,physics.bio-ph
12384,12385,12,1,physics.bio-ph
12319,12320,1,1,physics.bio-ph
13,12741,13,1,physics.bio-ph
208,572,12,1,physics.bio-ph
1021,13243,6,1,physics.bio-ph
3779,4375,3,1,physics.bio-ph
112,550,8,1,physics.bio-ph
1386,4807,2,1,physics.bio-ph
2466,2468,0,1,physics.bio-ph
41,13418,44,1,physics.bio-ph
1211,12500,4,1,physics.bio-ph
730,12517,34,1,physics.bio-ph
400,403,2,1,physics.bio-ph
260,543,320,1,physics.bio-ph
5379,5381,1,1,physics.bio-ph
80,1313,20,1,physics.bio-ph
711,12796,10,1,physics.bio-ph
7427,7428,0,1,physics.bio-ph
4605,12085,3,1,physics.bio-ph
598,599,0,1,physics.bio-ph
12621,12620,15,1,physics.bio-ph
1354,13043,30,1,physics.bio-ph
2747,13043,54,1,physics.bio-ph
890,3159,12,1,physics.bio-ph
3801,9599,5,1,physics.bio-ph
823,826,20,1,physics.bio-ph
12405,12495,12,1,physics.bio-ph
2490,3144,0,1,physics.bio-ph
12428,13236,4,1,physics.bio-ph
988,989,0,1,physics.bio-ph
814,815,4,1,physics.bio-ph
1698,1700,22,1,physics.bio-ph
54,270,551,1,physics.bio-ph
1270,1269,30,1,physics.bio-ph
1375,12979,1,1,physics.bio-ph
1314,3809,2,1,physics.bio-ph
259,6378,20,1,physics.bio-ph
2754,8611,30,1,physics.bio-ph
350,4570,25,1,physics.bio-ph
1407,1408,30,1,physics.bio-ph
1886,12683,0,1,physics.bio-ph
3576,1930,6,1,physics.bio-ph
578,13114,57,1,physics.bio-ph
5011,12277,4,1,physics.bio-ph
12733,12463,18,1,physics.bio-ph
12530,12616,15,1,physics.bio-ph
468,1647,42,1,physics.bio-ph
684,9815,22,1,physics.bio-ph
35,2657,0,1,physics.bio-ph
151,8231,6,1,physics.bio-ph
339,9401,20,1,physics.bio-ph
10688,10689,18,1,physics.bio-ph
859,12954,16,1,physics.bio-ph
730,2242,136,1,physics.bio-ph
1613,4154,1,1,physics.bio-ph
72,317,63,1,physics.bio-ph
6797,6171,12,1,physics.bio-ph
1962,13187,2,1,physics.bio-ph
3057,12933,4,1,physics.bio-ph
2099,13302,6,1,physics.bio-ph
1973,2598,0,1,physics.bio-ph
4790,13427,0,1,physics.bio-ph
5781,5782,2,1,physics.bio-ph
446,12536,4,1,physics.bio-ph
4535,4839,1,1,physics.bio-ph
1967,5161,8,1,physics.bio-ph
4570,4571,20,1,physics.bio-ph
54,1710,203,1,physics.bio-ph
69,67,15,1,physics.bio-ph
1097,7562,18,1,physics.bio-ph
3840,11897,3,1,physics.bio-ph
149,12329,5,1,physics.bio-ph
804,6551,28,1,physics.bio-ph
2336,2339,8,1,physics.bio-ph
122,123,0,1,physics.bio-ph
1021,13000,6,1,physics.bio-ph
4213,4215,8,1,physics.bio-ph
172,860,204,1,physics.bio-ph
12899,12900,1,1,physics.bio-ph
1709,3619,15,1,physics.bio-ph
4685,5380,2,1,physics.bio-ph
1628,12714,0,1,physics.bio-ph
6062,3569,0,1,physics.bio-ph
2292,9210,2,1,physics.bio-ph
1091,1092,2,1,physics.bio-ph
541,542,20,1,physics.bio-ph
3558,7800,18,1,physics.bio-ph
3850,3851,1,1,physics.bio-ph
12411,12788,12,1,physics.bio-ph
1116,2149,27,1,physics.bio-ph
1488,9271,0,1,physics.bio-ph
4057,2768,6,1,physics.bio-ph
127,470,12,1,physics.bio-ph
891,12891,12,1,physics.bio-ph
1698,5384,22,1,physics.bio-ph
578,1407,190,1,physics.bio-ph
1796,1800,15,1,physics.bio-ph
1203,1205,8,1,physics.bio-ph
8038,11155,6,1,physics.bio-ph
12081,12076,45,1,physics.bio-ph
868,270,95,1,physics.bio-ph
1796,1799,10,1,physics.bio-ph
371,2802,3,1,physics.bio-ph
5982,11095,20,1,physics.bio-ph
6314,10309,6,1,physics.bio-ph
323,12488,28,1,physics.bio-ph
2675,4533,9,1,physics.bio-ph
17,132,66,1,physics.bio-ph
7773,7772,8,1,physics.bio-ph
9159,9162,12,1,physics.bio-ph
967,2196,119,1,physics.bio-ph
12619,1297,42,1,physics.bio-ph
13,53,78,1,physics.bio-ph
54,1384,87,1,physics.bio-ph
754,756,1,1,physics.bio-ph
397,901,72,1,physics.bio-ph
404,405,4,1,physics.bio-ph
10764,10762,12,1,physics.bio-ph
1647,2411,0,1,physics.bio-ph
4053,4063,3,1,physics.bio-ph
13153,13155,4,1,physics.bio-ph
13576,13577,0,1,physics.bio-ph
1142,1141,0,1,physics.bio-ph
3750,2754,80,1,physics.bio-ph
12078,12079,64,1,physics.bio-ph
7961,7962,12,1,physics.bio-ph
12775,12779,4,1,physics.bio-ph
506,807,80,1,physics.bio-ph
270,7459,19,1,physics.bio-ph
950,953,6,1,physics.bio-ph
588,13426,14,1,physics.bio-ph
2827,10760,56,1,physics.bio-ph
2022,2023,0,1,physics.bio-ph
977,2169,2,1,physics.bio-ph
630,13278,3,1,physics.bio-ph
414,416,1,1,physics.bio-ph
11476,11477,12,1,physics.bio-ph
4887,12669,4,1,physics.bio-ph
157,2613,0,1,physics.bio-ph
821,826,35,1,physics.bio-ph
2439,6375,3,1,physics.bio-ph
9173,428,120,1,physics.bio-ph
2171,2172,3,1,physics.bio-ph
12620,12622,9,1,physics.bio-ph
297,12741,13,1,physics.bio-ph
260,269,544,1,physics.bio-ph
1797,1800,12,1,physics.bio-ph
559,560,9,1,physics.bio-ph
4681,5393,20,1,physics.bio-ph
126,4290,16,1,physics.bio-ph
541,1389,15,1,physics.bio-ph
2057,7135,64,1,physics.bio-ph
3209,12653,2,1,physics.bio-ph
93,2262,0,1,physics.bio-ph
73,1543,63,1,physics.bio-ph
4910,4913,4,1,physics.bio-ph
1616,975,98,1,physics.bio-ph
1308,2725,100,1,physics.bio-ph
1478,9855,6,1,physics.bio-ph
13405,13406,3,1,physics.bio-ph
743,1271,8,1,physics.bio-ph
54,220,290,1,physics.bio-ph
1870,5383,15,1,physics.bio-ph
4680,5394,12,1,physics.bio-ph
257,259,30,1,physics.bio-ph
135,173,15,1,physics.bio-ph
13309,13311,1,1,physics.bio-ph
448,831,12,1,physics.bio-ph
13149,13151,0,1,physics.bio-ph
2196,10581,51,1,physics.bio-ph
1095,1098,30,1,physics.bio-ph
10581,10582,6,1,physics.bio-ph
2881,2882,1,1,physics.bio-ph
93,985,121,1,physics.bio-ph
1279,1293,48,1,physics.bio-ph
1175,5160,0,1,physics.bio-ph
96,881,112,1,physics.bio-ph
127,967,84,1,physics.bio-ph
899,4989,6,1,physics.bio-ph
300,1350,77,1,physics.bio-ph
8020,8609,0,1,physics.bio-ph
215,216,0,1,physics.bio-ph
12530,12805,5,1,physics.bio-ph
5962,5963,1,1,physics.bio-ph
13491,13573,4,1,physics.bio-ph
9168,9172,3,1,physics.bio-ph
159,1414,168,1,physics.bio-ph
829,1543,28,1,physics.bio-ph
12077,12078,48,1,physics.bio-ph
985,426,55,1,physics.bio-ph
10686,10692,30,1,physics.bio-ph
1073,2655,7,1,physics.bio-ph
524,13014,30,1,physics.bio-ph
591,1848,51,1,physics.bio-ph
745,12391,32,1,physics.bio-ph
96,12957,16,1,physics.bio-ph
1973,1974,0,1,physics.bio-ph
866,1142,0,1,physics.bio-ph
12818,9599,40,1,physics.bio-ph
1682,3194,2,1,physics.bio-ph
2237,2240,2,1,physics.bio-ph
46,47,84,1,physics.bio-ph
12504,3209,8,1,physics.bio-ph
9884,9885,24,1,physics.bio-ph
286,1084,10,1,physics.bio-ph
401,402,2,1,physics.bio-ph
3821,9625,9,1,physics.bio-ph
339,9786,0,0,physics.bio-ph
3766,5341,4,0,physics.bio-ph
7090,13626,0,0,physics.bio-ph
12465,12732,9,0,physics.bio-ph
869,1092,3,0,physics.bio-ph
212,12720,8,0,physics.bio-ph
1391,12837,30,0,physics.bio-ph
12669,13959,3,0,physics.bio-ph
166,13098,2,0,physics.bio-ph
927,5621,4,0,physics.bio-ph
12366,12600,4,0,physics.bio-ph
12410,12634,0,0,physics.bio-ph
847,6037,12,0,physics.bio-ph
1499,2656,1,0,physics.bio-ph
874,10304,39,0,physics.bio-ph
772,9390,3,0,physics.bio-ph
1608,7011,4,0,physics.bio-ph
1059,3296,1,0,physics.bio-ph
49,2341,0,0,physics.bio-ph
359,1115,0,0,physics.bio-ph
1393,7769,0,0,physics.bio-ph
151,2379,36,0,physics.bio-ph
580,13268,0,0,physics.bio-ph
5081,8612,6,0,physics.bio-ph
3593,5781,1,0,physics.bio-ph
259,2336,20,0,physics.bio-ph
470,1607,1,0,physics.bio-ph
1888,3794,1,0,physics.bio-ph
2212,2466,0,0,physics.bio-ph
445,638,0,0,physics.bio-ph
1727,3193,2,0,physics.bio-ph
1107,5700,12,0,physics.bio-ph
2213,13304,6,0,physics.bio-ph
12316,13129,9,0,physics.bio-ph
7154,12456,4,0,physics.bio-ph
363,4388,18,0,physics.bio-ph
11996,13057,0,0,physics.bio-ph
360,12428,28,0,physics.bio-ph
1046,5702,1,0,physics.bio-ph
2227,8354,4,0,physics.bio-ph
122,4572,0,0,physics.bio-ph
9668,12074,10,0,physics.bio-ph
5375,12469,1,0,physics.bio-ph
1035,14351,12,0,physics.bio-ph
371,13615,0,0,physics.bio-ph
1577,1802,50,0,physics.bio-ph
3618,7289,12,0,physics.bio-ph
4093,12376,5,0,physics.bio-ph
1848,9090,9,0,physics.bio-ph
833,2705,2,0,physics.bio-ph
351,13139,8,0,physics.bio-ph
635,13334,10,0,physics.bio-ph
3871,12857,0,0,physics.bio-ph
2342,13561,2,0,physics.bio-ph
3940,5381,3,0,physics.bio-ph
1657,12137,0,0,physics.bio-ph
12819,12968,2,0,physics.bio-ph
2081,8672,2,0,physics.bio-ph
527,13126,8,0,physics.bio-ph
9585,10507,6,0,physics.bio-ph
6266,8237,4,0,physics.bio-ph
12754,12857,2,0,physics.bio-ph
12733,13292,18,0,physics.bio-ph
1376,13188,21,0,physics.bio-ph
583,12896,0,0,physics.bio-ph
12839,14374,2,0,physics.bio-ph
2825,9584,2,0,physics.bio-ph
4671,13035,4,0,physics.bio-ph
1749,8604,6,0,physics.bio-ph
4681,7963,25,0,physics.bio-ph
11063,12299,2,0,physics.bio-ph
739,12753,2,0,physics.bio-ph
4744,13114,3,0,physics.bio-ph
5053,13622,2,0,physics.bio-ph
413,7228,6,0,physics.bio-ph
222,4213,4,0,physics.bio-ph
1916,8043,0,0,physics.bio-ph
3084,6564,8,0,physics.bio-ph
958,2988,12,0,physics.bio-ph
763,1181,0,0,physics.bio-ph
1628,12344,2,0,physics.bio-ph
1399,6374,3,0,physics.bio-ph
745,10599,24,0,physics.bio-ph
633,13009,3,0,physics.bio-ph
1425,10694,66,0,physics.bio-ph
612,2598,0,0,physics.bio-ph
1974,3703,0,0,physics.bio-ph
9508,12907,0,0,physics.bio-ph
4547,5384,20,0,physics.bio-ph
4911,5401,9,0,physics.bio-ph
12530,12568,10,0,physics.bio-ph
455,12859,4,0,physics.bio-ph
2379,2467,6,0,physics.bio-ph
1098,12389,0,0,physics.bio-ph
11471,12413,3,0,physics.bio-ph
10761,13696,3,0,physics.bio-ph
296,13836,1,0,physics.bio-ph
4388,5476,4,0,physics.bio-ph
934,1175,0,0,physics.bio-ph
11062,13306,2,0,physics.bio-ph
597,1270,20,0,physics.bio-ph
12288,13895,2,0,physics.bio-ph
3144,12487,0,0,physics.bio-ph
1389,13504,9,0,physics.bio-ph
6797,8357,8,0,physics.bio-ph
135,12588,3,0,physics.bio-ph
6781,12452,4,0,physics.bio-ph
1441,3352,10,0,physics.bio-ph
11193,13478,1,0,physics.bio-ph
345,11095,5,0,physics.bio-ph
4361,12450,12,0,physics.bio-ph
1350,4396,14,0,physics.bio-ph
148,12298,1,0,physics.bio-ph
599,12332,6,0,physics.bio-ph
1339,9073,1,0,physics.bio-ph
260,13104,0,0,physics.bio-ph
1321,12582,0,0,physics.bio-ph
4922,12365,2,0,physics.bio-ph
755,3540,4,0,physics.bio-ph
10309,13571,6,0,physics.bio-ph
1948,3704,0,0,physics.bio-ph
18,1184,5,0,physics.bio-ph
5175,6376,4,0,physics.bio-ph
467,2099,4,0,physics.bio-ph
5073,13028,6,0,physics.bio-ph
1352,2474,1,0,physics.bio-ph
12343,13137,0,0,physics.bio-ph
4227,12315,4,0,physics.bio-ph
2675,12556,18,0,physics.bio-ph
865,1727,6,0,physics.bio-ph
3637,12477,1,0,physics.bio-ph
2987,6635,3,0,physics.bio-ph
1972,5336,1,0,physics.bio-ph
5019,12657,3,0,physics.bio-ph
900,12948,64,0,physics.bio-ph
1611,9653,18,0,physics.bio-ph
6342,6613,8,0,physics.bio-ph
1001,6435,8,0,physics.bio-ph
51,1384,21,0,physics.bio-ph
2341,10450,6,0,physics.bio-ph
1628,5523,2,0,physics.bio-ph
2396,14389,6,0,physics.bio-ph
439,5011,6,0,physics.bio-ph
3034,5929,0,0,physics.bio-ph
13440,14352,4,0,physics.bio-ph
12600,13134,2,0,physics.bio-ph
8,5053,3,0,physics.bio-ph
154,1751,10,0,physics.bio-ph
9612,13871,0,0,physics.bio-ph
1406,10303,9,0,physics.bio-ph
62,3712,8,0,physics.bio-ph
1519,12962,16,0,physics.bio-ph
426,8446,10,0,physics.bio-ph
819,1705,21,0,physics.bio-ph
1708,13225,6,0,physics.bio-ph
40,1073,35,0,physics.bio-ph
13347,13990,0,0,physics.bio-ph
3082,5606,12,0,physics.bio-ph
12706,13319,4,0,physics.bio-ph
1653,13963,6,0,physics.bio-ph
12820,13012,2,0,physics.bio-ph
205,2992,8,0,physics.bio-ph
633,5150,9,0,physics.bio-ph
1036,13259,2,0,physics.bio-ph
2501,12879,8,0,physics.bio-ph
8088,8768,3,0,physics.bio-ph
863,1420,16,0,physics.bio-ph
10515,13006,8,0,physics.bio-ph
489,9163,10,0,physics.bio-ph
12871,13508,3,0,physics.bio-ph
1289,12621,15,0,physics.bio-ph
525,1682,7,0,physics.bio-ph
827,5384,8,0,physics.bio-ph
12666,12828,6,0,physics.bio-ph
580,2227,8,0,physics.bio-ph
7616,8823,0,0,physics.bio-ph
3763,12459,28,0,physics.bio-ph
8432,12900,0,0,physics.bio-ph
733,1157,0,0,physics.bio-ph
12552,12973,4,0,physics.bio-ph
684,7150,22,0,physics.bio-ph
1610,4170,1,0,physics.bio-ph
12682,13348,5,0,physics.bio-ph
2908,3057,1,0,physics.bio-ph
125,4154,11,0,physics.bio-ph
1749,10512,0,0,physics.bio-ph
11066,12354,18,0,physics.bio-ph
3376,4214,4,0,physics.bio-ph
1511,9170,15,0,physics.bio-ph
2619,12363,5,0,physics.bio-ph
70,1418,0,0,physics.bio-ph
12311,12474,3,0,physics.bio-ph
99,12741,6,0,physics.bio-ph
1214,12428,6,0,physics.bio-ph
88,11847,6,0,physics.bio-ph
88,992,4,0,physics.bio-ph
7785,10693,18,0,physics.bio-ph
1059,12792,3,0,physics.bio-ph
866,12895,18,0,physics.bio-ph
976,4572,14,0,physics.bio-ph
3495,14486,8,0,physics.bio-ph
3285,12452,3,0,physics.bio-ph
1328,1842,3,0,physics.bio-ph
2802,12960,5,0,physics.bio-ph
1208,6099,3,0,physics.bio-ph
814,4519,2,0,physics.bio-ph
4837,6380,6,0,physics.bio-ph
2854,10517,3,0,physics.bio-ph
1391,2703,30,0,physics.bio-ph
828,8865,12,0,physics.bio-ph
11063,12531,2,0,physics.bio-ph
2172,4171,1,0,physics.bio-ph
1095,13150,3,0,physics.bio-ph
1418,12599,0,0,physics.bio-ph
933,7090,6,0,physics.bio-ph
1948,2211,0,0,physics.bio-ph
9614,13273,5,0,physics.bio-ph
90,13451,18,0,physics.bio-ph
1044,1045,0,0,physics.bio-ph
5772,13284,4,0,physics.bio-ph
4294,13118,8,0,physics.bio-ph
2262,13369,0,0,physics.bio-ph
2495,2627,2,0,physics.bio-ph
1414,5166,14,0,physics.bio-ph
3035,13603,2,0,physics.bio-ph
4142,12621,5,0,physics.bio-ph
7267,14006,8,0,physics.bio-ph
3618,8981,3,0,physics.bio-ph
2825,13226,2,0,physics.bio-ph
1463,6599,6,0,physics.bio-ph
1360,13417,0,0,physics.bio-ph
381,8657,2,0,physics.bio-ph
2338,6036,12,0,physics.bio-ph
39,12740,3,0,physics.bio-ph
2657,3043,0,0,physics.bio-ph
12735,12931,4,0,physics.bio-ph
2503,12290,1,0,physics.bio-ph
372,4673,8,0,physics.bio-ph
94,3896,6,0,physics.bio-ph
9937,13136,0,0,physics.bio-ph
3766,5963,2,0,physics.bio-ph
1545,2882,6,0,physics.bio-ph
47,7091,14,0,physics.bio-ph
11436,12669,1,0,physics.bio-ph
1638,12476,4,0,physics.bio-ph
1743,1814,11,0,physics.bio-ph
127,11239,12,0,physics.bio-ph
592,13572,24,0,physics.bio-ph
1421,9509,4,0,physics.bio-ph
2441,9929,2,0,physics.bio-ph
1362,1732,3,0,physics.bio-ph
282,4388,2,0,physics.bio-ph
1156,13394,2,0,physics.bio-ph
1414,12597,14,0,physics.bio-ph
2275,10302,12,0,physics.bio-ph
674,12976,2,0,physics.bio-ph
49,7155,0,0,physics.bio-ph
558,1272,8,0,physics.bio-ph
4810,13439,5,0,physics.bio-ph
1824,6363,6,0,physics.bio-ph
759,12931,8,0,physics.bio-ph
12056,12782,0,0,physics.bio-ph
12582,12959,0,0,physics.bio-ph
588,6395,14,0,physics.bio-ph
2731,3626,18,0,physics.bio-ph
381,12341,10,0,physics.bio-ph
45,634,19,0,physics.bio-ph
5375,12817,0,0,physics.bio-ph
739,6564,8,0,physics.bio-ph
12677,14041,0,0,physics.bio-ph
3538,5384,6,0,physics.bio-ph
591,14286,17,0,physics.bio-ph
637,12276,9,0,physics.bio-ph
1766,2593,2,0,physics.bio-ph
492,13844,22,0,physics.bio-ph
321,1868,5,0,physics.bio-ph
3783,14386,0,0,physics.bio-ph
6170,12642,6,0,physics.bio-ph
2007,12985,8,0,physics.bio-ph
1175,7768,0,0,physics.bio-ph
4062,13401,2,0,physics.bio-ph
135,12760,6,0,physics.bio-ph
12276,13962,6,0,physics.bio-ph
12879,13456,0,0,physics.bio-ph
1611,10541,18,0,physics.bio-ph
1036,8751,2,0,physics.bio-ph
113,8609,0,0,physics.bio-ph
6624,12830,6,0,physics.bio-ph
443,5604,0,0,physics.bio-ph
641,13585,3,0,physics.bio-ph
6666,7234,1,0,physics.bio-ph
258,12819,2,0,physics.bio-ph
12993,13697,4,0,physics.bio-ph
1407,12706,20,0,physics.bio-ph
452,11192,2,0,physics.bio-ph
1766,10271,3,0,physics.bio-ph
394,881,7,0,physics.bio-ph
8190,12965,2,0,physics.bio-ph
4546,7210,2,0,physics.bio-ph
1009,8751,2,0,physics.bio-ph
5154,12960,10,0,physics.bio-ph
1378,12279,6,0,physics.bio-ph
7926,13032,4,0,physics.bio-ph
36,13605,1,0,physics.bio-ph
1548,13584,8,0,physics.bio-ph
447,12282,8,0,physics.bio-ph
2265,12736,4,0,physics.bio-ph
4289,5358,5,0,physics.bio-ph
3369,8222,1,0,physics.bio-ph
13089,13450,2,0,physics.bio-ph
12475,12971,0,0,physics.bio-ph
2985,4840,6,0,physics.bio-ph
5384,12775,4,0,physics.bio-ph
16,157,6,0,physics.bio-ph
1297,9172,18,0,physics.bio-ph
2676,3703,6,0,physics.bio-ph
937,1955,5,0,physics.bio-ph
6628,13125,0,0,physics.bio-ph
2725,12366,10,0,physics.bio-ph
840,12725,4,0,physics.bio-ph
543,1009,10,0,physics.bio-ph
12838,13324,4,0,physics.bio-ph
740,772,1,0,physics.bio-ph
13102,13352,9,0,physics.bio-ph
55,13083,4,0,physics.bio-ph
17,2211,0,0,physics.bio-ph
3376,12830,3,0,physics.bio-ph
394,12805,1,0,physics.bio-ph
946,3348,28,0,physics.bio-ph
319,2274,8,0,physics.bio-ph
413,9786,0,0,physics.bio-ph
6341,8192,9,0,physics.bio-ph
508,12409,15,0,physics.bio-ph
868,14122,10,0,physics.bio-ph
70,267,5,0,physics.bio-ph
1784,1814,22,0,physics.bio-ph
123,7314,2,0,physics.bio-ph
289,3990,1,0,physics.bio-ph
2790,4075,0,0,physics.bio-ph
2581,4090,1,0,physics.bio-ph
608,13497,6,0,physics.bio-ph
4113,12836,3,0,physics.bio-ph
5871,7614,4,0,physics.bio-ph
281,12455,2,0,physics.bio-ph
884,13181,4,0,physics.bio-ph
3447,9210,2,0,physics.bio-ph
13047,14351,8,0,physics.bio-ph
1460,13633,3,0,physics.bio-ph
980,6342,4,0,physics.bio-ph
12080,12949,4,0,physics.bio-ph
9074,10761,3,0,physics.bio-ph
1705,10273,12,0,physics.bio-ph
172,13478,34,0,physics.bio-ph
12276,12366,6,0,physics.bio-ph
1241,4567,4,0,physics.bio-ph
2653,13477,2,0,physics.bio-ph
13486,13593,1,0,physics.bio-ph
1802,12457,0,0,physics.bio-ph
881,1628,14,0,physics.bio-ph
7673,12553,0,0,physics.bio-ph
1309,1660,0,0,physics.bio-ph
886,1706,20,0,physics.bio-ph
2394,12588,2,0,physics.bio-ph
167,10516,4,0,physics.bio-ph
3340,10517,6,0,physics.bio-ph
2801,12445,6,0,physics.bio-ph
598,13097,0,0,physics.bio-ph
12497,12608,2,0,physics.bio-ph
13476,13921,6,0,physics.bio-ph
615,5947,11,0,physics.bio-ph
2283,13422,2,0,physics.bio-ph
1707,3265,4,0,physics.bio-ph
15,2007,8,0,physics.bio-ph
12282,12311,1,0,physics.bio-ph
1272,1369,2,0,physics.bio-ph
577,4361,24,0,physics.bio-ph
490,3310,1,0,physics.bio-ph
10603,12500,4,0,physics.bio-ph
300,8272,11,0,physics.bio-ph
7773,12505,8,0,physics.bio-ph
3541,13005,8,0,physics.bio-ph
522,1969,10,0,physics.bio-ph
711,11689,5,0,physics.bio-ph
860,9930,6,0,physics.bio-ph
2438,12398,4,0,physics.bio-ph
1404,10582,6,0,physics.bio-ph
3617,13418,16,0,physics.bio-ph
1483,7614,2,0,physics.bio-ph
123,264,0,0,physics.bio-ph
12557,13943,15,0,physics.bio-ph
2302,12873,2,0,physics.bio-ph
630,1758,3,0,physics.bio-ph
3872,12457,0,0,physics.bio-ph
12874,12954,4,0,physics.bio-ph
4780,8544,4,0,physics.bio-ph
1398,2560,6,0,physics.bio-ph
728,4535,7,0,physics.bio-ph
3851,8062,4,0,physics.bio-ph
13035,13316,2,0,physics.bio-ph
6560,13051,1,0,physics.bio-ph
1638,1974,0,0,physics.bio-ph
1208,6600,6,0,physics.bio-ph
3830,12097,4,0,physics.bio-ph
1799,5702,2,0,physics.bio-ph
5849,6781,4,0,physics.bio-ph
11,1209,6,0,physics.bio-ph
815,2315,8,0,physics.bio-ph
9786,13283,0,0,physics.bio-ph
12818,13077,16,0,physics.bio-ph
1404,2966,3,0,physics.bio-ph
4312,12505,2,0,physics.bio-ph
262,4592,4,0,physics.bio-ph
93,12291,11,0,physics.bio-ph
3053,12661,3,0,physics.bio-ph
5093,9543,12,0,physics.bio-ph
9937,12289,2,0,physics.bio-ph
11533,13094,6,0,physics.bio-ph
151,712,6,0,physics.bio-ph
1500,6893,1,0,physics.bio-ph
3425,12551,2,0,physics.bio-ph
1418,9164,0,0,physics.bio-ph
6477,12482,12,0,physics.bio-ph
1801,3425,5,0,physics.bio-ph
763,13263,0,0,physics.bio-ph
1097,12623,24,0,physics.bio-ph
3626,12949,3,0,physics.bio-ph
10515,12293,4,0,physics.bio-ph
12533,13199,2,0,physics.bio-ph
1896,3043,4,0,physics.bio-ph
565,1349,9,0,physics.bio-ph
11192,13969,4,0,physics.bio-ph
2758,10506,4,0,physics.bio-ph
20,13502,5,0,physics.bio-ph
1279,3492,0,0,physics.bio-ph
1481,3209,4,0,physics.bio-ph
3336,8039,4,0,physics.bio-ph
13525,13575,4,0,physics.bio-ph
1309,4912,6,0,physics.bio-ph
4743,12175,0,0,physics.bio-ph
1574,13307,6,0,physics.bio-ph
13409,14285,2,0,physics.bio-ph
1609,10448,2,0,physics.bio-ph
371,13278,3,0,physics.bio-ph
408,10447,3,0,physics.bio-ph
2357,6415,4,0,physics.bio-ph
3533,8422,1,0,physics.bio-ph
881,1362,21,0,physics.bio-ph
1010,12340,9,0,physics.bio-ph
5208,5548,2,0,physics.bio-ph
1866,11547,3,0,physics.bio-ph
1843,2011,12,0,physics.bio-ph
12907,12973,0,0,physics.bio-ph
1842,3462,2,0,physics.bio-ph
13,2235,52,0,physics.bio-ph
12898,13260,2,0,physics.bio-ph
8818,12478,5,0,physics.bio-ph
1796,8190,5,0,physics.bio-ph
2704,3188,2,0,physics.bio-ph
138,12703,1,0,physics.bio-ph
8354,13008,0,0,physics.bio-ph
12478,12603,2,0,physics.bio-ph
1161,13030,8,0,physics.bio-ph
12408,13005,4,0,physics.bio-ph
5120,13302,9,0,physics.bio-ph
10686,13836,6,0,physics.bio-ph
933,13013,15,0,physics.bio-ph
618,12620,6,0,physics.bio-ph
166,2013,2,0,physics.bio-ph
1574,13046,4,0,physics.bio-ph
10448,12881,6,0,physics.bio-ph
1540,14374,3,0,physics.bio-ph
2892,12805,5,0,physics.bio-ph
570,3921,2,0,physics.bio-ph
3592,12677,2,0,physics.bio-ph
874,1205,13,0,physics.bio-ph
3876,13479,0,0,physics.bio-ph
815,13969,4,0,physics.bio-ph
4673,13265,4,0,physics.bio-ph
419,7315,8,0,physics.bio-ph
764,4726,6,0,physics.bio-ph
111,13844,2,0,physics.bio-ph
2655,6571,2,0,physics.bio-ph
634,12582,0,0,physics.bio-ph
1561,3569,0,0,physics.bio-ph
9356,12292,4,0,physics.bio-ph
5073,12817,0,0,physics.bio-ph
46,12579,24,0,physics.bio-ph
6628,13343,15,0,physics.bio-ph
13046,13401,2,0,physics.bio-ph
2335,5196,5,0,physics.bio-ph
1871,7267,8,0,physics.bio-ph
2284,2908,1,0,physics.bio-ph
9882,12734,8,0,physics.bio-ph
2744,12454,0,0,physics.bio-ph
5,13035,0,0,physics.bio-ph
2490,4535,2,0,physics.bio-ph
4113,7429,3,0,physics.bio-ph
709,12788,16,0,physics.bio-ph
12623,12827,4,0,physics.bio-ph
10630,13149,3,0,physics.bio-ph
1391,12813,30,0,physics.bio-ph
11070,12091,22,0,physics.bio-ph
2241,12983,6,0,physics.bio-ph
3846,7430,12,0,physics.bio-ph
629,5934,0,0,physics.bio-ph
2810,3368,1,0,physics.bio-ph
641,6564,4,0,physics.bio-ph
975,1912,56,0,physics.bio-ph
598,1827,0,0,physics.bio-ph
4312,12342,3,0,physics.bio-ph
370,5603,4,0,physics.bio-ph
10451,13174,6,0,physics.bio-ph
5655,13959,3,0,physics.bio-ph
1359,1767,3,0,physics.bio-ph
20,9026,20,0,physics.bio-ph
639,1316,2,0,physics.bio-ph
716,5175,2,0,physics.bio-ph
675,2532,4,0,physics.bio-ph
4567,7891,3,0,physics.bio-ph
34,577,42,0,physics.bio-ph
1758,13289,1,0,physics.bio-ph
13458,14122,2,0,physics.bio-ph
8609,12838,0,0,physics.bio-ph
1995,4076,0,0,physics.bio-ph
4375,13557,2,0,physics.bio-ph
1281,13471,10,0,physics.bio-ph
987,3054,2,0,physics.bio-ph
1005,1540,6,0,physics.bio-ph
1270,7293,20,0,physics.bio-ph
764,13837,6,0,physics.bio-ph
856,1408,0,0,physics.bio-ph
2561,13374,3,0,physics.bio-ph
6477,12364,4,0,physics.bio-ph
1179,2339,4,0,physics.bio-ph
3265,13576,0,0,physics.bio-ph
12290,13422,1,0,physics.bio-ph
38,1706,20,0,physics.bio-ph
385,6997,16,0,physics.bio-ph
8755,12412,9,0,physics.bio-ph
2979,13478,3,0,physics.bio-ph
4091,11192,4,0,physics.bio-ph
12449,13186,2,0,physics.bio-ph
3576,8611,18,0,physics.bio-ph
1404,12903,12,0,physics.bio-ph
2603,12800,6,0,physics.bio-ph
2558,12420,3,0,physics.bio-ph
2757,8190,1,0,physics.bio-ph
899,6571,6,0,physics.bio-ph
2964,12690,12,0,physics.bio-ph
1704,7432,7,0,physics.bio-ph
6341,13226,6,0,physics.bio-ph
2142,12600,8,0,physics.bio-ph
2339,8190,4,0,physics.bio-ph
12320,13035,2,0,physics.bio-ph
464,9389,3,0,physics.bio-ph
1278,12791,2,0,physics.bio-ph
1001,3348,28,0,physics.bio-ph
2598,13225,0,0,physics.bio-ph
12546,13603,1,0,physics.bio-ph
12496,13117,0,0,physics.bio-ph
1545,8436,6,0,physics.bio-ph
9268,12286,10,0,physics.bio-ph
167,12329,1,0,physics.bio-ph
2917,9585,2,0,physics.bio-ph
252,12278,20,0,physics.bio-ph
1045,12808,18,0,physics.bio-ph
372,9162,8,0,physics.bio-ph
12872,13633,2,0,physics.bio-ph
12095,12364,2,0,physics.bio-ph
2266,13407,8,0,physics.bio-ph
1209,1805,12,0,physics.bio-ph
6254,9587,4,0,physics.bio-ph
6614,12630,0,0,physics.bio-ph
1375,4717,1,0,physics.bio-ph
2181,12963,16,0,physics.bio-ph
3425,13432,1,0,physics.bio-ph
218,12392,180,0,physics.bio-ph
8422,12342,3,0,physics.bio-ph
1930,12963,4,0,physics.bio-ph
150,12523,3,0,physics.bio-ph
53,158,42,0,physics.bio-ph
612,7175,0,0,physics.bio-ph
7150,9163,5,0,physics.bio-ph
570,13445,3,0,physics.bio-ph
12697,12725,6,0,physics.bio-ph
985,7626,11,0,physics.bio-ph
2622,4578,1,0,physics.bio-ph
5606,13432,3,0,physics.bio-ph
264,579,0,0,physics.bio-ph
4840,12349,3,0,physics.bio-ph
1638,13456,0,0,physics.bio-ph
416,10763,12,0,physics.bio-ph
3328,4066,4,0,physics.bio-ph
1891,2531,4,0,physics.bio-ph
1232,8753,4,0,physics.bio-ph
413,4360,6,0,physics.bio-ph
1229,4388,4,0,physics.bio-ph
37,6840,87,0,physics.bio-ph
6616,9130,2,0,physics.bio-ph
3209,6598,2,0,physics.bio-ph
12414,12778,9,0,physics.bio-ph
1092,1530,1,0,physics.bio-ph
1076,9161,50,0,physics.bio-ph
574,12697,3,0,physics.bio-ph
11744,13621,9,0,physics.bio-ph
12759,12812,3,0,physics.bio-ph
16,3348,14,0,physics.bio-ph
298,12631,8,0,physics.bio-ph
2595,12800,24,0,physics.bio-ph
2811,13117,0,0,physics.bio-ph
502,10304,0,0,physics.bio-ph
2411,9583,0,0,physics.bio-ph
12512,12810,8,0,physics.bio-ph
13477,13595,0,0,physics.bio-ph
6266,13056,4,0,physics.bio-ph
5736,13007,6,0,physics.bio-ph
261,10516,12,0,physics.bio-ph
2019,3228,15,0,physics.bio-ph
2561,10103,6,0,physics.bio-ph
13137,13276,8,0,physics.bio-ph
7011,11996,0,0,physics.bio-ph
3557,4437,9,0,physics.bio-ph
1349,3370,24,0,physics.bio-ph
226,12886,6,0,physics.bio-ph
763,1076,0,0,physics.bio-ph
88,12516,4,0,physics.bio-ph
231,541,10,0,physics.bio-ph
1425,1940,0,0,physics.bio-ph
3870,12890,4,0,physics.bio-ph
1731,10763,48,0,physics.bio-ph
582,13567,6,0,physics.bio-ph
12485,13615,0,0,physics.bio-ph
94,13502,6,0,physics.bio-ph
12563,13525,8,0,physics.bio-ph
8892,13189,2,0,physics.bio-ph
3052,12779,2,0,physics.bio-ph
674,4790,0,0,physics.bio-ph
300,2325,11,0,physics.bio-ph
1229,3871,0,0,physics.bio-ph
1013,13134,2,0,physics.bio-ph
1540,3077,12,0,physics.bio-ph
51,857,21,0,physics.bio-ph
18,9171,1,0,physics.bio-ph
992,5621,8,0,physics.bio-ph
2632,12979,5,0,physics.bio-ph
827,5801,24,0,physics.bio-ph
9210,13593,1,0,physics.bio-ph
1204,1559,4,0,physics.bio-ph
2561,2747,27,0,physics.bio-ph
1008,13958,4,0,physics.bio-ph
3781,12399,2,0,physics.bio-ph
829,1780,8,0,physics.bio-ph
1607,2358,2,0,physics.bio-ph
6673,9507,27,0,physics.bio-ph
385,4763,4,0,physics.bio-ph
2230,13112,2,0,physics.bio-ph
9587,12793,4,0,physics.bio-ph
100,7925,8,0,physics.bio-ph
10450,12902,4,0,physics.bio-ph
1758,3848,8,0,physics.bio-ph
3738,5393,4,0,physics.bio-ph
1548,12349,4,0,physics.bio-ph
15,6825,4,0,physics.bio-ph
823,4375,4,0,physics.bio-ph
5655,13005,2,0,physics.bio-ph
653,10450,20,0,physics.bio-ph
598,2679,0,0,physics.bio-ph
4265,6697,6,0,physics.bio-ph
2466,7061,2,0,physics.bio-ph
1833,1892,64,0,physics.bio-ph
5394,11801,3,0,physics.bio-ph
2621,12704,4,0,physics.bio-ph
2675,2854,3,0,physics.bio-ph
12665,13056,2,0,physics.bio-ph
6599,9566,2,0,physics.bio-ph
3621,5082,3,0,physics.bio-ph
2179,12081,72,0,physics.bio-ph
665,13960,56,0,physics.bio-ph
5655,12605,2,0,physics.bio-ph
1743,12682,1,0,physics.bio-ph
1016,2801,3,0,physics.bio-ph
125,653,110,0,physics.bio-ph
1529,12866,1,0,physics.bio-ph
1214,6438,0,0,physics.bio-ph
955,11193,5,0,physics.bio-ph
928,4912,12,0,physics.bio-ph
13376,13571,10,0,physics.bio-ph
208,6438,0,0,physics.bio-ph
1073,12735,7,0,physics.bio-ph
2917,5621,4,0,physics.bio-ph
12588,14349,5,0,physics.bio-ph
168,14349,20,0,physics.bio-ph
5229,10794,0,0,physics.bio-ph
1199,1211,8,0,physics.bio-ph
1117,5849,1,0,physics.bio-ph
1352,2207,1,0,physics.bio-ph
2619,12874,10,0,physics.bio-ph
464,10821,1,0,physics.bio-ph
960,3162,4,0,physics.bio-ph
5384,14352,8,0,physics.bio-ph
739,1891,4,0,physics.bio-ph
2690,9160,7,0,physics.bio-ph
317,2656,9,0,physics.bio-ph
1668,6137,16,0,physics.bio-ph
2207,2748,6,0,physics.bio-ph
5383,9814,9,0,physics.bio-ph
5893,10303,6,0,physics.bio-ph
2411,3301,0,0,physics.bio-ph
7925,13606,1,0,physics.bio-ph
845,8544,12,0,physics.bio-ph
8177,13342,8,0,physics.bio-ph
12435,12971,0,0,physics.bio-ph
360,6571,28,0,physics.bio-ph
1000,1257,24,0,physics.bio-ph
1374,12448,0,0,physics.bio-ph
12652,13094,4,0,physics.bio-ph
2896,13038,8,0,physics.bio-ph
9803,12897,2,0,physics.bio-ph
12483,12867,3,0,physics.bio-ph
12576,12955,2,0,physics.bio-ph
1610,8136,4,0,physics.bio-ph
944,6564,4,0,physics.bio-ph
3957,4361,8,0,physics.bio-ph
738,1373,2,0,physics.bio-ph
859,4790,0,0,physics.bio-ph
1203,12822,8,0,physics.bio-ph
8190,12713,1,0,physics.bio-ph
1097,12813,18,0,physics.bio-ph
560,12874,6,0,physics.bio-ph
221,8313,24,0,physics.bio-ph
976,6287,2,0,physics.bio-ph
4790,11547,0,0,physics.bio-ph
35,12741,7,0,physics.bio-ph
1974,2676,0,0,physics.bio-ph
1150,3937,20,0,physics.bio-ph
2359,5892,2,0,physics.bio-ph
7618,12654,1,0,physics.bio-ph
741,11753,0,0,physics.bio-ph
1374,2141,0,0,physics.bio-ph
97,12078,32,0,physics.bio-ph
426,743,10,0,physics.bio-ph
6893,13409,1,0,physics.bio-ph
2581,3699,2,0,physics.bio-ph
2266,5017,4,0,physics.bio-ph
290,10654,6,0,physics.bio-ph
193,275,12,0,physics.bio-ph
177,3138,6,0,physics.bio-ph
8150,13207,14,0,physics.bio-ph
2404,6299,0,0,physics.bio-ph
257,2758,3,0,physics.bio-ph
1448,5055,4,0,physics.bio-ph
3375,13022,4,0,physics.bio-ph
1843,8446,4,0,physics.bio-ph
381,6598,2,0,physics.bio-ph
1180,3425,1,0,physics.bio-ph
4582,5375,2,0,physics.bio-ph
111,13010,2,0,physics.bio-ph
13098,13139,4,0,physics.bio-ph
153,1734,28,0,physics.bio-ph
4436,12320,1,0,physics.bio-ph
9161,13178,10,0,physics.bio-ph
1012,3194,2,0,physics.bio-ph
12474,13150,3,0,physics.bio-ph
1660,9929,0,0,physics.bio-ph
13347,13471,10,0,physics.bio-ph
616,10302,6,0,physics.bio-ph
7769,13600,3,0,physics.bio-ph
241,12976,4,0,physics.bio-ph
439,7210,3,0,physics.bio-ph
7563,13123,8,0,physics.bio-ph
4533,7432,3,0,physics.bio-ph
1945,11239,1,0,physics.bio-ph
4535,12555,2,0,physics.bio-ph
6525,12725,10,0,physics.bio-ph
1397,12682,2,0,physics.bio-ph
1257,4584,3,0,physics.bio-ph
13031,14006,16,0,physics.bio-ph
1459,7153,3,0,physics.bio-ph
2685,12953,2,0,physics.bio-ph
351,11801,4,0,physics.bio-ph
456,12384,4,0,physics.bio-ph
3114,12950,6,0,physics.bio-ph
4840,13843,6,0,physics.bio-ph
1475,2411,0,0,physics.bio-ph
1609,12839,2,0,physics.bio-ph
2677,12442,2,0,physics.bio-ph
220,12382,10,0,physics.bio-ph
13349,13507,5,0,physics.bio-ph
69,10910,5,0,physics.bio-ph
4673,12552,4,0,physics.bio-ph
1418,11191,0,0,physics.bio-ph
1406,13688,12,0,physics.bio-ph
1085,9163,15,0,physics.bio-ph
8658,12818,16,0,physics.bio-ph
5766,13114,3,0,physics.bio-ph
20,208,30,0,physics.bio-ph
1083,4296,3,0,physics.bio-ph
97,12567,4,0,physics.bio-ph
1375,5200,7,0,physics.bio-ph
13316,13604,1,0,physics.bio-ph
578,6613,38,0,physics.bio-ph
934,9268,5,0,physics.bio-ph
2431,14390,2,0,physics.bio-ph
10448,13592,0,0,physics.bio-ph
1315,1668,4,0,physics.bio-ph
8135,12512,8,0,physics.bio-ph
1017,1309,4,0,physics.bio-ph
1704,7561,14,0,physics.bio-ph
3809,6314,2,0,physics.bio-ph
1135,12812,6,0,physics.bio-ph
2345,12898,0,0,physics.bio-ph
1094,12155,4,0,physics.bio-ph
2128,3079,15,0,physics.bio-ph
7496,13428,9,0,physics.bio-ph
1256,2503,4,0,physics.bio-ph
1654,8947,25,0,physics.bio-ph
1006,5199,6,0,physics.bio-ph
220,7179,0,0,physics.bio-ph
12791,13010,2,0,physics.bio-ph
951,12075,24,0,physics.bio-ph
1184,12713,5,0,physics.bio-ph
9353,12934,4,0,physics.bio-ph
1520,2558,3,0,physics.bio-ph
8432,10507,0,0,physics.bio-ph
2235,12873,8,0,physics.bio-ph
629,3033,6,0,physics.bio-ph
4396,13038,4,0,physics.bio-ph
1939,13872,0,0,physics.bio-ph
1705,14132,6,0,physics.bio-ph
9652,13248,6,0,physics.bio-ph
5621,13500,8,0,physics.bio-ph
2022,4125,48,0,physics.bio-ph
581,14482,5,0,physics.bio-ph
5773,13139,2,0,physics.bio-ph
272,6673,45,0,physics.bio-ph
988,8313,0,0,physics.bio-ph
890,13538,6,0,physics.bio-ph
1389,2241,6,0,physics.bio-ph
1421,12652,2,0,physics.bio-ph
7771,13506,4,0,physics.bio-ph
1479,12504,8,0,physics.bio-ph
12605,14005,10,0,physics.bio-ph
1548,13367,8,0,physics.bio-ph
413,12301,2,0,physics.bio-ph
1444,7150,2,0,physics.bio-ph
1022,2057,80,0,physics.bio-ph
453,12108,5,0,physics.bio-ph
6170,13696,3,0,physics.bio-ph
978,12985,6,0,physics.bio-ph
1537,13614,0,0,physics.bio-ph
11848,12760,6,0,physics.bio-ph
13217,13486,1,0,physics.bio-ph
1189,4794,18,0,physics.bio-ph
286,1750,20,0,physics.bio-ph
46,7687,30,0,physics.bio-ph
3114,7315,4,0,physics.bio-ph
1608,12609,5,0,physics.bio-ph
954,12475,12,0,physics.bio-ph
539,13554,1,0,physics.bio-ph
13178,13265,4,0,physics.bio-ph
308,13523,3,0,physics.bio-ph
1000,1498,0,0,physics.bio-ph
930,1272,4,0,physics.bio-ph
5871,13265,8,0,physics.bio-ph
2152,13499,3,0,physics.bio-ph
740,13189,1,0,physics.bio-ph
3069,12533,6,0,physics.bio-ph
2441,14285,4,0,physics.bio-ph
70,4215,20,0,physics.bio-ph
6287,12834,3,0,physics.bio-ph
6616,13409,2,0,physics.bio-ph
2213,8020,12,0,physics.bio-ph
12345,13022,2,0,physics.bio-ph
1383,9210,11,0,physics.bio-ph
1484,3780,4,0,physics.bio-ph
5120,12408,6,0,physics.bio-ph
220,2829,20,0,physics.bio-ph
5523,5604,2,0,physics.bio-ph
12668,13010,0,0,physics.bio-ph
442,825,0,0,physics.bio-ph
5382,12337,2,0,physics.bio-ph
3960,6324,1,0,physics.bio-ph
5228,8981,3,0,physics.bio-ph
795,11547,8,0,physics.bio-ph
12823,14488,2,0,physics.bio-ph
2341,14041,0,0,physics.bio-ph
626,13572,16,0,physics.bio-ph
432,12547,2,0,physics.bio-ph
135,13334,6,0,physics.bio-ph
3705,12873,4,0,physics.bio-ph
12312,13109,10,0,physics.bio-ph
6062,6439,6,0,physics.bio-ph
2120,12352,5,0,physics.bio-ph
2140,12986,6,0,physics.bio-ph
1544,2622,2,0,physics.bio-ph
11436,13286,0,0,physics.bio-ph
216,13426,2,0,physics.bio-ph
5666,12873,2,0,physics.bio-ph
12109,12359,4,0,physics.bio-ph
2238,12353,2,0,physics.bio-ph
2265,4395,2,0,physics.bio-ph
4377,12085,10,0,physics.bio-ph
40,4569,35,0,physics.bio-ph
1712,13317,0,0,physics.bio-ph
2979,12616,9,0,physics.bio-ph
846,1444,8,0,physics.bio-ph
287,663,6,0,physics.bio-ph
2180,12677,6,0,physics.bio-ph
975,5866,28,0,physics.bio-ph
208,379,6,0,physics.bio-ph
1887,2323,1,0,physics.bio-ph
1389,3925,9,0,physics.bio-ph
13316,13477,1,0,physics.bio-ph
3676,13843,2,0,physics.bio-ph
10760,13295,16,0,physics.bio-ph
4159,7432,3,0,physics.bio-ph
1479,2012,2,0,physics.bio-ph
281,1513,4,0,physics.bio-ph
5394,9817,6,0,physics.bio-ph
5073,12471,3,0,physics.bio-ph
610,11897,1,0,physics.bio-ph
6062,6560,3,0,physics.bio-ph
1584,1647,7,0,physics.bio-ph
862,13820,9,0,physics.bio-ph
5384,13349,10,0,physics.bio-ph
8192,10762,6,0,physics.bio-ph
474,992,4,0,physics.bio-ph
2974,13696,1,0,physics.bio-ph
5600,7963,5,0,physics.bio-ph
3559,5984,20,0,physics.bio-ph
8479,9543,8,0,physics.bio-ph
1076,9090,30,0,physics.bio-ph
8671,14152,2,0,physics.bio-ph
1065,1213,4,0,physics.bio-ph
772,9173,8,0,physics.bio-ph
2237,3618,3,0,physics.bio-ph
2776,13070,6,0,physics.bio-ph
2975,11064,7,0,physics.bio-ph
3779,9129,3,0,physics.bio-ph
1551,3559,4,0,physics.bio-ph
12175,13126,1,0,physics.bio-ph
2580,5934,0,0,physics.bio-ph
555,2023,0,0,physics.bio-ph
1941,7021,6,0,physics.bio-ph
1009,12819,2,0,physics.bio-ph
12481,12653,1,0,physics.bio-ph
3767,12718,18,0,physics.bio-ph
80,323,35,0,physics.bio-ph
2740,3699,6,0,physics.bio-ph
9185,13097,2,0,physics.bio-ph
3075,12966,3,0,physics.bio-ph
2223,13113,9,0,physics.bio-ph
12792,13439,3,0,physics.bio-ph
1751,2439,10,0,physics.bio-ph
1749,12467,0,0,physics.bio-ph
982,1547,4,0,physics.bio-ph
2377,10309,18,0,physics.bio-ph
2706,12620,3,0,physics.bio-ph
3034,13697,6,0,physics.bio-ph
1350,12312,14,0,physics.bio-ph
1297,12822,6,0,physics.bio-ph
4840,12493,3,0,physics.bio-ph
999,1608,5,0,physics.bio-ph
2438,3262,16,0,physics.bio-ph
1848,11533,9,0,physics.bio-ph
3920,12496,10,0,physics.bio-ph
3069,4395,3,0,physics.bio-ph
610,2178,4,0,physics.bio-ph
1135,13583,2,0,physics.bio-ph
13034,13103,1,0,physics.bio-ph
36,514,2,0,physics.bio-ph
2358,13697,4,0,physics.bio-ph
741,7774,6,0,physics.bio-ph
617,8144,1,0,physics.bio-ph
2257,13376,10,0,physics.bio-ph
10374,13083,7,0,physics.bio-ph
1044,12498,0,0,physics.bio-ph
2275,8753,12,0,physics.bio-ph
12724,13273,1,0,physics.bio-ph
1841,3137,2,0,physics.bio-ph
690,3527,2,0,physics.bio-ph
12732,13295,6,0,physics.bio-ph
1731,3750,32,0,physics.bio-ph
11,1616,14,0,physics.bio-ph
426,821,35,0,physics.bio-ph
812,4154,5,0,physics.bio-ph
152,1484,11,0,physics.bio-ph
989,13330,1,0,physics.bio-ph
2161,13035,0,0,physics.bio-ph
453,7092,5,0,physics.bio-ph
1196,4912,12,0,physics.bio-ph
6440,13407,4,0,physics.bio-ph
1604,12471,2,0,physics.bio-ph
2075,12474,3,0,physics.bio-ph
33,5850,6,0,physics.bio-ph
2283,10764,12,0,physics.bio-ph
31,13626,0,0,physics.bio-ph
10692,13132,10,0,physics.bio-ph
13314,13488,4,0,physics.bio-ph
2062,14350,4,0,physics.bio-ph
2725,4226,10,0,physics.bio-ph
9612,12091,14,0,physics.bio-ph
1547,2622,2,0,physics.bio-ph
4395,7769,3,0,physics.bio-ph
9815,13115,14,0,physics.bio-ph
42,12827,4,0,physics.bio-ph
474,12484,2,0,physics.bio-ph
6477,12498,8,0,physics.bio-ph
123,1551,1,0,physics.bio-ph
7130,12779,6,0,physics.bio-ph
1065,13590,2,0,physics.bio-ph
616,12842,0,0,physics.bio-ph
4093,12428,10,0,physics.bio-ph
641,839,6,0,physics.bio-ph
3704,3836,0,0,physics.bio-ph
5341,13044,8,0,physics.bio-ph
1229,12947,6,0,physics.bio-ph
263,408,11,0,physics.bio-ph
745,978,24,0,physics.bio-ph
2674,12091,6,0,physics.bio-ph
12428,12879,8,0,physics.bio-ph
8088,13440,1,0,physics.bio-ph
12228,12287,6,0,physics.bio-ph
226,13605,6,0,physics.bio-ph
509,3447,2,0,physics.bio-ph
5604,13283,2,0,physics.bio-ph
2689,5166,4,0,physics.bio-ph
339,8121,10,0,physics.bio-ph
261,712,3,0,physics.bio-ph
33,7130,9,0,physics.bio-ph
2336,11067,26,0,physics.bio-ph
1373,7155,3,0,physics.bio-ph
824,12736,12,0,physics.bio-ph
2668,7614,2,0,physics.bio-ph
4461,7090,2,0,physics.bio-ph
11744,12740,3,0,physics.bio-ph
12562,12824,4,0,physics.bio-ph
4592,12385,6,0,physics.bio-ph
298,13291,16,0,physics.bio-ph
8,12317,6,0,physics.bio-ph
3055,12996,4,0,physics.bio-ph
218,2754,180,0,physics.bio-ph
9625,12276,9,0,physics.bio-ph
12411,12682,3,0,physics.bio-ph
154,860,6,0,physics.bio-ph
308,1354,15,0,physics.bio-ph
3871,12603,0,0,physics.bio-ph
1420,13041,2,0,physics.bio-ph
1654,8769,100,0,physics.bio-ph
96,11801,16,0,physics.bio-ph
12365,13069,2,0,physics.bio-ph
1391,1732,10,0,physics.bio-ph
8818,12085,5,0,physics.bio-ph
766,7821,14,0,physics.bio-ph
12957,13102,3,0,physics.bio-ph
382,12652,12,0,physics.bio-ph
663,764,6,0,physics.bio-ph
2142,3348,28,0,physics.bio-ph
4091,13289,2,0,physics.bio-ph
1827,9999,0,0,physics.bio-ph
12428,13265,4,0,physics.bio-ph
1178,13373,6,0,physics.bio-ph
4606,6254,6,0,physics.bio-ph
3400,13273,2,0,physics.bio-ph
2007,3559,16,0,physics.bio-ph
1802,2623,10,0,physics.bio-ph
5766,12895,2,0,physics.bio-ph
363,7153,27,0,physics.bio-ph
612,3836,2,0,physics.bio-ph
95,419,12,0,physics.bio-ph
2966,8313,6,0,physics.bio-ph
616,1344,24,0,physics.bio-ph
3771,12808,6,0,physics.bio-ph
191,2867,2,0,physics.bio-ph
1228,13895,12,0,physics.bio-ph
12502,12525,1,0,physics.bio-ph
41,12880,33,0,physics.bio-ph
62,4461,8,0,physics.bio-ph
1318,10652,4,0,physics.bio-ph
713,12873,2,0,physics.bio-ph
673,9026,8,0,physics.bio-ph
1354,11063,10,0,physics.bio-ph
929,2725,75,0,physics.bio-ph
13352,13487,3,0,physics.bio-ph
525,12682,7,0,physics.bio-ph
6797,13351,20,0,physics.bio-ph
3084,12344,2,0,physics.bio-ph
3893,12513,3,0,physics.bio-ph
2235,12389,0,0,physics.bio-ph
3766,12805,2,0,physics.bio-ph
4526,13347,25,0,physics.bio-ph
1584,8672,2,0,physics.bio-ph
1289,2488,0,0,physics.bio-ph
308,1996,24,0,physics.bio-ph
5199,12411,6,0,physics.bio-ph
1767,3052,3,0,physics.bio-ph
7024,13277,12,0,physics.bio-ph
12075,12691,18,0,physics.bio-ph
1616,6666,7,0,physics.bio-ph
3841,5934,0,0,physics.bio-ph
468,5341,12,0,physics.bio-ph
2441,4546,4,0,physics.bio-ph
257,1276,9,0,physics.bio-ph
11744,13009,3,0,physics.bio-ph
6439,12605,4,0,physics.bio-ph
222,12500,4,0,physics.bio-ph
8980,9671,14,0,physics.bio-ph
215,4913,0,0,physics.bio-ph
4296,12085,1,0,physics.bio-ph
275,12283,4,0,physics.bio-ph
8192,13622,6,0,physics.bio-ph
3797,8865,6,0,physics.bio-ph
9583,9668,4,0,physics.bio-ph
13002,13486,1,0,physics.bio-ph
179,2632,10,0,physics.bio-ph
1294,2697,4,0,physics.bio-ph
2180,12095,6,0,physics.bio-ph
4034,9879,6,0,physics.bio-ph
12385,12642,6,0,physics.bio-ph
70,83,30,0,physics.bio-ph
4673,12337,4,0,physics.bio-ph
6362,10453,1,0,physics.bio-ph
1708,6614,9,0,physics.bio-ph
1279,3053,18,0,physics.bio-ph
1277,2226,16,0,physics.bio-ph
5645,12600,4,0,physics.bio-ph
684,12585,0,0,physics.bio-ph
582,10304,18,0,physics.bio-ph
1888,12836,3,0,physics.bio-ph
5150,12410,6,0,physics.bio-ph
5384,13242,0,0,physics.bio-ph
1484,1652,3,0,physics.bio-ph
4290,5374,0,0,physics.bio-ph
7774,12556,18,0,physics.bio-ph
1083,2778,3,0,physics.bio-ph
148,2393,1,0,physics.bio-ph
3539,11095,15,0,physics.bio-ph
450,8473,12,0,physics.bio-ph
1065,11239,1,0,physics.bio-ph
9598,12950,15,0,physics.bio-ph
9472,13637,2,0,physics.bio-ph
4395,12575,2,0,physics.bio-ph
93,8473,33,0,physics.bio-ph
1531,6190,18,0,physics.bio-ph
6314,10516,8,0,physics.bio-ph
4629,9544,12,0,physics.bio-ph
2301,2325,1,0,physics.bio-ph
508,13011,10,0,physics.bio-ph
3278,4086,9,0,physics.bio-ph
1081,2207,1,0,physics.bio-ph
847,1711,40,0,physics.bio-ph
1300,13347,20,0,physics.bio-ph
4807,9816,2,0,physics.bio-ph
1375,12834,3,0,physics.bio-ph
1187,3747,6,0,physics.bio-ph
17,207,30,0,physics.bio-ph
2657,6362,0,0,physics.bio-ph
1099,4290,16,0,physics.bio-ph
582,3771,18,0,physics.bio-ph
9999,13010,0,0,physics.bio-ph
1917,13837,4,0,physics.bio-ph
3454,13235,0,0,physics.bio-ph
12894,13561,2,0,physics.bio-ph
763,823,0,0,physics.bio-ph
958,2639,0,0,physics.bio-ph
3848,10483,8,0,physics.bio-ph
611,9167,10,0,physics.bio-ph
286,8980,10,0,physics.bio-ph
5393,13439,4,0,physics.bio-ph
1642,3271,0,0,physics.bio-ph
641,5919,2,0,physics.bio-ph
7291,10512,0,0,physics.bio-ph
7962,12764,4,0,physics.bio-ph
641,1727,1,0,physics.bio-ph
611,13395,2,0,physics.bio-ph
3557,14486,12,0,physics.bio-ph
888,2022,32,0,physics.bio-ph
2284,2613,0,0,physics.bio-ph
4546,13014,12,0,physics.bio-ph
629,6219,4,0,physics.bio-ph
12094,13989,2,0,physics.bio-ph
3055,10483,2,0,physics.bio-ph
3369,9587,2,0,physics.bio-ph
2593,7011,8,0,physics.bio-ph
11753,12536,0,0,physics.bio-ph
4923,7933,4,0,physics.bio-ph
4683,8827,4,0,physics.bio-ph
1574,13317,0,0,physics.bio-ph
824,4090,6,0,physics.bio-ph
4154,12535,2,0,physics.bio-ph
13558,13820,1,0,physics.bio-ph
257,992,6,0,physics.bio-ph
7771,8232,4,0,physics.bio-ph
4054,9815,1,0,physics.bio-ph
1616,13957,28,0,physics.bio-ph
350,662,10,0,physics.bio-ph
7024,12355,3,0,physics.bio-ph
269,826,85,0,physics.bio-ph
1309,10511,0,0,physics.bio-ph
2162,13069,1,0,physics.bio-ph
372,4204,4,0,physics.bio-ph
5427,5983,9,0,physics.bio-ph
2873,13328,9,0,physics.bio-ph
12871,14467,9,0,physics.bio-ph
5018,11395,4,0,physics.bio-ph
958,1048,6,0,physics.bio-ph
1973,2445,20,0,physics.bio-ph
12288,13490,3,0,physics.bio-ph
2358,4093,10,0,physics.bio-ph
6377,13178,4,0,physics.bio-ph
13500,13595,0,0,physics.bio-ph
12574,13277,4,0,physics.bio-ph
4882,5393,12,0,physics.bio-ph
763,3033,0,0,physics.bio-ph
220,5229,40,0,physics.bio-ph
37,5382,29,0,physics.bio-ph
560,13547,6,0,physics.bio-ph
3163,3852,4,0,physics.bio-ph
3082,9813,12,0,physics.bio-ph
9439,9440,8,1,math-ph
6412,6413,1,1,math-ph
1252,1668,6,1,math-ph
642,645,2,1,math-ph
2519,3118,8,1,math-ph
1239,6163,0,1,math-ph
9325,9326,12,1,math-ph
366,368,12,1,math-ph
14454,14455,9,1,math-ph
5688,7440,0,1,math-ph
7279,7280,2,1,math-ph
11994,11995,4,1,math-ph
202,203,1,1,math-ph
11747,11750,9,1,math-ph
14429,14435,0,1,math-ph
4114,10913,0,1,math-ph
9437,9438,15,1,math-ph
12123,12125,3,1,math-ph
5927,5928,4,1,math-ph
11748,11750,6,1,math-ph
3874,3875,2,1,math-ph
11747,11748,6,1,math-ph
2168,2170,1,1,math-ph
2017,2018,16,1,math-ph
12123,12126,3,1,math-ph
991,3118,24,1,math-ph
992,3118,12,1,math-ph
2013,13250,0,1,math-ph
2939,2942,12,1,math-ph
2166,2167,4,1,math-ph
6012,6014,0,1,math-ph
12044,12046,6,1,math-ph
5739,10079,1,1,math-ph
75,78,4,1,math-ph
450,1291,0,1,math-ph
9436,9440,12,1,math-ph
600,601,0,1,math-ph
1211,3119,12,1,math-ph
99,2477,4,1,math-ph
5924,14471,0,1,math-ph
2168,2169,2,1,math-ph
11991,11994,4,1,math-ph
5688,7439,0,1,math-ph
9436,9439,6,1,math-ph
374,426,0,1,math-ph
6013,6014,0,1,math-ph
8992,8994,1,1,math-ph
11479,12061,2,1,math-ph
9435,9437,12,1,math-ph
1521,9326,9,1,math-ph
12060,12061,1,1,math-ph
2236,3762,4,1,math-ph
638,839,9,1,math-ph
1374,1375,9,1,math-ph
6011,6012,1,1,math-ph
1784,3261,6,1,math-ph
12864,12865,1,1,math-ph
11748,11751,6,1,math-ph
1954,2631,1,1,math-ph
2169,2170,2,1,math-ph
3873,3875,2,1,math-ph
627,4070,0,1,math-ph
8919,8920,9,1,math-ph
364,367,9,1,math-ph
795,3290,2,1,math-ph
2683,5898,4,1,math-ph
643,645,2,1,math-ph
3733,14435,0,1,math-ph
2940,2942,9,1,math-ph
992,3119,12,1,math-ph
992,1211,9,1,math-ph
1251,1252,3,1,math-ph
8932,8934,2,1,math-ph
3259,3260,2,1,math-ph
2519,3120,12,1,math-ph
2495,9798,0,1,math-ph
76,78,3,1,math-ph
512,2463,1,1,math-ph
7280,12060,2,1,math-ph
8064,8113,1,1,math-ph
14422,14435,0,1,math-ph
9435,9436,12,1,math-ph
1784,3259,3,1,math-ph
6687,6689,0,1,math-ph
254,255,1,1,math-ph
1211,2519,6,1,math-ph
4461,13649,10,1,math-ph
8534,8535,6,1,math-ph
4478,9686,4,1,math-ph
2938,2941,16,1,math-ph
10545,10546,1,1,math-ph
13647,13648,6,1,math-ph
2018,2484,20,1,math-ph
14449,14450,0,1,math-ph
2523,2524,1,1,math-ph
12043,12044,4,1,math-ph
636,1668,10,1,math-ph
709,4774,4,1,math-ph
5924,8113,6,1,math-ph
3761,3763,6,1,math-ph
1477,14458,4,1,math-ph
2519,3119,8,1,math-ph
625,818,2,1,math-ph
604,8113,4,1,math-ph
364,366,9,1,math-ph
99,7674,1,1,math-ph
9323,9324,16,1,math-ph
76,77,12,1,math-ph
14422,14429,4,1,math-ph
6687,6688,0,1,math-ph
3290,12841,2,1,math-ph
604,8114,12,1,math-ph
367,369,12,1,math-ph
5249,5250,1,1,math-ph
13647,13649,4,1,math-ph
5929,5930,4,1,math-ph
12042,12043,6,1,math-ph
8932,8933,2,1,math-ph
1375,7288,12,0,math-ph
3261,12042,6,0,math-ph
4114,14371,0,0,math-ph
3608,7439,0,0,math-ph
6415,9436,6,0,math-ph
8392,11354,5,0,math-ph
142,14382,3,0,math-ph
3261,9436,6,0,math-ph
253,12864,2,0,math-ph
645,2524,1,0,math-ph
148,12875,18,0,math-ph
241,3121,6,0,math-ph
426,2463,0,0,math-ph
450,6013,0,0,math-ph
480,2100,9,0,math-ph
638,2631,3,0,math-ph
968,4462,2,0,math-ph
219,14457,6,0,math-ph
1239,2463,0,0,math-ph
991,9323,24,0,math-ph
2167,2937,8,0,math-ph
4773,11479,6,0,math-ph
5924,14423,12,0,math-ph
2017,3932,8,0,math-ph
2522,9437,6,0,math-ph
3105,5727,3,0,math-ph
3932,10545,2,0,math-ph
7169,12709,2,0,math-ph
7288,9438,20,0,math-ph
14382,14435,0,0,math-ph
8992,11676,3,0,math-ph
3288,12877,2,0,math-ph
366,4071,3,0,math-ph
6012,14074,1,0,math-ph
147,201,2,0,math-ph
8534,11353,18,0,math-ph
77,12126,12,0,math-ph
1239,1784,0,0,math-ph
148,2170,6,0,math-ph
2169,6163,2,0,math-ph
426,995,0,0,math-ph
3118,5250,4,0,math-ph
427,14410,8,0,math-ph
8994,14357,1,0,math-ph
2524,3733,8,0,math-ph
78,11352,5,0,math-ph
342,10699,3,0,math-ph
2524,4773,3,0,math-ph
555,2441,2,0,math-ph
3287,9436,6,0,math-ph
76,426,0,0,math-ph
8114,11992,9,0,math-ph
2014,10913,12,0,math-ph
991,8920,18,0,math-ph
9685,9798,0,0,math-ph
1291,5353,0,0,math-ph
1070,2477,4,0,math-ph
365,11676,15,0,math-ph
6011,13649,2,0,math-ph
255,2484,5,0,math-ph
5925,8533,3,0,math-ph
5928,13062,4,0,math-ph
369,9934,8,0,math-ph
5249,8920,3,0,math-ph
5688,14425,0,0,math-ph
4773,7288,12,0,math-ph
147,10399,2,0,math-ph
4773,12877,6,0,math-ph
2941,14382,4,0,math-ph
2484,4243,15,0,math-ph
2496,3259,2,0,math-ph
6688,11677,0,0,math-ph
5928,6412,2,0,math-ph
2475,7278,3,0,math-ph
2169,9438,10,0,math-ph
8917,14371,6,0,math-ph
1993,8113,2,0,math-ph
1477,2013,4,0,math-ph
839,2464,6,0,math-ph
642,3637,6,0,math-ph
625,9326,6,0,math-ph
3931,5930,4,0,math-ph
241,11350,4,0,math-ph
2940,3734,6,0,math-ph
10913,12875,6,0,math-ph
3259,3331,2,0,math-ph
796,14296,6,0,math-ph
1993,14357,2,0,math-ph
7288,13354,4,0,math-ph
2166,14450,0,0,math-ph
366,13647,6,0,math-ph
601,11479,0,0,math-ph
8533,11677,6,0,math-ph
3749,6413,1,0,math-ph
427,14425,4,0,math-ph
9436,12060,3,0,math-ph
5930,10547,4,0,math-ph
12876,14424,6,0,math-ph
12042,13649,6,0,math-ph
366,7288,12,0,math-ph
555,2938,4,0,math-ph
13648,14449,0,0,math-ph
6014,10546,0,0,math-ph
626,14454,9,0,math-ph
364,2519,6,0,math-ph
344,11995,2,0,math-ph
74,1374,12,0,math-ph
643,4774,4,0,math-ph
2524,14422,2,0,math-ph
1237,4774,2,0,math-ph
2013,7439,0,0,math-ph
8535,12557,4,0,math-ph
7280,14422,4,0,math-ph
2939,5899,8,0,math-ph
3733,12709,8,0,math-ph
344,349,2,0,math-ph
3875,14425,2,0,math-ph
2014,9435,24,0,math-ph
428,9173,99,1,math.OC
1,5298,0,1,math.OC
8823,8824,60,1,math.OC
3443,3446,6,1,math.OC
7531,7532,0,1,math.OC
2836,2838,6,1,math.OC
1315,1316,2,1,math.OC
14188,14214,930,1,math.OC
1145,578,165,1,math.OC
1412,1413,4,1,math.OC
14201,14203,1147,1,math.OC
8521,8524,16,1,math.OC
2124,2125,4,1,math.OC
4437,4438,30,1,math.OC
1763,5645,16,1,math.OC
906,907,4,1,math.OC
14198,14223,992,1,math.OC
13945,13948,16,1,math.OC
1894,11980,1,1,math.OC
420,1659,16,1,math.OC
4235,4238,6,1,math.OC
14220,14221,945,1,math.OC
13964,13967,1,1,math.OC
14189,14198,1116,1,math.OC
2091,4859,30,1,math.OC
14194,14211,1260,1,math.OC
412,10562,5,1,math.OC
96,1661,16,1,math.OC
11067,11071,63,1,math.OC
1291,8493,40,1,math.OC
2945,2947,2,1,math.OC
14191,14193,1023,1,math.OC
172,3383,192,1,math.OC
2367,3131,5,1,math.OC
14214,14228,1147,1,math.OC
4381,7791,7,1,math.OC
48,1425,24,1,math.OC
1164,1165,0,1,math.OC
9988,14208,1056,1,math.OC
201,1047,0,1,math.OC
382,9533,10,1,math.OC
781,1069,4,1,math.OC
10062,10063,6,1,math.OC
165,168,6,1,math.OC
9834,14204,1258,1,math.OC
13966,13967,1,1,math.OC
2920,3241,2,1,math.OC
1947,1949,18,1,math.OC
2632,5581,4,1,math.OC
1001,6576,6,1,math.OC
1291,1359,8,1,math.OC
14193,14224,930,1,math.OC
172,887,288,1,math.OC
14196,14220,864,1,math.OC
90,1484,18,1,math.OC
2091,3321,42,1,math.OC
112,592,152,1,math.OC
460,461,0,1,math.OC
96,1315,16,1,math.OC
9988,14225,1023,1,math.OC
10049,10050,1,1,math.OC
11439,11440,6,1,math.OC
591,4096,66,1,math.OC
3131,4393,3,1,math.OC
450,452,63,1,math.OC
48,1484,48,1,math.OC
4481,6621,21,1,math.OC
12047,12048,2,1,math.OC
5499,5501,9,1,math.OC
14148,14149,1,1,math.OC
14196,14218,992,1,math.OC
360,5757,1,1,math.OC
14215,14219,775,1,math.OC
842,2002,0,1,math.OC
5498,5500,15,1,math.OC
13950,13951,15,1,math.OC
14192,14225,806,1,math.OC
608,609,10,1,math.OC
8823,11067,42,1,math.OC
416,1710,8,1,math.OC
14197,14208,1024,1,math.OC
5485,5486,8,1,math.OC
9834,14186,1147,1,math.OC
5484,5485,12,1,math.OC
14200,14217,1178,1,math.OC
14186,14212,1054,1,math.OC
14190,14214,1023,1,math.OC
1545,14079,6,1,math.OC
9988,14202,990,1,math.OC
14097,14100,2,1,math.OC
14187,14197,1152,1,math.OC
14215,14227,850,1,math.OC
260,2208,1,1,math.OC
1150,1148,10,1,math.OC
5699,5700,2,1,math.OC
14188,14199,1080,1,math.OC
1262,2091,18,1,math.OC
172,687,144,1,math.OC
766,10372,1,1,math.OC
14195,14219,930,1,math.OC
9443,9444,16,1,math.OC
5654,7507,18,1,math.OC
4093,5825,9,1,math.OC
257,14231,6,1,math.OC
14199,14229,1116,1,math.OC
14206,14223,1120,1,math.OC
1809,3802,8,1,math.OC
1282,1283,0,1,math.OC
293,295,12,1,math.OC
17,132,44,1,math.OC
14216,14230,1216,1,math.OC
999,6576,6,1,math.OC
42,585,9,1,math.OC
298,3190,12,1,math.OC
412,4643,15,1,math.OC
481,1946,16,1,math.OC
5404,5407,12,1,math.OC
14253,14255,9,1,math.OC
14194,14204,1190,1,math.OC
38,3464,3,1,math.OC
6928,10492,0,1,math.OC
5073,5503,20,1,math.OC
304,10700,1,1,math.OC
14190,14207,1221,1,math.OC
481,3387,24,1,math.OC
1385,2577,75,1,math.OC
2246,2247,1,1,math.OC
684,1155,5,1,math.OC
14192,14197,832,1,math.OC
671,1519,35,1,math.OC
12459,14027,1,1,math.OC
3375,2836,3,1,math.OC
14185,14223,1088,1,math.OC
218,7791,168,1,math.OC
14202,14220,810,1,math.OC
931,3460,0,1,math.OC
4440,4616,40,1,math.OC
14195,14206,1050,1,math.OC
597,870,18,1,math.OC
9917,13954,3,1,math.OC
9988,14196,1056,1,math.OC
1949,2114,6,1,math.OC
96,3328,16,1,math.OC
14191,14192,858,1,math.OC
14188,14220,810,1,math.OC
11907,11909,6,1,math.OC
14207,14228,1369,1,math.OC
901,876,30,1,math.OC
1492,1494,6,1,math.OC
5324,5325,9,1,math.OC
14188,14219,930,1,math.OC
660,2667,36,1,math.OC
4237,4239,15,1,math.OC
4236,4237,15,1,math.OC
14198,14225,961,1,math.OC
7811,7812,2,1,math.OC
1327,2665,18,1,math.OC
3842,4104,2,1,math.OC
13959,13960,4,1,math.OC
3659,3660,0,1,math.OC
14199,14205,1224,1,math.OC
8450,8451,4,1,math.OC
7791,11362,21,1,math.OC
14204,14226,1326,1,math.OC
14200,14205,1054,1,math.OC
217,1383,28,1,math.OC
9444,9448,16,1,math.OC
2007,7709,27,1,math.OC
890,1758,1,1,math.OC
1653,1654,1,1,math.OC
6528,6529,2,1,math.OC
14057,14059,2,1,math.OC
105,2070,16,1,math.OC
14222,14224,1020,1,math.OC
9988,14219,1023,1,math.OC
4684,6547,0,1,math.OC
14130,14131,4,1,math.OC
3871,3872,0,1,math.OC
73,2474,0,1,math.OC
14198,14228,1147,1,math.OC
14222,14225,1054,1,math.OC
14185,14206,1190,1,math.OC
412,8512,5,1,math.OC
1963,3670,10,1,math.OC
14188,14223,960,1,math.OC
2675,9557,20,1,math.OC
1599,5563,0,1,math.OC
5020,10840,12,1,math.OC
5640,5643,6,1,math.OC
4381,8694,4,1,math.OC
11798,11799,4,1,math.OC
1950,1953,4,1,math.OC
8525,8526,18,1,math.OC
13370,13371,0,1,math.OC
14189,14229,1116,1,math.OC
2680,7418,6,1,math.OC
2367,6221,5,1,math.OC
14209,14229,1116,1,math.OC
14190,14200,1023,1,math.OC
11954,11955,0,1,math.OC
14184,14224,1080,1,math.OC
14192,14218,806,1,math.OC
1,13971,9,1,math.OC
5572,5573,9,1,math.OC
218,2577,120,1,math.OC
14254,14256,6,1,math.OC
2441,5642,10,1,math.OC
1808,1809,24,1,math.OC
14194,14195,1050,1,math.OC
14212,14224,1020,1,math.OC
1362,1363,2,1,math.OC
38,11718,6,1,math.OC
132,13989,11,1,math.OC
9988,14229,1023,1,math.OC
590,591,88,1,math.OC
14201,14209,1332,1,math.OC
1746,13117,12,1,math.OC
14194,14198,1085,1,math.OC
14207,14223,1184,1,math.OC
14194,14229,1085,1,math.OC
3382,3383,12,1,math.OC
14200,14220,837,1,math.OC
729,804,81,1,math.OC
14195,14224,900,1,math.OC
9533,9534,0,1,math.OC
2844,3227,2,1,math.OC
9834,14192,962,1,math.OC
6773,8667,6,1,math.OC
172,2640,192,1,math.OC
477,3692,0,1,math.OC
412,2674,30,1,math.OC
36,1196,28,1,math.OC
96,1316,8,1,math.OC
207,572,4,1,math.OC
474,1335,1,1,math.OC
14192,14224,780,1,math.OC
105,106,24,1,math.OC
450,451,28,1,math.OC
2171,4104,7,1,math.OC
14202,14212,1020,1,math.OC
14197,14220,864,1,math.OC
9834,14212,1258,1,math.OC
6202,6205,12,1,math.OC
317,13874,0,1,math.OC
14225,14230,992,1,math.OC
251,1426,18,1,math.OC
4810,13989,4,1,math.OC
7828,7829,4,1,math.OC
1724,6918,3,1,math.OC
14210,14226,1248,1,math.OC
14203,14229,961,1,math.OC
2731,7242,6,1,math.OC
5975,9134,6,1,math.OC
607,6723,8,1,math.OC
578,1518,132,1,math.OC
4394,2367,35,1,math.OC
14202,14224,900,1,math.OC
14184,14194,1260,1,math.OC
53,2803,21,1,math.OC
14197,14227,1088,1,math.OC
1328,14235,0,1,math.OC
11068,11069,54,1,math.OC
4241,4243,8,1,math.OC
14210,14214,992,1,math.OC
14193,14211,1116,1,math.OC
14195,14220,810,1,math.OC
592,1961,76,1,math.OC
14205,14222,1156,1,math.OC
14202,14209,1080,1,math.OC
14187,14218,1116,1,math.OC
10060,10061,4,1,math.OC
370,2400,15,1,math.OC
3525,6288,8,1,math.OC
1809,3803,8,1,math.OC
585,4607,3,1,math.OC
888,1765,0,1,math.OC
4656,4658,6,1,math.OC
1575,13895,2,1,math.OC
14213,14230,992,1,math.OC
4261,10492,0,1,math.OC
14206,14214,1085,1,math.OC
2197,2198,8,1,math.OC
5020,5022,12,1,math.OC
1710,7880,6,1,math.OC
14056,14057,3,1,math.OC
14185,14205,1156,1,math.OC
4235,4237,15,1,math.OC
6964,8472,1,1,math.OC
4234,4237,25,1,math.OC
53,1385,45,1,math.OC
9902,9903,1,1,math.OC
300,2836,27,1,math.OC
9460,14171,6,1,math.OC
251,382,60,1,math.OC
7543,9212,0,1,math.OC
6673,11067,49,1,math.OC
412,8513,10,1,math.OC
4533,8512,3,1,math.OC
9266,14139,20,1,math.OC
1081,1867,30,1,math.OC
14193,14199,1116,1,math.OC
710,711,0,1,math.OC
807,2844,10,1,math.OC
7332,7335,2,1,math.OC
14191,14200,1023,1,math.OC
10059,10061,2,1,math.OC
13899,13900,0,1,math.OC
14202,14215,750,1,math.OC
317,591,132,1,math.OC
14186,14217,1178,1,math.OC
1809,14114,4,1,math.OC
2009,4067,0,1,math.OC
218,219,72,1,math.OC
13946,13950,9,1,math.OC
14212,14214,1054,1,math.OC
13905,13906,1,1,math.OC
428,11068,99,1,math.OC
2274,2789,2,1,math.OC
9834,14189,1332,1,math.OC
1587,2070,6,1,math.OC
1621,434,24,1,math.OC
9173,11069,54,1,math.OC
19,13920,0,1,math.OC
5480,5481,4,1,math.OC
1548,1917,12,1,math.OC
14189,14192,936,1,math.OC
3057,4859,35,1,math.OC
1193,1195,6,1,math.OC
14212,14213,1054,1,math.OC
209,3979,6,1,math.OC
1548,1916,12,1,math.OC
6285,6286,0,1,math.OC
766,2340,1,1,math.OC
1621,5150,24,1,math.OC
1587,2071,9,1,math.OC
3568,3670,10,1,math.OC
14184,14216,1368,1,math.OC
354,355,0,1,math.OC
2686,5792,7,1,math.OC
14206,14220,945,1,math.OC
8523,8527,20,1,math.OC
14195,14221,1050,1,math.OC
172,864,144,1,math.OC
172,5913,192,1,math.OC
6918,6964,1,1,math.OC
2226,2227,0,1,math.OC
14208,14209,1152,1,math.OC
14190,14212,1122,1,math.OC
14215,14218,775,1,math.OC
583,3670,14,1,math.OC
14186,14196,992,1,math.OC
172,4394,336,1,math.OC
14190,14218,1023,1,math.OC
14188,14215,750,1,math.OC
9834,14222,1258,1,math.OC
1150,4166,15,1,math.OC
14197,14224,960,1,math.OC
1196,1746,42,1,math.OC
13929,14175,1,1,math.OC
1952,1965,4,1,math.OC
218,4381,24,1,math.OC
914,5751,8,1,math.OC
578,8169,33,1,math.OC
14209,14230,1152,1,math.OC
589,593,12,1,math.OC
14204,14210,1088,1,math.OC
14187,14199,1296,1,math.OC
1838,1840,4,1,math.OC
2675,8513,20,1,math.OC
3326,8027,35,1,math.OC
46,47,6,1,math.OC
1339,1340,6,1,math.OC
508,509,0,1,math.OC
412,9557,10,1,math.OC
2639,4837,6,1,math.OC
2797,5760,12,1,math.OC
218,5072,24,1,math.OC
1196,1194,7,1,math.OC
2446,2814,50,1,math.OC
1004,1006,1,1,math.OC
407,54,217,1,math.OC
5654,10655,0,1,math.OC
592,615,190,1,math.OC
1711,2803,28,1,math.OC
14214,14225,961,1,math.OC
13945,13949,16,1,math.OC
14219,14227,1054,1,math.OC
4240,4245,8,1,math.OC
3789,3792,2,1,math.OC
72,3483,4,1,math.OC
876,5590,10,1,math.OC
5021,6337,5,1,math.OC
10059,10062,2,1,math.OC
9988,14228,1221,1,math.OC
420,1661,8,1,math.OC
3482,3483,1,1,math.OC
1876,2386,36,1,math.OC
861,864,21,1,math.OC
4655,4656,10,1,math.OC
4685,6547,0,1,math.OC
5919,5791,12,1,math.OC
14058,14060,9,1,math.OC
14193,14195,930,1,math.OC
683,10492,0,1,math.OC
14202,14211,1080,1,math.OC
434,1150,20,1,math.OC
9988,14220,891,1,math.OC
37,867,48,1,math.OC
14200,14215,775,1,math.OC
14215,14217,950,1,math.OC
1911,14055,22,1,math.OC
14208,14213,992,1,math.OC
209,211,12,1,math.OC
4653,4658,12,1,math.OC
14205,14226,1326,1,math.OC
14200,14221,1085,1,math.OC
14190,14203,1023,1,math.OC
1168,3382,24,1,math.OC
1948,2115,15,1,math.OC
37,2815,24,1,math.OC
14192,14228,962,1,math.OC
3505,3507,4,1,math.OC
1356,3569,9,1,math.OC
229,230,8,1,math.OC
2009,4068,0,1,math.OC
6489,6491,8,1,math.OC
1457,12040,1,1,math.OC
39,40,48,1,math.OC
5465,5466,12,1,math.OC
53,3257,6,1,math.OC
14200,14230,992,1,math.OC
1020,6288,2,1,math.OC
14186,14199,1116,1,math.OC
3601,3603,1,1,math.OC
8947,8948,0,1,math.OC
14215,14222,850,1,math.OC
2666,2667,24,1,math.OC
14185,14207,1258,1,math.OC
474,1577,2,1,math.OC
14191,14201,1221,1,math.OC
14215,14230,800,1,math.OC
1704,6734,4,1,math.OC
14186,14187,1116,1,math.OC
14196,14229,992,1,math.OC
172,671,240,1,math.OC
5021,6311,15,1,math.OC
591,2943,66,1,math.OC
3256,3257,6,1,math.OC
428,887,66,1,math.OC
3254,3258,8,1,math.OC
1839,1840,6,1,math.OC
14203,14212,1054,1,math.OC
862,864,15,1,math.OC
7295,8268,4,1,math.OC
408,7332,4,1,math.OC
46,2634,6,1,math.OC
4093,4095,18,1,math.OC
3380,172,480,1,math.OC
8566,8567,9,1,math.OC
217,1384,8,1,math.OC
1903,6648,20,1,math.OC
14193,14206,1085,1,math.OC
698,702,9,1,math.OC
14198,14230,992,1,math.OC
13946,13948,12,1,math.OC
1196,10099,7,1,math.OC
13919,13920,0,1,math.OC
10108,10110,0,1,math.OC
41,112,8,1,math.OC
1484,1661,12,1,math.OC
14191,14216,1254,1,math.OC
14218,14229,961,1,math.OC
2939,12852,2,1,math.OC
2917,4678,6,1,math.OC
14199,14203,1116,1,math.OC
3380,3383,40,1,math.OC
8824,11067,70,1,math.OC
660,1327,27,1,math.OC
8451,8452,6,1,math.OC
14191,14229,1023,1,math.OC
3328,5073,10,1,math.OC
2695,2696,0,1,math.OC
14184,14226,1404,1,math.OC
591,4094,88,1,math.OC
8321,8320,4,1,math.OC
14208,14211,1152,1,math.OC
8524,8527,20,1,math.OC
9988,14217,1254,1,math.OC
478,3692,0,1,math.OC
10711,10712,9,1,math.OC
14197,14204,1088,1,math.OC
412,9558,15,1,math.OC
791,2125,6,1,math.OC
1807,3803,10,1,math.OC
808,1572,12,1,math.OC
14220,14222,918,1,math.OC
14186,14222,1054,1,math.OC
434,3446,8,1,math.OC
4238,4239,6,1,math.OC
671,5759,20,1,math.OC
10108,10109,0,1,math.OC
3257,3258,8,1,math.OC
159,5081,4,1,math.OC
4055,8485,1,1,math.OC
12047,12050,2,1,math.OC
1009,5500,12,1,math.OC
14204,14221,1190,1,math.OC
2006,7708,28,1,math.OC
14191,14215,825,1,math.OC
6275,6277,1,1,math.OC
2026,2024,3,1,math.OC
591,1962,110,1,math.OC
2637,3750,63,1,math.OC
684,13371,0,1,math.OC
14219,14220,837,1,math.OC
1168,1167,16,1,math.OC
7810,7811,2,1,math.OC
5110,5111,4,1,math.OC
14191,14205,1122,1,math.OC
14211,14214,1116,1,math.OC
452,2639,54,1,math.OC
592,4095,38,1,math.OC
407,220,42,1,math.OC
426,12271,1,1,math.OC
4093,9659,9,1,math.OC
2091,3284,18,1,math.OC
12460,14027,1,1,math.OC
213,760,12,1,math.OC
14227,14228,1258,1,math.OC
9834,14194,1295,1,math.OC
14201,14204,1258,1,math.OC
14186,14200,961,1,math.OC
9173,11064,90,1,math.OC
14174,14175,2,1,math.OC
726,727,0,1,math.OC
4657,4658,15,1,math.OC
13964,13966,1,1,math.OC
14202,14210,960,1,math.OC
800,5490,0,1,math.OC
14193,14218,961,1,math.OC
412,4132,50,1,math.OC
270,11997,7,1,math.OC
428,5974,33,1,math.OC
13945,13950,12,1,math.OC
14201,14218,1147,1,math.OC
14113,14114,3,1,math.OC
4653,4656,8,1,math.OC
14198,14202,930,1,math.OC
591,592,418,1,math.OC
3543,4061,8,1,math.OC
901,4392,30,1,math.OC
887,3340,36,1,math.OC
1946,1949,6,1,math.OC
5498,13960,10,1,math.OC
809,938,14,1,math.OC
5323,5327,8,1,math.OC
2334,3736,0,1,math.OC
428,11067,77,1,math.OC
14185,14193,1054,1,math.OC
14212,14225,1054,1,math.OC
13974,13976,1,1,math.OC
14204,14215,850,1,math.OC
5872,5873,1,1,math.OC
14196,14215,800,1,math.OC
7161,8587,0,1,math.OC
1317,9421,4,1,math.OC
14190,14222,1122,1,math.OC
2676,4131,60,1,math.OC
6673,11069,42,1,math.OC
5463,5464,12,1,math.OC
942,944,0,1,math.OC
14202,14227,1020,1,math.OC
3789,3791,2,1,math.OC
8823,11065,66,1,math.OC
6990,6991,1,1,math.OC
14193,14221,1085,1,math.OC
14220,14224,810,1,math.OC
87,791,6,1,math.OC
2357,2979,1,1,math.OC
37,2816,12,1,math.OC
215,216,12,1,math.OC
1547,1913,24,1,math.OC
54,4104,31,1,math.OC
1228,2441,10,1,math.OC
14210,14223,1024,1,math.OC
220,1384,12,1,math.OC
14184,14219,1116,1,math.OC
14214,14223,992,1,math.OC
14220,14230,864,1,math.OC
4605,4607,1,1,math.OC
14196,14222,1088,1,math.OC
14211,14218,1116,1,math.OC
2442,5643,8,1,math.OC
14188,14192,780,1,math.OC
578,1416,66,1,math.OC
53,54,93,1,math.OC
14188,14213,930,1,math.OC
132,1017,22,1,math.OC
578,13116,66,1,math.OC
112,593,24,1,math.OC
4095,4096,6,1,math.OC
14184,14185,1224,1,math.OC
733,5374,0,1,math.OC
862,863,30,1,math.OC
3254,3255,8,1,math.OC
5539,5545,16,1,math.OC
781,1067,6,1,math.OC
14215,14216,950,1,math.OC
8524,8525,12,1,math.OC
1819,6410,10,1,math.OC
592,13874,0,1,math.OC
597,1890,9,1,math.OC
14252,14256,6,1,math.OC
14196,14210,1024,1,math.OC
3750,6338,27,1,math.OC
13954,13958,3,1,math.OC
4392,13142,15,1,math.OC
14203,14220,837,1,math.OC
2441,2442,20,1,math.OC
1921,1922,4,1,math.OC
4210,4211,4,1,math.OC
14197,14219,992,1,math.OC
172,861,336,1,math.OC
1227,1229,1,1,math.OC
14185,14190,1122,1,math.OC
9443,9448,16,1,math.OC
2286,2334,0,1,math.OC
14195,14215,750,1,math.OC
14216,14227,1292,1,math.OC
2009,3189,0,1,math.OC
13,53,15,1,math.OC
14200,14206,1085,1,math.OC
10620,13989,2,1,math.OC
2275,1076,7,1,math.OC
8268,8269,4,1,math.OC
573,385,15,1,math.OC
2006,4615,21,1,math.OC
14187,14227,1224,1,math.OC
713,3786,1,1,math.OC
14057,14060,3,1,math.OC
14192,14204,884,1,math.OC
11954,11956,0,1,math.OC
13949,13950,12,1,math.OC
8664,8665,2,1,math.OC
293,294,9,1,math.OC
172,11574,144,1,math.OC
1763,1838,16,1,math.OC
2367,2855,10,1,math.OC
14186,14206,1085,1,math.OC
494,1313,5,1,math.OC
14195,14200,930,1,math.OC
13946,13947,18,1,math.OC
2731,7243,6,1,math.OC
1327,1328,30,1,math.OC
1045,9809,12,1,math.OC
428,11066,132,1,math.OC
14186,14223,992,1,math.OC
14189,14197,1152,1,math.OC
14195,14230,960,1,math.OC
591,1876,264,1,math.OC
942,943,0,1,math.OC
7647,7648,0,1,math.OC
698,699,12,1,math.OC
14217,14225,1178,1,math.OC
14191,14199,1188,1,math.OC
5544,5545,16,1,math.OC
3284,3321,21,1,math.OC
9403,14142,20,1,math.OC
874,876,45,1,math.OC
10453,10454,0,1,math.OC
14224,14228,1110,1,math.OC
7960,13117,6,1,math.OC
3597,3599,30,1,math.OC
14212,14215,850,1,math.OC
14189,14228,1332,1,math.OC
14210,14213,992,1,math.OC
14211,14226,1404,1,math.OC
14213,14229,961,1,math.OC
2540,5126,6,1,math.OC
8823,11068,54,1,math.OC
14192,14212,884,1,math.OC
764,2340,2,1,math.OC
938,13900,0,1,math.OC
1195,7960,9,1,math.OC
14203,14226,1209,1,math.OC
1338,1340,6,1,math.OC
14191,14230,1056,1,math.OC
5020,10300,12,1,math.OC
14,1413,8,1,math.OC
53,3254,6,1,math.OC
37,745,0,1,math.OC
608,2816,5,1,math.OC
657,13972,20,1,math.OC
1150,1149,10,1,math.OC
1903,495,40,1,math.OC
14221,14230,1120,1,math.OC
6529,6531,2,1,math.OC
2273,2789,3,1,math.OC
573,6737,10,1,math.OC
791,2124,6,1,math.OC
2437,2438,6,1,math.OC
14194,14202,1050,1,math.OC
927,926,2,1,math.OC
3240,3241,1,1,math.OC
3205,5438,1,1,math.OC
2318,14231,6,1,math.OC
14196,14214,992,1,math.OC
8523,8525,12,1,math.OC
657,13970,15,1,math.OC
1385,5741,45,1,math.OC
14187,14203,1116,1,math.OC
14185,14215,850,1,math.OC
4241,4245,4,1,math.OC
54,3842,62,1,math.OC
14190,14209,1188,1,math.OC
578,5215,99,1,math.OC
1963,1961,20,1,math.OC
14192,14208,832,1,math.OC
1077,8073,0,1,math.OC
216,4381,3,1,math.OC
72,14054,8,1,math.OC
6311,10300,6,1,math.OC
412,8516,10,1,math.OC
38,6439,3,1,math.OC
14223,14225,992,1,math.OC
14191,14197,1056,1,math.OC
1385,1384,30,1,math.OC
799,7562,0,1,math.OC
13115,14103,3,1,math.OC
229,340,14,1,math.OC
13970,13971,9,1,math.OC
1359,1361,2,1,math.OC
14192,14202,780,1,math.OC
2577,4061,10,1,math.OC
1081,3979,6,1,math.OC
2944,2947,2,1,math.OC
14199,14225,1116,1,math.OC
428,11070,121,1,math.OC
13954,13956,4,1,math.OC
72,8663,4,1,math.OC
9236,9237,4,1,math.OC
14211,14229,1116,1,math.OC
291,4422,9,1,math.OC
3594,3598,25,1,math.OC
1863,7352,6,1,math.OC
5073,5072,5,1,math.OC
804,2046,27,1,math.OC
14193,14214,961,1,math.OC
2006,4440,35,1,math.OC
1211,5126,12,1,math.OC
8664,8666,4,1,math.OC
172,1262,144,1,math.OC
14187,14192,936,1,math.OC
615,1327,30,1,math.OC
3596,3600,25,1,math.OC
450,901,42,1,math.OC
730,885,10,1,math.OC
1913,1915,20,1,math.OC
1291,11361,40,1,math.OC
7295,8269,4,1,math.OC
2437,768,3,1,math.OC
11069,11071,54,1,math.OC
14208,14228,1184,1,math.OC
9834,14201,1369,1,math.OC
14194,14213,1085,1,math.OC
450,14118,7,1,math.OC
452,2641,45,1,math.OC
9445,9446,25,1,math.OC
1385,10566,30,1,math.OC
14193,14213,961,1,math.OC
1413,1121,2,1,math.OC
2506,2505,2,1,math.OC
14202,14206,1050,1,math.OC
7648,7649,0,1,math.OC
2835,2838,4,1,math.OC
782,633,72,1,math.OC
1211,2541,24,1,math.OC
14198,14206,1085,1,math.OC
1549,1914,30,1,math.OC
251,1425,18,1,math.OC
2674,4533,18,1,math.OC
5913,4393,12,1,math.OC
5668,6220,1,1,math.OC
14203,14230,992,1,math.OC
782,781,24,1,math.OC
9988,14224,990,1,math.OC
172,686,144,1,math.OC
14192,14220,702,1,math.OC
1765,5488,30,1,math.OC
3071,3073,16,1,math.OC
5485,5487,16,1,math.OC
14194,14218,1085,1,math.OC
459,461,0,1,math.OC
1262,2731,18,1,math.OC
657,659,15,1,math.OC
14189,14201,1332,1,math.OC
14184,14215,900,1,math.OC
14188,14197,960,1,math.OC
2539,5126,2,1,math.OC
6489,9721,8,1,math.OC
14185,14191,1122,1,math.OC
591,7335,22,1,math.OC
14198,14201,1147,1,math.OC
14202,14207,1110,1,math.OC
14195,14205,1020,1,math.OC
14206,14219,1085,1,math.OC
730,2835,20,1,math.OC
11954,12087,0,1,math.OC
395,9581,4,1,math.OC
14190,14213,1023,1,math.OC
4126,4128,1,1,math.OC
1168,3381,40,1,math.OC
434,517,0,1,math.OC
1808,3802,12,1,math.OC
4243,4244,4,1,math.OC
3340,4261,42,1,math.OC
507,1084,6,1,math.OC
4437,4439,20,1,math.OC
2041,8948,0,1,math.OC
14185,14187,1224,1,math.OC
9834,14223,1184,1,math.OC
14185,14227,1156,1,math.OC
14206,14212,1190,1,math.OC
14188,14203,930,1,math.OC
597,867,12,1,math.OC
13681,13684,4,1,math.OC
14196,14227,1088,1,math.OC
730,14079,20,1,math.OC
9988,14227,1122,1,math.OC
132,5700,11,1,math.OC
7335,7338,3,1,math.OC
949,5374,0,1,math.OC
166,168,4,1,math.OC
452,578,297,1,math.OC
907,908,6,1,math.OC
8665,8666,2,1,math.OC
1,136,0,1,math.OC
14196,14198,992,1,math.OC
860,864,18,1,math.OC
1248,8028,24,1,math.OC
14202,14222,1020,1,math.OC
3380,727,10,1,math.OC
291,294,9,1,math.OC
14223,14229,992,1,math.OC
1168,3385,40,1,math.OC
14213,14218,961,1,math.OC
3254,3257,4,1,math.OC
3255,3256,12,1,math.OC
2191,2194,6,1,math.OC
3870,3872,0,1,math.OC
300,2634,9,1,math.OC
14208,14215,800,1,math.OC
14184,14189,1296,1,math.OC
999,1000,12,1,math.OC
14189,14225,1116,1,math.OC
14207,14210,1184,1,math.OC
4261,11440,14,1,math.OC
8521,8523,16,1,math.OC
4951,5913,20,1,math.OC
4035,8575,12,1,math.OC
14217,14220,1026,1,math.OC
1093,8027,30,1,math.OC
14204,14208,1088,1,math.OC
8823,9173,54,1,math.OC
370,6409,10,1,math.OC
14188,14227,1020,1,math.OC
2454,5501,15,1,math.OC
782,5288,36,1,math.OC
14199,14222,1224,1,math.OC
591,2385,44,1,math.OC
2007,4440,45,1,math.OC
114,2226,0,1,math.OC
41,1540,2,1,math.OC
10491,10492,0,1,math.OC
14190,14215,825,1,math.OC
14189,14212,1224,1,math.OC
14196,14230,1024,1,math.OC
1045,4717,30,1,math.OC
2981,2982,1,1,math.OC
1045,8774,6,1,math.OC
9988,14198,1023,1,math.OC
14060,14246,3,1,math.OC
1,3380,30,1,math.OC
898,2171,7,1,math.OC
14198,14203,961,1,math.OC
3070,4991,3,0,math.OC
6724,7242,3,0,math.OC
6596,10839,8,0,math.OC
3189,7562,0,0,math.OC
1654,5730,4,0,math.OC
687,11799,6,0,math.OC
907,938,4,0,math.OC
860,3505,12,0,math.OC
860,5729,24,0,math.OC
10060,12459,2,0,math.OC
317,11955,6,0,math.OC
2918,4969,24,0,math.OC
1000,10300,8,0,math.OC
3445,3979,4,0,math.OC
873,4207,7,0,math.OC
2981,6337,1,0,math.OC
517,11909,0,0,math.OC
315,8656,6,0,math.OC
1964,5653,3,0,math.OC
160,905,8,0,math.OC
555,7829,8,0,math.OC
1948,4235,15,0,math.OC
3806,11276,5,0,math.OC
555,1413,8,0,math.OC
229,10566,4,0,math.OC
9917,10060,6,0,math.OC
1947,3205,6,0,math.OC
455,5792,2,0,math.OC
90,4211,6,0,math.OC
4655,10840,10,0,math.OC
4859,9834,185,0,math.OC
8521,8642,8,0,math.OC
2632,9562,2,0,math.OC
1809,1950,8,0,math.OC
769,3871,0,0,math.OC
5816,14188,60,0,math.OC
6027,14213,62,0,math.OC
6585,14132,2,0,math.OC
1047,5276,0,0,math.OC
2091,5577,24,0,math.OC
1000,5582,12,0,math.OC
176,13970,3,0,math.OC
660,7338,27,0,math.OC
585,10453,3,0,math.OC
4659,13955,30,0,math.OC
1006,4210,2,0,math.OC
863,10061,12,0,math.OC
315,2855,4,0,math.OC
7752,8563,16,0,math.OC
720,945,2,0,math.OC
1572,8642,12,0,math.OC
103,13976,4,0,math.OC
2169,7082,0,0,math.OC
2234,14131,6,0,math.OC
9834,13966,37,0,math.OC
1362,8689,2,0,math.OC
4766,5288,3,0,math.OC
17,1904,32,0,math.OC
230,1621,24,0,math.OC
2816,10029,1,0,math.OC
1502,10142,2,0,math.OC
1165,1350,0,0,math.OC
699,769,0,0,math.OC
177,315,2,0,math.OC
769,2024,0,0,math.OC
1748,10054,8,0,math.OC
1546,5480,4,0,math.OC
700,10704,3,0,math.OC
1264,5502,5,0,math.OC
10054,14225,124,0,math.OC
1417,7074,6,0,math.OC
479,10565,9,0,math.OC
8912,9444,4,0,math.OC
5544,5573,12,0,math.OC
4132,4211,20,0,math.OC
577,2091,12,0,math.OC
1664,5481,4,0,math.OC
783,13945,8,0,math.OC
859,5700,7,0,math.OC
1356,2634,3,0,math.OC
669,7418,8,0,math.OC
8774,14098,3,0,math.OC
4548,7173,3,0,math.OC
1107,11064,30,0,math.OC
8564,10841,16,0,math.OC
1575,1873,2,0,math.OC
6420,14130,4,0,math.OC
1121,9421,2,0,math.OC
5374,7242,0,0,math.OC
1004,11954,0,0,math.OC
4656,8948,0,0,math.OC
1690,12040,1,0,math.OC
7552,13390,2,0,math.OC
4232,11909,9,0,math.OC
1176,2541,4,0,math.OC
373,14222,34,0,math.OC
2316,7752,4,0,math.OC
5806,10062,2,0,math.OC
1335,7507,2,0,math.OC
251,516,6,0,math.OC
52,14252,3,0,math.OC
1502,8587,0,0,math.OC
4767,11780,4,0,math.OC
1652,13370,2,0,math.OC
229,13000,6,0,math.OC
1951,5542,20,0,math.OC
2665,5699,12,0,math.OC
665,13957,12,0,math.OC
9027,10054,8,0,math.OC
2549,7074,6,0,math.OC
156,9659,2,0,math.OC
493,8527,0,0,math.OC
40,2385,16,0,math.OC
2873,2943,15,0,math.OC
1654,3464,1,0,math.OC
700,4548,3,0,math.OC
868,6338,21,0,math.OC
2956,6275,2,0,math.OC
5216,5879,4,0,math.OC
1147,2226,0,0,math.OC
2640,5462,20,0,math.OC
40,4627,16,0,math.OC
1193,5073,10,0,math.OC
37,2981,12,0,math.OC
2666,10704,6,0,math.OC
12460,14170,2,0,math.OC
1748,3507,4,0,math.OC
3284,13953,3,0,math.OC
2234,10976,9,0,math.OC
3375,3872,0,0,math.OC
573,1572,30,0,math.OC
1316,2547,3,0,math.OC
713,4850,1,0,math.OC
10186,10305,6,0,math.OC
573,925,5,0,math.OC
260,2500,2,0,math.OC
3959,10839,4,0,math.OC
4565,14432,2,0,math.OC
1690,10979,3,0,math.OC
721,927,10,0,math.OC
48,4096,24,0,math.OC
8663,14197,32,0,math.OC
2695,7743,0,0,math.OC
5544,14185,136,0,math.OC
1665,2956,4,0,math.OC
5792,13115,1,0,math.OC
1264,3506,3,0,math.OC
1870,14100,1,0,math.OC
2611,5287,4,0,math.OC
6203,7752,20,0,math.OC
1341,2981,3,0,math.OC
416,3543,16,0,math.OC
2550,14213,93,0,math.OC
1122,4770,4,0,math.OC
4717,6846,5,0,math.OC
2696,5111,0,0,math.OC
372,14221,35,0,math.OC
4067,5816,4,0,math.OC
8587,10060,0,0,math.OC
569,10704,1,0,math.OC
3072,5645,4,0,math.OC
179,13951,15,0,math.OC
40,686,24,0,math.OC
36,5640,12,0,math.OC
1721,7277,6,0,math.OC
229,2944,4,0,math.OC
659,2668,21,0,math.OC
355,1848,0,0,math.OC
1712,1953,4,0,math.OC
3596,8805,25,0,math.OC
711,4237,0,0,math.OC
87,2442,8,0,math.OC
906,4104,2,0,math.OC
1921,1965,4,0,math.OC
2637,14231,14,0,math.OC
2454,13948,20,0,math.OC
10453,13956,4,0,math.OC
88,3319,8,0,math.OC
133,1017,6,0,math.OC
420,2242,16,0,math.OC
4094,14432,8,0,math.OC
5543,13955,20,0,math.OC
949,4410,2,0,math.OC
801,887,6,0,math.OC
2190,5643,6,0,math.OC
3872,13681,0,0,math.OC
72,103,16,0,math.OC
8268,14211,72,0,math.OC
47,1587,3,0,math.OC
360,1818,3,0,math.OC
9558,13243,9,0,math.OC
2063,4394,0,0,math.OC
726,7812,0,0,math.OC
704,6732,16,0,math.OC
774,1952,2,0,math.OC
5543,5589,12,0,math.OC
657,860,30,0,math.OC
1758,4850,1,0,math.OC
7977,11276,1,0,math.OC
6254,10049,0,0,math.OC
7075,13957,8,0,math.OC
1889,8689,4,0,math.OC
14206,14235,0,0,math.OC
10978,14060,12,0,math.OC
550,10704,3,0,math.OC
293,14169,12,0,math.OC
658,703,12,0,math.OC
450,5462,35,0,math.OC
689,1194,3,0,math.OC
2437,12048,6,0,math.OC
745,2815,0,0,math.OC
407,11149,14,0,math.OC
944,14243,1,0,math.OC
6424,7418,10,0,math.OC
1946,2115,6,0,math.OC
2901,8485,1,0,math.OC
555,8689,4,0,math.OC
2543,3444,12,0,math.OC
53,9107,3,0,math.OC
6918,9903,1,0,math.OC
474,1543,4,0,math.OC
804,10714,36,0,math.OC
2542,6337,6,0,math.OC
733,1385,15,0,math.OC
1665,6311,6,0,math.OC
2945,11071,18,0,math.OC
3789,12339,2,0,math.OC
146,1961,12,0,math.OC
608,2135,10,0,math.OC
124,136,0,0,math.OC
38,9109,3,0,math.OC
8390,9851,6,0,math.OC
2367,12757,15,0,math.OC
8467,9558,9,0,math.OC
5092,6731,2,0,math.OC
4769,8689,2,0,math.OC
3870,7345,2,0,math.OC
2667,8866,4,0,math.OC
782,2198,24,0,math.OC
1586,10978,8,0,math.OC
1413,11068,18,0,math.OC
906,931,4,0,math.OC
2814,3790,15,0,math.OC
766,6531,2,0,math.OC
2947,12047,1,0,math.OC
4238,5126,4,0,math.OC
927,6732,8,0,math.OC
590,6552,16,0,math.OC
782,5581,24,0,math.OC
890,2500,2,0,math.OC
6206,8521,20,0,math.OC
477,10049,1,0,math.OC
1665,4235,6,0,math.OC
7708,10841,16,0,math.OC
4035,6185,3,0,math.OC
3351,14211,36,0,math.OC
4649,6673,14,0,math.OC
2125,8268,4,0,math.OC
1746,2112,6,0,math.OC
607,7562,0,0,math.OC
1587,7708,12,0,math.OC
3460,13956,0,0,math.OC
1921,9530,4,0,math.OC
4168,5668,3,0,math.OC
5874,14054,4,0,math.OC
6622,13966,4,0,math.OC
4126,14064,2,0,math.OC
801,2854,1,0,math.OC
608,4763,15,0,math.OC
13000,14235,0,0,math.OC
4479,4806,3,0,math.OC
888,2831,0,0,math.OC
3562,9421,6,0,math.OC
863,2011,12,0,math.OC
460,13681,2,0,math.OC
3600,5759,20,0,math.OC
13944,13960,4,0,math.OC
1519,2563,14,0,math.OC
4439,11262,4,0,math.OC
1020,6275,1,0,math.OC
710,1122,0,0,math.OC
2190,5480,6,0,math.OC
146,5110,6,0,math.OC
6374,6410,6,0,math.OC
1966,2901,1,0,math.OC
494,2409,0,0,math.OC
9235,13967,2,0,math.OC
2116,10155,12,0,math.OC
257,7826,9,0,math.OC
915,13681,0,0,math.OC
939,4086,6,0,math.OC
3568,3596,25,0,math.OC
3786,5643,2,0,math.OC
103,3594,20,0,math.OC
1164,12844,0,0,math.OC
5873,12772,1,0,math.OC
804,10978,36,0,math.OC
37,14220,324,0,math.OC
2855,11909,6,0,math.OC
495,945,8,0,math.OC
4625,7744,2,0,math.OC
1707,14129,6,0,math.OC
1867,3659,0,0,math.OC
766,1426,3,0,math.OC
660,3340,54,0,math.OC
2789,3189,2,0,math.OC
3602,14174,4,0,math.OC
577,7744,2,0,math.OC
12051,14211,36,0,math.OC
607,1518,16,0,math.OC
3792,7519,4,0,math.OC
890,9809,2,0,math.OC
592,2558,57,0,math.OC
2797,14173,8,0,math.OC
593,1867,15,0,math.OC
839,11066,36,0,math.OC
13946,14229,93,0,math.OC
4949,12047,4,0,math.OC
3318,11800,9,0,math.OC
4654,13899,5,0,math.OC
2609,2611,4,0,math.OC
2674,13684,12,0,math.OC
292,6723,8,0,math.OC
426,14131,2,0,math.OC
160,914,8,0,math.OC
1177,4654,5,0,math.OC
397,2831,12,0,math.OC
3227,11111,4,0,math.OC
87,13371,0,0,math.OC
3072,7552,2,0,math.OC
5504,14200,124,0,math.OC
412,1818,15,0,math.OC
1359,4392,5,0,math.OC
844,12852,4,0,math.OC
4378,14256,2,0,math.OC
4951,5914,10,0,math.OC
9235,10565,6,0,math.OC
1316,14248,2,0,math.OC
452,569,9,0,math.OC
36,14246,4,0,math.OC
925,2070,2,0,math.OC
1177,5022,2,0,math.OC
295,3340,24,0,math.OC
6275,8587,0,0,math.OC
2123,3597,12,0,math.OC
6576,13957,8,0,math.OC
4267,7218,35,0,math.OC
2191,13958,9,0,math.OC
169,6409,6,0,math.OC
687,3464,3,0,math.OC
4093,5879,18,0,math.OC
298,2191,12,0,math.OC
843,2009,0,0,math.OC
2666,4653,24,0,math.OC
461,1916,0,0,math.OC
905,3561,12,0,math.OC
4991,7532,0,0,math.OC
6409,10109,0,0,math.OC
1660,2011,30,0,math.OC
4235,10029,3,0,math.OC
104,12808,3,0,math.OC
873,10110,0,0,math.OC
178,12339,6,0,math.OC
1572,4131,36,0,math.OC
407,2637,49,0,math.OC
2920,7296,6,0,math.OC
597,6419,9,0,math.OC
7648,14059,0,0,math.OC
1359,3596,5,0,math.OC
72,1084,8,0,math.OC
8524,11069,24,0,math.OC
11364,13899,1,0,math.OC
1457,2200,3,0,math.OC
2271,2286,2,0,math.OC
6205,14116,3,0,math.OC
1416,14195,60,0,math.OC
703,905,12,0,math.OC
3870,9234,2,0,math.OC
3568,12459,5,0,math.OC
460,6288,2,0,math.OC
159,3340,12,0,math.OC
1809,8518,8,0,math.OC
1704,10299,10,0,math.OC
634,4198,12,0,math.OC
9236,13117,4,0,math.OC
860,3387,18,0,math.OC
733,942,0,0,math.OC
124,1652,8,0,math.OC
885,927,2,0,math.OC
759,2410,0,0,math.OC
3562,3870,3,0,math.OC
3446,11148,4,0,math.OC
713,14079,2,0,math.OC
13945,13957,16,0,math.OC
1412,7512,2,0,math.OC
153,7811,3,0,math.OC
3979,5488,3,0,math.OC
36,8467,12,0,math.OC
907,2006,14,0,math.OC
633,711,0,0,math.OC
1283,3596,0,0,math.OC
2357,10979,3,0,math.OC
1077,8690,0,0,math.OC
107,4991,6,0,math.OC
13945,14222,136,0,math.OC
2126,14201,111,0,math.OC
14103,14180,6,0,math.OC
7709,14150,6,0,math.OC
1599,5150,0,0,math.OC
3979,7977,1,0,math.OC
3543,7904,12,0,math.OC
589,9308,8,0,math.OC
774,1360,6,0,math.OC
754,875,20,0,math.OC
13957,14223,128,0,math.OC
6723,14222,68,0,math.OC
4208,8806,4,0,math.OC
3561,6026,6,0,math.OC
2474,7075,0,0,math.OC
3256,5479,9,0,math.OC
54,774,31,0,math.OC
1661,5731,10,0,math.OC
1229,12889,1,0,math.OC
495,7161,0,0,math.OC
5760,5879,6,0,math.OC
5729,10776,16,0,math.OC
162,2680,6,0,math.OC
7751,14035,16,0,math.OC
61,889,8,0,math.OC
355,11068,0,0,math.OC
3189,9528,4,0,math.OC
459,8663,1,0,math.OC
1025,3543,4,0,math.OC
1914,4864,5,0,math.OC
2227,5751,0,0,math.OC
769,13435,0,0,math.OC
4422,9445,15,0,math.OC
4547,7243,12,0,math.OC
5324,6773,6,0,math.OC
665,10061,6,0,math.OC
3791,7763,4,0,math.OC
1903,3561,30,0,math.OC
2071,11111,6,0,math.OC
834,3850,4,0,math.OC
14,584,4,0,math.OC
1194,11997,1,0,math.OC
5582,8465,0,0,math.OC
2637,11778,21,0,math.OC
6621,12772,3,0,math.OC
2686,5654,63,0,math.OC
5582,7809,9,0,math.OC
1135,6596,2,0,math.OC
4763,5402,6,0,math.OC
2831,14142,10,0,math.OC
1412,4766,2,0,math.OC
2274,4236,6,0,math.OC
1846,9308,6,0,math.OC
3603,14231,2,0,math.OC
1546,11908,8,0,math.OC
1316,8859,1,0,math.OC
433,927,2,0,math.OC
1372,1413,4,0,math.OC
9833,14256,4,0,math.OC
1045,5466,18,0,math.OC
1069,10299,10,0,math.OC
2316,4763,3,0,math.OC
114,1457,1,0,math.OC
4769,14225,62,0,math.OC
958,1315,8,0,math.OC
371,1873,2,0,math.OC
2979,11361,5,0,math.OC
4210,13215,6,0,math.OC
156,4410,4,0,math.OC
665,9809,6,0,math.OC
4198,9448,12,0,math.OC
1950,10978,8,0,math.OC
659,857,3,0,math.OC
1914,8642,10,0,math.OC
1047,1747,0,0,math.OC
252,4127,24,0,math.OC
2835,14242,2,0,math.OC
48,721,40,0,math.OC
1916,8450,4,0,math.OC
5563,10186,0,0,math.OC
11950,13874,0,0,math.OC
1915,8643,10,0,math.OC
2442,6421,8,0,math.OC
3806,11907,10,0,math.OC
1711,2824,8,0,math.OC
1547,2981,6,0,math.OC
729,1949,27,0,math.OC
2410,5571,0,0,math.OC
2042,3189,2,0,math.OC
5540,11361,20,0,math.OC
8390,14223,64,0,math.OC
2789,10186,3,0,math.OC
509,1546,0,0,math.OC
2611,4410,4,0,math.OC
7417,11111,6,0,math.OC
939,2609,2,0,math.OC
52,10108,0,0,math.OC
1006,14128,3,0,math.OC
3482,4240,4,0,math.OC
658,13045,12,0,math.OC
4156,4166,12,0,math.OC
1965,10669,4,0,math.OC
2612,8948,0,0,math.OC
2361,5403,9,0,math.OC
7218,10492,0,0,math.OC
104,14432,6,0,math.OC
7880,8513,6,0,math.OC
2441,14170,10,0,math.OC
507,6734,6,0,math.OC
608,5325,15,0,math.OC
355,8690,0,0,math.OC
1356,12040,3,0,math.OC
939,2712,4,0,math.OC
4105,7531,0,0,math.OC
7944,9153,2,0,math.OC
11362,13946,9,0,math.OC
1707,2709,6,0,math.OC
7218,9445,35,0,math.OC
2318,9108,9,0,math.OC
1417,5481,6,0,math.OC
2367,3789,5,0,math.OC
5326,14118,4,0,math.OC
870,13970,18,0,math.OC
791,1501,3,0,math.OC
905,11722,4,0,math.OC
1191,1889,12,0,math.OC
904,5579,12,0,math.OC
8484,14225,62,0,math.OC
421,8518,6,0,math.OC
3258,14195,120,0,math.OC
1264,4439,4,0,math.OC
834,7744,2,0,math.OC
2091,2667,24,0,math.OC
1193,2609,4,0,math.OC
1704,6846,2,0,math.OC
1291,5643,16,0,math.OC
291,433,3,0,math.OC
2611,14213,62,0,math.OC
106,1690,3,0,math.OC
5577,14239,4,0,math.OC
726,8485,0,0,math.OC
5402,9530,4,0,math.OC
583,8665,7,0,math.OC
355,6205,0,0,math.OC
7026,13435,10,0,math.OC
11954,14216,0,0,math.OC
13390,13949,8,0,math.OC
2440,5700,1,0,math.OC
875,4245,10,0,math.OC
5539,11085,4,0,math.OC
4616,4676,24,0,math.OC
1743,4976,4,0,math.OC
373,14206,35,0,math.OC
1721,10169,4,0,math.OC
2275,5889,14,0,math.OC
799,4533,9,0,math.OC
3446,12808,2,0,math.OC
416,5406,8,0,math.OC
492,1362,12,0,math.OC
631,5480,4,0,math.OC
507,569,3,0,math.OC
168,11064,20,0,math.OC
874,14079,18,0,math.OC
509,5463,0,0,math.OC
583,1211,42,0,math.OC
315,4438,12,0,math.OC
5879,11702,6,0,math.OC
9444,12474,4,0,math.OC
6027,6185,2,0,math.OC
10071,10110,0,0,math.OC
593,7277,18,0,math.OC
4643,5327,12,0,math.OC
214,1084,6,0,math.OC
583,10372,7,0,math.OC
710,2200,0,0,math.OC
6418,8596,4,0,math.OC
1009,4482,8,0,math.OC
7732,11085,1,0,math.OC
1847,10029,2,0,math.OC
1653,11067,7,0,math.OC
1338,11064,30,0,math.OC
154,9557,6,0,math.OC
931,4410,4,0,math.OC
19,13951,15,0,math.OC
5545,8689,4,0,math.OC
1494,8688,9,0,math.OC
7297,14171,9,0,math.OC
5873,14223,32,0,math.OC
8690,14208,32,0,math.OC
699,14213,124,0,math.OC
1384,8565,8,0,math.OC
1077,1849,0,0,math.OC
1502,3871,1,0,math.OC
1372,1519,14,0,math.OC
1710,3482,2,0,math.OC
1540,7519,4,0,math.OC
1340,2070,4,0,math.OC
1690,2112,1,0,math.OC
1867,4625,10,0,math.OC
2242,13142,12,0,math.OC
4240,14219,124,0,math.OC
10453,13945,4,0,math.OC
1724,3255,12,0,math.OC
1005,14432,4,0,math.OC
1144,8867,9,0,math.OC
1017,4436,2,0,math.OC
7242,9234,2,0,math.OC
1904,3878,8,0,math.OC
666,12086,3,0,math.OC
8485,11718,2,0,math.OC
1659,9443,16,0,math.OC
1001,4199,3,0,math.OC
104,7880,9,0,math.OC
9235,10071,2,0,math.OC
4034,4949,20,0,math.OC
686,907,6,0,math.OC
2169,5438,0,0,math.OC
229,11950,6,0,math.OC
1870,7295,2,0,math.OC
5577,14229,124,0,math.OC
1147,5579,8,0,math.OC
1661,9107,2,0,math.OC
8666,13989,2,0,math.OC
87,10563,6,0,math.OC
8655,14227,102,0,math.OC
631,1004,2,0,math.OC
666,1599,0,0,math.OC
633,12048,12,0,math.OC
1949,2191,9,0,math.OC
4859,7709,15,0,math.OC
4422,4837,3,0,math.OC
3692,4156,0,0,math.OC
219,12844,0,0,math.OC
1920,4208,3,0,math.OC
2675,10306,20,0,math.OC
808,3543,8,0,math.OC
2208,8287,1,0,math.OC
3959,8450,2,0,math.OC
112,4096,24,0,math.OC
1322,4658,12,0,math.OC
4381,5806,1,0,math.OC
1904,3464,8,0,math.OC
1327,2558,9,0,math.OC
585,2815,6,0,math.OC
1322,4676,12,0,math.OC
2676,7754,30,0,math.OC
2440,14033,3,0,math.OC
10840,14056,6,0,math.OC
8451,9850,4,0,math.OC
2625,4810,8,0,math.OC
1914,9902,5,0,math.OC
266,686,3,0,math.OC
1747,3736,3,0,math.OC
6025,11364,2,0,math.OC
1707,9460,4,0,math.OC
2667,10167,20,0,math.OC
7744,12459,1,0,math.OC
5466,10839,12,0,math.OC
543,13947,12,0,math.OC
7827,8948,0,0,math.OC
4182,10071,2,0,math.OC
665,726,0,0,math.OC
4654,10704,5,0,math.OC
2637,4393,21,0,math.OC
2686,4267,35,0,math.OC
3071,9460,8,0,math.OC
888,11110,0,0,math.OC
1663,9529,4,0,math.OC
492,1576,18,0,math.OC
300,1653,9,0,math.OC
664,10975,9,0,math.OC
155,908,6,0,math.OC
1808,14243,6,0,math.OC
698,3240,3,0,math.OC
1262,14060,9,0,math.OC
1045,5571,18,0,math.OC
1165,7977,0,0,math.OC
550,781,6,0,math.OC
159,887,12,0,math.OC
133,1652,6,0,math.OC
3258,5490,0,0,math.OC
479,6737,6,0,math.OC
745,2835,0,0,math.OC
6026,13921,8,0,math.OC
4094,4212,12,0,math.OC
13435,14188,60,0,math.OC
1923,5022,6,0,math.OC
1229,2210,1,0,math.OC
2978,5082,3,0,math.OC
166,782,24,0,math.OC
298,3543,16,0,math.OC
5323,14187,72,0,math.OC
371,2063,0,0,math.OC
11909,14027,3,0,math.OC
72,11440,8,0,math.OC
6596,13920,0,0,math.OC
3505,4198,6,0,math.OC
96,8527,40,0,math.OC
2731,14204,204,0,math.OC
42,3568,15,0,math.OC
2247,3663,1,0,math.OC
2070,14229,62,0,math.OC
7344,8575,8,0,math.OC
8135,11814,9,0,math.OC
1549,14216,228,0,math.OC
167,2198,8,0,math.OC
684,11702,15,0,math.OC
3569,12459,3,0,math.OC
2234,3482,3,0,math.OC
7787,10978,4,0,math.OC
10840,14199,72,0,math.OC
1724,9903,3,0,math.OC
1144,14194,105,0,math.OC
2169,7791,0,0,math.OC
211,3790,6,0,math.OC
5402,14079,4,0,math.OC
1004,2105,1,0,math.OC
5590,9849,2,0,math.OC
5216,7811,2,0,math.OC
3240,5324,3,0,math.OC
1665,3190,6,0,math.OC
1922,8566,6,0,math.OC
8516,14161,2,0,math.OC
597,3444,9,0,math.OC
956,5857,3,0,math.OC
550,2200,9,0,math.OC
891,6276,4,0,math.OC
904,1865,12,0,math.OC
5407,6731,6,0,math.OC
3072,7829,4,0,math.OC
730,6206,50,0,math.OC
154,2474,0,0,math.OC
1313,4055,1,0,math.OC
2273,11276,3,0,math.OC
8565,14175,4,0,math.OC
1867,5481,10,0,math.OC
479,12460,3,0,math.OC
860,10620,12,0,math.OC
2979,6990,1,0,math.OC
6277,11440,2,0,math.OC
146,10054,12,0,math.OC
885,4615,3,0,math.OC
1661,8521,8,0,math.OC
105,479,24,0,math.OC
8287,8806,4,0,math.OC
4627,4684,2,0,math.OC
8688,14254,9,0,math.OC
1747,8322,6,0,math.OC
5654,8526,54,0,math.OC
590,3543,16,0,math.OC
636,8516,6,0,math.OC
461,10977,0,0,math.OC
2399,10063,6,0,math.OC
6339,8665,5,0,math.OC
7338,9443,12,0,math.OC
1283,9108,0,0,math.OC
2227,14139,0,0,math.OC
2797,13874,0,0,math.OC
4684,4763,3,0,math.OC
2192,5816,8,0,math.OC
3790,10566,6,0,math.OC
124,622,8,0,math.OC
2547,10977,9,0,math.OC
1361,3789,2,0,math.OC
1339,5082,9,0,math.OC
698,6990,3,0,math.OC
5589,8688,9,0,math.OC
5081,5487,8,0,math.OC
2700,2713,8,0,math.OC
161,9027,4,0,math.OC
455,843,4,0,math.OC
178,2026,9,0,math.OC
1413,5641,12,0,math.OC
6270,10492,0,0,math.OC
4678,6530,6,0,math.OC
1384,9308,4,0,math.OC
2009,6337,0,0,math.OC
2835,8136,8,0,math.OC
808,8694,8,0,math.OC
507,7543,0,0,math.OC
2634,3536,2,0,math.OC
1484,10167,30,0,math.OC
162,217,8,0,math.OC
2641,11379,5,0,math.OC
2844,4685,1,0,math.OC
1425,2362,9,0,math.OC
14224,14235,0,0,math.OC
17,1147,8,0,math.OC
3242,14228,111,0,math.OC
14,3872,0,0,math.OC
2438,4649,4,0,math.OC
634,3446,8,0,math.OC
702,859,21,0,math.OC
1870,12459,1,0,math.OC
859,6673,49,0,math.OC
2688,7829,8,0,math.OC
1492,4105,8,0,math.OC
2062,2946,3,0,math.OC
178,6204,15,0,math.OC
1019,5499,9,0,math.OC
1313,3227,2,0,math.OC
1047,5579,0,0,math.OC
10169,13967,4,0,math.OC
2506,8859,2,0,math.OC
666,783,6,0,math.OC
868,3380,70,0,math.OC
2367,7352,15,0,math.OC
2026,9948,6,0,math.OC
2577,6286,0,0,math.OC
1363,8197,2,0,math.OC
3536,8169,2,0,math.OC
370,906,10,0,math.OC
1921,4678,4,0,math.OC
9421,14198,62,0,math.OC
5889,14169,8,0,math.OC
3536,13947,12,0,math.OC
1168,9108,24,0,math.OC
2438,2820,6,0,math.OC
1211,13954,6,0,math.OC
721,831,5,0,math.OC
9234,13953,2,0,math.OC
1123,4127,0,0,math.OC
412,1006,5,0,math.OC
5298,8197,0,0,math.OC
10071,14199,36,0,math.OC
1540,4168,6,0,math.OC
3525,3842,8,0,math.OC
682,8823,30,0,math.OC
167,6846,4,0,math.OC
1194,2210,1,0,math.OC
4394,8464,0,0,math.OC
207,4011,6,0,math.OC
9659,10099,1,0,math.OC
2169,4864,0,0,math.OC
1342,4677,12,0,math.OC
298,2161,8,0,math.OC
1535,2112,2,0,math.OC
4393,7709,9,0,math.OC
1949,5791,9,0,math.OC
461,2731,0,0,math.OC
10669,11148,4,0,math.OC
370,3525,20,0,math.OC
3506,4520,0,0,math.OC
495,5582,12,0,math.OC
105,12087,8,0,math.OC
5572,5579,12,0,math.OC
868,10977,21,0,math.OC
3789,10168,4,0,math.OC
2577,3495,10,0,math.OC
2789,4717,5,0,math.OC
2638,7297,18,0,math.OC
939,9536,1,0,math.OC
3535,4659,12,0,math.OC
609,10564,6,0,math.OC
6202,6286,0,0,math.OC
96,783,16,0,math.OC
6204,11799,10,0,math.OC
1843,5485,8,0,math.OC
2939,2944,4,0,math.OC
1291,2803,56,0,math.OC
4232,4605,3,0,math.OC
901,1952,12,0,math.OC
136,1502,0,0,math.OC
687,10492,0,0,math.OC
543,1359,2,0,math.OC
450,14210,224,0,math.OC
3598,8525,15,0,math.OC
38,3258,12,0,math.OC
4769,9016,6,0,math.OC
508,6990,0,0,math.OC
5502,5730,20,0,math.OC
4067,13946,6,0,math.OC
7173,8664,6,0,math.OC
3603,9134,2,0,math.OC
7787,11950,3,0,math.OC
584,7074,2,0,math.OC
1155,14254,3,0,math.OC
4410,7649,2,0,math.OC
1176,4245,2,0,math.OC
689,7532,0,0,math.OC
720,4392,5,0,math.OC
3793,3794,2,1,cond-mat.dis-nn
222,5529,18,1,cond-mat.dis-nn
2555,10028,2,1,cond-mat.dis-nn
13678,13679,4,1,cond-mat.dis-nn
453,12389,0,1,cond-mat.dis-nn
146,5479,2,1,cond-mat.dis-nn
1863,1866,24,1,cond-mat.dis-nn
772,9401,8,1,cond-mat.dis-nn
759,2348,7,1,cond-mat.dis-nn
12684,12685,1,1,cond-mat.dis-nn
2135,4083,24,1,cond-mat.dis-nn
37,1304,112,1,cond-mat.dis-nn
1269,13441,14,1,cond-mat.dis-nn
3113,3117,3,1,cond-mat.dis-nn
172,862,252,1,cond-mat.dis-nn
1616,480,225,1,cond-mat.dis-nn
765,7517,15,1,cond-mat.dis-nn
7427,14062,7,1,cond-mat.dis-nn
317,1826,40,1,cond-mat.dis-nn
9398,9399,0,1,cond-mat.dis-nn
269,1948,63,1,cond-mat.dis-nn
1207,1209,2,1,cond-mat.dis-nn
2737,2738,0,1,cond-mat.dis-nn
37,1747,140,1,cond-mat.dis-nn
72,1322,36,1,cond-mat.dis-nn
5813,5815,0,1,cond-mat.dis-nn
665,1442,45,1,cond-mat.dis-nn
5014,5015,9,1,cond-mat.dis-nn
809,808,40,1,cond-mat.dis-nn
1545,12855,40,1,cond-mat.dis-nn
3217,3222,12,1,cond-mat.dis-nn
3750,4835,144,1,cond-mat.dis-nn
13019,13020,0,1,cond-mat.dis-nn
12179,12472,1,1,cond-mat.dis-nn
9268,763,2,1,cond-mat.dis-nn
2004,12474,5,1,cond-mat.dis-nn
2619,9587,30,1,cond-mat.dis-nn
12921,12924,42,1,cond-mat.dis-nn
279,2079,6,1,cond-mat.dis-nn
96,978,145,1,cond-mat.dis-nn
591,6551,98,1,cond-mat.dis-nn
2759,2761,2,1,cond-mat.dis-nn
2441,5642,21,1,cond-mat.dis-nn
7561,7562,15,1,cond-mat.dis-nn
1920,2224,2,1,cond-mat.dis-nn
13163,13294,14,1,cond-mat.dis-nn
2020,6574,20,1,cond-mat.dis-nn
13162,13290,5,1,cond-mat.dis-nn
938,9678,48,1,cond-mat.dis-nn
54,633,48,1,cond-mat.dis-nn
2944,2947,4,1,cond-mat.dis-nn
12916,12920,72,1,cond-mat.dis-nn
3558,6276,22,1,cond-mat.dis-nn
8835,8837,2,1,cond-mat.dis-nn
1864,1867,24,1,cond-mat.dis-nn
12913,12919,40,1,cond-mat.dis-nn
745,14388,6,1,cond-mat.dis-nn
1263,1967,32,1,cond-mat.dis-nn
11963,11964,8,1,cond-mat.dis-nn
2872,5409,1,1,cond-mat.dis-nn
279,404,3,1,cond-mat.dis-nn
12368,12370,2,1,cond-mat.dis-nn
13335,13337,0,1,cond-mat.dis-nn
13065,13066,1,1,cond-mat.dis-nn
149,12527,26,1,cond-mat.dis-nn
5555,11775,6,1,cond-mat.dis-nn
8121,13059,8,1,cond-mat.dis-nn
1771,14312,0,1,cond-mat.dis-nn
4307,1127,12,1,cond-mat.dis-nn
807,505,91,1,cond-mat.dis-nn
6751,4681,0,1,cond-mat.dis-nn
8134,8136,9,1,cond-mat.dis-nn
323,448,20,1,cond-mat.dis-nn
80,3336,21,1,cond-mat.dis-nn
12928,13213,3,1,cond-mat.dis-nn
5010,12276,16,1,cond-mat.dis-nn
953,954,24,1,cond-mat.dis-nn
695,697,1,1,cond-mat.dis-nn
317,314,20,1,cond-mat.dis-nn
217,4663,130,1,cond-mat.dis-nn
1970,3527,10,1,cond-mat.dis-nn
1398,12296,9,1,cond-mat.dis-nn
990,992,0,1,cond-mat.dis-nn
2596,4085,0,1,cond-mat.dis-nn
931,4607,21,1,cond-mat.dis-nn
938,505,84,1,cond-mat.dis-nn
13598,13599,0,1,cond-mat.dis-nn
3462,13312,1,1,cond-mat.dis-nn
13580,13581,1,1,cond-mat.dis-nn
10029,14487,1,1,cond-mat.dis-nn
13247,13248,4,1,cond-mat.dis-nn
1992,1995,5,1,cond-mat.dis-nn
1377,1380,21,1,cond-mat.dis-nn
3938,3942,8,1,cond-mat.dis-nn
795,290,120,1,cond-mat.dis-nn
3169,3465,2,1,cond-mat.dis-nn
807,4089,117,1,cond-mat.dis-nn
12707,12708,10,1,cond-mat.dis-nn
111,2251,5,1,cond-mat.dis-nn
12523,12524,2,1,cond-mat.dis-nn
958,8538,11,1,cond-mat.dis-nn
99,13217,0,1,cond-mat.dis-nn
251,382,60,1,cond-mat.dis-nn
2011,12542,35,1,cond-mat.dis-nn
730,12410,50,1,cond-mat.dis-nn
231,6375,44,1,cond-mat.dis-nn
60,111,90,1,cond-mat.dis-nn
2710,12866,0,1,cond-mat.dis-nn
13339,13345,30,1,cond-mat.dis-nn
457,2521,5,1,cond-mat.dis-nn
298,13420,13,1,cond-mat.dis-nn
2945,2946,4,1,cond-mat.dis-nn
12672,12673,2,1,cond-mat.dis-nn
100,1923,20,1,cond-mat.dis-nn
1905,1907,4,1,cond-mat.dis-nn
5284,5285,0,1,cond-mat.dis-nn
929,13399,11,1,cond-mat.dis-nn
1301,3442,8,1,cond-mat.dis-nn
201,13352,38,1,cond-mat.dis-nn
395,1851,105,1,cond-mat.dis-nn
1649,5523,1,1,cond-mat.dis-nn
317,727,20,1,cond-mat.dis-nn
5049,8213,4,1,cond-mat.dis-nn
305,308,18,1,cond-mat.dis-nn
2761,4078,6,1,cond-mat.dis-nn
10831,10832,2,1,cond-mat.dis-nn
37,2394,56,1,cond-mat.dis-nn
8947,10593,20,1,cond-mat.dis-nn
4607,9724,28,1,cond-mat.dis-nn
166,1617,48,1,cond-mat.dis-nn
54,166,192,1,cond-mat.dis-nn
473,815,12,1,cond-mat.dis-nn
6265,6266,10,1,cond-mat.dis-nn
179,538,12,1,cond-mat.dis-nn
12377,12378,6,1,cond-mat.dis-nn
730,1353,125,1,cond-mat.dis-nn
957,12511,6,1,cond-mat.dis-nn
6580,12325,0,1,cond-mat.dis-nn
668,13622,0,1,cond-mat.dis-nn
12768,12770,12,1,cond-mat.dis-nn
1969,3527,14,1,cond-mat.dis-nn
502,5611,16,1,cond-mat.dis-nn
8150,12315,1,1,cond-mat.dis-nn
92,985,42,1,cond-mat.dis-nn
748,3634,12,1,cond-mat.dis-nn
138,3338,3,1,cond-mat.dis-nn
1150,434,104,1,cond-mat.dis-nn
9162,9165,16,1,cond-mat.dis-nn
2171,2637,28,1,cond-mat.dis-nn
158,2790,63,1,cond-mat.dis-nn
1161,1256,30,1,cond-mat.dis-nn
4616,7707,1,1,cond-mat.dis-nn
5120,5121,6,1,cond-mat.dis-nn
12917,12920,56,1,cond-mat.dis-nn
13244,13245,0,1,cond-mat.dis-nn
12528,12529,0,1,cond-mat.dis-nn
4290,13481,35,1,cond-mat.dis-nn
13227,13228,2,1,cond-mat.dis-nn
260,1309,180,1,cond-mat.dis-nn
412,2674,6,1,cond-mat.dis-nn
140,142,4,1,cond-mat.dis-nn
4835,7686,30,1,cond-mat.dis-nn
12918,12920,56,1,cond-mat.dis-nn
54,4061,240,1,cond-mat.dis-nn
11775,11777,6,1,cond-mat.dis-nn
7312,7943,8,1,cond-mat.dis-nn
172,13209,108,1,cond-mat.dis-nn
13227,13400,0,1,cond-mat.dis-nn
218,242,123,1,cond-mat.dis-nn
3945,8383,6,1,cond-mat.dis-nn
382,13198,0,1,cond-mat.dis-nn
580,13522,7,1,cond-mat.dis-nn
2754,13109,30,1,cond-mat.dis-nn
13124,10518,5,1,cond-mat.dis-nn
7312,9596,6,1,cond-mat.dis-nn
730,885,25,1,cond-mat.dis-nn
1892,1893,12,1,cond-mat.dis-nn
12376,12380,1,1,cond-mat.dis-nn
11966,11967,8,1,cond-mat.dis-nn
54,9279,288,1,cond-mat.dis-nn
13421,13422,0,1,cond-mat.dis-nn
7420,7421,4,1,cond-mat.dis-nn
9730,11967,16,1,cond-mat.dis-nn
12376,12381,1,1,cond-mat.dis-nn
1558,2251,5,1,cond-mat.dis-nn
711,12879,10,1,cond-mat.dis-nn
2439,9855,32,1,cond-mat.dis-nn
12919,12921,30,1,cond-mat.dis-nn
1654,13029,0,1,cond-mat.dis-nn
1747,12392,60,1,cond-mat.dis-nn
1385,581,80,1,cond-mat.dis-nn
3836,3292,0,1,cond-mat.dis-nn
226,10560,20,1,cond-mat.dis-nn
2281,2282,0,1,cond-mat.dis-nn
4592,12866,0,1,cond-mat.dis-nn
12945,12946,2,1,cond-mat.dis-nn
802,2499,65,1,cond-mat.dis-nn
927,428,4,1,cond-mat.dis-nn
317,2438,40,1,cond-mat.dis-nn
2178,2182,2,1,cond-mat.dis-nn
1394,9294,0,1,cond-mat.dis-nn
2297,6666,2,1,cond-mat.dis-nn
7276,7277,10,1,cond-mat.dis-nn
2604,7425,15,1,cond-mat.dis-nn
1098,9668,16,1,cond-mat.dis-nn
3114,4820,24,1,cond-mat.dis-nn
5167,12769,30,1,cond-mat.dis-nn
582,13308,84,1,cond-mat.dis-nn
127,10177,16,1,cond-mat.dis-nn
749,750,1,1,cond-mat.dis-nn
12801,12803,6,1,cond-mat.dis-nn
407,2225,95,1,cond-mat.dis-nn
3744,480,100,1,cond-mat.dis-nn
9016,9018,0,1,cond-mat.dis-nn
5757,8553,5,1,cond-mat.dis-nn
578,13209,69,1,cond-mat.dis-nn
2841,12330,0,1,cond-mat.dis-nn
2442,2440,5,1,cond-mat.dis-nn
209,210,45,1,cond-mat.dis-nn
899,12100,5,1,cond-mat.dis-nn
888,1529,7,1,cond-mat.dis-nn
2965,6606,3,1,cond-mat.dis-nn
1300,2620,15,1,cond-mat.dis-nn
62,5987,116,1,cond-mat.dis-nn
2748,2058,121,1,cond-mat.dis-nn
6396,6398,3,1,cond-mat.dis-nn
1545,14079,60,1,cond-mat.dis-nn
3276,3787,0,1,cond-mat.dis-nn
1203,2801,12,1,cond-mat.dis-nn
320,1014,3,1,cond-mat.dis-nn
14139,14142,16,1,cond-mat.dis-nn
4481,6622,30,1,cond-mat.dis-nn
5118,10709,20,1,cond-mat.dis-nn
650,13055,0,1,cond-mat.dis-nn
5049,5169,8,1,cond-mat.dis-nn
46,424,330,1,cond-mat.dis-nn
124,339,40,1,cond-mat.dis-nn
2022,6088,6,1,cond-mat.dis-nn
12072,12073,1,1,cond-mat.dis-nn
96,420,290,1,cond-mat.dis-nn
307,308,18,1,cond-mat.dis-nn
955,2169,24,1,cond-mat.dis-nn
14479,14480,16,1,cond-mat.dis-nn
2283,12645,4,1,cond-mat.dis-nn
895,897,12,1,cond-mat.dis-nn
397,578,115,1,cond-mat.dis-nn
3334,3335,6,1,cond-mat.dis-nn
12643,13561,4,1,cond-mat.dis-nn
37,9625,112,1,cond-mat.dis-nn
12926,12927,4,1,cond-mat.dis-nn
1820,1821,4,1,cond-mat.dis-nn
804,7943,112,1,cond-mat.dis-nn
2350,10448,16,1,cond-mat.dis-nn
152,12722,14,1,cond-mat.dis-nn
2748,2755,88,1,cond-mat.dis-nn
13059,13061,8,1,cond-mat.dis-nn
617,1876,2,1,cond-mat.dis-nn
866,1142,48,1,cond-mat.dis-nn
938,1851,84,1,cond-mat.dis-nn
2441,5641,14,1,cond-mat.dis-nn
9555,9556,1,1,cond-mat.dis-nn
1319,3360,9,1,cond-mat.dis-nn
11841,11842,4,1,cond-mat.dis-nn
12697,12698,12,1,cond-mat.dis-nn
217,220,169,1,cond-mat.dis-nn
2799,7942,6,1,cond-mat.dis-nn
1425,591,98,1,cond-mat.dis-nn
270,7416,76,1,cond-mat.dis-nn
126,10561,12,1,cond-mat.dis-nn
1374,1375,24,1,cond-mat.dis-nn
9403,14139,16,1,cond-mat.dis-nn
2350,290,96,1,cond-mat.dis-nn
12962,12963,6,1,cond-mat.dis-nn
12411,12788,10,1,cond-mat.dis-nn
2057,2776,45,1,cond-mat.dis-nn
3454,1540,15,1,cond-mat.dis-nn
13338,13344,42,1,cond-mat.dis-nn
1862,5867,6,1,cond-mat.dis-nn
96,1484,232,1,cond-mat.dis-nn
13053,13054,1,1,cond-mat.dis-nn
2223,1920,6,1,cond-mat.dis-nn
6245,13652,1,1,cond-mat.dis-nn
901,13115,72,1,cond-mat.dis-nn
1743,12392,84,1,cond-mat.dis-nn
2059,7135,65,1,cond-mat.dis-nn
216,1328,0,1,cond-mat.dis-nn
1076,2275,204,1,cond-mat.dis-nn
1542,13293,24,1,cond-mat.dis-nn
748,749,3,1,cond-mat.dis-nn
229,12611,14,1,cond-mat.dis-nn
479,1116,319,1,cond-mat.dis-nn
1080,10358,0,1,cond-mat.dis-nn
578,861,138,1,cond-mat.dis-nn
13338,13345,35,1,cond-mat.dis-nn
12960,172,216,1,cond-mat.dis-nn
4616,7709,2,1,cond-mat.dis-nn
3086,13384,4,1,cond-mat.dis-nn
578,13285,46,1,cond-mat.dis-nn
2091,4089,27,1,cond-mat.dis-nn
1992,12583,5,1,cond-mat.dis-nn
1863,1867,24,1,cond-mat.dis-nn
13339,13342,36,1,cond-mat.dis-nn
2283,8462,0,1,cond-mat.dis-nn
12408,12409,0,1,cond-mat.dis-nn
418,472,0,1,cond-mat.dis-nn
218,217,533,1,cond-mat.dis-nn
5813,5816,0,1,cond-mat.dis-nn
1594,1736,12,1,cond-mat.dis-nn
42,4605,72,1,cond-mat.dis-nn
1851,808,28,1,cond-mat.dis-nn
2275,13173,17,1,cond-mat.dis-nn
382,13266,15,1,cond-mat.dis-nn
13341,13344,48,1,cond-mat.dis-nn
270,13373,114,1,cond-mat.dis-nn
807,9678,52,1,cond-mat.dis-nn
226,225,0,1,cond-mat.dis-nn
5749,6365,3,1,cond-mat.dis-nn
125,709,7,1,cond-mat.dis-nn
12765,12770,16,1,cond-mat.dis-nn
4663,3869,10,1,cond-mat.dis-nn
1545,13293,60,1,cond-mat.dis-nn
8698,8699,4,1,cond-mat.dis-nn
551,3515,63,1,cond-mat.dis-nn
6066,8479,3,1,cond-mat.dis-nn
3870,3872,0,1,cond-mat.dis-nn
1173,9572,14,1,cond-mat.dis-nn
6052,10940,2,1,cond-mat.dis-nn
3945,8385,3,1,cond-mat.dis-nn
2619,2620,18,1,cond-mat.dis-nn
729,7312,22,1,cond-mat.dis-nn
3823,3825,9,1,cond-mat.dis-nn
584,13290,2,1,cond-mat.dis-nn
260,665,270,1,cond-mat.dis-nn
317,2627,60,1,cond-mat.dis-nn
7486,11109,2,1,cond-mat.dis-nn
2207,7257,6,1,cond-mat.dis-nn
1974,4406,12,1,cond-mat.dis-nn
6635,13389,0,1,cond-mat.dis-nn
1072,1484,24,1,cond-mat.dis-nn
890,3159,14,1,cond-mat.dis-nn
8391,8392,0,1,cond-mat.dis-nn
695,1684,2,1,cond-mat.dis-nn
83,13065,9,1,cond-mat.dis-nn
807,938,156,1,cond-mat.dis-nn
881,9268,6,1,cond-mat.dis-nn
2972,2973,0,1,cond-mat.dis-nn
493,496,30,1,cond-mat.dis-nn
975,14124,24,1,cond-mat.dis-nn
593,6525,1,1,cond-mat.dis-nn
1328,2452,8,1,cond-mat.dis-nn
37,1738,140,1,cond-mat.dis-nn
733,5374,0,1,cond-mat.dis-nn
270,7135,190,1,cond-mat.dis-nn
13309,13311,1,1,cond-mat.dis-nn
1425,7943,56,1,cond-mat.dis-nn
83,12850,0,1,cond-mat.dis-nn
138,4880,6,1,cond-mat.dis-nn
4663,6298,40,1,cond-mat.dis-nn
4499,4500,1,1,cond-mat.dis-nn
269,624,84,1,cond-mat.dis-nn
1713,10750,16,1,cond-mat.dis-nn
8321,8322,0,1,cond-mat.dis-nn
37,12451,56,1,cond-mat.dis-nn
9587,9588,5,1,cond-mat.dis-nn
1736,3233,8,1,cond-mat.dis-nn
5741,3543,16,1,cond-mat.dis-nn
13220,13223,20,1,cond-mat.dis-nn
6762,11985,1,1,cond-mat.dis-nn
447,449,30,1,cond-mat.dis-nn
8221,8223,3,1,cond-mat.dis-nn
6324,13492,3,1,cond-mat.dis-nn
7674,7675,4,1,cond-mat.dis-nn
412,410,12,1,cond-mat.dis-nn
1531,2332,45,1,cond-mat.dis-nn
51,4989,45,1,cond-mat.dis-nn
1076,45,132,1,cond-mat.dis-nn
10453,12581,2,1,cond-mat.dis-nn
5498,13921,3,1,cond-mat.dis-nn
771,2999,4,1,cond-mat.dis-nn
2020,5620,10,1,cond-mat.dis-nn
4243,4244,6,1,cond-mat.dis-nn
7707,7709,2,1,cond-mat.dis-nn
2556,10027,0,1,cond-mat.dis-nn
975,479,348,1,cond-mat.dis-nn
497,1116,33,1,cond-mat.dis-nn
1543,12479,96,1,cond-mat.dis-nn
9161,9166,24,1,cond-mat.dis-nn
665,1369,0,1,cond-mat.dis-nn
61,1851,105,1,cond-mat.dis-nn
13106,13442,7,1,cond-mat.dis-nn
11591,13297,4,1,cond-mat.dis-nn
12490,12762,9,1,cond-mat.dis-nn
12639,13078,6,1,cond-mat.dis-nn
12915,12917,70,1,cond-mat.dis-nn
4256,4257,0,1,cond-mat.dis-nn
479,729,638,1,cond-mat.dis-nn
4607,9080,14,1,cond-mat.dis-nn
1322,1321,2,1,cond-mat.dis-nn
551,13314,18,1,cond-mat.dis-nn
7011,7293,12,1,cond-mat.dis-nn
12750,14290,15,1,cond-mat.dis-nn
107,1587,0,1,cond-mat.dis-nn
1673,1674,0,1,cond-mat.dis-nn
10940,10942,2,1,cond-mat.dis-nn
2747,13043,66,1,cond-mat.dis-nn
624,12316,8,1,cond-mat.dis-nn
48,50,2,1,cond-mat.dis-nn
8859,8860,2,1,cond-mat.dis-nn
12919,12923,40,1,cond-mat.dis-nn
1545,2275,340,1,cond-mat.dis-nn
1954,2631,1,1,cond-mat.dis-nn
12412,12141,16,1,cond-mat.dis-nn
12767,12770,20,1,cond-mat.dis-nn
2623,12627,7,1,cond-mat.dis-nn
812,813,7,1,cond-mat.dis-nn
1735,3234,16,1,cond-mat.dis-nn
2748,7135,55,1,cond-mat.dis-nn
1378,1377,24,1,cond-mat.dis-nn
80,12510,0,1,cond-mat.dis-nn
297,12488,32,1,cond-mat.dis-nn
2057,13265,45,1,cond-mat.dis-nn
72,3482,108,1,cond-mat.dis-nn
5741,8158,12,1,cond-mat.dis-nn
370,1628,10,1,cond-mat.dis-nn
2328,2331,16,1,cond-mat.dis-nn
13480,13483,20,1,cond-mat.dis-nn
829,4929,12,1,cond-mat.dis-nn
2204,2499,15,1,cond-mat.dis-nn
888,12997,7,1,cond-mat.dis-nn
4240,4243,9,1,cond-mat.dis-nn
54,2748,528,1,cond-mat.dis-nn
2137,2499,25,1,cond-mat.dis-nn
2747,5120,22,1,cond-mat.dis-nn
938,2822,36,1,cond-mat.dis-nn
5150,37,168,1,cond-mat.dis-nn
3113,3116,3,1,cond-mat.dis-nn
729,866,528,1,cond-mat.dis-nn
492,12688,57,1,cond-mat.dis-nn
5072,5073,4,1,cond-mat.dis-nn
12308,12686,32,1,cond-mat.dis-nn
958,1072,33,1,cond-mat.dis-nn
3290,3291,1,1,cond-mat.dis-nn
502,1356,96,1,cond-mat.dis-nn
1004,1006,0,1,cond-mat.dis-nn
2839,650,0,1,cond-mat.dis-nn
1067,1256,4,1,cond-mat.dis-nn
62,5867,29,1,cond-mat.dis-nn
12911,12919,40,1,cond-mat.dis-nn
424,5591,45,1,cond-mat.dis-nn
3750,4086,144,1,cond-mat.dis-nn
942,943,4,1,cond-mat.dis-nn
323,2907,8,1,cond-mat.dis-nn
1192,1850,25,1,cond-mat.dis-nn
12426,12427,8,1,cond-mat.dis-nn
424,684,255,1,cond-mat.dis-nn
46,1072,66,1,cond-mat.dis-nn
1080,1305,0,1,cond-mat.dis-nn
322,1633,18,1,cond-mat.dis-nn
7293,12803,9,1,cond-mat.dis-nn
72,931,54,1,cond-mat.dis-nn
12275,12426,20,1,cond-mat.dis-nn
1076,12411,24,1,cond-mat.dis-nn
2161,8986,32,1,cond-mat.dis-nn
2137,2205,30,1,cond-mat.dis-nn
12433,12434,0,1,cond-mat.dis-nn
13376,13377,4,1,cond-mat.dis-nn
2072,13207,36,1,cond-mat.dis-nn
8730,8731,4,1,cond-mat.dis-nn
1821,11114,4,1,cond-mat.dis-nn
1385,4307,80,1,cond-mat.dis-nn
2556,12861,2,1,cond-mat.dis-nn
2178,2181,2,1,cond-mat.dis-nn
96,5504,87,1,cond-mat.dis-nn
8604,13123,1,1,cond-mat.dis-nn
223,224,5,1,cond-mat.dis-nn
1441,12303,2,1,cond-mat.dis-nn
12413,12415,12,1,cond-mat.dis-nn
12679,13556,2,1,cond-mat.dis-nn
3197,13356,2,1,cond-mat.dis-nn
766,764,3,1,cond-mat.dis-nn
557,625,11,1,cond-mat.dis-nn
9129,9130,0,1,cond-mat.dis-nn
1945,12814,5,1,cond-mat.dis-nn
2020,2022,30,1,cond-mat.dis-nn
9655,9656,0,1,cond-mat.dis-nn
7686,7687,30,1,cond-mat.dis-nn
446,6433,7,1,cond-mat.dis-nn
96,5072,29,1,cond-mat.dis-nn
2137,2204,15,1,cond-mat.dis-nn
6997,6999,0,1,cond-mat.dis-nn
237,794,0,1,cond-mat.dis-nn
693,12799,0,1,cond-mat.dis-nn
1097,1344,8,1,cond-mat.dis-nn
1389,4215,12,1,cond-mat.dis-nn
13528,13531,12,1,cond-mat.dis-nn
1770,14312,0,1,cond-mat.dis-nn
4605,4606,6,1,cond-mat.dis-nn
2650,2649,16,1,cond-mat.dis-nn
263,5015,12,1,cond-mat.dis-nn
3221,3222,20,1,cond-mat.dis-nn
12997,12999,2,1,cond-mat.dis-nn
418,473,16,1,cond-mat.dis-nn
652,8317,6,1,cond-mat.dis-nn
1892,9648,0,1,cond-mat.dis-nn
270,2058,418,1,cond-mat.dis-nn
4308,11636,4,1,cond-mat.dis-nn
217,1226,13,1,cond-mat.dis-nn
6396,6399,2,1,cond-mat.dis-nn
12757,13243,6,1,cond-mat.dis-nn
541,1390,8,1,cond-mat.dis-nn
97,99,39,1,cond-mat.dis-nn
1017,13989,10,1,cond-mat.dis-nn
683,9645,22,1,cond-mat.dis-nn
713,12660,0,1,cond-mat.dis-nn
938,2062,60,1,cond-mat.dis-nn
210,4019,3,1,cond-mat.dis-nn
13018,13020,0,1,cond-mat.dis-nn
4840,4839,2,1,cond-mat.dis-nn
201,3869,19,1,cond-mat.dis-nn
93,3869,17,1,cond-mat.dis-nn
111,1861,40,1,cond-mat.dis-nn
585,4607,42,1,cond-mat.dis-nn
151,1175,15,1,cond-mat.dis-nn
61,13211,60,1,cond-mat.dis-nn
2323,2325,1,1,cond-mat.dis-nn
585,4391,6,1,cond-mat.dis-nn
132,13989,16,1,cond-mat.dis-nn
9266,14140,12,1,cond-mat.dis-nn
446,12535,14,1,cond-mat.dis-nn
14,1572,4,1,cond-mat.dis-nn
11819,11820,6,1,cond-mat.dis-nn
12477,12478,0,1,cond-mat.dis-nn
5919,6545,4,1,cond-mat.dis-nn
209,6781,30,1,cond-mat.dis-nn
807,2233,26,1,cond-mat.dis-nn
138,3339,6,1,cond-mat.dis-nn
1398,12294,12,1,cond-mat.dis-nn
4138,4140,24,1,cond-mat.dis-nn
2393,7366,10,1,cond-mat.dis-nn
2275,3714,17,1,cond-mat.dis-nn
420,1661,30,1,cond-mat.dis-nn
673,884,2,1,cond-mat.dis-nn
8880,8881,9,1,cond-mat.dis-nn
572,2172,56,1,cond-mat.dis-nn
123,4858,0,1,cond-mat.dis-nn
12392,12788,60,1,cond-mat.dis-nn
4210,4212,0,1,cond-mat.dis-nn
279,3427,6,1,cond-mat.dis-nn
1161,2479,45,1,cond-mat.dis-nn
54,3543,192,1,cond-mat.dis-nn
218,12466,82,1,cond-mat.dis-nn
4099,11425,0,1,cond-mat.dis-nn
639,726,6,1,cond-mat.dis-nn
2006,7707,3,1,cond-mat.dis-nn
691,12799,0,1,cond-mat.dis-nn
422,577,44,1,cond-mat.dis-nn
60,1027,108,1,cond-mat.dis-nn
2060,2420,20,1,cond-mat.dis-nn
12070,12072,1,1,cond-mat.dis-nn
71,2567,48,1,cond-mat.dis-nn
1456,2096,6,1,cond-mat.dis-nn
3750,7416,48,1,cond-mat.dis-nn
127,5591,48,1,cond-mat.dis-nn
11591,13133,2,1,cond-mat.dis-nn
1098,1344,16,1,cond-mat.dis-nn
2283,12854,0,1,cond-mat.dis-nn
633,422,4,1,cond-mat.dis-nn
1647,13216,0,1,cond-mat.dis-nn
865,2445,14,1,cond-mat.dis-nn
12775,12776,2,1,cond-mat.dis-nn
13066,13067,2,1,cond-mat.dis-nn
4607,317,140,1,cond-mat.dis-nn
859,577,88,1,cond-mat.dis-nn
9161,9165,16,1,cond-mat.dis-nn
881,1045,45,1,cond-mat.dis-nn
13442,13443,2,1,cond-mat.dis-nn
4210,4211,0,1,cond-mat.dis-nn
3080,3081,4,1,cond-mat.dis-nn
2498,10944,0,1,cond-mat.dis-nn
12913,12923,64,1,cond-mat.dis-nn
12633,7473,8,1,cond-mat.dis-nn
12275,7473,20,1,cond-mat.dis-nn
2965,5055,2,1,cond-mat.dis-nn
3689,3690,4,1,cond-mat.dis-nn
12745,12746,0,1,cond-mat.dis-nn
782,3543,16,1,cond-mat.dis-nn
551,549,9,1,cond-mat.dis-nn
13135,13369,0,1,cond-mat.dis-nn
179,539,30,1,cond-mat.dis-nn
217,1356,156,1,cond-mat.dis-nn
1066,3370,5,1,cond-mat.dis-nn
202,1738,40,1,cond-mat.dis-nn
4139,4141,12,1,cond-mat.dis-nn
3558,3576,22,1,cond-mat.dis-nn
1763,5486,24,1,cond-mat.dis-nn
12649,12651,1,1,cond-mat.dis-nn
12748,12751,15,1,cond-mat.dis-nn
80,12545,7,1,cond-mat.dis-nn
12792,12793,2,1,cond-mat.dis-nn
1424,1770,1,1,cond-mat.dis-nn
1098,10910,0,1,cond-mat.dis-nn
765,766,15,1,cond-mat.dis-nn
260,1308,90,1,cond-mat.dis-nn
90,231,110,1,cond-mat.dis-nn
1385,5118,100,1,cond-mat.dis-nn
111,1558,25,1,cond-mat.dis-nn
650,651,0,1,cond-mat.dis-nn
876,5590,1,1,cond-mat.dis-nn
1370,4917,48,1,cond-mat.dis-nn
9163,9164,15,1,cond-mat.dis-nn
1759,6376,0,1,cond-mat.dis-nn
231,467,77,1,cond-mat.dis-nn
8619,8621,4,1,cond-mat.dis-nn
985,13292,63,1,cond-mat.dis-nn
1939,12688,15,1,cond-mat.dis-nn
1543,14137,48,1,cond-mat.dis-nn
726,4916,3,1,cond-mat.dis-nn
7685,7686,10,1,cond-mat.dis-nn
214,3396,15,1,cond-mat.dis-nn
1192,1851,35,1,cond-mat.dis-nn
407,3604,57,1,cond-mat.dis-nn
1592,3232,10,1,cond-mat.dis-nn
2235,12411,10,1,cond-mat.dis-nn
2283,12644,8,1,cond-mat.dis-nn
1386,1388,2,1,cond-mat.dis-nn
12791,12793,2,1,cond-mat.dis-nn
778,3739,0,1,cond-mat.dis-nn
1097,9668,8,1,cond-mat.dis-nn
2315,13271,2,1,cond-mat.dis-nn
13143,13145,1,1,cond-mat.dis-nn
412,2676,6,1,cond-mat.dis-nn
125,967,56,1,cond-mat.dis-nn
7289,12801,8,1,cond-mat.dis-nn
218,12538,41,1,cond-mat.dis-nn
1751,4947,14,1,cond-mat.dis-nn
2197,3319,9,1,cond-mat.dis-nn
315,314,3,1,cond-mat.dis-nn
252,12486,5,1,cond-mat.dis-nn
64,231,0,1,cond-mat.dis-nn
2060,135,25,1,cond-mat.dis-nn
7425,7426,9,1,cond-mat.dis-nn
231,1867,66,1,cond-mat.dis-nn
12818,13261,5,1,cond-mat.dis-nn
42,9724,48,1,cond-mat.dis-nn
955,977,48,1,cond-mat.dis-nn
1513,2445,3,1,cond-mat.dis-nn
8835,8836,2,1,cond-mat.dis-nn
4365,6066,6,1,cond-mat.dis-nn
1328,12889,8,1,cond-mat.dis-nn
10027,10028,0,1,cond-mat.dis-nn
201,4294,171,1,cond-mat.dis-nn
420,422,40,1,cond-mat.dis-nn
13,886,126,1,cond-mat.dis-nn
2833,2834,4,1,cond-mat.dis-nn
12768,12769,15,1,cond-mat.dis-nn
132,10620,24,1,cond-mat.dis-nn
5754,5758,3,1,cond-mat.dis-nn
1419,3995,1,1,cond-mat.dis-nn
1237,1238,1,1,cond-mat.dis-nn
9997,9998,0,1,cond-mat.dis-nn
54,13616,48,1,cond-mat.dis-nn
12918,12921,42,1,cond-mat.dis-nn
269,1141,252,1,cond-mat.dis-nn
1821,3131,8,1,cond-mat.dis-nn
1592,1736,20,1,cond-mat.dis-nn
308,12504,6,1,cond-mat.dis-nn
1939,13417,15,1,cond-mat.dis-nn
12775,12777,2,1,cond-mat.dis-nn
12081,12483,2,1,cond-mat.dis-nn
2186,2189,2,1,cond-mat.dis-nn
12367,12370,2,1,cond-mat.dis-nn
479,1606,58,1,cond-mat.dis-nn
317,12492,20,1,cond-mat.dis-nn
6563,8561,6,1,cond-mat.dis-nn
1945,3716,0,1,cond-mat.dis-nn
420,1659,40,1,cond-mat.dis-nn
497,12459,9,1,cond-mat.dis-nn
1300,1301,10,1,cond-mat.dis-nn
452,3284,16,1,cond-mat.dis-nn
3533,5790,11,1,cond-mat.dis-nn
663,5783,1,1,cond-mat.dis-nn
12491,12761,6,1,cond-mat.dis-nn
772,9400,4,1,cond-mat.dis-nn
7562,9668,6,1,cond-mat.dis-nn
1260,12840,1,1,cond-mat.dis-nn
220,4663,130,1,cond-mat.dis-nn
2329,2331,16,1,cond-mat.dis-nn
54,2755,384,1,cond-mat.dis-nn
1180,9398,0,1,cond-mat.dis-nn
13854,13855,3,1,cond-mat.dis-nn
54,1356,576,1,cond-mat.dis-nn
71,73,144,1,cond-mat.dis-nn
1993,1995,2,1,cond-mat.dis-nn
12453,12673,6,1,cond-mat.dis-nn
729,1318,154,1,cond-mat.dis-nn
415,1292,6,1,cond-mat.dis-nn
1308,1441,3,1,cond-mat.dis-nn
298,272,13,1,cond-mat.dis-nn
9582,9583,2,1,cond-mat.dis-nn
12392,12663,36,1,cond-mat.dis-nn
1207,1210,3,1,cond-mat.dis-nn
2639,13275,0,1,cond-mat.dis-nn
412,4533,12,1,cond-mat.dis-nn
3266,13206,4,1,cond-mat.dis-nn
3114,3113,8,1,cond-mat.dis-nn
1618,6770,63,1,cond-mat.dis-nn
1950,10111,1,1,cond-mat.dis-nn
1618,2632,45,1,cond-mat.dis-nn
5055,6606,6,1,cond-mat.dis-nn
2275,2001,34,1,cond-mat.dis-nn
543,3836,144,1,cond-mat.dis-nn
7563,9668,12,1,cond-mat.dis-nn
424,1116,165,1,cond-mat.dis-nn
807,2625,78,1,cond-mat.dis-nn
3638,1941,4,1,cond-mat.dis-nn
1751,4946,14,1,cond-mat.dis-nn
866,865,336,1,cond-mat.dis-nn
5396,10591,6,1,cond-mat.dis-nn
12454,10175,0,1,cond-mat.dis-nn
7416,2754,20,1,cond-mat.dis-nn
12287,12285,0,1,cond-mat.dis-nn
424,13678,30,1,cond-mat.dis-nn
2596,2597,0,1,cond-mat.dis-nn
5038,5039,2,1,cond-mat.dis-nn
2748,9278,55,1,cond-mat.dis-nn
1350,2223,54,1,cond-mat.dis-nn
260,1150,390,1,cond-mat.dis-nn
93,426,34,1,cond-mat.dis-nn
6350,7735,2,1,cond-mat.dis-nn
397,3346,40,1,cond-mat.dis-nn
1597,7687,12,1,cond-mat.dis-nn
1300,2619,30,1,cond-mat.dis-nn
12766,12768,12,1,cond-mat.dis-nn
272,273,6,1,cond-mat.dis-nn
269,1150,273,1,cond-mat.dis-nn
467,8422,14,1,cond-mat.dis-nn
1161,1067,30,1,cond-mat.dis-nn
958,959,11,1,cond-mat.dis-nn
2782,2783,1,1,cond-mat.dis-nn
1344,7562,6,1,cond-mat.dis-nn
13043,13044,0,1,cond-mat.dis-nn
730,12516,75,1,cond-mat.dis-nn
696,697,2,1,cond-mat.dis-nn
218,633,41,1,cond-mat.dis-nn
1397,12296,15,1,cond-mat.dis-nn
958,1230,22,1,cond-mat.dis-nn
494,13417,42,1,cond-mat.dis-nn
290,13343,72,1,cond-mat.dis-nn
592,6525,9,1,cond-mat.dis-nn
209,4644,15,1,cond-mat.dis-nn
54,13617,48,1,cond-mat.dis-nn
1464,8420,24,1,cond-mat.dis-nn
418,8685,0,1,cond-mat.dis-nn
3563,3565,4,1,cond-mat.dis-nn
1543,2275,408,1,cond-mat.dis-nn
12916,12924,63,1,cond-mat.dis-nn
1711,1712,84,1,cond-mat.dis-nn
317,12751,60,1,cond-mat.dis-nn
1751,7316,7,1,cond-mat.dis-nn
3482,4607,42,1,cond-mat.dis-nn
9730,11966,8,1,cond-mat.dis-nn
12679,13555,2,1,cond-mat.dis-nn
6395,6399,6,1,cond-mat.dis-nn
413,416,3,1,cond-mat.dis-nn
3152,3153,1,1,cond-mat.dis-nn
12913,12924,56,1,cond-mat.dis-nn
14,1360,40,1,cond-mat.dis-nn
13549,13618,9,1,cond-mat.dis-nn
12816,12817,0,1,cond-mat.dis-nn
4294,13352,18,1,cond-mat.dis-nn
13115,13124,40,1,cond-mat.dis-nn
866,96,696,1,cond-mat.dis-nn
4290,13205,14,1,cond-mat.dis-nn
1228,1227,6,1,cond-mat.dis-nn
811,813,3,1,cond-mat.dis-nn
5641,5642,6,1,cond-mat.dis-nn
745,12391,18,1,cond-mat.dis-nn
12286,12285,0,1,cond-mat.dis-nn
14140,14141,15,1,cond-mat.dis-nn
1313,815,15,1,cond-mat.dis-nn
2004,12670,0,1,cond-mat.dis-nn
2006,9728,6,1,cond-mat.dis-nn
6935,6936,2,1,cond-mat.dis-nn
1821,3132,4,1,cond-mat.dis-nn
62,13433,0,1,cond-mat.dis-nn
54,9278,240,1,cond-mat.dis-nn
3139,8908,4,1,cond-mat.dis-nn
538,539,10,1,cond-mat.dis-nn
938,13359,48,1,cond-mat.dis-nn
14,62,116,1,cond-mat.dis-nn
412,2675,12,1,cond-mat.dis-nn
913,13172,66,1,cond-mat.dis-nn
2844,13110,4,1,cond-mat.dis-nn
166,153,52,1,cond-mat.dis-nn
13162,432,20,1,cond-mat.dis-nn
370,12714,10,1,cond-mat.dis-nn
1779,2642,1,1,cond-mat.dis-nn
796,3226,0,1,cond-mat.dis-nn
1543,10022,24,1,cond-mat.dis-nn
308,12503,6,1,cond-mat.dis-nn
2081,2082,0,1,cond-mat.dis-nn
494,2341,28,1,cond-mat.dis-nn
2041,5396,30,1,cond-mat.dis-nn
668,3037,45,1,cond-mat.dis-nn
888,13780,0,1,cond-mat.dis-nn
1743,1746,14,1,cond-mat.dis-nn
2498,10943,0,1,cond-mat.dis-nn
977,4642,18,1,cond-mat.dis-nn
3442,2621,12,1,cond-mat.dis-nn
270,4154,114,1,cond-mat.dis-nn
1318,1563,21,1,cond-mat.dis-nn
13355,13356,2,1,cond-mat.dis-nn
4165,4358,12,1,cond-mat.dis-nn
2388,11132,20,1,cond-mat.dis-nn
551,578,207,1,cond-mat.dis-nn
492,12672,19,1,cond-mat.dis-nn
13514,13522,5,1,cond-mat.dis-nn
317,12352,40,1,cond-mat.dis-nn
418,1612,8,1,cond-mat.dis-nn
8349,13544,4,1,cond-mat.dis-nn
1545,12721,40,1,cond-mat.dis-nn
241,1624,1,1,cond-mat.dis-nn
1158,9730,8,1,cond-mat.dis-nn
215,216,0,1,cond-mat.dis-nn
360,12609,10,1,cond-mat.dis-nn
914,2026,4,1,cond-mat.dis-nn
809,605,30,1,cond-mat.dis-nn
3447,12678,3,1,cond-mat.dis-nn
7202,7203,0,1,cond-mat.dis-nn
4875,4876,1,1,cond-mat.dis-nn
269,420,210,1,cond-mat.dis-nn
2060,10308,5,1,cond-mat.dis-nn
339,12340,10,1,cond-mat.dis-nn
3266,3269,8,1,cond-mat.dis-nn
218,220,533,1,cond-mat.dis-nn
698,5982,3,1,cond-mat.dis-nn
1597,7688,8,1,cond-mat.dis-nn
13065,13067,2,1,cond-mat.dis-nn
5589,5590,1,1,cond-mat.dis-nn
12990,12991,1,1,cond-mat.dis-nn
39,1759,2,1,cond-mat.dis-nn
3403,3404,4,1,cond-mat.dis-nn
2330,2332,15,1,cond-mat.dis-nn
12921,12922,54,1,cond-mat.dis-nn
13220,13222,20,1,cond-mat.dis-nn
12408,13557,0,1,cond-mat.dis-nn
951,952,5,1,cond-mat.dis-nn
1713,10751,20,1,cond-mat.dis-nn
112,3128,22,1,cond-mat.dis-nn
985,2120,63,1,cond-mat.dis-nn
803,2136,6,1,cond-mat.dis-nn
1150,2799,39,1,cond-mat.dis-nn
1735,3232,8,1,cond-mat.dis-nn
127,9910,48,1,cond-mat.dis-nn
4472,5066,12,1,cond-mat.dis-nn
5755,5756,4,1,cond-mat.dis-nn
1269,1270,21,1,cond-mat.dis-nn
2060,3170,30,1,cond-mat.dis-nn
2477,7470,6,1,cond-mat.dis-nn
2328,2329,16,1,cond-mat.dis-nn
2857,4752,1,1,cond-mat.dis-nn
12912,12924,63,1,cond-mat.dis-nn
13343,13344,36,1,cond-mat.dis-nn
1864,14479,16,1,cond-mat.dis-nn
1944,3494,12,1,cond-mat.dis-nn
4165,3387,30,1,cond-mat.dis-nn
668,1654,90,1,cond-mat.dis-nn
2223,12881,24,1,cond-mat.dis-nn
4294,13167,54,1,cond-mat.dis-nn
297,831,80,1,cond-mat.dis-nn
1000,2213,2,1,cond-mat.dis-nn
1475,13378,10,1,cond-mat.dis-nn
5504,13866,3,1,cond-mat.dis-nn
1543,1751,168,1,cond-mat.dis-nn
8619,8620,4,1,cond-mat.dis-nn
166,975,48,1,cond-mat.dis-nn
370,372,15,1,cond-mat.dis-nn
1543,1941,24,1,cond-mat.dis-nn
2608,7426,15,1,cond-mat.dis-nn
13147,13424,0,1,cond-mat.dis-nn
20,21,0,1,cond-mat.dis-nn
172,13124,180,1,cond-mat.dis-nn
944,4748,2,1,cond-mat.dis-nn
13604,13605,0,1,cond-mat.dis-nn
468,4530,60,1,cond-mat.dis-nn
11706,11707,0,1,cond-mat.dis-nn
1076,479,348,1,cond-mat.dis-nn
6,13359,48,1,cond-mat.dis-nn
8384,8385,2,1,cond-mat.dis-nn
12916,12921,54,1,cond-mat.dis-nn
3999,4240,6,1,cond-mat.dis-nn
1150,8562,78,1,cond-mat.dis-nn
73,1080,84,1,cond-mat.dis-nn
1264,7412,8,1,cond-mat.dis-nn
2495,2496,1,1,cond-mat.dis-nn
2326,2327,25,1,cond-mat.dis-nn
967,12697,48,1,cond-mat.dis-nn
3968,3970,1,1,cond-mat.dis-nn
1923,13867,4,1,cond-mat.dis-nn
1713,3436,8,1,cond-mat.dis-nn
54,502,384,1,cond-mat.dis-nn
13473,13474,0,1,cond-mat.dis-nn
866,7125,96,1,cond-mat.dis-nn
1854,12740,2,1,cond-mat.dis-nn
12920,12923,64,1,cond-mat.dis-nn
179,12617,0,1,cond-mat.dis-nn
543,9049,48,1,cond-mat.dis-nn
13607,13608,0,1,cond-mat.dis-nn
2225,3605,20,1,cond-mat.dis-nn
94,12643,24,1,cond-mat.dis-nn
1116,1611,110,1,cond-mat.dis-nn
480,6770,175,1,cond-mat.dis-nn
428,5974,0,1,cond-mat.dis-nn
2417,12284,6,1,cond-mat.dis-nn
13207,13209,18,1,cond-mat.dis-nn
1374,12979,8,1,cond-mat.dis-nn
3750,6338,48,1,cond-mat.dis-nn
5484,5485,5,1,cond-mat.dis-nn
13540,13541,1,1,cond-mat.dis-nn
684,12456,17,1,cond-mat.dis-nn
61,1401,30,1,cond-mat.dis-nn
13046,13047,4,1,cond-mat.dis-nn
745,12968,6,1,cond-mat.dis-nn
3277,3787,0,1,cond-mat.dis-nn
2351,4775,4,1,cond-mat.dis-nn
3936,3941,10,1,cond-mat.dis-nn
730,1228,150,1,cond-mat.dis-nn
12316,12317,2,1,cond-mat.dis-nn
13621,13622,0,1,cond-mat.dis-nn
13380,13382,0,1,cond-mat.dis-nn
553,12530,40,1,cond-mat.dis-nn
13100,13101,0,1,cond-mat.dis-nn
172,450,72,1,cond-mat.dis-nn
201,1229,57,1,cond-mat.dis-nn
1660,1661,15,1,cond-mat.dis-nn
360,12339,0,1,cond-mat.dis-nn
317,7076,20,1,cond-mat.dis-nn
12700,12702,3,1,cond-mat.dis-nn
1198,7896,0,1,cond-mat.dis-nn
2026,5751,1,1,cond-mat.dis-nn
479,13045,29,1,cond-mat.dis-nn
1959,5050,10,1,cond-mat.dis-nn
63,423,16,1,cond-mat.dis-nn
4154,7032,9,1,cond-mat.dis-nn
12911,12917,56,1,cond-mat.dis-nn
61,1027,90,1,cond-mat.dis-nn
13852,13855,2,1,cond-mat.dis-nn
8316,8319,0,1,cond-mat.dis-nn
13132,13133,2,1,cond-mat.dis-nn
339,12081,5,1,cond-mat.dis-nn
572,4031,40,1,cond-mat.dis-nn
1521,1525,2,1,cond-mat.dis-nn
462,464,4,1,cond-mat.dis-nn
745,13327,0,1,cond-mat.dis-nn
807,1161,195,1,cond-mat.dis-nn
7428,7425,21,1,cond-mat.dis-nn
3483,4605,36,1,cond-mat.dis-nn
12943,12945,1,1,cond-mat.dis-nn
13597,13599,0,1,cond-mat.dis-nn
543,684,408,1,cond-mat.dis-nn
46,13093,0,1,cond-mat.dis-nn
5682,5556,20,1,cond-mat.dis-nn
7707,7708,1,1,cond-mat.dis-nn
94,12286,54,1,cond-mat.dis-nn
1047,1048,5,1,cond-mat.dis-nn
9162,9163,12,1,cond-mat.dis-nn
634,4141,12,1,cond-mat.dis-nn
1616,1617,108,1,cond-mat.dis-nn
2242,3821,36,1,cond-mat.dis-nn
8984,8985,16,1,cond-mat.dis-nn
2799,8584,3,1,cond-mat.dis-nn
152,5866,14,1,cond-mat.dis-nn
4809,7258,8,1,cond-mat.dis-nn
166,1618,36,1,cond-mat.dis-nn
13454,13455,0,1,cond-mat.dis-nn
4166,4358,12,1,cond-mat.dis-nn
72,4606,18,1,cond-mat.dis-nn
13270,13271,2,1,cond-mat.dis-nn
666,1383,18,1,cond-mat.dis-nn
12411,308,12,1,cond-mat.dis-nn
412,1191,6,1,cond-mat.dis-nn
1385,580,140,1,cond-mat.dis-nn
54,899,240,1,cond-mat.dis-nn
668,1203,54,1,cond-mat.dis-nn
297,886,48,1,cond-mat.dis-nn
3750,11957,24,1,cond-mat.dis-nn
93,3532,17,1,cond-mat.dis-nn
54,2637,192,1,cond-mat.dis-nn
1901,12765,36,1,cond-mat.dis-nn
12918,12919,35,1,cond-mat.dis-nn
886,2242,72,1,cond-mat.dis-nn
1470,1471,1,1,cond-mat.dis-nn
12860,4346,8,1,cond-mat.dis-nn
4106,9057,20,1,cond-mat.dis-nn
3170,5678,6,1,cond-mat.dis-nn
260,1909,60,1,cond-mat.dis-nn
2283,2284,0,1,cond-mat.dis-nn
207,1116,55,1,cond-mat.dis-nn
1523,1525,2,1,cond-mat.dis-nn
1531,9132,30,1,cond-mat.dis-nn
543,13093,0,1,cond-mat.dis-nn
970,971,1,1,cond-mat.dis-nn
231,1478,55,1,cond-mat.dis-nn
12392,12664,36,1,cond-mat.dis-nn
137,138,0,1,cond-mat.dis-nn
5357,5358,0,1,cond-mat.dis-nn
12960,715,12,1,cond-mat.dis-nn
1967,5159,8,1,cond-mat.dis-nn
1618,2067,27,1,cond-mat.dis-nn
633,4061,5,1,cond-mat.dis-nn
223,5530,10,1,cond-mat.dis-nn
1072,1141,36,1,cond-mat.dis-nn
1968,10303,8,1,cond-mat.dis-nn
260,48,60,1,cond-mat.dis-nn
2205,5169,24,1,cond-mat.dis-nn
13219,13224,20,1,cond-mat.dis-nn
13147,13148,0,1,cond-mat.dis-nn
3940,3942,8,1,cond-mat.dis-nn
1211,12982,6,1,cond-mat.dis-nn
13168,13169,30,1,cond-mat.dis-nn
179,13215,0,1,cond-mat.dis-nn
1356,1967,96,1,cond-mat.dis-nn
4880,4883,4,1,cond-mat.dis-nn
2393,11208,5,1,cond-mat.dis-nn
152,12301,56,1,cond-mat.dis-nn
54,2844,192,1,cond-mat.dis-nn
424,13093,0,1,cond-mat.dis-nn
3079,3081,6,1,cond-mat.dis-nn
944,13076,2,1,cond-mat.dis-nn
3989,9833,2,1,cond-mat.dis-nn
8562,6563,12,1,cond-mat.dis-nn
479,3360,87,1,cond-mat.dis-nn
929,891,55,1,cond-mat.dis-nn
4211,4212,0,1,cond-mat.dis-nn
682,4717,2,1,cond-mat.dis-nn
9474,9475,0,1,cond-mat.dis-nn
1313,12487,10,1,cond-mat.dis-nn
1116,9564,22,1,cond-mat.dis-nn
132,385,24,1,cond-mat.dis-nn
13852,13858,2,1,cond-mat.dis-nn
13006,13005,0,1,cond-mat.dis-nn
153,2882,26,1,cond-mat.dis-nn
46,2225,110,1,cond-mat.dis-nn
12860,13200,8,1,cond-mat.dis-nn
45,2710,22,1,cond-mat.dis-nn
929,1444,44,1,cond-mat.dis-nn
1763,1838,12,1,cond-mat.dis-nn
5843,5845,2,1,cond-mat.dis-nn
147,148,39,1,cond-mat.dis-nn
4908,4909,0,1,cond-mat.dis-nn
2120,2121,9,1,cond-mat.dis-nn
886,3821,18,1,cond-mat.dis-nn
260,10514,60,1,cond-mat.dis-nn
55,217,39,1,cond-mat.dis-nn
1,6801,4,1,cond-mat.dis-nn
959,3103,3,1,cond-mat.dis-nn
1165,12518,1,1,cond-mat.dis-nn
3744,3743,4,1,cond-mat.dis-nn
2992,1181,2,1,cond-mat.dis-nn
4290,10421,14,1,cond-mat.dis-nn
1045,1316,60,1,cond-mat.dis-nn
9730,9731,8,1,cond-mat.dis-nn
730,886,150,1,cond-mat.dis-nn
9160,9163,15,1,cond-mat.dis-nn
3426,3427,8,1,cond-mat.dis-nn
36,1743,28,1,cond-mat.dis-nn
217,2637,52,1,cond-mat.dis-nn
1286,13294,6,1,cond-mat.dis-nn
1633,11317,6,1,cond-mat.dis-nn
929,7314,22,1,cond-mat.dis-nn
765,764,5,1,cond-mat.dis-nn
12913,12921,48,1,cond-mat.dis-nn
6066,14430,6,1,cond-mat.dis-nn
397,3347,10,1,cond-mat.dis-nn
543,91,168,1,cond-mat.dis-nn
12733,3278,8,1,cond-mat.dis-nn
481,3640,84,1,cond-mat.dis-nn
260,5621,180,1,cond-mat.dis-nn
12275,3609,20,1,cond-mat.dis-nn
2242,3967,36,1,cond-mat.dis-nn
211,4019,4,1,cond-mat.dis-nn
7221,7223,1,1,cond-mat.dis-nn
13486,13487,0,1,cond-mat.dis-nn
665,666,27,1,cond-mat.dis-nn
4605,7480,30,1,cond-mat.dis-nn
12913,12914,72,1,cond-mat.dis-nn
895,896,9,1,cond-mat.dis-nn
7228,7229,2,1,cond-mat.dis-nn
93,5790,17,1,cond-mat.dis-nn
46,3604,66,1,cond-mat.dis-nn
424,9531,45,1,cond-mat.dis-nn
220,1115,26,1,cond-mat.dis-nn
1213,9026,18,1,cond-mat.dis-nn
543,1349,48,1,cond-mat.dis-nn
1395,4989,10,1,cond-mat.dis-nn
272,7459,1,1,cond-mat.dis-nn
1597,7685,4,1,cond-mat.dis-nn
395,5988,45,1,cond-mat.dis-nn
7060,12541,1,1,cond-mat.dis-nn
2798,2799,12,1,cond-mat.dis-nn
269,3828,147,1,cond-mat.dis-nn
1713,2029,24,1,cond-mat.dis-nn
2350,4840,16,1,cond-mat.dis-nn
1228,12392,72,1,cond-mat.dis-nn
748,3635,12,1,cond-mat.dis-nn
172,4394,108,1,cond-mat.dis-nn
591,1968,56,1,cond-mat.dis-nn
13340,13345,40,1,cond-mat.dis-nn
36,1746,8,1,cond-mat.dis-nn
13200,13201,2,1,cond-mat.dis-nn
580,13618,21,1,cond-mat.dis-nn
92,93,34,1,cond-mat.dis-nn
2452,12890,2,1,cond-mat.dis-nn
173,12706,7,1,cond-mat.dis-nn
653,12405,6,1,cond-mat.dis-nn
14,3454,12,1,cond-mat.dis-nn
3750,2171,168,1,cond-mat.dis-nn
2822,605,9,1,cond-mat.dis-nn
691,3904,6,1,cond-mat.dis-nn
13,730,525,1,cond-mat.dis-nn
218,2645,82,1,cond-mat.dis-nn
929,890,77,1,cond-mat.dis-nn
730,158,225,1,cond-mat.dis-nn
1713,3437,24,1,cond-mat.dis-nn
3130,3132,2,1,cond-mat.dis-nn
4501,5038,2,1,cond-mat.dis-nn
684,12607,17,1,cond-mat.dis-nn
12917,12922,63,1,cond-mat.dis-nn
582,12539,105,1,cond-mat.dis-nn
874,4526,24,1,cond-mat.dis-nn
50,12280,1,1,cond-mat.dis-nn
3943,3944,1,1,cond-mat.dis-nn
4616,7708,1,1,cond-mat.dis-nn
13003,13004,0,1,cond-mat.dis-nn
149,1240,78,1,cond-mat.dis-nn
80,557,77,1,cond-mat.dis-nn
13211,12569,4,1,cond-mat.dis-nn
4406,4409,6,1,cond-mat.dis-nn
54,53,240,1,cond-mat.dis-nn
1132,12284,5,1,cond-mat.dis-nn
481,480,700,1,cond-mat.dis-nn
4296,3637,30,1,cond-mat.dis-nn
4139,772,12,1,cond-mat.dis-nn
6848,4941,8,1,cond-mat.dis-nn
269,729,462,1,cond-mat.dis-nn
6848,13604,0,1,cond-mat.dis-nn
1186,3188,1,1,cond-mat.dis-nn
2025,13821,0,1,cond-mat.dis-nn
412,419,18,1,cond-mat.dis-nn
798,1873,2,1,cond-mat.dis-nn
975,6769,72,1,cond-mat.dis-nn
1851,1862,42,1,cond-mat.dis-nn
9154,9156,4,1,cond-mat.dis-nn
407,219,76,1,cond-mat.dis-nn
12848,12849,0,1,cond-mat.dis-nn
13482,13484,20,1,cond-mat.dis-nn
26,1531,15,1,cond-mat.dis-nn
2490,1350,18,1,cond-mat.dis-nn
2658,959,5,1,cond-mat.dis-nn
2415,13310,0,1,cond-mat.dis-nn
4607,9081,14,1,cond-mat.dis-nn
8111,8112,1,1,cond-mat.dis-nn
1377,1944,12,1,cond-mat.dis-nn
12367,12368,4,1,cond-mat.dis-nn
1299,3442,4,1,cond-mat.dis-nn
339,338,10,1,cond-mat.dis-nn
1116,13179,11,1,cond-mat.dis-nn
1968,10302,8,1,cond-mat.dis-nn
1863,1865,8,1,cond-mat.dis-nn
270,4087,76,1,cond-mat.dis-nn
1618,479,261,1,cond-mat.dis-nn
2022,2965,3,1,cond-mat.dis-nn
553,12287,32,1,cond-mat.dis-nn
5457,5458,0,1,cond-mat.dis-nn
80,12680,7,1,cond-mat.dis-nn
551,550,36,1,cond-mat.dis-nn
6350,9794,2,1,cond-mat.dis-nn
1070,13217,0,1,cond-mat.dis-nn
584,13288,4,1,cond-mat.dis-nn
12360,12362,1,1,cond-mat.dis-nn
5679,8390,4,1,cond-mat.dis-nn
42,7407,48,1,cond-mat.dis-nn
1543,2435,96,1,cond-mat.dis-nn
6997,7000,0,1,cond-mat.dis-nn
270,7459,38,1,cond-mat.dis-nn
5205,5206,0,1,cond-mat.dis-nn
159,1414,24,1,cond-mat.dis-nn
1867,8835,6,1,cond-mat.dis-nn
12914,12922,81,1,cond-mat.dis-nn
12391,12516,9,1,cond-mat.dis-nn
3232,3233,4,1,cond-mat.dis-nn
802,5048,13,1,cond-mat.dis-nn
153,165,39,1,cond-mat.dis-nn
541,1389,8,1,cond-mat.dis-nn
543,958,264,1,cond-mat.dis-nn
12833,12835,4,1,cond-mat.dis-nn
3767,3776,2,1,cond-mat.dis-nn
317,1824,80,1,cond-mat.dis-nn
472,473,0,1,cond-mat.dis-nn
4240,4244,6,1,cond-mat.dis-nn
2060,13197,5,1,cond-mat.dis-nn
4840,5621,12,1,cond-mat.dis-nn
468,933,72,1,cond-mat.dis-nn
1864,1865,8,1,cond-mat.dis-nn
93,4665,85,1,cond-mat.dis-nn
5757,5755,10,1,cond-mat.dis-nn
928,7253,0,1,cond-mat.dis-nn
414,415,3,1,cond-mat.dis-nn
1633,4240,18,1,cond-mat.dis-nn
1992,5843,10,1,cond-mat.dis-nn
12912,12923,72,1,cond-mat.dis-nn
153,167,39,1,cond-mat.dis-nn
13335,13336,0,1,cond-mat.dis-nn
9082,9678,24,1,cond-mat.dis-nn
252,12403,5,1,cond-mat.dis-nn
5050,5169,8,1,cond-mat.dis-nn
3750,2754,240,1,cond-mat.dis-nn
256,2350,24,1,cond-mat.dis-nn
4607,7408,28,1,cond-mat.dis-nn
684,12754,17,1,cond-mat.dis-nn
1826,12352,4,1,cond-mat.dis-nn
1322,2680,4,1,cond-mat.dis-nn
270,6339,76,1,cond-mat.dis-nn
8317,8319,0,1,cond-mat.dis-nn
412,9016,0,1,cond-mat.dis-nn
653,928,18,1,cond-mat.dis-nn
12875,12876,2,1,cond-mat.dis-nn
53,2803,20,1,cond-mat.dis-nn
3750,5208,72,1,cond-mat.dis-nn
2350,288,120,1,cond-mat.dis-nn
5049,5050,4,1,cond-mat.dis-nn
12359,12361,0,1,cond-mat.dis-nn
420,6099,10,1,cond-mat.dis-nn
1256,1257,2,1,cond-mat.dis-nn
1299,1300,5,1,cond-mat.dis-nn
1161,2822,45,1,cond-mat.dis-nn
13510,13511,12,1,cond-mat.dis-nn
147,4296,15,1,cond-mat.dis-nn
12915,12919,50,1,cond-mat.dis-nn
9403,14142,16,1,cond-mat.dis-nn
83,13553,9,1,cond-mat.dis-nn
3053,5547,1,1,cond-mat.dis-nn
9252,9253,0,1,cond-mat.dis-nn
93,13119,34,1,cond-mat.dis-nn
479,6769,174,1,cond-mat.dis-nn
124,12341,32,1,cond-mat.dis-nn
11965,11966,8,1,cond-mat.dis-nn
2328,2332,12,1,cond-mat.dis-nn
1370,1892,48,1,cond-mat.dis-nn
12414,12415,9,1,cond-mat.dis-nn
650,2206,0,1,cond-mat.dis-nn
3806,3807,0,1,cond-mat.dis-nn
218,502,328,1,cond-mat.dis-nn
223,12446,5,1,cond-mat.dis-nn
713,12659,0,1,cond-mat.dis-nn
2020,795,100,1,cond-mat.dis-nn
2438,12352,4,1,cond-mat.dis-nn
10591,10592,9,1,cond-mat.dis-nn
202,1228,48,1,cond-mat.dis-nn
54,4086,288,1,cond-mat.dis-nn
12587,12589,0,1,cond-mat.dis-nn
891,12891,20,1,cond-mat.dis-nn
3376,3375,2,1,cond-mat.dis-nn
2007,7708,8,1,cond-mat.dis-nn
13978,13980,0,1,cond-mat.dis-nn
1425,804,98,1,cond-mat.dis-nn
12587,12588,0,1,cond-mat.dis-nn
213,2348,5,1,cond-mat.dis-nn
1484,1660,40,1,cond-mat.dis-nn
5268,7416,8,1,cond-mat.dis-nn
1076,2441,84,1,cond-mat.dis-nn
12639,13080,6,1,cond-mat.dis-nn
13124,13209,15,1,cond-mat.dis-nn
207,7646,5,1,cond-mat.dis-nn
124,8135,24,1,cond-mat.dis-nn
12917,12919,35,1,cond-mat.dis-nn
5757,12339,0,1,cond-mat.dis-nn
492,3967,57,1,cond-mat.dis-nn
1765,1764,10,1,cond-mat.dis-nn
1291,1959,35,1,cond-mat.dis-nn
92,13292,6,1,cond-mat.dis-nn
684,1385,340,1,cond-mat.dis-nn
12417,12418,0,1,cond-mat.dis-nn
809,2873,20,1,cond-mat.dis-nn
1616,1618,81,1,cond-mat.dis-nn
5893,10603,1,1,cond-mat.dis-nn
8620,8622,4,1,cond-mat.dis-nn
730,2242,300,1,cond-mat.dis-nn
1150,1949,39,1,cond-mat.dis-nn
1385,4663,200,1,cond-mat.dis-nn
4140,4141,8,1,cond-mat.dis-nn
279,466,15,1,cond-mat.dis-nn
1128,2027,1,1,cond-mat.dis-nn
12286,12473,18,1,cond-mat.dis-nn
13387,13388,0,1,cond-mat.dis-nn
776,2066,20,1,cond-mat.dis-nn
7517,14240,6,1,cond-mat.dis-nn
434,1621,40,1,cond-mat.dis-nn
45,1383,66,1,cond-mat.dis-nn
1313,814,35,1,cond-mat.dis-nn
260,481,840,1,cond-mat.dis-nn
41,42,48,1,cond-mat.dis-nn
480,6769,150,1,cond-mat.dis-nn
2348,3396,5,1,cond-mat.dis-nn
96,97,87,1,cond-mat.dis-nn
11131,11132,20,1,cond-mat.dis-nn
580,581,28,1,cond-mat.dis-nn
13514,13515,10,1,cond-mat.dis-nn
5781,6175,4,1,cond-mat.dis-nn
517,2024,18,1,cond-mat.dis-nn
3558,957,22,1,cond-mat.dis-nn
220,5610,26,1,cond-mat.dis-nn
975,2067,36,1,cond-mat.dis-nn
2801,1399,6,1,cond-mat.dis-nn
290,13339,72,1,cond-mat.dis-nn
1356,503,48,1,cond-mat.dis-nn
684,2437,17,1,cond-mat.dis-nn
9159,9165,20,1,cond-mat.dis-nn
12558,13654,1,1,cond-mat.dis-nn
2179,2181,4,1,cond-mat.dis-nn
1385,220,260,1,cond-mat.dis-nn
3170,13229,18,1,cond-mat.dis-nn
447,831,100,1,cond-mat.dis-nn
12671,12672,3,1,cond-mat.dis-nn
9037,9038,2,1,cond-mat.dis-nn
1385,1384,80,1,cond-mat.dis-nn
179,9997,0,1,cond-mat.dis-nn
12911,12914,72,1,cond-mat.dis-nn
4200,4202,4,1,cond-mat.dis-nn
41,286,16,1,cond-mat.dis-nn
12943,12944,3,1,cond-mat.dis-nn
6266,9390,4,1,cond-mat.dis-nn
891,1441,5,1,cond-mat.dis-nn
147,2013,12,1,cond-mat.dis-nn
563,13986,2,1,cond-mat.dis-nn
3336,3333,6,1,cond-mat.dis-nn
4881,4883,4,1,cond-mat.dis-nn
172,13285,72,1,cond-mat.dis-nn
8562,8737,24,1,cond-mat.dis-nn
1683,1682,12,1,cond-mat.dis-nn
958,209,165,1,cond-mat.dis-nn
3290,13610,1,1,cond-mat.dis-nn
263,5013,12,1,cond-mat.dis-nn
2326,2331,20,1,cond-mat.dis-nn
890,1441,7,1,cond-mat.dis-nn
9625,3821,12,1,cond-mat.dis-nn
54,898,384,1,cond-mat.dis-nn
38,1745,15,1,cond-mat.dis-nn
955,956,8,1,cond-mat.dis-nn
2591,10549,4,1,cond-mat.dis-nn
12716,12717,0,1,cond-mat.dis-nn
5038,5040,3,1,cond-mat.dis-nn
1213,3788,12,1,cond-mat.dis-nn
1765,5645,20,1,cond-mat.dis-nn
288,796,75,1,cond-mat.dis-nn
42,931,36,1,cond-mat.dis-nn
2760,9908,3,1,cond-mat.dis-nn
397,4394,15,1,cond-mat.dis-nn
100,2173,0,1,cond-mat.dis-nn
1734,12461,0,1,cond-mat.dis-nn
985,12378,42,1,cond-mat.dis-nn
809,172,360,1,cond-mat.dis-nn
730,1542,200,1,cond-mat.dis-nn
1617,1618,108,1,cond-mat.dis-nn
502,1115,16,1,cond-mat.dis-nn
1543,11819,48,1,cond-mat.dis-nn
6279,11636,4,1,cond-mat.dis-nn
3346,6112,32,1,cond-mat.dis-nn
19,2161,64,1,cond-mat.dis-nn
991,992,0,1,cond-mat.dis-nn
4605,4607,42,1,cond-mat.dis-nn
363,12744,21,1,cond-mat.dis-nn
6848,12286,72,1,cond-mat.dis-nn
978,979,5,1,cond-mat.dis-nn
218,2171,287,1,cond-mat.dis-nn
942,13076,1,1,cond-mat.dis-nn
2695,2696,0,1,cond-mat.dis-nn
1543,13173,24,1,cond-mat.dis-nn
8604,13121,1,1,cond-mat.dis-nn
9584,9585,2,1,cond-mat.dis-nn
1654,13622,0,1,cond-mat.dis-nn
13342,13345,30,1,cond-mat.dis-nn
1540,3347,10,1,cond-mat.dis-nn
1970,9041,10,1,cond-mat.dis-nn
1763,1839,12,1,cond-mat.dis-nn
3936,3940,8,1,cond-mat.dis-nn
1302,11521,6,1,cond-mat.dis-nn
6145,6146,2,1,cond-mat.dis-nn
12564,12565,0,1,cond-mat.dis-nn
13979,13980,0,1,cond-mat.dis-nn
10281,10282,0,1,cond-mat.dis-nn
13005,13007,0,1,cond-mat.dis-nn
12775,12779,3,1,cond-mat.dis-nn
12917,12918,49,1,cond-mat.dis-nn
412,417,12,1,cond-mat.dis-nn
1865,1866,12,1,cond-mat.dis-nn
742,1271,8,1,cond-mat.dis-nn
1385,2803,80,1,cond-mat.dis-nn
4240,2274,9,1,cond-mat.dis-nn
3824,3826,9,1,cond-mat.dis-nn
2079,3426,8,1,cond-mat.dis-nn
8882,8883,9,1,cond-mat.dis-nn
40,1425,21,1,cond-mat.dis-nn
8948,10592,15,1,cond-mat.dis-nn
1004,1005,0,1,cond-mat.dis-nn
7475,8390,0,1,cond-mat.dis-nn
977,2169,18,1,cond-mat.dis-nn
96,1904,29,1,cond-mat.dis-nn
2011,5073,20,1,cond-mat.dis-nn
2441,2442,35,1,cond-mat.dis-nn
62,12569,29,1,cond-mat.dis-nn
153,1181,13,1,cond-mat.dis-nn
269,7312,21,1,cond-mat.dis-nn
1633,2273,18,1,cond-mat.dis-nn
951,954,20,1,cond-mat.dis-nn
3263,13103,0,1,cond-mat.dis-nn
5055,6088,4,1,cond-mat.dis-nn
990,991,0,1,cond-mat.dis-nn
12497,12525,0,1,cond-mat.dis-nn
729,1350,198,1,cond-mat.dis-nn
1005,1006,0,1,cond-mat.dis-nn
2006,9727,6,1,cond-mat.dis-nn
2627,2435,12,1,cond-mat.dis-nn
1080,12847,0,1,cond-mat.dis-nn
985,5194,21,1,cond-mat.dis-nn
684,1155,17,1,cond-mat.dis-nn
3836,7229,6,1,cond-mat.dis-nn
5756,5758,2,1,cond-mat.dis-nn
288,13342,90,1,cond-mat.dis-nn
13,447,210,1,cond-mat.dis-nn
68,69,44,1,cond-mat.dis-nn
4918,12093,6,1,cond-mat.dis-nn
1955,3080,10,1,cond-mat.dis-nn
2965,6088,2,1,cond-mat.dis-nn
901,4394,27,1,cond-mat.dis-nn
2329,2332,12,1,cond-mat.dis-nn
635,1854,2,1,cond-mat.dis-nn
9596,591,84,1,cond-mat.dis-nn
3267,3269,6,1,cond-mat.dis-nn
40,252,15,1,cond-mat.dis-nn
360,12549,5,1,cond-mat.dis-nn
807,2062,65,1,cond-mat.dis-nn
12919,12924,35,1,cond-mat.dis-nn
1126,4374,1,1,cond-mat.dis-nn
1385,10709,80,1,cond-mat.dis-nn
1304,12330,0,1,cond-mat.dis-nn
7289,12803,12,1,cond-mat.dis-nn
2262,2263,1,1,cond-mat.dis-nn
3788,6840,8,1,cond-mat.dis-nn
4607,4606,7,1,cond-mat.dis-nn
4834,4836,9,1,cond-mat.dis-nn
876,5589,1,1,cond-mat.dis-nn
615,616,1,1,cond-mat.dis-nn
1706,1705,16,1,cond-mat.dis-nn
96,13390,58,1,cond-mat.dis-nn
2674,4533,2,1,cond-mat.dis-nn
48,4629,8,1,cond-mat.dis-nn
12412,12416,16,1,cond-mat.dis-nn
269,480,525,1,cond-mat.dis-nn
778,2063,24,1,cond-mat.dis-nn
633,2731,4,1,cond-mat.dis-nn
4607,7480,35,1,cond-mat.dis-nn
1543,5925,48,1,cond-mat.dis-nn
12928,12925,6,1,cond-mat.dis-nn
12894,12895,1,1,cond-mat.dis-nn
13394,13395,0,1,cond-mat.dis-nn
52,4589,7,1,cond-mat.dis-nn
2150,2151,1,1,cond-mat.dis-nn
2284,13198,0,0,cond-mat.dis-nn
125,1168,14,0,cond-mat.dis-nn
1948,2402,12,0,cond-mat.dis-nn
1873,4294,9,0,cond-mat.dis-nn
11317,13398,1,0,cond-mat.dis-nn
235,12330,0,0,cond-mat.dis-nn
4775,13780,0,0,cond-mat.dis-nn
2598,14269,2,0,cond-mat.dis-nn
8112,12312,2,0,cond-mat.dis-nn
4681,5371,0,0,cond-mat.dis-nn
2058,13272,11,0,cond-mat.dis-nn
9080,13606,2,0,cond-mat.dis-nn
19,12791,16,0,cond-mat.dis-nn
1270,5614,3,0,cond-mat.dis-nn
1673,6376,0,0,cond-mat.dis-nn
4988,8267,6,0,cond-mat.dis-nn
810,4546,0,0,cond-mat.dis-nn
4927,13361,10,0,cond-mat.dis-nn
551,9655,0,0,cond-mat.dis-nn
3132,3743,1,0,cond-mat.dis-nn
1911,5237,2,0,cond-mat.dis-nn
5268,8177,12,0,cond-mat.dis-nn
713,5781,0,0,cond-mat.dis-nn
2471,9775,6,0,cond-mat.dis-nn
763,9165,4,0,cond-mat.dis-nn
814,2422,7,0,cond-mat.dis-nn
1263,8584,4,0,cond-mat.dis-nn
976,4061,30,0,cond-mat.dis-nn
1118,13270,2,0,cond-mat.dis-nn
286,1893,8,0,cond-mat.dis-nn
748,12541,3,0,cond-mat.dis-nn
727,3213,3,0,cond-mat.dis-nn
944,2653,4,0,cond-mat.dis-nn
208,5357,0,0,cond-mat.dis-nn
3493,12329,10,0,cond-mat.dis-nn
4810,13054,4,0,cond-mat.dis-nn
3232,12590,4,0,cond-mat.dis-nn
13310,13312,0,0,cond-mat.dis-nn
13218,13574,1,0,cond-mat.dis-nn
6307,13336,3,0,cond-mat.dis-nn
3945,13285,6,0,cond-mat.dis-nn
1387,12276,8,0,cond-mat.dis-nn
1782,12280,2,0,cond-mat.dis-nn
1468,5259,6,0,cond-mat.dis-nn
11741,12524,4,0,cond-mat.dis-nn
706,9668,2,0,cond-mat.dis-nn
3132,8837,2,0,cond-mat.dis-nn
652,8385,3,0,cond-mat.dis-nn
423,1731,24,0,cond-mat.dis-nn
256,1474,24,0,cond-mat.dis-nn
2179,5801,6,0,cond-mat.dis-nn
453,8849,0,0,cond-mat.dis-nn
844,1272,3,0,cond-mat.dis-nn
6376,12775,0,0,cond-mat.dis-nn
3113,5790,1,0,cond-mat.dis-nn
1901,13111,18,0,cond-mat.dis-nn
3689,6251,8,0,cond-mat.dis-nn
73,12850,0,0,cond-mat.dis-nn
3536,12690,8,0,cond-mat.dis-nn
416,13369,0,0,cond-mat.dis-nn
655,12488,4,0,cond-mat.dis-nn
3062,12541,2,0,cond-mat.dis-nn
774,13342,42,0,cond-mat.dis-nn
10312,12919,10,0,cond-mat.dis-nn
2326,2679,15,0,cond-mat.dis-nn
1731,5093,18,0,cond-mat.dis-nn
1726,12742,2,0,cond-mat.dis-nn
782,1008,4,0,cond-mat.dis-nn
12698,12775,2,0,cond-mat.dis-nn
252,2685,5,0,cond-mat.dis-nn
2001,9154,4,0,cond-mat.dis-nn
894,11314,10,0,cond-mat.dis-nn
800,1587,0,0,cond-mat.dis-nn
3328,6137,18,0,cond-mat.dis-nn
315,4547,3,0,cond-mat.dis-nn
9165,12912,36,0,cond-mat.dis-nn
4019,12406,2,0,cond-mat.dis-nn
983,12819,9,0,cond-mat.dis-nn
9411,13053,2,0,cond-mat.dis-nn
3564,10550,8,0,cond-mat.dis-nn
12886,13361,2,0,cond-mat.dis-nn
1725,4947,2,0,cond-mat.dis-nn
397,5641,10,0,cond-mat.dis-nn
81,11820,12,0,cond-mat.dis-nn
506,9074,0,0,cond-mat.dis-nn
742,13143,2,0,cond-mat.dis-nn
1094,1108,6,0,cond-mat.dis-nn
12518,12821,2,0,cond-mat.dis-nn
1067,5849,2,0,cond-mat.dis-nn
975,12527,24,0,cond-mat.dis-nn
2151,5814,2,0,cond-mat.dis-nn
1522,12287,12,0,cond-mat.dis-nn
1581,8321,2,0,cond-mat.dis-nn
158,12390,18,0,cond-mat.dis-nn
1820,13527,4,0,cond-mat.dis-nn
8620,12802,10,0,cond-mat.dis-nn
7496,9475,0,0,cond-mat.dis-nn
1213,8540,0,0,cond-mat.dis-nn
950,2653,8,0,cond-mat.dis-nn
99,977,78,0,cond-mat.dis-nn
2006,10921,3,0,cond-mat.dis-nn
10749,13382,4,0,cond-mat.dis-nn
4099,12999,4,0,cond-mat.dis-nn
12341,12877,8,0,cond-mat.dis-nn
5611,12651,2,0,cond-mat.dis-nn
12564,12922,0,0,cond-mat.dis-nn
1180,1839,0,0,cond-mat.dis-nn
12392,13224,48,0,cond-mat.dis-nn
552,12298,1,0,cond-mat.dis-nn
573,12766,36,0,cond-mat.dis-nn
1346,10358,0,0,cond-mat.dis-nn
1225,4061,10,0,cond-mat.dis-nn
5083,13290,2,0,cond-mat.dis-nn
1886,6287,4,0,cond-mat.dis-nn
133,5297,1,0,cond-mat.dis-nn
1414,13238,12,0,cond-mat.dis-nn
809,13244,0,0,cond-mat.dis-nn
1213,1584,6,0,cond-mat.dis-nn
3233,9599,4,0,cond-mat.dis-nn
4107,8177,3,0,cond-mat.dis-nn
3638,4809,16,0,cond-mat.dis-nn
1681,13474,0,0,cond-mat.dis-nn
5947,13638,1,0,cond-mat.dis-nn
37,4663,280,0,cond-mat.dis-nn
12389,13397,2,0,cond-mat.dis-nn
4244,12877,4,0,cond-mat.dis-nn
7474,9297,2,0,cond-mat.dis-nn
473,12512,16,0,cond-mat.dis-nn
3231,7316,5,0,cond-mat.dis-nn
1813,3427,2,0,cond-mat.dis-nn
5085,8883,12,0,cond-mat.dis-nn
12424,13540,3,0,cond-mat.dis-nn
6435,11591,2,0,cond-mat.dis-nn
424,727,15,0,cond-mat.dis-nn
10112,12406,4,0,cond-mat.dis-nn
7230,12877,6,0,cond-mat.dis-nn
3741,10312,4,0,cond-mat.dis-nn
572,6525,8,0,cond-mat.dis-nn
2649,11776,8,0,cond-mat.dis-nn
581,4215,12,0,cond-mat.dis-nn
2393,12875,10,0,cond-mat.dis-nn
12684,12689,4,0,cond-mat.dis-nn
955,1014,24,0,cond-mat.dis-nn
11317,12674,2,0,cond-mat.dis-nn
504,12634,2,0,cond-mat.dis-nn
3793,8349,8,0,cond-mat.dis-nn
9724,12688,12,0,cond-mat.dis-nn
7441,13455,0,0,cond-mat.dis-nn
5350,5645,8,0,cond-mat.dis-nn
538,13944,4,0,cond-mat.dis-nn
2456,8622,4,0,cond-mat.dis-nn
1746,5048,2,0,cond-mat.dis-nn
6635,12802,0,0,cond-mat.dis-nn
202,668,72,0,cond-mat.dis-nn
585,2621,18,0,cond-mat.dis-nn
2495,5580,1,0,cond-mat.dis-nn
1771,12576,9,0,cond-mat.dis-nn
351,2719,6,0,cond-mat.dis-nn
1242,1758,4,0,cond-mat.dis-nn
12334,13227,1,0,cond-mat.dis-nn
12186,12920,16,0,cond-mat.dis-nn
1005,1522,0,0,cond-mat.dis-nn
3655,8392,0,0,cond-mat.dis-nn
1471,12957,2,0,cond-mat.dis-nn
1941,2555,2,0,cond-mat.dis-nn
4244,12844,6,0,cond-mat.dis-nn
2627,14079,9,0,cond-mat.dis-nn
2608,4531,10,0,cond-mat.dis-nn
1138,1498,2,0,cond-mat.dis-nn
2011,9645,10,0,cond-mat.dis-nn
315,4988,9,0,cond-mat.dis-nn
1857,13379,12,0,cond-mat.dis-nn
1214,12635,2,0,cond-mat.dis-nn
3234,10591,12,0,cond-mat.dis-nn
5485,5787,5,0,cond-mat.dis-nn
45,4346,11,0,cond-mat.dis-nn
5666,13038,0,0,cond-mat.dis-nn
26,2755,8,0,cond-mat.dis-nn
944,9598,2,0,cond-mat.dis-nn
897,3515,28,0,cond-mat.dis-nn
3337,13285,4,0,cond-mat.dis-nn
2711,10378,8,0,cond-mat.dis-nn
2063,9934,18,0,cond-mat.dis-nn
811,13539,6,0,cond-mat.dis-nn
4840,7869,2,0,cond-mat.dis-nn
1819,5372,8,0,cond-mat.dis-nn
2456,7421,4,0,cond-mat.dis-nn
2024,12980,12,0,cond-mat.dis-nn
7563,8164,24,0,cond-mat.dis-nn
517,8110,12,0,cond-mat.dis-nn
91,12697,42,0,cond-mat.dis-nn
5736,12966,1,0,cond-mat.dis-nn
5691,6399,4,0,cond-mat.dis-nn
3871,12967,2,0,cond-mat.dis-nn
387,6279,6,0,cond-mat.dis-nn
4526,9371,4,0,cond-mat.dis-nn
486,9555,1,0,cond-mat.dis-nn
1814,12733,4,0,cond-mat.dis-nn
928,12640,9,0,cond-mat.dis-nn
992,1141,48,0,cond-mat.dis-nn
777,12593,3,0,cond-mat.dis-nn
5479,12564,0,0,cond-mat.dis-nn
3340,13308,4,0,cond-mat.dis-nn
641,12848,0,0,cond-mat.dis-nn
4144,13892,4,0,cond-mat.dis-nn
554,3925,8,0,cond-mat.dis-nn
4201,6146,3,0,cond-mat.dis-nn
3942,10910,0,0,cond-mat.dis-nn
3495,13339,18,0,cond-mat.dis-nn
838,1734,0,0,cond-mat.dis-nn
1638,8319,0,0,cond-mat.dis-nn
5057,5758,1,0,cond-mat.dis-nn
13275,13352,0,0,cond-mat.dis-nn
1704,7367,11,0,cond-mat.dis-nn
771,5621,24,0,cond-mat.dis-nn
1437,4515,16,0,cond-mat.dis-nn
2719,7497,2,0,cond-mat.dis-nn
2759,13540,1,0,cond-mat.dis-nn
963,8158,3,0,cond-mat.dis-nn
776,11041,0,0,cond-mat.dis-nn
1333,3639,10,0,cond-mat.dis-nn
2696,8910,0,0,cond-mat.dis-nn
5121,7031,3,0,cond-mat.dis-nn
3558,13112,11,0,cond-mat.dis-nn
2002,7675,2,0,cond-mat.dis-nn
13179,13361,2,0,cond-mat.dis-nn
3037,7253,0,0,cond-mat.dis-nn
6551,11425,0,0,cond-mat.dis-nn
1455,13320,12,0,cond-mat.dis-nn
91,7416,14,0,cond-mat.dis-nn
2798,3566,12,0,cond-mat.dis-nn
492,12306,76,0,cond-mat.dis-nn
1807,9049,12,0,cond-mat.dis-nn
1180,4835,0,0,cond-mat.dis-nn
539,3234,20,0,cond-mat.dis-nn
6551,10270,21,0,cond-mat.dis-nn
1350,11963,36,0,cond-mat.dis-nn
1822,12596,2,0,cond-mat.dis-nn
938,4785,24,0,cond-mat.dis-nn
810,8837,6,0,cond-mat.dis-nn
13442,13604,0,0,cond-mat.dis-nn
2021,4031,20,0,cond-mat.dis-nn
506,12855,14,0,cond-mat.dis-nn
1321,13333,2,0,cond-mat.dis-nn
486,4166,6,0,cond-mat.dis-nn
713,2079,0,0,cond-mat.dis-nn
13310,13533,0,0,cond-mat.dis-nn
3733,4467,2,0,cond-mat.dis-nn
217,4243,39,0,cond-mat.dis-nn
2415,5619,0,0,cond-mat.dis-nn
12347,13049,2,0,cond-mat.dis-nn
465,4084,2,0,cond-mat.dis-nn
202,13244,0,0,cond-mat.dis-nn
4530,14137,10,0,cond-mat.dis-nn
154,12795,0,0,cond-mat.dis-nn
840,13388,0,0,cond-mat.dis-nn
633,9037,1,0,cond-mat.dis-nn
4780,8835,2,0,cond-mat.dis-nn
5039,7109,2,0,cond-mat.dis-nn
2281,12979,0,0,cond-mat.dis-nn
557,5371,11,0,cond-mat.dis-nn
434,1594,24,0,cond-mat.dis-nn
1758,13469,2,0,cond-mat.dis-nn
2213,12701,3,0,cond-mat.dis-nn
3268,13240,4,0,cond-mat.dis-nn
2152,12276,8,0,cond-mat.dis-nn
80,9583,14,0,cond-mat.dis-nn
1001,12294,8,0,cond-mat.dis-nn
771,4927,20,0,cond-mat.dis-nn
1995,3209,2,0,cond-mat.dis-nn
10308,12761,2,0,cond-mat.dis-nn
6621,13213,4,0,cond-mat.dis-nn
473,13077,4,0,cond-mat.dis-nn
1361,1876,2,0,cond-mat.dis-nn
5614,9532,3,0,cond-mat.dis-nn
1747,1911,10,0,cond-mat.dis-nn
1873,1907,2,0,cond-mat.dis-nn
1603,8319,0,0,cond-mat.dis-nn
7869,13285,2,0,cond-mat.dis-nn
90,4012,10,0,cond-mat.dis-nn
3639,12635,5,0,cond-mat.dis-nn
3937,13003,0,0,cond-mat.dis-nn
3284,3956,8,0,cond-mat.dis-nn
3113,13379,3,0,cond-mat.dis-nn
3936,4227,4,0,cond-mat.dis-nn
2564,13057,1,0,cond-mat.dis-nn
1153,13079,6,0,cond-mat.dis-nn
2625,2944,12,0,cond-mat.dis-nn
1532,12846,4,0,cond-mat.dis-nn
1238,4226,2,0,cond-mat.dis-nn
2552,3634,24,0,cond-mat.dis-nn
404,3277,2,0,cond-mat.dis-nn
9655,13527,0,0,cond-mat.dis-nn
9953,13858,1,0,cond-mat.dis-nn
2742,13179,2,0,cond-mat.dis-nn
489,10560,18,0,cond-mat.dis-nn
140,3990,2,0,cond-mat.dis-nn
6654,9058,4,0,cond-mat.dis-nn
1995,4210,1,0,cond-mat.dis-nn
123,13062,3,0,cond-mat.dis-nn
4406,8620,4,0,cond-mat.dis-nn
466,4276,10,0,cond-mat.dis-nn
5336,5372,4,0,cond-mat.dis-nn
4989,13370,10,0,cond-mat.dis-nn
263,13487,0,0,cond-mat.dis-nn
1954,5642,3,0,cond-mat.dis-nn
12700,14079,3,0,cond-mat.dis-nn
3139,13615,2,0,cond-mat.dis-nn
2471,2984,6,0,cond-mat.dis-nn
1900,5118,15,0,cond-mat.dis-nn
2564,6330,2,0,cond-mat.dis-nn
4087,13161,6,0,cond-mat.dis-nn
6338,12707,10,0,cond-mat.dis-nn
2357,13615,5,0,cond-mat.dis-nn
5260,13432,6,0,cond-mat.dis-nn
1771,2645,18,0,cond-mat.dis-nn
10591,12788,15,0,cond-mat.dis-nn
801,12766,20,0,cond-mat.dis-nn
9564,12804,6,0,cond-mat.dis-nn
517,12827,6,0,cond-mat.dis-nn
4276,5984,8,0,cond-mat.dis-nn
13059,13207,12,0,cond-mat.dis-nn
20,12286,0,0,cond-mat.dis-nn
1954,3116,3,0,cond-mat.dis-nn
13208,13335,0,0,cond-mat.dis-nn
12748,12941,10,0,cond-mat.dis-nn
985,2207,63,0,cond-mat.dis-nn
6686,12994,10,0,cond-mat.dis-nn
508,5845,2,0,cond-mat.dis-nn
12306,12861,4,0,cond-mat.dis-nn
8164,8977,0,0,cond-mat.dis-nn
769,13959,3,0,cond-mat.dis-nn
1974,11208,6,0,cond-mat.dis-nn
9474,12515,0,0,cond-mat.dis-nn
26,6824,2,0,cond-mat.dis-nn
12860,12894,8,0,cond-mat.dis-nn
3209,3348,24,0,cond-mat.dis-nn
9599,12631,4,0,cond-mat.dis-nn
6299,12589,3,0,cond-mat.dis-nn
2731,9057,16,0,cond-mat.dis-nn
6083,10112,2,0,cond-mat.dis-nn
5481,13390,2,0,cond-mat.dis-nn
2488,12453,6,0,cond-mat.dis-nn
505,13252,7,0,cond-mat.dis-nn
1186,3113,1,0,cond-mat.dis-nn
13587,13609,2,0,cond-mat.dis-nn
1597,4144,4,0,cond-mat.dis-nn
955,1379,32,0,cond-mat.dis-nn
3218,9152,12,0,cond-mat.dis-nn
1604,12936,1,0,cond-mat.dis-nn
12382,12460,2,0,cond-mat.dis-nn
12098,13604,0,0,cond-mat.dis-nn
7688,12758,4,0,cond-mat.dis-nn
9268,9655,0,0,cond-mat.dis-nn
942,1970,5,0,cond-mat.dis-nn
2567,13248,8,0,cond-mat.dis-nn
5268,10550,8,0,cond-mat.dis-nn
2002,2773,3,0,cond-mat.dis-nn
12783,13563,2,0,cond-mat.dis-nn
7590,9073,0,0,cond-mat.dis-nn
3169,7202,0,0,cond-mat.dis-nn
12637,12691,4,0,cond-mat.dis-nn
7223,13188,4,0,cond-mat.dis-nn
579,876,3,0,cond-mat.dis-nn
69,13048,12,0,cond-mat.dis-nn
9041,11985,2,0,cond-mat.dis-nn
7869,13713,1,0,cond-mat.dis-nn
891,12073,5,0,cond-mat.dis-nn
8605,13260,1,0,cond-mat.dis-nn
1661,3360,9,0,cond-mat.dis-nn
66,2807,15,0,cond-mat.dis-nn
794,12671,3,0,cond-mat.dis-nn
1909,13261,2,0,cond-mat.dis-nn
1378,13216,0,0,cond-mat.dis-nn
50,12927,2,0,cond-mat.dis-nn
2420,12424,12,0,cond-mat.dis-nn
1,202,16,0,cond-mat.dis-nn
1228,12410,12,0,cond-mat.dis-nn
290,5445,36,0,cond-mat.dis-nn
3604,5013,9,0,cond-mat.dis-nn
8561,8621,6,0,cond-mat.dis-nn
3226,12529,0,0,cond-mat.dis-nn
715,978,10,0,cond-mat.dis-nn
2839,5066,6,0,cond-mat.dis-nn
92,743,8,0,cond-mat.dis-nn
1070,14388,1,0,cond-mat.dis-nn
2350,12342,24,0,cond-mat.dis-nn
3969,12694,2,0,cond-mat.dis-nn
1359,8111,1,0,cond-mat.dis-nn
9370,12523,1,0,cond-mat.dis-nn
936,13298,4,0,cond-mat.dis-nn
12490,12518,3,0,cond-mat.dis-nn
3714,13227,1,0,cond-mat.dis-nn
10551,13058,8,0,cond-mat.dis-nn
4290,12111,7,0,cond-mat.dis-nn
1072,12484,3,0,cond-mat.dis-nn
1375,12405,6,0,cond-mat.dis-nn
84,4307,12,0,cond-mat.dis-nn
1751,9129,0,0,cond-mat.dis-nn
3050,13183,4,0,cond-mat.dis-nn
4358,5866,2,0,cond-mat.dis-nn
3231,8685,0,0,cond-mat.dis-nn
235,12926,2,0,cond-mat.dis-nn
3939,7315,6,0,cond-mat.dis-nn
7495,13619,2,0,cond-mat.dis-nn
62,3442,116,0,cond-mat.dis-nn
5687,12284,1,0,cond-mat.dis-nn
9412,11041,0,0,cond-mat.dis-nn
10921,13019,0,0,cond-mat.dis-nn
2826,6398,3,0,cond-mat.dis-nn
3052,12748,0,0,cond-mat.dis-nn
2225,13119,10,0,cond-mat.dis-nn
9644,13269,9,0,cond-mat.dis-nn
12072,12893,1,0,cond-mat.dis-nn
5004,11997,4,0,cond-mat.dis-nn
1208,12771,28,0,cond-mat.dis-nn
426,578,46,0,cond-mat.dis-nn
3691,6324,6,0,cond-mat.dis-nn
3335,12547,3,0,cond-mat.dis-nn
6382,13604,0,0,cond-mat.dis-nn
125,5196,35,0,cond-mat.dis-nn
754,1346,4,0,cond-mat.dis-nn
1628,12576,2,0,cond-mat.dis-nn
69,8562,24,0,cond-mat.dis-nn
7498,13372,2,0,cond-mat.dis-nn
3320,6762,2,0,cond-mat.dis-nn
4240,4287,9,0,cond-mat.dis-nn
4499,8977,0,0,cond-mat.dis-nn
6276,12921,12,0,cond-mat.dis-nn
7202,12821,0,0,cond-mat.dis-nn
557,6695,22,0,cond-mat.dis-nn
6628,6993,3,0,cond-mat.dis-nn
12697,13560,6,0,cond-mat.dis-nn
4646,12675,2,0,cond-mat.dis-nn
2621,3907,6,0,cond-mat.dis-nn
107,2150,0,0,cond-mat.dis-nn
2435,12762,12,0,cond-mat.dis-nn
410,13298,4,0,cond-mat.dis-nn
250,2171,14,0,cond-mat.dis-nn
73,12975,12,0,cond-mat.dis-nn
2329,10421,8,0,cond-mat.dis-nn
2137,4738,15,0,cond-mat.dis-nn
605,13021,6,0,cond-mat.dis-nn
9908,13598,1,0,cond-mat.dis-nn
5066,12866,0,0,cond-mat.dis-nn
3968,5238,1,0,cond-mat.dis-nn
13054,13731,1,0,cond-mat.dis-nn
3053,12703,1,0,cond-mat.dis-nn
1132,2451,10,0,cond-mat.dis-nn
979,4307,4,0,cond-mat.dis-nn
2474,12995,2,0,cond-mat.dis-nn
13437,14142,8,0,cond-mat.dis-nn
1531,13271,15,0,cond-mat.dis-nn
728,6122,8,0,cond-mat.dis-nn
493,12937,20,0,cond-mat.dis-nn
3788,12784,2,0,cond-mat.dis-nn
11985,13085,1,0,cond-mat.dis-nn
5965,11706,5,0,cond-mat.dis-nn
305,2614,9,0,cond-mat.dis-nn
287,12688,9,0,cond-mat.dis-nn
9910,13621,6,0,cond-mat.dis-nn
1547,12613,9,0,cond-mat.dis-nn
5358,6455,0,0,cond-mat.dis-nn
3284,4210,4,0,cond-mat.dis-nn
2973,11753,0,0,cond-mat.dis-nn
1401,2207,6,0,cond-mat.dis-nn
1854,8685,0,0,cond-mat.dis-nn
3825,13052,12,0,cond-mat.dis-nn
2451,3836,12,0,cond-mat.dis-nn
1072,2004,15,0,cond-mat.dis-nn
4297,11964,16,0,cond-mat.dis-nn
2161,12139,8,0,cond-mat.dis-nn
5160,12827,6,0,cond-mat.dis-nn
4582,12999,4,0,cond-mat.dis-nn
2024,13073,9,0,cond-mat.dis-nn
3401,5261,6,0,cond-mat.dis-nn
6655,13558,2,0,cond-mat.dis-nn
12758,12905,1,0,cond-mat.dis-nn
3989,12341,4,0,cond-mat.dis-nn
885,12098,2,0,cond-mat.dis-nn
2325,13531,4,0,cond-mat.dis-nn
8835,8915,1,0,cond-mat.dis-nn
4629,5504,12,0,cond-mat.dis-nn
12321,14480,8,0,cond-mat.dis-nn
12461,13557,0,0,cond-mat.dis-nn
541,1182,4,0,cond-mat.dis-nn
1437,2488,8,0,cond-mat.dis-nn
4061,4875,5,0,cond-mat.dis-nn
4307,8463,4,0,cond-mat.dis-nn
10940,13074,6,0,cond-mat.dis-nn
894,1198,10,0,cond-mat.dis-nn
1243,12457,2,0,cond-mat.dis-nn
2251,2862,1,0,cond-mat.dis-nn
1838,8322,0,0,cond-mat.dis-nn
3740,9929,2,0,cond-mat.dis-nn
11939,13080,3,0,cond-mat.dis-nn
1449,4834,6,0,cond-mat.dis-nn
1747,12713,5,0,cond-mat.dis-nn
1525,1674,0,0,cond-mat.dis-nn
1141,3634,48,0,cond-mat.dis-nn
10304,13542,6,0,cond-mat.dis-nn
2452,3116,3,0,cond-mat.dis-nn
1970,13172,30,0,cond-mat.dis-nn
7008,13852,4,0,cond-mat.dis-nn
3533,13400,0,0,cond-mat.dis-nn
1023,9398,0,0,cond-mat.dis-nn
12938,13621,2,0,cond-mat.dis-nn
4031,12449,10,0,cond-mat.dis-nn
8112,12302,1,0,cond-mat.dis-nn
1766,2388,10,0,cond-mat.dis-nn
1118,5205,0,0,cond-mat.dis-nn
5336,12791,2,0,cond-mat.dis-nn
5371,12111,1,0,cond-mat.dis-nn
892,13380,0,0,cond-mat.dis-nn
617,2973,0,0,cond-mat.dis-nn
13058,13393,20,0,cond-mat.dis-nn
139,1393,12,0,cond-mat.dis-nn
2966,3350,3,0,cond-mat.dis-nn
3824,7173,3,0,cond-mat.dis-nn
1876,5004,2,0,cond-mat.dis-nn
515,1649,0,0,cond-mat.dis-nn
2727,13398,2,0,cond-mat.dis-nn
3266,12889,4,0,cond-mat.dis-nn
672,11777,6,0,cond-mat.dis-nn
7230,12485,3,0,cond-mat.dis-nn
1076,13587,24,0,cond-mat.dis-nn
3828,6096,0,0,cond-mat.dis-nn
1694,1851,7,0,cond-mat.dis-nn
2945,13476,2,0,cond-mat.dis-nn
2797,4947,10,0,cond-mat.dis-nn
4241,12946,10,0,cond-mat.dis-nn
2265,8384,4,0,cond-mat.dis-nn
12085,12491,6,0,cond-mat.dis-nn
6438,13015,4,0,cond-mat.dis-nn
1782,12702,6,0,cond-mat.dis-nn
1000,3132,2,0,cond-mat.dis-nn
1001,6066,6,0,cond-mat.dis-nn
8135,13094,6,0,cond-mat.dis-nn
927,13356,2,0,cond-mat.dis-nn
3290,12585,2,0,cond-mat.dis-nn
2495,12085,2,0,cond-mat.dis-nn
2680,9278,10,0,cond-mat.dis-nn
2025,13893,16,0,cond-mat.dis-nn
80,12287,28,0,cond-mat.dis-nn
8496,13221,11,0,cond-mat.dis-nn
9181,12362,1,0,cond-mat.dis-nn
8790,13560,1,0,cond-mat.dis-nn
543,12440,24,0,cond-mat.dis-nn
99,13446,13,0,cond-mat.dis-nn
1660,4323,0,0,cond-mat.dis-nn
3634,7267,4,0,cond-mat.dis-nn
1959,13143,5,0,cond-mat.dis-nn
132,9049,16,0,cond-mat.dis-nn
2841,13494,0,0,cond-mat.dis-nn
7949,12921,30,0,cond-mat.dis-nn
2597,10281,0,0,cond-mat.dis-nn
447,11132,40,0,cond-mat.dis-nn
12716,12729,0,0,cond-mat.dis-nn
417,672,4,0,cond-mat.dis-nn
9776,12441,6,0,cond-mat.dis-nn
1572,10603,1,0,cond-mat.dis-nn
503,1498,8,0,cond-mat.dis-nn
308,9661,18,0,cond-mat.dis-nn
10220,12417,0,0,cond-mat.dis-nn
9629,12278,10,0,cond-mat.dis-nn
3111,13103,0,0,cond-mat.dis-nn
470,12962,9,0,cond-mat.dis-nn
1368,3346,40,0,cond-mat.dis-nn
72,12952,36,0,cond-mat.dis-nn
12296,13315,15,0,cond-mat.dis-nn
1004,1263,0,0,cond-mat.dis-nn
43,3211,14,0,cond-mat.dis-nn
308,12936,6,0,cond-mat.dis-nn
92,12494,2,0,cond-mat.dis-nn
2438,3826,6,0,cond-mat.dis-nn
1209,13422,0,0,cond-mat.dis-nn
4241,13384,10,0,cond-mat.dis-nn
1362,5150,42,0,cond-mat.dis-nn
9507,11591,6,0,cond-mat.dis-nn
605,5845,3,0,cond-mat.dis-nn
2242,13421,0,0,cond-mat.dis-nn
1432,13058,4,0,cond-mat.dis-nn
2653,3750,48,0,cond-mat.dis-nn
836,12538,1,0,cond-mat.dis-nn
944,9039,4,0,cond-mat.dis-nn
7277,8317,4,0,cond-mat.dis-nn
12293,12994,2,0,cond-mat.dis-nn
12887,13095,4,0,cond-mat.dis-nn
152,8464,28,0,cond-mat.dis-nn
5620,8463,1,0,cond-mat.dis-nn
4794,6435,1,0,cond-mat.dis-nn
5987,12686,16,0,cond-mat.dis-nn
297,602,16,0,cond-mat.dis-nn
13205,13526,10,0,cond-mat.dis-nn
1883,13609,2,0,cond-mat.dis-nn
1033,1424,1,0,cond-mat.dis-nn
975,11133,60,0,cond-mat.dis-nn
2224,6848,16,0,cond-mat.dis-nn
951,982,5,0,cond-mat.dis-nn
12642,13039,8,0,cond-mat.dis-nn
443,12706,1,0,cond-mat.dis-nn
9910,12488,12,0,cond-mat.dis-nn
3360,3970,3,0,cond-mat.dis-nn
12186,13290,2,0,cond-mat.dis-nn
3336,13067,6,0,cond-mat.dis-nn
1908,7258,4,0,cond-mat.dis-nn
3113,3604,3,0,cond-mat.dis-nn
12758,12927,2,0,cond-mat.dis-nn
4988,12513,12,0,cond-mat.dis-nn
934,12534,6,0,cond-mat.dis-nn
3536,13357,6,0,cond-mat.dis-nn
339,12733,20,0,cond-mat.dis-nn
1035,12702,9,0,cond-mat.dis-nn
1009,8134,3,0,cond-mat.dis-nn
668,12536,27,0,cond-mat.dis-nn
379,913,11,0,cond-mat.dis-nn
881,3640,9,0,cond-mat.dis-nn
2282,14270,0,0,cond-mat.dis-nn
236,1358,2,0,cond-mat.dis-nn
1328,5757,40,0,cond-mat.dis-nn
3633,7260,2,0,cond-mat.dis-nn
226,3565,20,0,cond-mat.dis-nn
2281,12584,0,0,cond-mat.dis-nn
2358,4582,2,0,cond-mat.dis-nn
40,665,27,0,cond-mat.dis-nn
1904,13537,2,0,cond-mat.dis-nn
9555,11635,4,0,cond-mat.dis-nn
1625,5756,4,0,cond-mat.dis-nn
379,12639,2,0,cond-mat.dis-nn
815,1420,6,0,cond-mat.dis-nn
7813,12725,3,0,cond-mat.dis-nn
8880,13387,0,0,cond-mat.dis-nn
517,12465,24,0,cond-mat.dis-nn
1529,2871,0,0,cond-mat.dis-nn
1313,12664,15,0,cond-mat.dis-nn
2135,12098,8,0,cond-mat.dis-nn
1992,13892,10,0,cond-mat.dis-nn
1210,12279,15,0,cond-mat.dis-nn
8910,12628,0,0,cond-mat.dis-nn
915,5866,0,0,cond-mat.dis-nn
3806,13171,20,0,cond-mat.dis-nn
12447,13549,3,0,cond-mat.dis-nn
4835,12675,12,0,cond-mat.dis-nn
12344,12490,3,0,cond-mat.dis-nn
1529,3401,3,0,cond-mat.dis-nn
639,12463,8,0,cond-mat.dis-nn
4209,13561,1,0,cond-mat.dis-nn
3638,8110,8,0,cond-mat.dis-nn
891,3113,5,0,cond-mat.dis-nn
882,2161,24,0,cond-mat.dis-nn
12100,12803,3,0,cond-mat.dis-nn
728,13443,8,0,cond-mat.dis-nn
6648,12111,2,0,cond-mat.dis-nn
4357,5996,4,0,cond-mat.dis-nn
135,1036,5,0,cond-mat.dis-nn
10771,13537,2,0,cond-mat.dis-nn
6563,7313,4,0,cond-mat.dis-nn
1470,6999,1,0,cond-mat.dis-nn
7131,7276,5,0,cond-mat.dis-nn
2421,7221,1,0,cond-mat.dis-nn
838,4836,6,0,cond-mat.dis-nn
1648,8317,8,0,cond-mat.dis-nn
1036,6398,3,0,cond-mat.dis-nn
2180,2585,3,0,cond-mat.dis-nn
3558,4717,11,0,cond-mat.dis-nn
835,1389,4,0,cond-mat.dis-nn
7251,9412,1,0,cond-mat.dis-nn
698,1271,12,0,cond-mat.dis-nn
1133,6824,4,0,cond-mat.dis-nn
6251,13355,4,0,cond-mat.dis-nn
1363,12390,6,0,cond-mat.dis-nn
1572,3604,3,0,cond-mat.dis-nn
943,9589,8,0,cond-mat.dis-nn
1537,6801,10,0,cond-mat.dis-nn
11741,12438,0,0,cond-mat.dis-nn
12783,12815,2,0,cond-mat.dis-nn
3447,10483,12,0,cond-mat.dis-nn
1023,13755,2,0,cond-mat.dis-nn
5138,13484,4,0,cond-mat.dis-nn
1127,5590,3,0,cond-mat.dis-nn
7060,7229,1,0,cond-mat.dis-nn
12961,13086,4,0,cond-mat.dis-nn
1350,1546,18,0,cond-mat.dis-nn
2022,8391,0,0,cond-mat.dis-nn
1218,12538,1,0,cond-mat.dis-nn
726,12750,15,0,cond-mat.dis-nn
774,9114,7,0,cond-mat.dis-nn
442,4152,4,0,cond-mat.dis-nn
1299,1478,5,0,cond-mat.dis-nn
2032,8827,2,0,cond-mat.dis-nn
286,2363,4,0,cond-mat.dis-nn
2746,8584,7,0,cond-mat.dis-nn
1966,12939,4,0,cond-mat.dis-nn
13447,14161,1,0,cond-mat.dis-nn
1192,1616,45,0,cond-mat.dis-nn
260,3213,90,0,cond-mat.dis-nn
2495,5295,1,0,cond-mat.dis-nn
2798,13326,0,0,cond-mat.dis-nn
1654,4307,40,0,cond-mat.dis-nn
448,8553,5,0,cond-mat.dis-nn
2181,11371,0,0,cond-mat.dis-nn
2283,4365,8,0,cond-mat.dis-nn
48,2023,2,0,cond-mat.dis-nn
1727,2197,3,0,cond-mat.dis-nn
2567,13514,20,0,cond-mat.dis-nn
152,4969,56,0,cond-mat.dis-nn
1005,1129,0,0,cond-mat.dis-nn
211,216,0,0,cond-mat.dis-nn
12469,13144,2,0,cond-mat.dis-nn
42,1198,24,0,cond-mat.dis-nn
8910,14270,6,0,cond-mat.dis-nn
8685,13514,0,0,cond-mat.dis-nn
650,5138,0,0,cond-mat.dis-nn
1186,2983,2,0,cond-mat.dis-nn
7407,7569,4,0,cond-mat.dis-nn
3483,12624,6,0,cond-mat.dis-nn
2490,2834,4,0,cond-mat.dis-nn
46,944,44,0,cond-mat.dis-nn
122,4200,2,0,cond-mat.dis-nn
7083,10748,10,0,cond-mat.dis-nn
1230,9855,8,0,cond-mat.dis-nn
1523,1706,16,0,cond-mat.dis-nn
2394,3656,4,0,cond-mat.dis-nn
1543,12975,24,0,cond-mat.dis-nn
2477,3956,6,0,cond-mat.dis-nn
1691,13075,6,0,cond-mat.dis-nn
4500,9910,3,0,cond-mat.dis-nn
1857,12878,12,0,cond-mat.dis-nn
5374,6502,5,0,cond-mat.dis-nn
5396,6935,4,0,cond-mat.dis-nn
941,1471,9,0,cond-mat.dis-nn
2006,13086,3,0,cond-mat.dis-nn
12139,14270,2,0,cond-mat.dis-nn
2207,3542,6,0,cond-mat.dis-nn
1531,6297,75,0,cond-mat.dis-nn
807,9729,39,0,cond-mat.dis-nn
3370,12696,2,0,cond-mat.dis-nn
9789,10028,1,0,cond-mat.dis-nn
4731,12529,0,0,cond-mat.dis-nn
1391,12796,12,0,cond-mat.dis-nn
1269,8111,7,0,cond-mat.dis-nn
12466,12692,8,0,cond-mat.dis-nn
4409,13417,9,0,cond-mat.dis-nn
2172,12314,7,0,cond-mat.dis-nn
11208,13221,11,0,cond-mat.dis-nn
7813,12878,3,0,cond-mat.dis-nn
6696,13410,4,0,cond-mat.dis-nn
12317,12339,0,0,cond-mat.dis-nn
2639,14445,1,0,cond-mat.dis-nn
937,12826,0,0,cond-mat.dis-nn
3231,12779,15,0,cond-mat.dis-nn
12471,12891,8,0,cond-mat.dis-nn
4117,6456,4,0,cond-mat.dis-nn
4740,7258,4,0,cond-mat.dis-nn
2066,9155,12,0,cond-mat.dis-nn
8384,12442,4,0,cond-mat.dis-nn
9668,13893,4,0,cond-mat.dis-nn
1014,13316,3,0,cond-mat.dis-nn
1258,5045,8,0,cond-mat.dis-nn
4141,6525,2,0,cond-mat.dis-nn
893,13062,5,0,cond-mat.dis-nn
940,4363,2,0,cond-mat.dis-nn
1854,12511,6,0,cond-mat.dis-nn
2025,13067,16,0,cond-mat.dis-nn
2599,13073,9,0,cond-mat.dis-nn
169,693,12,0,cond-mat.dis-nn
800,5371,4,0,cond-mat.dis-nn
773,5045,2,0,cond-mat.dis-nn
554,2197,6,0,cond-mat.dis-nn
2648,3782,6,0,cond-mat.dis-nn
428,13986,4,0,cond-mat.dis-nn
13294,13587,4,0,cond-mat.dis-nn
1484,3824,24,0,cond-mat.dis-nn
11912,13147,0,0,cond-mat.dis-nn
2739,12945,1,0,cond-mat.dis-nn
5457,12631,0,0,cond-mat.dis-nn
410,876,2,0,cond-mat.dis-nn
3154,7790,12,0,cond-mat.dis-nn
5119,8062,12,0,cond-mat.dis-nn
9795,13457,3,0,cond-mat.dis-nn
885,12662,1,0,cond-mat.dis-nn
5073,10282,0,0,cond-mat.dis-nn
3743,13559,1,0,cond-mat.dis-nn
5641,12280,2,0,cond-mat.dis-nn
624,3586,8,0,cond-mat.dis-nn
9016,12910,0,0,cond-mat.dis-nn
12414,12733,12,0,cond-mat.dis-nn
5012,13389,0,0,cond-mat.dis-nn
3223,12742,10,0,cond-mat.dis-nn
4357,8619,4,0,cond-mat.dis-nn
12368,12473,4,0,cond-mat.dis-nn
2702,3442,8,0,cond-mat.dis-nn
896,3263,6,0,cond-mat.dis-nn
411,12639,6,0,cond-mat.dis-nn
3350,12293,3,0,cond-mat.dis-nn
1971,2325,3,0,cond-mat.dis-nn
1425,7255,21,0,cond-mat.dis-nn
425,12659,0,0,cond-mat.dis-nn
928,936,6,0,cond-mat.dis-nn
2623,5405,7,0,cond-mat.dis-nn
881,5736,3,0,cond-mat.dis-nn
3904,13755,2,0,cond-mat.dis-nn
882,6338,6,0,cond-mat.dis-nn
84,882,9,0,cond-mat.dis-nn
2742,13169,10,0,cond-mat.dis-nn
1673,8036,1,0,cond-mat.dis-nn
11392,12994,2,0,cond-mat.dis-nn
2639,2761,2,0,cond-mat.dis-nn
1652,1682,9,0,cond-mat.dis-nn
410,13145,2,0,cond-mat.dis-nn
6456,12712,2,0,cond-mat.dis-nn
1876,8745,2,0,cond-mat.dis-nn
11770,12536,3,0,cond-mat.dis-nn
1563,7202,0,0,cond-mat.dis-nn
774,8619,14,0,cond-mat.dis-nn
9370,11964,2,0,cond-mat.dis-nn
1316,3655,12,0,cond-mat.dis-nn
4078,4988,9,0,cond-mat.dis-nn
615,718,3,0,cond-mat.dis-nn
1387,13249,6,0,cond-mat.dis-nn
4089,4737,18,0,cond-mat.dis-nn
3970,3999,2,0,cond-mat.dis-nn
1826,1955,10,0,cond-mat.dis-nn
8540,13959,0,0,cond-mat.dis-nn
1624,2760,3,0,cond-mat.dis-nn
320,13265,3,0,cond-mat.dis-nn
48,9279,12,0,cond-mat.dis-nn
5485,10831,10,0,cond-mat.dis-nn
772,5783,2,0,cond-mat.dis-nn
2210,11636,8,0,cond-mat.dis-nn
5853,7700,4,0,cond-mat.dis-nn
6405,12414,6,0,cond-mat.dis-nn
12323,13336,2,0,cond-mat.dis-nn
213,5038,5,0,cond-mat.dis-nn
6563,13116,8,0,cond-mat.dis-nn
1549,6005,4,0,cond-mat.dis-nn
3532,12561,3,0,cond-mat.dis-nn
3371,13510,8,0,cond-mat.dis-nn
9081,12368,4,0,cond-mat.dis-nn
815,2711,12,0,cond-mat.dis-nn
11965,12581,4,0,cond-mat.dis-nn
832,5015,6,0,cond-mat.dis-nn
1572,8697,4,0,cond-mat.dis-nn
892,12910,8,0,cond-mat.dis-nn
1227,2283,4,0,cond-mat.dis-nn
6545,13597,2,0,cond-mat.dis-nn
452,12085,8,0,cond-mat.dis-nn
632,2747,22,0,cond-mat.dis-nn
1362,1955,35,0,cond-mat.dis-nn
1599,4671,4,0,cond-mat.dis-nn
4472,7498,8,0,cond-mat.dis-nn
1237,12540,2,0,cond-mat.dis-nn
5015,13524,3,0,cond-mat.dis-nn
5679,13046,8,0,cond-mat.dis-nn
4946,13015,8,0,cond-mat.dis-nn
1540,13337,5,0,cond-mat.dis-nn
4436,12535,2,0,cond-mat.dis-nn
1468,12674,4,0,cond-mat.dis-nn
131,2357,10,0,cond-mat.dis-nn
45,4240,33,0,cond-mat.dis-nn
4783,13402,2,0,cond-mat.dis-nn
211,12939,8,0,cond-mat.dis-nn
9308,13039,10,0,cond-mat.dis-nn
2411,9401,8,0,cond-mat.dis-nn
3514,13135,4,0,cond-mat.dis-nn
683,4532,22,0,cond-mat.dis-nn
1636,7540,4,0,cond-mat.dis-nn
36,3265,16,0,cond-mat.dis-nn
8319,9268,0,0,cond-mat.dis-nn
12543,12547,1,0,cond-mat.dis-nn
13580,14270,2,0,cond-mat.dis-nn
2738,5981,0,0,cond-mat.dis-nn
5530,5845,2,0,cond-mat.dis-nn
12552,12781,8,0,cond-mat.dis-nn
1314,1374,8,0,cond-mat.dis-nn
489,13046,18,0,cond-mat.dis-nn
2760,11109,3,0,cond-mat.dis-nn
7125,12441,12,0,cond-mat.dis-nn
2057,12678,15,0,cond-mat.dis-nn
1883,13136,2,0,cond-mat.dis-nn
5434,8622,4,0,cond-mat.dis-nn
263,13084,8,0,cond-mat.dis-nn
13420,14289,4,0,cond-mat.dis-nn
6112,9625,16,0,cond-mat.dis-nn
269,11028,63,0,cond-mat.dis-nn
3794,12878,3,0,cond-mat.dis-nn
1468,9137,6,0,cond-mat.dis-nn
434,9789,8,0,cond-mat.dis-nn
12606,12994,4,0,cond-mat.dis-nn
730,13494,0,0,cond-mat.dis-nn
1893,14124,4,0,cond-mat.dis-nn
13054,13944,2,0,cond-mat.dis-nn
5612,7474,4,0,cond-mat.dis-nn
6137,6801,12,0,cond-mat.dis-nn
8319,10943,0,0,cond-mat.dis-nn
2274,12769,15,0,cond-mat.dis-nn
4836,9584,3,0,cond-mat.dis-nn
4308,12317,2,0,cond-mat.dis-nn
1866,6006,30,0,cond-mat.dis-nn
2961,9656,0,0,cond-mat.dis-nn
339,3750,120,0,cond-mat.dis-nn
1241,7265,3,0,cond-mat.dis-nn
4209,12316,2,0,cond-mat.dis-nn
1533,10304,2,0,cond-mat.dis-nn
1388,13821,0,0,cond-mat.dis-nn
866,12284,24,0,cond-mat.dis-nn
415,13436,3,0,cond-mat.dis-nn
5666,12912,0,0,cond-mat.dis-nn
314,5656,0,0,cond-mat.dis-nn
2152,5558,8,0,cond-mat.dis-nn
12754,12999,2,0,cond-mat.dis-nn
5073,8462,0,0,cond-mat.dis-nn
4642,9587,15,0,cond-mat.dis-nn
1498,1656,6,0,cond-mat.dis-nn
1005,8319,0,0,cond-mat.dis-nn
158,12584,18,0,cond-mat.dis-nn
4316,11637,4,0,cond-mat.dis-nn
838,11705,2,0,cond-mat.dis-nn
1756,3528,10,0,cond-mat.dis-nn
2242,5982,12,0,cond-mat.dis-nn
1316,1652,12,0,cond-mat.dis-nn
12435,14270,2,0,cond-mat.dis-nn
836,898,8,0,cond-mat.dis-nn
7407,13411,4,0,cond-mat.dis-nn
1901,7000,9,0,cond-mat.dis-nn
338,13081,6,0,cond-mat.dis-nn
1045,5358,0,0,cond-mat.dis-nn
3437,13282,18,0,cond-mat.dis-nn
1219,9532,3,0,cond-mat.dis-nn
6395,12275,30,0,cond-mat.dis-nn
3633,10942,1,0,cond-mat.dis-nn
963,6308,3,0,cond-mat.dis-nn
6525,12650,2,0,cond-mat.dis-nn
5849,8315,2,0,cond-mat.dis-nn
760,13713,3,0,cond-mat.dis-nn
1730,7532,2,0,cond-mat.dis-nn
12607,12777,2,0,cond-mat.dis-nn
7277,13157,4,0,cond-mat.dis-nn
2160,7790,6,0,cond-mat.dis-nn
1441,10175,0,0,cond-mat.dis-nn
954,3226,0,0,cond-mat.dis-nn
2881,5866,3,0,cond-mat.dis-nn
98,13598,4,0,cond-mat.dis-nn
639,13544,2,0,cond-mat.dis-nn
1484,12961,32,0,cond-mat.dis-nn
69,1004,0,0,cond-mat.dis-nn
150,849,2,0,cond-mat.dis-nn
1587,14142,0,0,cond-mat.dis-nn
4061,5474,5,0,cond-mat.dis-nn
8880,12675,6,0,cond-mat.dis-nn
9475,12970,0,0,cond-mat.dis-nn
582,1790,21,0,cond-mat.dis-nn
2004,4114,5,0,cond-mat.dis-nn
1242,12687,4,0,cond-mat.dis-nn
3829,9266,8,0,cond-mat.dis-nn
11963,13254,4,0,cond-mat.dis-nn
1008,1116,11,0,cond-mat.dis-nn
743,12073,4,0,cond-mat.dis-nn
1001,1077,2,0,cond-mat.dis-nn
12516,12649,3,0,cond-mat.dis-nn
179,6338,12,0,cond-mat.dis-nn
4171,13581,1,0,cond-mat.dis-nn
4140,12690,16,0,cond-mat.dis-nn
262,12379,4,0,cond-mat.dis-nn
7688,8553,4,0,cond-mat.dis-nn
2441,3040,7,0,cond-mat.dis-nn
410,12277,8,0,cond-mat.dis-nn
7030,9599,2,0,cond-mat.dis-nn
300,742,22,0,cond-mat.dis-nn
4142,13410,4,0,cond-mat.dis-nn
2479,14263,3,0,cond-mat.dis-nn
12740,13152,1,0,cond-mat.dis-nn
2440,5295,1,0,cond-mat.dis-nn
3529,9131,4,0,cond-mat.dis-nn
13385,13447,3,0,cond-mat.dis-nn
2755,13300,16,0,cond-mat.dis-nn
12412,13206,4,0,cond-mat.dis-nn
4265,12433,0,0,cond-mat.dis-nn
5981,7125,4,0,cond-mat.dis-nn
12389,13195,2,0,cond-mat.dis-nn
137,5680,0,0,cond-mat.dis-nn
2438,8790,2,0,cond-mat.dis-nn
4086,13370,12,0,cond-mat.dis-nn
10507,13372,3,0,cond-mat.dis-nn
6099,7791,2,0,cond-mat.dis-nn
2790,3436,14,0,cond-mat.dis-nn
4141,5843,4,0,cond-mat.dis-nn
2136,3320,4,0,cond-mat.dis-nn
2567,13486,0,0,cond-mat.dis-nn
3334,4582,4,0,cond-mat.dis-nn
1321,8620,2,0,cond-mat.dis-nn
1425,12204,7,0,cond-mat.dis-nn
6654,9855,4,0,cond-mat.dis-nn
2748,9073,0,0,cond-mat.dis-nn
41,13188,16,0,cond-mat.dis-nn
210,4100,3,0,cond-mat.dis-nn
12441,13893,6,0,cond-mat.dis-nn
1239,10514,4,0,cond-mat.dis-nn
515,2081,0,0,cond-mat.dis-nn
835,2882,2,0,cond-mat.dis-nn
1379,2451,8,0,cond-mat.dis-nn
53,860,25,0,cond-mat.dis-nn
223,7687,30,0,cond-mat.dis-nn
211,13491,12,0,cond-mat.dis-nn
1098,8561,24,0,cond-mat.dis-nn
944,9177,2,0,cond-mat.dis-nn
7486,13224,8,0,cond-mat.dis-nn
12303,13411,2,0,cond-mat.dis-nn
3128,9572,4,0,cond-mat.dis-nn
2067,12745,3,0,cond-mat.dis-nn
3041,12456,3,0,cond-mat.dis-nn
419,3698,6,0,cond-mat.dis-nn
3944,12903,4,0,cond-mat.dis-nn
3319,13080,9,0,cond-mat.dis-nn
158,12904,18,0,cond-mat.dis-nn
1255,13360,8,0,cond-mat.dis-nn
69,552,4,0,cond-mat.dis-nn
4142,13004,4,0,cond-mat.dis-nn
2625,13157,12,0,cond-mat.dis-nn
13179,13202,3,0,cond-mat.dis-nn
9082,13261,6,0,cond-mat.dis-nn
8039,13679,2,0,cond-mat.dis-nn
462,4275,4,0,cond-mat.dis-nn
7674,12763,4,0,cond-mat.dis-nn
578,1597,46,0,cond-mat.dis-nn
2992,8111,2,0,cond-mat.dis-nn
2180,10039,3,0,cond-mat.dis-nn
5662,13239,4,0,cond-mat.dis-nn
13320,13442,3,0,cond-mat.dis-nn
12863,13346,0,0,cond-mat.dis-nn
813,13550,2,0,cond-mat.dis-nn
12844,13598,3,0,cond-mat.dis-nn
2443,13652,1,0,cond-mat.dis-nn
2329,2964,8,0,cond-mat.dis-nn
3698,12330,0,0,cond-mat.dis-nn
6769,12549,6,0,cond-mat.dis-nn
67,2591,6,0,cond-mat.dis-nn
493,4011,70,0,cond-mat.dis-nn
13,13731,21,0,cond-mat.dis-nn
1638,10859,6,0,cond-mat.dis-nn
5600,12518,1,0,cond-mat.dis-nn
1529,2358,1,0,cond-mat.dis-nn
6251,12070,2,0,cond-mat.dis-nn
150,3793,2,0,cond-mat.dis-nn
881,1648,12,0,cond-mat.dis-nn
5849,7480,5,0,cond-mat.dis-nn
11435,14079,3,0,cond-mat.dis-nn
4202,5159,2,0,cond-mat.dis-nn
695,9599,2,0,cond-mat.dis-nn
147,9910,9,0,cond-mat.dis-nn
2452,12545,1,0,cond-mat.dis-nn
8837,13564,6,0,cond-mat.dis-nn
3999,12649,2,0,cond-mat.dis-nn
733,3740,0,0,cond-mat.dis-nn
382,4794,15,0,cond-mat.dis-nn
1683,7497,8,0,cond-mat.dis-nn
12367,12639,4,0,cond-mat.dis-nn
3336,13244,0,0,cond-mat.dis-nn
4059,13081,6,0,cond-mat.dis-nn
850,10942,2,0,cond-mat.dis-nn
10308,13384,2,0,cond-mat.dis-nn
1331,6268,3,0,cond-mat.dis-nn
2283,10507,12,0,cond-mat.dis-nn
3404,13392,2,0,cond-mat.dis-nn
8618,13209,12,0,cond-mat.dis-nn
1347,12628,0,0,cond-mat.dis-nn
8136,12940,6,0,cond-mat.dis-nn
5529,13616,2,0,cond-mat.dis-nn
578,12711,69,0,cond-mat.dis-nn
10900,12370,4,0,cond-mat.dis-nn
152,3563,28,0,cond-mat.dis-nn
10748,13633,5,0,cond-mat.dis-nn
635,944,2,0,cond-mat.dis-nn
488,4946,4,0,cond-mat.dis-nn
1621,3747,5,0,cond-mat.dis-nn
12281,13344,6,0,cond-mat.dis-nn
398,13539,2,0,cond-mat.dis-nn
5085,12793,4,0,cond-mat.dis-nn
579,639,6,0,cond-mat.dis-nn
3354,12465,8,0,cond-mat.dis-nn
2999,13320,3,0,cond-mat.dis-nn
1957,12305,24,0,cond-mat.dis-nn
11316,13308,8,0,cond-mat.dis-nn
2207,2653,6,0,cond-mat.dis-nn
4358,13223,10,0,cond-mat.dis-nn
466,4346,5,0,cond-mat.dis-nn
1374,3740,8,0,cond-mat.dis-nn
10111,12945,1,0,cond-mat.dis-nn
10281,13622,0,0,cond-mat.dis-nn
1322,3284,8,0,cond-mat.dis-nn
3797,9399,0,0,cond-mat.dis-nn
472,9795,0,0,cond-mat.dis-nn
1599,7470,4,0,cond-mat.dis-nn
2357,13564,15,0,cond-mat.dis-nn
467,2626,21,0,cond-mat.dis-nn
2061,13422,0,0,cond-mat.dis-nn
864,6234,2,0,cond-mat.dis-nn
492,7265,19,0,cond-mat.dis-nn
2012,13157,6,0,cond-mat.dis-nn
3402,12783,3,0,cond-mat.dis-nn
61,5092,30,0,cond-mat.dis-nn
1388,5336,2,0,cond-mat.dis-nn
1484,1597,16,0,cond-mat.dis-nn
12855,13713,2,0,cond-mat.dis-nn
977,6525,6,0,cond-mat.dis-nn
1711,12936,12,0,cond-mat.dis-nn
13855,13944,2,0,cond-mat.dis-nn
2340,11646,8,0,cond-mat.dis-nn
10308,13207,6,0,cond-mat.dis-nn
305,1638,9,0,cond-mat.dis-nn
4527,12641,2,0,cond-mat.dis-nn
4839,10921,1,0,cond-mat.dis-nn
2565,12294,4,0,cond-mat.dis-nn
1213,6364,12,0,cond-mat.dis-nn
10603,13133,1,0,cond-mat.dis-nn
944,2649,4,0,cond-mat.dis-nn
2658,9080,10,0,cond-mat.dis-nn
12296,12945,3,0,cond-mat.dis-nn
4916,5892,2,0,cond-mat.dis-nn
950,13345,20,0,cond-mat.dis-nn
12539,13197,5,0,cond-mat.dis-nn
10151,14140,3,0,cond-mat.dis-nn
4297,13468,8,0,cond-mat.dis-nn
666,4546,0,0,cond-mat.dis-nn
151,13979,5,0,cond-mat.dis-nn
632,3586,4,0,cond-mat.dis-nn
718,13080,9,0,cond-mat.dis-nn
256,2023,3,0,cond-mat.dis-nn
470,13652,3,0,cond-mat.dis-nn
63,2648,12,0,cond-mat.dis-nn
4210,12309,4,0,cond-mat.dis-nn
12464,13144,2,0,cond-mat.dis-nn
2783,3081,2,0,cond-mat.dis-nn
12294,14161,4,0,cond-mat.dis-nn
3269,12100,2,0,cond-mat.dis-nn
497,12968,3,0,cond-mat.dis-nn
7258,11461,2,0,cond-mat.dis-nn
12664,13434,9,0,cond-mat.dis-nn
2189,9252,0,0,cond-mat.dis-nn
635,8737,4,0,cond-mat.dis-nn
6350,6999,1,0,cond-mat.dis-nn
2023,4875,1,0,cond-mat.dis-nn
2206,3190,3,0,cond-mat.dis-nn
13558,14061,4,0,cond-mat.dis-nn
1449,8697,8,0,cond-mat.dis-nn
11842,13892,4,0,cond-mat.dis-nn
83,7033,36,0,cond-mat.dis-nn
505,12275,70,0,cond-mat.dis-nn
5085,7790,12,0,cond-mat.dis-nn
4246,6546,12,0,cond-mat.dis-nn
55,14289,12,0,cond-mat.dis-nn
3604,13086,3,0,cond-mat.dis-nn
1153,13106,14,0,cond-mat.dis-nn
865,12968,14,0,cond-mat.dis-nn
969,6115,6,0,cond-mat.dis-nn
2439,3635,32,0,cond-mat.dis-nn
1470,5988,3,0,cond-mat.dis-nn
3690,7267,1,0,cond-mat.dis-nn
11966,13374,2,0,cond-mat.dis-nn
421,4031,20,0,cond-mat.dis-nn
135,6297,25,0,cond-mat.dis-nn
71,3689,48,0,cond-mat.dis-nn
4057,4436,4,0,cond-mat.dis-nn
9627,10453,4,0,cond-mat.dis-nn
95,339,10,0,cond-mat.dis-nn
3566,12457,3,0,cond-mat.dis-nn
551,8463,9,0,cond-mat.dis-nn
3233,9507,6,0,cond-mat.dis-nn
970,9727,2,0,cond-mat.dis-nn
1390,3376,8,0,cond-mat.dis-nn
6580,12290,0,0,cond-mat.dis-nn
2999,12760,6,0,cond-mat.dis-nn
1766,13197,2,0,cond-mat.dis-nn
4099,10152,2,0,cond-mat.dis-nn
4607,13511,21,0,cond-mat.dis-nn
1027,9596,36,0,cond-mat.dis-nn
8915,13528,3,0,cond-mat.dis-nn
12389,12523,2,0,cond-mat.dis-nn
7709,13839,2,0,cond-mat.dis-nn
1329,5207,3,0,cond-mat.dis-nn
1472,3944,2,0,cond-mat.dis-nn
9728,12733,8,0,cond-mat.dis-nn
229,2647,21,0,cond-mat.dis-nn
88,13145,3,0,cond-mat.dis-nn
12792,13959,6,0,cond-mat.dis-nn
4405,12451,10,0,cond-mat.dis-nn
12772,12854,0,0,cond-mat.dis-nn
5907,13077,1,0,cond-mat.dis-nn
9803,13522,1,0,cond-mat.dis-nn
3621,3716,0,0,cond-mat.dis-nn
1866,5160,36,0,cond-mat.dis-nn
12937,13308,8,0,cond-mat.dis-nn
5643,13152,5,0,cond-mat.dis-nn
423,12697,24,0,cond-mat.dis-nn
4083,9789,6,0,cond-mat.dis-nn
1546,4107,2,0,cond-mat.dis-nn
1237,2863,1,0,cond-mat.dis-nn
1333,4408,8,0,cond-mat.dis-nn
2595,12336,5,0,cond-mat.dis-nn
3697,10921,1,0,cond-mat.dis-nn
3289,12524,4,0,cond-mat.dis-nn
3154,12479,16,0,cond-mat.dis-nn
562,13018,0,0,cond-mat.dis-nn
1606,3232,4,0,cond-mat.dis-nn
951,13100,0,0,cond-mat.dis-nn
8385,8985,4,0,cond-mat.dis-nn
591,1044,14,0,cond-mat.dis-nn
1592,1612,10,0,cond-mat.dis-nn
4582,8322,0,0,cond-mat.dis-nn
1380,1958,7,0,cond-mat.dis-nn
4308,12894,2,0,cond-mat.dis-nn
434,6695,16,0,cond-mat.dis-nn
339,6686,25,0,cond-mat.dis-nn
351,1593,24,0,cond-mat.dis-nn
457,13094,10,0,cond-mat.dis-nn
894,12952,10,0,cond-mat.dis-nn
599,13443,6,0,cond-mat.dis-nn
442,6406,6,0,cond-mat.dis-nn
496,2325,3,0,cond-mat.dis-nn
12690,14445,4,0,cond-mat.dis-nn
2066,13438,8,0,cond-mat.dis-nn
4031,9997,0,0,cond-mat.dis-nn
12594,12936,1,0,cond-mat.dis-nn
4143,13213,2,0,cond-mat.dis-nn
2020,4776,60,0,cond-mat.dis-nn
4592,13713,1,0,cond-mat.dis-nn
1209,3285,6,0,cond-mat.dis-nn
2577,13855,3,0,cond-mat.dis-nn
2206,7675,2,0,cond-mat.dis-nn
2275,3116,51,0,cond-mat.dis-nn
11435,12504,1,0,cond-mat.dis-nn
3052,12278,0,0,cond-mat.dis-nn
1440,2022,12,0,cond-mat.dis-nn
1131,10541,6,0,cond-mat.dis-nn
13352,13373,6,0,cond-mat.dis-nn
2608,13204,10,0,cond-mat.dis-nn
8876,13256,2,0,cond-mat.dis-nn
12494,13873,1,0,cond-mat.dis-nn
970,3533,11,0,cond-mat.dis-nn
307,8144,3,0,cond-mat.dis-nn
4589,10302,2,0,cond-mat.dis-nn
1544,12552,6,0,cond-mat.dis-nn
1386,11032,1,0,cond-mat.dis-nn
9597,13254,1,0,cond-mat.dis-nn
1190,10748,10,0,cond-mat.dis-nn
1154,13040,4,0,cond-mat.dis-nn
226,7029,0,0,cond-mat.dis-nn
11963,13046,8,0,cond-mat.dis-nn
3040,3305,1,0,cond-mat.dis-nn
1659,2595,20,0,cond-mat.dis-nn
2324,2805,8,0,cond-mat.dis-nn
10910,12781,0,0,cond-mat.dis-nn
2960,13340,0,0,cond-mat.dis-nn
2499,10421,10,0,cond-mat.dis-nn
3989,5259,3,0,cond-mat.dis-nn
1449,7044,2,0,cond-mat.dis-nn
8164,12511,12,0,cond-mat.dis-nn
6282,13060,6,0,cond-mat.dis-nn
1771,13102,27,0,cond-mat.dis-nn
1635,3936,2,0,cond-mat.dis-nn
1094,13497,1,0,cond-mat.dis-nn
860,9803,5,0,cond-mat.dis-nn
12939,13454,0,0,cond-mat.dis-nn
4645,10151,1,0,cond-mat.dis-nn
1208,4887,4,0,cond-mat.dis-nn
6525,12939,2,0,cond-mat.dis-nn
2012,2058,33,0,cond-mat.dis-nn
2862,13339,6,0,cond-mat.dis-nn
7813,9930,1,0,cond-mat.dis-nn
1314,4087,4,0,cond-mat.dis-nn
2420,13079,12,0,cond-mat.dis-nn
3069,6062,4,0,cond-mat.dis-nn
11966,12516,6,0,cond-mat.dis-nn
8480,10514,2,0,cond-mat.dis-nn
11435,13145,1,0,cond-mat.dis-nn
1209,8621,4,0,cond-mat.dis-nn
4843,12889,1,0,cond-mat.dis-nn
464,12525,0,0,cond-mat.dis-nn
12758,14444,1,0,cond-mat.dis-nn
5700,12775,3,0,cond-mat.dis-nn
2136,5484,2,0,cond-mat.dis-nn
1133,2740,6,0,cond-mat.dis-nn
956,5030,1,0,cond-mat.dis-nn
6266,13335,0,0,cond-mat.dis-nn
4089,12426,18,0,cond-mat.dis-nn
7791,12368,4,0,cond-mat.dis-nn
2801,12784,2,0,cond-mat.dis-nn
12840,13960,4,0,cond-mat.dis-nn
8391,13531,0,0,cond-mat.dis-nn
849,2019,4,0,cond-mat.dis-nn
2251,14079,3,0,cond-mat.dis-nn
3370,4202,2,0,cond-mat.dis-nn
1661,8880,9,0,cond-mat.dis-nn
12534,13480,5,0,cond-mat.dis-nn
2764,11976,1,0,cond-mat.dis-nn
1745,5432,2,0,cond-mat.dis-nn
6397,13359,12,0,cond-mat.dis-nn
697,4114,1,0,cond-mat.dis-nn
3620,7616,1,0,cond-mat.dis-nn
1759,12685,2,0,cond-mat.dis-nn
578,11741,46,0,cond-mat.dis-nn
5985,13679,6,0,cond-mat.dis-nn
318,447,30,0,cond-mat.dis-nn
4165,9401,24,0,cond-mat.dis-nn
214,1521,6,0,cond-mat.dis-nn
759,12841,35,0,cond-mat.dis-nn
168,3211,10,0,cond-mat.dis-nn
3442,5479,4,0,cond-mat.dis-nn
2121,2197,9,0,cond-mat.dis-nn
3210,9294,0,0,cond-mat.dis-nn
1131,12978,15,0,cond-mat.dis-nn
1321,12989,1,0,cond-mat.dis-nn
7083,14487,2,0,cond-mat.dis-nn
1289,2834,4,0,cond-mat.dis-nn
749,2066,4,0,cond-mat.dis-nn
663,8150,1,0,cond-mat.dis-nn
339,999,15,0,cond-mat.dis-nn
2027,3437,6,0,cond-mat.dis-nn
1654,13549,30,0,cond-mat.dis-nn
5040,12611,6,0,cond-mat.dis-nn
5350,12279,20,0,cond-mat.dis-nn
1457,13529,16,0,cond-mat.dis-nn
207,9596,30,0,cond-mat.dis-nn
2281,12478,0,0,cond-mat.dis-nn
3716,12521,0,0,cond-mat.dis-nn
1768,5168,12,0,cond-mat.dis-nn
4887,8316,3,0,cond-mat.dis-nn
1070,4717,1,0,cond-mat.dis-nn
12339,13375,0,0,cond-mat.dis-nn
54,12773,48,0,cond-mat.dis-nn
2760,7121,6,0,cond-mat.dis-nn
3609,12430,4,0,cond-mat.dis-nn
775,13063,6,0,cond-mat.dis-nn
5867,13040,2,0,cond-mat.dis-nn
4969,9037,4,0,cond-mat.dis-nn
4644,13527,4,0,cond-mat.dis-nn
900,2742,24,0,cond-mat.dis-nn
990,12435,0,0,cond-mat.dis-nn
476,1368,0,0,cond-mat.dis-nn
40,1066,15,0,cond-mat.dis-nn
7475,11963,0,0,cond-mat.dis-nn
5115,12330,0,0,cond-mat.dis-nn
13369,13494,0,0,cond-mat.dis-nn
1094,13202,3,0,cond-mat.dis-nn
7685,12446,2,0,cond-mat.dis-nn
5736,6297,5,0,cond-mat.dis-nn
9037,12869,1,0,cond-mat.dis-nn
1866,2283,24,0,cond-mat.dis-nn
2598,12297,5,0,cond-mat.dis-nn
6324,12968,3,0,cond-mat.dis-nn
12284,13169,5,0,cond-mat.dis-nn
151,10709,20,0,cond-mat.dis-nn
81,442,8,0,cond-mat.dis-nn
1226,2223,6,0,cond-mat.dis-nn
2520,3687,2,0,cond-mat.dis-nn
4166,6308,18,0,cond-mat.dis-nn
3741,13075,6,0,cond-mat.dis-nn
4365,5205,0,0,cond-mat.dis-nn
10593,12540,10,0,cond-mat.dis-nn
4887,13652,1,0,cond-mat.dis-nn
2627,8136,9,0,cond-mat.dis-nn
1333,2061,4,0,cond-mat.dis-nn
1885,2803,8,0,cond-mat.dis-nn
5457,13890,0,0,cond-mat.dis-nn
507,1839,4,0,cond-mat.dis-nn
54,3062,96,0,cond-mat.dis-nn
1863,12471,8,0,cond-mat.dis-nn
8698,12490,6,0,cond-mat.dis-nn
1400,3404,0,0,cond-mat.dis-nn
8849,12659,0,0,cond-mat.dis-nn
4275,9081,4,0,cond-mat.dis-nn
2262,4717,1,0,cond-mat.dis-nn
3404,12909,4,0,cond-mat.dis-nn
125,6096,0,0,cond-mat.dis-nn
5296,11842,4,0,cond-mat.dis-nn
12881,13522,4,0,cond-mat.dis-nn
5295,12408,0,0,cond-mat.dis-nn
1292,8422,4,0,cond-mat.dis-nn
2173,13275,0,0,cond-mat.dis-nn
446,3563,14,0,cond-mat.dis-nn
3209,3750,48,0,cond-mat.dis-nn
96,5377,29,0,cond-mat.dis-nn
9295,12578,4,0,cond-mat.dis-nn
3269,8267,4,0,cond-mat.dis-nn
17,5120,2,0,cond-mat.dis-nn
1393,13442,4,0,cond-mat.dis-nn
928,13342,18,0,cond-mat.dis-nn
3743,4479,2,0,cond-mat.dis-nn
1401,4406,4,0,cond-mat.dis-nn
9166,10334,18,0,cond-mat.dis-nn
1971,13455,0,0,cond-mat.dis-nn
1821,3159,8,0,cond-mat.dis-nn
2041,12696,30,0,cond-mat.dis-nn
2357,3776,10,0,cond-mat.dis-nn
3346,13446,8,0,cond-mat.dis-nn
481,1812,28,0,cond-mat.dis-nn
728,10549,8,0,cond-mat.dis-nn
6848,12689,32,0,cond-mat.dis-nn
1389,13858,4,0,cond-mat.dis-nn
1498,12453,6,0,cond-mat.dis-nn
3370,11939,1,0,cond-mat.dis-nn
2004,2727,10,0,cond-mat.dis-nn
12650,13615,2,0,cond-mat.dis-nn
12742,12795,6,0,cond-mat.dis-nn
815,2596,0,0,cond-mat.dis-nn
1024,3493,5,0,cond-mat.dis-nn
1300,1478,25,0,cond-mat.dis-nn
2543,5372,8,0,cond-mat.dis-nn
1210,12287,12,0,cond-mat.dis-nn
2739,10271,3,0,cond-mat.dis-nn
2534,6455,6,0,cond-mat.dis-nn
4665,9728,10,0,cond-mat.dis-nn
1464,9399,0,0,cond-mat.dis-nn
12920,13188,32,0,cond-mat.dis-nn
814,1971,21,0,cond-mat.dis-nn
5118,6591,5,0,cond-mat.dis-nn
6685,12415,6,0,cond-mat.dis-nn
8604,13059,2,0,cond-mat.dis-nn
44,1500,1,0,cond-mat.dis-nn
2595,11775,10,0,cond-mat.dis-nn
5974,11127,0,0,cond-mat.dis-nn
316,1470,3,0,cond-mat.dis-nn
263,10620,12,0,cond-mat.dis-nn
4113,12675,8,0,cond-mat.dis-nn
759,13416,28,0,cond-mat.dis-nn
10179,11131,5,0,cond-mat.dis-nn
2251,6265,5,0,cond-mat.dis-nn
1945,6338,10,0,cond-mat.dis-nn
12778,13346,4,0,cond-mat.dis-nn
4361,12596,4,0,cond-mat.dis-nn
1537,1790,5,0,cond-mat.dis-nn
4286,12538,3,0,cond-mat.dis-nn
4061,13094,10,0,cond-mat.dis-nn
3437,12778,24,0,cond-mat.dis-nn
3529,12861,2,0,cond-mat.dis-nn
9661,12723,6,0,cond-mat.dis-nn
208,13370,4,0,cond-mat.dis-nn
300,1475,55,0,cond-mat.dis-nn
2099,3484,10,0,cond-mat.dis-nn
5115,13072,9,0,cond-mat.dis-nn
476,12403,0,0,cond-mat.dis-nn
1950,7562,3,0,cond-mat.dis-nn
5983,8421,8,0,cond-mat.dis-nn
13112,13119,2,0,cond-mat.dis-nn
1708,2961,0,0,cond-mat.dis-nn
555,5642,9,0,cond-mat.dis-nn
6628,9656,0,0,cond-mat.dis-nn
929,6606,33,0,cond-mat.dis-nn
4726,8915,4,0,cond-mat.dis-nn
617,1681,2,0,cond-mat.dis-nn
518,8320,1,0,cond-mat.dis-nn
114,5261,2,0,cond-mat.dis-nn
464,1704,22,0,cond-mat.dis-nn
5912,11371,0,0,cond-mat.dis-nn
173,5167,42,0,cond-mat.dis-nn
1710,8110,12,0,cond-mat.dis-nn
1064,12694,2,0,cond-mat.dis-nn
651,8849,0,0,cond-mat.dis-nn
1866,2207,18,0,cond-mat.dis-nn
6592,12298,1,0,cond-mat.dis-nn
90,12982,20,0,cond-mat.dis-nn
1078,9596,18,0,cond-mat.dis-nn
96,1313,145,0,cond-mat.dis-nn
5815,13280,2,0,cond-mat.dis-nn
1350,12763,18,0,cond-mat.dis-nn
4663,10709,40,0,cond-mat.dis-nn
5974,12406,0,0,cond-mat.dis-nn
5237,13196,1,0,cond-mat.dis-nn
3382,3385,30,1,cond-mat.stat-mech
12223,12224,4,1,cond-mat.stat-mech
446,12412,3,1,cond-mat.stat-mech
7058,7059,1,1,cond-mat.stat-mech
1077,8651,1,1,cond-mat.stat-mech
765,1763,2,1,cond-mat.stat-mech
4683,5971,4,1,cond-mat.stat-mech
270,5268,16,1,cond-mat.stat-mech
479,12459,18,1,cond-mat.stat-mech
5393,5395,24,1,cond-mat.stat-mech
5307,5313,90,1,cond-mat.stat-mech
982,13894,0,1,cond-mat.stat-mech
2097,2099,7,1,cond-mat.stat-mech
5304,5315,80,1,cond-mat.stat-mech
3062,11842,4,1,cond-mat.stat-mech
394,2055,32,1,cond-mat.stat-mech
8429,10157,2,1,cond-mat.stat-mech
6,397,25,1,cond-mat.stat-mech
10107,10773,56,1,cond-mat.stat-mech
8429,10156,1,1,cond-mat.stat-mech
73,12321,0,1,cond-mat.stat-mech
5379,5381,4,1,cond-mat.stat-mech
10818,10819,18,1,cond-mat.stat-mech
7022,7025,4,1,cond-mat.stat-mech
269,12318,36,1,cond-mat.stat-mech
12209,12211,0,1,cond-mat.stat-mech
975,7520,44,1,cond-mat.stat-mech
6,4915,25,1,cond-mat.stat-mech
96,978,21,1,cond-mat.stat-mech
1827,9836,4,1,cond-mat.stat-mech
3604,3605,12,1,cond-mat.stat-mech
251,252,40,1,cond-mat.stat-mech
2223,7010,48,1,cond-mat.stat-mech
2072,2074,2,1,cond-mat.stat-mech
5416,5417,0,1,cond-mat.stat-mech
12380,12381,0,1,cond-mat.stat-mech
4093,9659,22,1,cond-mat.stat-mech
12251,12253,2,1,cond-mat.stat-mech
3114,11604,48,1,cond-mat.stat-mech
317,13874,2,1,cond-mat.stat-mech
10212,10214,42,1,cond-mat.stat-mech
263,9417,1,1,cond-mat.stat-mech
13700,13755,0,1,cond-mat.stat-mech
2944,2945,0,1,cond-mat.stat-mech
3946,4485,3,1,cond-mat.stat-mech
1328,1573,0,1,cond-mat.stat-mech
226,4089,0,1,cond-mat.stat-mech
10213,10216,35,1,cond-mat.stat-mech
3558,7801,3,1,cond-mat.stat-mech
1826,2579,0,1,cond-mat.stat-mech
1923,13867,1,1,cond-mat.stat-mech
5304,5309,90,1,cond-mat.stat-mech
5311,5314,56,1,cond-mat.stat-mech
252,207,100,1,cond-mat.stat-mech
8337,8422,1,1,cond-mat.stat-mech
270,7416,16,1,cond-mat.stat-mech
7606,7607,0,1,cond-mat.stat-mech
411,9363,14,1,cond-mat.stat-mech
1537,2595,2,1,cond-mat.stat-mech
385,9017,6,1,cond-mat.stat-mech
4681,4679,8,1,cond-mat.stat-mech
1375,12979,2,1,cond-mat.stat-mech
1319,1606,0,1,cond-mat.stat-mech
12140,12141,1,1,cond-mat.stat-mech
874,1291,12,1,cond-mat.stat-mech
2051,2052,8,1,cond-mat.stat-mech
7508,11341,6,1,cond-mat.stat-mech
13847,13849,16,1,cond-mat.stat-mech
12234,12235,2,1,cond-mat.stat-mech
344,7936,30,1,cond-mat.stat-mech
6125,6126,2,1,cond-mat.stat-mech
96,12903,21,1,cond-mat.stat-mech
323,557,2,1,cond-mat.stat-mech
591,4093,209,1,cond-mat.stat-mech
799,13739,0,1,cond-mat.stat-mech
83,207,210,1,cond-mat.stat-mech
479,5315,144,1,cond-mat.stat-mech
2610,6870,0,1,cond-mat.stat-mech
9446,10818,15,1,cond-mat.stat-mech
671,2578,12,1,cond-mat.stat-mech
9698,9699,2,1,cond-mat.stat-mech
4713,4714,0,1,cond-mat.stat-mech
6773,8664,12,1,cond-mat.stat-mech
7020,7508,15,1,cond-mat.stat-mech
252,2709,30,1,cond-mat.stat-mech
450,874,6,1,cond-mat.stat-mech
829,12321,0,1,cond-mat.stat-mech
8667,10718,6,1,cond-mat.stat-mech
975,2632,132,1,cond-mat.stat-mech
5683,9772,9,1,cond-mat.stat-mech
4431,4432,6,1,cond-mat.stat-mech
599,3188,5,1,cond-mat.stat-mech
3926,8368,9,1,cond-mat.stat-mech
172,3385,40,1,cond-mat.stat-mech
718,7520,44,1,cond-mat.stat-mech
2055,6896,20,1,cond-mat.stat-mech
205,946,0,1,cond-mat.stat-mech
7828,9052,1,1,cond-mat.stat-mech
1045,1315,8,1,cond-mat.stat-mech
1498,1500,0,1,cond-mat.stat-mech
842,11814,5,1,cond-mat.stat-mech
323,2907,6,1,cond-mat.stat-mech
6,1618,55,1,cond-mat.stat-mech
426,4125,0,1,cond-mat.stat-mech
1953,3653,4,1,cond-mat.stat-mech
11604,11606,36,1,cond-mat.stat-mech
397,3278,30,1,cond-mat.stat-mech
10207,10210,24,1,cond-mat.stat-mech
1810,1813,4,1,cond-mat.stat-mech
382,2709,45,1,cond-mat.stat-mech
10206,10210,18,1,cond-mat.stat-mech
1572,8975,1,1,cond-mat.stat-mech
8697,8699,0,1,cond-mat.stat-mech
479,2046,144,1,cond-mat.stat-mech
252,5654,30,1,cond-mat.stat-mech
6646,6647,0,1,cond-mat.stat-mech
902,2578,9,1,cond-mat.stat-mech
6,54,25,1,cond-mat.stat-mech
166,269,162,1,cond-mat.stat-mech
1618,9444,55,1,cond-mat.stat-mech
2048,2052,10,1,cond-mat.stat-mech
481,1150,30,1,cond-mat.stat-mech
3652,3654,4,1,cond-mat.stat-mech
1617,10662,60,1,cond-mat.stat-mech
172,1168,40,1,cond-mat.stat-mech
2636,13767,2,1,cond-mat.stat-mech
938,2062,35,1,cond-mat.stat-mech
1007,1009,0,1,cond-mat.stat-mech
588,5271,0,1,cond-mat.stat-mech
982,957,0,1,cond-mat.stat-mech
5306,5309,81,1,cond-mat.stat-mech
9697,9698,3,1,cond-mat.stat-mech
975,8855,22,1,cond-mat.stat-mech
2099,12459,7,1,cond-mat.stat-mech
13854,13855,2,1,cond-mat.stat-mech
7497,7498,1,1,cond-mat.stat-mech
10209,10214,42,1,cond-mat.stat-mech
4042,4043,0,1,cond-mat.stat-mech
1967,1968,6,1,cond-mat.stat-mech
534,535,2,1,cond-mat.stat-mech
5190,5192,3,1,cond-mat.stat-mech
269,12316,18,1,cond-mat.stat-mech
6139,6138,3,1,cond-mat.stat-mech
252,7507,40,1,cond-mat.stat-mech
7826,7829,0,1,cond-mat.stat-mech
12459,13302,1,1,cond-mat.stat-mech
6,7935,15,1,cond-mat.stat-mech
975,13302,22,1,cond-mat.stat-mech
2944,2947,0,1,cond-mat.stat-mech
2632,7277,18,1,cond-mat.stat-mech
2788,13819,1,1,cond-mat.stat-mech
154,13134,0,1,cond-mat.stat-mech
24,9308,28,1,cond-mat.stat-mech
591,1848,38,1,cond-mat.stat-mech
13668,13669,0,1,cond-mat.stat-mech
6771,6772,6,1,cond-mat.stat-mech
13863,13864,1,1,cond-mat.stat-mech
10818,10820,15,1,cond-mat.stat-mech
592,1848,36,1,cond-mat.stat-mech
2405,2406,1,1,cond-mat.stat-mech
2073,2076,0,1,cond-mat.stat-mech
3510,7796,16,1,cond-mat.stat-mech
5259,5261,0,1,cond-mat.stat-mech
4158,4157,8,1,cond-mat.stat-mech
8698,8699,0,1,cond-mat.stat-mech
9650,10766,12,1,cond-mat.stat-mech
11416,11418,9,1,cond-mat.stat-mech
1150,1949,20,1,cond-mat.stat-mech
2707,2708,4,1,cond-mat.stat-mech
2046,5311,56,1,cond-mat.stat-mech
1962,1963,12,1,cond-mat.stat-mech
172,1057,16,1,cond-mat.stat-mech
4703,4704,0,1,cond-mat.stat-mech
698,5982,4,1,cond-mat.stat-mech
13824,13825,2,1,cond-mat.stat-mech
12555,13535,2,1,cond-mat.stat-mech
4568,7891,9,1,cond-mat.stat-mech
13700,13754,0,1,cond-mat.stat-mech
159,5867,15,1,cond-mat.stat-mech
210,4018,7,1,cond-mat.stat-mech
410,1495,6,1,cond-mat.stat-mech
766,2558,2,1,cond-mat.stat-mech
1250,2464,0,1,cond-mat.stat-mech
12249,12250,1,1,cond-mat.stat-mech
4379,4844,4,1,cond-mat.stat-mech
3509,9213,4,1,cond-mat.stat-mech
505,9677,27,1,cond-mat.stat-mech
13853,13854,2,1,cond-mat.stat-mech
315,3999,2,1,cond-mat.stat-mech
9297,12098,0,1,cond-mat.stat-mech
467,2048,30,1,cond-mat.stat-mech
7508,11342,3,1,cond-mat.stat-mech
153,351,3,1,cond-mat.stat-mech
96,7949,35,1,cond-mat.stat-mech
948,6310,0,1,cond-mat.stat-mech
1923,13866,1,1,cond-mat.stat-mech
3946,4484,2,1,cond-mat.stat-mech
2025,4354,0,1,cond-mat.stat-mech
1007,1222,6,1,cond-mat.stat-mech
1814,1833,2,1,cond-mat.stat-mech
6156,7606,0,1,cond-mat.stat-mech
12238,12240,9,1,cond-mat.stat-mech
1997,1998,20,1,cond-mat.stat-mech
11564,12251,2,1,cond-mat.stat-mech
8791,8792,2,1,cond-mat.stat-mech
2085,8574,16,1,cond-mat.stat-mech
7020,7021,15,1,cond-mat.stat-mech
2772,3848,21,1,cond-mat.stat-mech
2635,13767,3,1,cond-mat.stat-mech
2085,8571,8,1,cond-mat.stat-mech
2047,2052,6,1,cond-mat.stat-mech
44,515,2,1,cond-mat.stat-mech
10210,10212,18,1,cond-mat.stat-mech
12215,12216,0,1,cond-mat.stat-mech
1881,1882,8,1,cond-mat.stat-mech
2709,2707,6,1,cond-mat.stat-mech
592,1962,54,1,cond-mat.stat-mech
590,317,8,1,cond-mat.stat-mech
589,590,16,1,cond-mat.stat-mech
9295,9297,0,1,cond-mat.stat-mech
251,3615,16,1,cond-mat.stat-mech
4304,4388,0,1,cond-mat.stat-mech
591,592,342,1,cond-mat.stat-mech
4093,5825,22,1,cond-mat.stat-mech
842,4815,20,1,cond-mat.stat-mech
765,12255,1,1,cond-mat.stat-mech
422,506,40,1,cond-mat.stat-mech
5309,5316,81,1,cond-mat.stat-mech
8645,8646,15,1,cond-mat.stat-mech
2311,12272,12,1,cond-mat.stat-mech
12893,13818,2,1,cond-mat.stat-mech
157,10702,3,1,cond-mat.stat-mech
4681,5393,32,1,cond-mat.stat-mech
207,7009,50,1,cond-mat.stat-mech
4322,1270,12,1,cond-mat.stat-mech
37,730,0,1,cond-mat.stat-mech
1186,3188,5,1,cond-mat.stat-mech
317,12241,0,1,cond-mat.stat-mech
5315,5316,72,1,cond-mat.stat-mech
5047,13703,1,1,cond-mat.stat-mech
4250,4576,4,1,cond-mat.stat-mech
4681,7769,8,1,cond-mat.stat-mech
1034,11608,70,1,cond-mat.stat-mech
9677,9678,12,1,cond-mat.stat-mech
12229,12230,0,1,cond-mat.stat-mech
12237,12240,12,1,cond-mat.stat-mech
10208,10213,40,1,cond-mat.stat-mech
88,754,3,1,cond-mat.stat-mech
1008,1009,0,1,cond-mat.stat-mech
1168,3383,30,1,cond-mat.stat-mech
1751,6614,6,1,cond-mat.stat-mech
5133,5134,0,1,cond-mat.stat-mech
6978,8139,4,1,cond-mat.stat-mech
90,676,0,1,cond-mat.stat-mech
1499,1500,0,1,cond-mat.stat-mech
7020,7511,10,1,cond-mat.stat-mech
205,5871,0,1,cond-mat.stat-mech
3044,5394,24,1,cond-mat.stat-mech
492,985,3,1,cond-mat.stat-mech
807,2625,10,1,cond-mat.stat-mech
902,2575,12,1,cond-mat.stat-mech
2502,11837,0,1,cond-mat.stat-mech
133,11823,2,1,cond-mat.stat-mech
2097,4109,1,1,cond-mat.stat-mech
3444,3446,9,1,cond-mat.stat-mech
4680,9499,45,1,cond-mat.stat-mech
5791,10374,4,1,cond-mat.stat-mech
5394,9501,18,1,cond-mat.stat-mech
3646,12191,1,1,cond-mat.stat-mech
1805,6274,2,1,cond-mat.stat-mech
1045,1316,8,1,cond-mat.stat-mech
10453,13814,2,1,cond-mat.stat-mech
2632,10818,18,1,cond-mat.stat-mech
975,10818,66,1,cond-mat.stat-mech
532,534,4,1,cond-mat.stat-mech
636,2770,0,1,cond-mat.stat-mech
9822,9824,2,1,cond-mat.stat-mech
7764,11112,1,1,cond-mat.stat-mech
506,505,72,1,cond-mat.stat-mech
547,548,9,1,cond-mat.stat-mech
1439,7159,6,1,cond-mat.stat-mech
4096,6525,16,1,cond-mat.stat-mech
10774,10775,2,1,cond-mat.stat-mech
11180,11181,0,1,cond-mat.stat-mech
9361,9362,4,1,cond-mat.stat-mech
982,2048,10,1,cond-mat.stat-mech
4681,8833,0,1,cond-mat.stat-mech
5308,5312,121,1,cond-mat.stat-mech
7024,7025,3,1,cond-mat.stat-mech
159,12613,15,1,cond-mat.stat-mech
718,4159,44,1,cond-mat.stat-mech
5394,9500,24,1,cond-mat.stat-mech
12316,12317,2,1,cond-mat.stat-mech
765,12257,0,1,cond-mat.stat-mech
890,891,1,1,cond-mat.stat-mech
12223,12226,4,1,cond-mat.stat-mech
1008,1223,6,1,cond-mat.stat-mech
1763,1765,2,1,cond-mat.stat-mech
1618,9446,55,1,cond-mat.stat-mech
2099,13302,7,1,cond-mat.stat-mech
8857,8858,2,1,cond-mat.stat-mech
5260,5261,0,1,cond-mat.stat-mech
1000,1001,0,1,cond-mat.stat-mech
13703,13704,2,1,cond-mat.stat-mech
82,1882,2,1,cond-mat.stat-mech
636,1251,17,1,cond-mat.stat-mech
7785,9114,1,1,cond-mat.stat-mech
10792,10793,0,1,cond-mat.stat-mech
2199,7423,1,1,cond-mat.stat-mech
6563,6564,6,1,cond-mat.stat-mech
2944,2946,0,1,cond-mat.stat-mech
6,975,110,1,cond-mat.stat-mech
829,1129,1,1,cond-mat.stat-mech
2230,7521,12,1,cond-mat.stat-mech
798,799,8,1,cond-mat.stat-mech
6308,10271,4,1,cond-mat.stat-mech
12210,12211,0,1,cond-mat.stat-mech
10006,10007,2,1,cond-mat.stat-mech
1054,1057,8,1,cond-mat.stat-mech
166,8314,36,1,cond-mat.stat-mech
3205,3206,0,1,cond-mat.stat-mech
210,13824,14,1,cond-mat.stat-mech
4915,7935,15,1,cond-mat.stat-mech
1034,2502,0,1,cond-mat.stat-mech
4680,4682,45,1,cond-mat.stat-mech
2046,5313,72,1,cond-mat.stat-mech
2577,2578,24,1,cond-mat.stat-mech
975,1805,22,1,cond-mat.stat-mech
6,7936,25,1,cond-mat.stat-mech
7752,7754,6,1,cond-mat.stat-mech
5306,5316,81,1,cond-mat.stat-mech
1881,10773,56,1,cond-mat.stat-mech
279,2043,4,1,cond-mat.stat-mech
592,1961,54,1,cond-mat.stat-mech
456,5190,3,1,cond-mat.stat-mech
10208,10210,24,1,cond-mat.stat-mech
1618,8946,11,1,cond-mat.stat-mech
6869,6870,0,1,cond-mat.stat-mech
10773,11606,42,1,cond-mat.stat-mech
5304,5307,100,1,cond-mat.stat-mech
5955,5956,1,1,cond-mat.stat-mech
2574,2576,16,1,cond-mat.stat-mech
924,1007,4,1,cond-mat.stat-mech
4681,4682,12,1,cond-mat.stat-mech
479,5316,162,1,cond-mat.stat-mech
7176,9671,16,1,cond-mat.stat-mech
9309,9310,0,1,cond-mat.stat-mech
975,2230,88,1,cond-mat.stat-mech
975,10820,110,1,cond-mat.stat-mech
19,13283,2,1,cond-mat.stat-mech
8570,8571,8,1,cond-mat.stat-mech
479,1319,0,1,cond-mat.stat-mech
591,13874,19,1,cond-mat.stat-mech
210,2097,7,1,cond-mat.stat-mech
1322,5422,0,1,cond-mat.stat-mech
7087,10007,6,1,cond-mat.stat-mech
5308,5314,88,1,cond-mat.stat-mech
269,729,144,1,cond-mat.stat-mech
3358,4484,4,1,cond-mat.stat-mech
4004,4005,6,1,cond-mat.stat-mech
694,696,3,1,cond-mat.stat-mech
938,2625,10,1,cond-mat.stat-mech
4161,4164,9,1,cond-mat.stat-mech
505,3250,36,1,cond-mat.stat-mech
20,5971,4,1,cond-mat.stat-mech
693,13404,0,1,cond-mat.stat-mech
9651,10767,16,1,cond-mat.stat-mech
799,1875,4,1,cond-mat.stat-mech
3278,7915,12,1,cond-mat.stat-mech
588,10361,2,1,cond-mat.stat-mech
2595,3738,1,1,cond-mat.stat-mech
718,5108,44,1,cond-mat.stat-mech
543,5270,5,1,cond-mat.stat-mech
592,4094,108,1,cond-mat.stat-mech
543,3605,15,1,cond-mat.stat-mech
1034,691,20,1,cond-mat.stat-mech
8605,10718,9,1,cond-mat.stat-mech
530,535,3,1,cond-mat.stat-mech
412,9018,22,1,cond-mat.stat-mech
7673,9822,3,1,cond-mat.stat-mech
13860,13861,4,1,cond-mat.stat-mech
6359,6360,1,1,cond-mat.stat-mech
9446,10820,25,1,cond-mat.stat-mech
507,2063,5,1,cond-mat.stat-mech
10773,11608,49,1,cond-mat.stat-mech
412,422,55,1,cond-mat.stat-mech
7276,10663,44,1,cond-mat.stat-mech
7768,7769,6,1,cond-mat.stat-mech
1001,2213,0,1,cond-mat.stat-mech
572,718,66,1,cond-mat.stat-mech
5309,5313,81,1,cond-mat.stat-mech
11181,11182,0,1,cond-mat.stat-mech
251,382,60,1,cond-mat.stat-mech
2465,2468,4,1,cond-mat.stat-mech
2120,11865,9,1,cond-mat.stat-mech
5304,5311,70,1,cond-mat.stat-mech
1881,10107,64,1,cond-mat.stat-mech
159,4125,0,1,cond-mat.stat-mech
8421,12497,0,1,cond-mat.stat-mech
2864,2865,0,1,cond-mat.stat-mech
1721,1724,4,1,cond-mat.stat-mech
166,7276,99,1,cond-mat.stat-mech
5547,5548,1,1,cond-mat.stat-mech
4922,4923,0,1,cond-mat.stat-mech
9499,9501,9,1,cond-mat.stat-mech
241,13820,0,1,cond-mat.stat-mech
4096,6786,8,1,cond-mat.stat-mech
83,1881,168,1,cond-mat.stat-mech
2046,5314,64,1,cond-mat.stat-mech
83,8156,42,1,cond-mat.stat-mech
317,2438,0,1,cond-mat.stat-mech
2433,12259,0,1,cond-mat.stat-mech
12245,13845,0,1,cond-mat.stat-mech
10206,10212,36,1,cond-mat.stat-mech
3632,3633,1,1,cond-mat.stat-mech
10772,10775,2,1,cond-mat.stat-mech
122,123,0,1,cond-mat.stat-mech
7751,7753,6,1,cond-mat.stat-mech
10211,10214,35,1,cond-mat.stat-mech
199,4216,10,1,cond-mat.stat-mech
83,4403,21,1,cond-mat.stat-mech
9964,9965,0,1,cond-mat.stat-mech
3358,3946,2,1,cond-mat.stat-mech
112,913,6,1,cond-mat.stat-mech
4093,7226,11,1,cond-mat.stat-mech
1939,2804,4,1,cond-mat.stat-mech
83,11604,126,1,cond-mat.stat-mech
636,3846,68,1,cond-mat.stat-mech
7826,7828,0,1,cond-mat.stat-mech
8570,8572,20,1,cond-mat.stat-mech
1195,1196,3,1,cond-mat.stat-mech
985,11741,3,1,cond-mat.stat-mech
480,1319,0,1,cond-mat.stat-mech
13,557,2,1,cond-mat.stat-mech
9696,9698,2,1,cond-mat.stat-mech
241,1624,15,1,cond-mat.stat-mech
2067,7277,15,1,cond-mat.stat-mech
1414,4125,0,1,cond-mat.stat-mech
13270,13271,4,1,cond-mat.stat-mech
721,10006,4,1,cond-mat.stat-mech
71,1378,2,1,cond-mat.stat-mech
507,2062,35,1,cond-mat.stat-mech
1942,2464,0,1,cond-mat.stat-mech
8044,8646,9,1,cond-mat.stat-mech
2340,2558,2,1,cond-mat.stat-mech
5307,5315,80,1,cond-mat.stat-mech
3381,3384,30,1,cond-mat.stat-mech
10211,10213,25,1,cond-mat.stat-mech
5380,5382,6,1,cond-mat.stat-mech
506,1414,48,1,cond-mat.stat-mech
5306,5310,117,1,cond-mat.stat-mech
591,1962,57,1,cond-mat.stat-mech
4158,8791,4,1,cond-mat.stat-mech
636,1997,68,1,cond-mat.stat-mech
13804,13805,0,1,cond-mat.stat-mech
975,9444,110,1,cond-mat.stat-mech
1984,1985,6,1,cond-mat.stat-mech
466,1520,0,1,cond-mat.stat-mech
671,2575,16,1,cond-mat.stat-mech
2357,3296,0,1,cond-mat.stat-mech
382,207,150,1,cond-mat.stat-mech
10212,10213,30,1,cond-mat.stat-mech
2046,5305,80,1,cond-mat.stat-mech
1128,6126,4,1,cond-mat.stat-mech
2047,2049,12,1,cond-mat.stat-mech
10662,10663,20,1,cond-mat.stat-mech
269,4689,18,1,cond-mat.stat-mech
5380,5381,4,1,cond-mat.stat-mech
48,3615,24,1,cond-mat.stat-mech
1439,6771,4,1,cond-mat.stat-mech
5047,13700,2,1,cond-mat.stat-mech
4158,4322,12,1,cond-mat.stat-mech
774,12979,2,1,cond-mat.stat-mech
10210,10215,18,1,cond-mat.stat-mech
1782,2405,2,1,cond-mat.stat-mech
485,9050,16,1,cond-mat.stat-mech
479,5313,162,1,cond-mat.stat-mech
842,11841,10,1,cond-mat.stat-mech
312,313,10,1,cond-mat.stat-mech
5106,5108,6,1,cond-mat.stat-mech
506,450,8,1,cond-mat.stat-mech
1996,2000,35,1,cond-mat.stat-mech
81,5004,3,1,cond-mat.stat-mech
1186,3323,0,1,cond-mat.stat-mech
1750,1751,15,1,cond-mat.stat-mech
3750,9308,20,1,cond-mat.stat-mech
210,4019,14,1,cond-mat.stat-mech
10206,10211,30,1,cond-mat.stat-mech
506,12612,16,1,cond-mat.stat-mech
10209,10215,36,1,cond-mat.stat-mech
44,4930,3,1,cond-mat.stat-mech
11604,11608,42,1,cond-mat.stat-mech
557,455,2,1,cond-mat.stat-mech
975,10819,132,1,cond-mat.stat-mech
5394,7769,12,1,cond-mat.stat-mech
7737,12136,9,1,cond-mat.stat-mech
5305,5313,90,1,cond-mat.stat-mech
2574,2577,32,1,cond-mat.stat-mech
10213,10215,30,1,cond-mat.stat-mech
4431,8097,3,1,cond-mat.stat-mech
2334,2904,0,1,cond-mat.stat-mech
10206,10209,36,1,cond-mat.stat-mech
211,4018,2,1,cond-mat.stat-mech
432,12239,12,1,cond-mat.stat-mech
1196,13117,3,1,cond-mat.stat-mech
1034,11837,0,1,cond-mat.stat-mech
2223,4373,16,1,cond-mat.stat-mech
2074,2076,2,1,cond-mat.stat-mech
5308,5311,77,1,cond-mat.stat-mech
263,767,0,1,cond-mat.stat-mech
8853,8854,2,1,cond-mat.stat-mech
6156,6157,1,1,cond-mat.stat-mech
7781,8814,9,1,cond-mat.stat-mech
4160,5134,0,1,cond-mat.stat-mech
83,11606,126,1,cond-mat.stat-mech
2334,7346,0,1,cond-mat.stat-mech
207,4810,30,0,cond-mat.stat-mech
6058,11591,0,0,cond-mat.stat-mech
2613,12223,2,0,cond-mat.stat-mech
1328,1624,3,0,cond-mat.stat-mech
545,5955,4,0,cond-mat.stat-mech
11203,12244,1,0,cond-mat.stat-mech
1500,6156,0,0,cond-mat.stat-mech
794,13853,2,0,cond-mat.stat-mech
10774,11182,2,0,cond-mat.stat-mech
4428,11341,8,0,cond-mat.stat-mech
8167,10271,2,0,cond-mat.stat-mech
4714,12220,0,0,cond-mat.stat-mech
1624,10765,15,0,cond-mat.stat-mech
721,4990,4,0,cond-mat.stat-mech
2000,5194,10,0,cond-mat.stat-mech
2468,4216,2,0,cond-mat.stat-mech
2357,13824,2,0,cond-mat.stat-mech
2750,9963,0,0,cond-mat.stat-mech
447,931,4,0,cond-mat.stat-mech
426,11336,2,0,cond-mat.stat-mech
8157,9677,9,0,cond-mat.stat-mech
801,4708,3,0,cond-mat.stat-mech
2577,4815,32,0,cond-mat.stat-mech
4426,7826,0,0,cond-mat.stat-mech
4681,13885,4,0,cond-mat.stat-mech
2311,3356,6,0,cond-mat.stat-mech
4585,12209,5,0,cond-mat.stat-mech
11416,13668,0,0,cond-mat.stat-mech
1765,3606,5,0,cond-mat.stat-mech
515,576,2,0,cond-mat.stat-mech
2098,7022,24,0,cond-mat.stat-mech
4116,10656,2,0,cond-mat.stat-mech
1953,4816,4,0,cond-mat.stat-mech
6266,13835,0,0,cond-mat.stat-mech
1157,9205,3,0,cond-mat.stat-mech
2097,9049,3,0,cond-mat.stat-mech
1810,7796,2,0,cond-mat.stat-mech
2099,7243,21,0,cond-mat.stat-mech
7204,13853,4,0,cond-mat.stat-mech
57,1055,4,0,cond-mat.stat-mech
1080,12893,2,0,cond-mat.stat-mech
3515,7025,2,0,cond-mat.stat-mech
6113,12555,2,0,cond-mat.stat-mech
956,1203,1,0,cond-mat.stat-mech
1978,10107,0,0,cond-mat.stat-mech
4373,4584,4,0,cond-mat.stat-mech
9309,13875,1,0,cond-mat.stat-mech
157,1007,6,0,cond-mat.stat-mech
1000,10663,4,0,cond-mat.stat-mech
1986,9949,2,0,cond-mat.stat-mech
6403,10663,4,0,cond-mat.stat-mech
421,1947,9,0,cond-mat.stat-mech
2877,3848,7,0,cond-mat.stat-mech
6638,9770,4,0,cond-mat.stat-mech
1315,3383,6,0,cond-mat.stat-mech
6771,12258,2,0,cond-mat.stat-mech
4288,11581,4,0,cond-mat.stat-mech
801,9416,2,0,cond-mat.stat-mech
4157,9511,4,0,cond-mat.stat-mech
9948,10819,12,0,cond-mat.stat-mech
4431,9769,12,0,cond-mat.stat-mech
973,12497,0,0,cond-mat.stat-mech
3350,12191,2,0,cond-mat.stat-mech
208,774,6,0,cond-mat.stat-mech
532,767,0,0,cond-mat.stat-mech
8574,13874,4,0,cond-mat.stat-mech
2629,4712,1,0,cond-mat.stat-mech
1491,2427,9,0,cond-mat.stat-mech
730,8354,0,0,cond-mat.stat-mech
382,7509,45,0,cond-mat.stat-mech
546,2751,8,0,cond-mat.stat-mech
2490,4382,2,0,cond-mat.stat-mech
931,1537,4,0,cond-mat.stat-mech
411,7828,7,0,cond-mat.stat-mech
806,868,2,0,cond-mat.stat-mech
166,1581,9,0,cond-mat.stat-mech
2498,3446,6,0,cond-mat.stat-mech
592,7458,72,0,cond-mat.stat-mech
7454,12270,6,0,cond-mat.stat-mech
7520,12215,2,0,cond-mat.stat-mech
6772,13404,0,0,cond-mat.stat-mech
4704,5321,0,0,cond-mat.stat-mech
20,13806,4,0,cond-mat.stat-mech
3465,3878,2,0,cond-mat.stat-mech
6625,13879,1,0,cond-mat.stat-mech
10677,11710,0,0,cond-mat.stat-mech
10208,13873,8,0,cond-mat.stat-mech
159,13848,75,0,cond-mat.stat-mech
7021,8860,6,0,cond-mat.stat-mech
7511,7592,2,0,cond-mat.stat-mech
7644,13854,1,0,cond-mat.stat-mech
4485,8382,6,0,cond-mat.stat-mech
627,2707,2,0,cond-mat.stat-mech
3531,10131,1,0,cond-mat.stat-mech
831,4163,6,0,cond-mat.stat-mech
25,6403,0,0,cond-mat.stat-mech
2487,4991,1,0,cond-mat.stat-mech
5260,8814,3,0,cond-mat.stat-mech
2199,2867,1,0,cond-mat.stat-mech
1983,4402,4,0,cond-mat.stat-mech
1584,10663,4,0,cond-mat.stat-mech
12271,13852,12,0,cond-mat.stat-mech
718,5966,22,0,cond-mat.stat-mech
489,1722,6,0,cond-mat.stat-mech
2821,8664,3,0,cond-mat.stat-mech
2947,11113,2,0,cond-mat.stat-mech
946,12892,0,0,cond-mat.stat-mech
890,4626,3,0,cond-mat.stat-mech
984,2576,4,0,cond-mat.stat-mech
592,13837,18,0,cond-mat.stat-mech
791,11822,1,0,cond-mat.stat-mech
7204,13815,4,0,cond-mat.stat-mech
297,3052,1,0,cond-mat.stat-mech
697,13886,0,0,cond-mat.stat-mech
200,913,4,0,cond-mat.stat-mech
7914,8983,3,0,cond-mat.stat-mech
210,2754,14,0,cond-mat.stat-mech
5644,11391,6,0,cond-mat.stat-mech
1499,6535,1,0,cond-mat.stat-mech
2391,4218,5,0,cond-mat.stat-mech
4957,9814,3,0,cond-mat.stat-mech
5682,11112,1,0,cond-mat.stat-mech
2027,8905,0,0,cond-mat.stat-mech
7023,10217,5,0,cond-mat.stat-mech
1080,7243,3,0,cond-mat.stat-mech
2121,7786,1,0,cond-mat.stat-mech
206,9339,4,0,cond-mat.stat-mech
8464,13848,10,0,cond-mat.stat-mech
12459,13283,2,0,cond-mat.stat-mech
557,7458,4,0,cond-mat.stat-mech
1876,1947,15,0,cond-mat.stat-mech
4922,13095,0,0,cond-mat.stat-mech
3784,8446,1,0,cond-mat.stat-mech
2042,7596,1,0,cond-mat.stat-mech
8860,13802,4,0,cond-mat.stat-mech
577,12903,9,0,cond-mat.stat-mech
3999,5374,4,0,cond-mat.stat-mech
8855,8857,2,0,cond-mat.stat-mech
3788,5047,2,0,cond-mat.stat-mech
10213,12234,5,0,cond-mat.stat-mech
2025,13806,0,0,cond-mat.stat-mech
1599,8859,4,0,cond-mat.stat-mech
592,721,72,0,cond-mat.stat-mech
5304,8946,10,0,cond-mat.stat-mech
1764,9182,4,0,cond-mat.stat-mech
2707,3631,2,0,cond-mat.stat-mech
1407,2358,0,0,cond-mat.stat-mech
2438,6234,0,0,cond-mat.stat-mech
8856,13809,6,0,cond-mat.stat-mech
4388,12235,0,0,cond-mat.stat-mech
1222,8975,3,0,cond-mat.stat-mech
730,1203,0,0,cond-mat.stat-mech
2999,8809,3,0,cond-mat.stat-mech
204,7936,10,0,cond-mat.stat-mech
2079,11939,1,0,cond-mat.stat-mech
4483,8698,8,0,cond-mat.stat-mech
592,12380,0,0,cond-mat.stat-mech
1291,2048,10,0,cond-mat.stat-mech
5982,13829,0,0,cond-mat.stat-mech
62,12556,4,0,cond-mat.stat-mech
4019,6375,8,0,cond-mat.stat-mech
4714,13829,0,0,cond-mat.stat-mech
4159,7011,16,0,cond-mat.stat-mech
2864,9361,0,0,cond-mat.stat-mech
718,11814,22,0,cond-mat.stat-mech
3646,8341,2,0,cond-mat.stat-mech
2315,13868,6,0,cond-mat.stat-mech
4042,12213,0,0,cond-mat.stat-mech
570,12315,2,0,cond-mat.stat-mech
1998,5808,15,0,cond-mat.stat-mech
1992,9697,3,0,cond-mat.stat-mech
24,3296,0,0,cond-mat.stat-mech
9339,13134,0,0,cond-mat.stat-mech
5310,8462,26,0,cond-mat.stat-mech
159,5812,30,0,cond-mat.stat-mech
8647,12098,5,0,cond-mat.stat-mech
9678,12191,4,0,cond-mat.stat-mech
11407,11939,1,0,cond-mat.stat-mech
1811,3461,3,0,cond-mat.stat-mech
344,515,12,0,cond-mat.stat-mech
2488,7672,0,0,cond-mat.stat-mech
9416,13094,4,0,cond-mat.stat-mech
1963,12235,8,0,cond-mat.stat-mech
39,13861,4,0,cond-mat.stat-mech
1045,13879,8,0,cond-mat.stat-mech
1054,8860,8,0,cond-mat.stat-mech
44,4378,2,0,cond-mat.stat-mech
12237,13704,8,0,cond-mat.stat-mech
3630,11113,2,0,cond-mat.stat-mech
3461,7796,1,0,cond-mat.stat-mech
1108,8858,9,0,cond-mat.stat-mech
5021,8480,2,0,cond-mat.stat-mech
745,11417,6,0,cond-mat.stat-mech
2708,7796,2,0,cond-mat.stat-mech
3515,8935,2,0,cond-mat.stat-mech
7176,12613,4,0,cond-mat.stat-mech
1999,3827,5,0,cond-mat.stat-mech
5791,9813,6,0,cond-mat.stat-mech
3581,13831,2,0,cond-mat.stat-mech
3738,4766,1,0,cond-mat.stat-mech
10158,13833,4,0,cond-mat.stat-mech
137,7454,2,0,cond-mat.stat-mech
6740,10892,2,0,cond-mat.stat-mech
1211,5312,22,0,cond-mat.stat-mech
8168,10639,2,0,cond-mat.stat-mech
6896,12191,5,0,cond-mat.stat-mech
231,2133,0,0,cond-mat.stat-mech
13835,13885,0,0,cond-mat.stat-mech
2433,8337,0,0,cond-mat.stat-mech
1985,11606,18,0,cond-mat.stat-mech
6728,10374,4,0,cond-mat.stat-mech
2877,13863,1,0,cond-mat.stat-mech
323,12213,0,0,cond-mat.stat-mech
90,7243,18,0,cond-mat.stat-mech
3205,6894,0,0,cond-mat.stat-mech
1056,2359,5,0,cond-mat.stat-mech
4006,13862,3,0,cond-mat.stat-mech
4048,7025,2,0,cond-mat.stat-mech
831,12229,0,0,cond-mat.stat-mech
3205,8044,0,0,cond-mat.stat-mech
12270,13835,0,0,cond-mat.stat-mech
2427,9052,3,0,cond-mat.stat-mech
382,5321,15,0,cond-mat.stat-mech
5682,13302,1,0,cond-mat.stat-mech
279,12237,16,0,cond-mat.stat-mech
9309,11920,0,0,cond-mat.stat-mech
637,8189,3,0,cond-mat.stat-mech
137,8397,0,0,cond-mat.stat-mech
5133,10374,4,0,cond-mat.stat-mech
1108,10007,18,0,cond-mat.stat-mech
2917,9446,15,0,cond-mat.stat-mech
80,5867,3,0,cond-mat.stat-mech
200,5304,40,0,cond-mat.stat-mech
6567,11336,2,0,cond-mat.stat-mech
1882,8574,4,0,cond-mat.stat-mech
4991,7931,4,0,cond-mat.stat-mech
9501,11744,12,0,cond-mat.stat-mech
7011,8856,24,0,cond-mat.stat-mech
1027,7022,0,0,cond-mat.stat-mech
5957,6564,6,0,cond-mat.stat-mech
152,2877,4,0,cond-mat.stat-mech
1223,3052,2,0,cond-mat.stat-mech
252,13837,10,0,cond-mat.stat-mech
1496,4629,4,0,cond-mat.stat-mech
219,2567,8,0,cond-mat.stat-mech
1008,10791,3,0,cond-mat.stat-mech
1075,5130,1,0,cond-mat.stat-mech
1001,8573,0,0,cond-mat.stat-mech
7785,13874,1,0,cond-mat.stat-mech
2082,4304,0,0,cond-mat.stat-mech
868,5825,4,0,cond-mat.stat-mech
4480,7176,4,0,cond-mat.stat-mech
7165,7768,3,0,cond-mat.stat-mech
1873,4328,4,0,cond-mat.stat-mech
2632,8819,24,0,cond-mat.stat-mech
1056,2358,0,0,cond-mat.stat-mech
4322,10809,3,0,cond-mat.stat-mech
7277,12259,3,0,cond-mat.stat-mech
80,4815,12,0,cond-mat.stat-mech
3445,8946,4,0,cond-mat.stat-mech
591,10153,38,0,cond-mat.stat-mech
81,1918,2,0,cond-mat.stat-mech
2334,2575,0,0,cond-mat.stat-mech
1881,4844,16,0,cond-mat.stat-mech
7592,8097,1,0,cond-mat.stat-mech
1495,2423,2,0,cond-mat.stat-mech
3100,13875,2,0,cond-mat.stat-mech
10661,12556,12,0,cond-mat.stat-mech
7310,11407,3,0,cond-mat.stat-mech
11407,11604,6,0,cond-mat.stat-mech
1724,2502,0,0,cond-mat.stat-mech
1263,4004,3,0,cond-mat.stat-mech
1034,1817,20,0,cond-mat.stat-mech
1771,9771,8,0,cond-mat.stat-mech
3515,4049,2,0,cond-mat.stat-mech
4816,10153,4,0,cond-mat.stat-mech
3228,7757,4,0,cond-mat.stat-mech
1782,5081,4,0,cond-mat.stat-mech
317,455,4,0,cond-mat.stat-mech
1581,10213,5,0,cond-mat.stat-mech
169,5315,16,0,cond-mat.stat-mech
1988,2980,2,0,cond-mat.stat-mech
11342,11605,9,0,cond-mat.stat-mech
547,2067,15,0,cond-mat.stat-mech
1812,4322,9,0,cond-mat.stat-mech
4019,13893,2,0,cond-mat.stat-mech
2864,8648,0,0,cond-mat.stat-mech
6515,7456,4,0,cond-mat.stat-mech
9948,13823,6,0,cond-mat.stat-mech
4005,4034,6,0,cond-mat.stat-mech
3569,4626,0,0,cond-mat.stat-mech
2536,5417,0,0,cond-mat.stat-mech
6113,8397,0,0,cond-mat.stat-mech
9586,11768,6,0,cond-mat.stat-mech
676,3129,0,0,cond-mat.stat-mech
3926,9339,6,0,cond-mat.stat-mech
54,10154,10,0,cond-mat.stat-mech
198,9771,20,0,cond-mat.stat-mech
3926,6486,6,0,cond-mat.stat-mech
153,4107,9,0,cond-mat.stat-mech
7520,13283,4,0,cond-mat.stat-mech
3558,11581,6,0,cond-mat.stat-mech
9963,13853,0,0,cond-mat.stat-mech
532,13853,4,0,cond-mat.stat-mech
456,766,6,0,cond-mat.stat-mech
7416,9555,8,0,cond-mat.stat-mech
591,8139,38,0,cond-mat.stat-mech
20,12268,2,0,cond-mat.stat-mech
591,8157,57,0,cond-mat.stat-mech
7768,12612,6,0,cond-mat.stat-mech
7011,7785,8,0,cond-mat.stat-mech
2396,8645,10,0,cond-mat.stat-mech
8341,12226,4,0,cond-mat.stat-mech
3605,7176,12,0,cond-mat.stat-mech
9556,12256,2,0,cond-mat.stat-mech
732,8388,2,0,cond-mat.stat-mech
198,479,90,0,cond-mat.stat-mech
8463,10131,1,0,cond-mat.stat-mech
7786,12256,2,0,cond-mat.stat-mech
209,3383,24,0,cond-mat.stat-mech
8388,9310,0,0,cond-mat.stat-mech
13878,13888,1,0,cond-mat.stat-mech
9650,12979,3,0,cond-mat.stat-mech
1942,3101,1,0,cond-mat.stat-mech
3205,12220,0,0,cond-mat.stat-mech
1001,9308,0,0,cond-mat.stat-mech
2283,13858,9,0,cond-mat.stat-mech
1252,5134,0,0,cond-mat.stat-mech
56,1410,1,0,cond-mat.stat-mech
7059,7829,3,0,cond-mat.stat-mech
552,3739,1,0,cond-mat.stat-mech
323,2595,2,0,cond-mat.stat-mech
5271,12223,0,0,cond-mat.stat-mech
552,5307,10,0,cond-mat.stat-mech
4311,7751,0,0,cond-mat.stat-mech
956,5504,3,0,cond-mat.stat-mech
4096,5468,4,0,cond-mat.stat-mech
267,10791,2,0,cond-mat.stat-mech
1537,3420,0,0,cond-mat.stat-mech
1129,5404,6,0,cond-mat.stat-mech
7498,12211,0,0,cond-mat.stat-mech
1998,13837,5,0,cond-mat.stat-mech
1319,1876,0,0,cond-mat.stat-mech
1077,8139,2,0,cond-mat.stat-mech
2072,11427,2,0,cond-mat.stat-mech
1881,12381,0,0,cond-mat.stat-mech
1328,1826,0,0,cond-mat.stat-mech
6740,12272,2,0,cond-mat.stat-mech
6274,7243,6,0,cond-mat.stat-mech
3182,8646,3,0,cond-mat.stat-mech
1008,3285,15,0,cond-mat.stat-mech
2751,12233,6,0,cond-mat.stat-mech
8296,9297,0,0,cond-mat.stat-mech
2134,13842,0,0,cond-mat.stat-mech
4480,6486,2,0,cond-mat.stat-mech
205,450,2,0,cond-mat.stat-mech
10007,13853,4,0,cond-mat.stat-mech
1425,8277,10,0,cond-mat.stat-mech
3205,4702,0,0,cond-mat.stat-mech
2283,7176,36,0,cond-mat.stat-mech
568,10719,1,0,cond-mat.stat-mech
8462,13804,0,0,cond-mat.stat-mech
1987,7025,4,0,cond-mat.stat-mech
6870,9610,0,0,cond-mat.stat-mech
577,8314,12,0,cond-mat.stat-mech
2625,12376,4,0,cond-mat.stat-mech
13404,13842,0,0,cond-mat.stat-mech
7311,12321,0,0,cond-mat.stat-mech
10765,10773,35,0,cond-mat.stat-mech
450,5268,4,0,cond-mat.stat-mech
205,13650,2,0,cond-mat.stat-mech
3653,9965,0,0,cond-mat.stat-mech
1684,8429,3,0,cond-mat.stat-mech
4683,8354,4,0,cond-mat.stat-mech
205,3478,4,0,cond-mat.stat-mech
2197,4094,18,0,cond-mat.stat-mech
2574,9813,12,0,cond-mat.stat-mech
2427,13815,6,0,cond-mat.stat-mech
8464,9016,8,0,cond-mat.stat-mech
2133,3929,0,0,cond-mat.stat-mech
13704,13855,4,0,cond-mat.stat-mech
13203,13811,3,0,cond-mat.stat-mech
533,11403,3,0,cond-mat.stat-mech
5654,13402,3,0,cond-mat.stat-mech
3461,4403,1,0,cond-mat.stat-mech
260,798,2,0,cond-mat.stat-mech
754,7606,0,0,cond-mat.stat-mech
2392,10214,7,0,cond-mat.stat-mech
842,4430,10,0,cond-mat.stat-mech
226,1983,0,0,cond-mat.stat-mech
2423,11342,2,0,cond-mat.stat-mech
196,1573,0,0,cond-mat.stat-mech
481,4576,12,0,cond-mat.stat-mech
2616,4585,10,0,cond-mat.stat-mech
1414,13668,0,0,cond-mat.stat-mech
6625,7320,4,0,cond-mat.stat-mech
2804,12211,0,0,cond-mat.stat-mech
4005,6327,2,0,cond-mat.stat-mech
1328,6273,3,0,cond-mat.stat-mech
467,4287,6,0,cond-mat.stat-mech
8100,9214,3,0,cond-mat.stat-mech
3480,11865,6,0,cond-mat.stat-mech
12315,12612,4,0,cond-mat.stat-mech
9965,13819,0,0,cond-mat.stat-mech
1309,6506,4,0,cond-mat.stat-mech
3000,3509,2,0,cond-mat.stat-mech
1027,12953,0,0,cond-mat.stat-mech
1291,12236,10,0,cond-mat.stat-mech
778,10820,5,0,cond-mat.stat-mech
5072,12376,6,0,cond-mat.stat-mech
297,1108,9,0,cond-mat.stat-mech
137,11416,3,0,cond-mat.stat-mech
490,2805,2,0,cond-mat.stat-mech
799,8646,12,0,cond-mat.stat-mech
226,2625,0,0,cond-mat.stat-mech
515,10217,2,0,cond-mat.stat-mech
9308,10809,4,0,cond-mat.stat-mech
8480,13668,0,0,cond-mat.stat-mech
572,5504,9,0,cond-mat.stat-mech
2632,3356,6,0,cond-mat.stat-mech
901,1222,9,0,cond-mat.stat-mech
1129,13094,2,0,cond-mat.stat-mech
800,7024,3,0,cond-mat.stat-mech
2027,2086,2,0,cond-mat.stat-mech
3478,8800,2,0,cond-mat.stat-mech
4767,13707,0,0,cond-mat.stat-mech
2575,10271,8,0,cond-mat.stat-mech
5826,13755,0,0,cond-mat.stat-mech
5081,10214,14,0,cond-mat.stat-mech
2979,9308,4,0,cond-mat.stat-mech
1050,2225,14,0,cond-mat.stat-mech
1499,9416,2,0,cond-mat.stat-mech
8820,13848,15,0,cond-mat.stat-mech
7276,8156,22,0,cond-mat.stat-mech
975,4382,22,0,cond-mat.stat-mech
6274,13886,0,0,cond-mat.stat-mech
590,2770,0,0,cond-mat.stat-mech
3739,11768,2,0,cond-mat.stat-mech
3999,5092,6,0,cond-mat.stat-mech
1805,6327,1,0,cond-mat.stat-mech
8647,9611,10,0,cond-mat.stat-mech
6614,13820,0,0,cond-mat.stat-mech
7423,11841,2,0,cond-mat.stat-mech
173,6615,3,0,cond-mat.stat-mech
2079,8647,5,0,cond-mat.stat-mech
1684,12318,6,0,cond-mat.stat-mech
8819,12221,4,0,cond-mat.stat-mech
422,531,5,0,cond-mat.stat-mech
3000,12242,0,0,cond-mat.stat-mech
1173,8572,10,0,cond-mat.stat-mech
405,12892,2,0,cond-mat.stat-mech
1987,7764,4,0,cond-mat.stat-mech
2617,10640,4,0,cond-mat.stat-mech
9418,12903,6,0,cond-mat.stat-mech
5417,10944,0,0,cond-mat.stat-mech
153,2099,21,0,cond-mat.stat-mech
3999,5316,18,0,cond-mat.stat-mech
1055,6895,20,0,cond-mat.stat-mech
1874,1992,3,0,cond-mat.stat-mech
4991,8743,1,0,cond-mat.stat-mech
206,13841,2,0,cond-mat.stat-mech
1190,4990,2,0,cond-mat.stat-mech
7312,8860,8,0,cond-mat.stat-mech
1581,8905,0,0,cond-mat.stat-mech
12214,12221,1,0,cond-mat.stat-mech
1211,13271,4,0,cond-mat.stat-mech
1291,10271,4,0,cond-mat.stat-mech
1640,12136,6,0,cond-mat.stat-mech
3323,8043,0,0,cond-mat.stat-mech
4354,5683,0,0,cond-mat.stat-mech
5504,12229,0,0,cond-mat.stat-mech
2056,4704,0,0,cond-mat.stat-mech
4485,6359,3,0,cond-mat.stat-mech
4679,9500,8,0,cond-mat.stat-mech
3750,8808,20,0,cond-mat.stat-mech
1108,9340,18,0,cond-mat.stat-mech
1639,2731,8,0,cond-mat.stat-mech
10360,10775,3,0,cond-mat.stat-mech
3014,4431,3,0,cond-mat.stat-mech
3878,8975,2,0,cond-mat.stat-mech
1805,11403,1,0,cond-mat.stat-mech
2876,7606,0,0,cond-mat.stat-mech
1190,10718,6,0,cond-mat.stat-mech
985,11341,6,0,cond-mat.stat-mech
428,13809,4,0,cond-mat.stat-mech
804,5825,6,0,cond-mat.stat-mech
1157,1263,3,0,cond-mat.stat-mech
924,1967,6,0,cond-mat.stat-mech
3444,11608,21,0,cond-mat.stat-mech
546,8855,4,0,cond-mat.stat-mech
3350,5804,6,0,cond-mat.stat-mech
2047,6582,3,0,cond-mat.stat-mech
7786,9677,3,0,cond-mat.stat-mech
2086,4951,4,0,cond-mat.stat-mech
5314,12216,0,0,cond-mat.stat-mech
800,3356,1,0,cond-mat.stat-mech
197,11419,9,0,cond-mat.stat-mech
450,592,18,0,cond-mat.stat-mech
1581,5876,2,0,cond-mat.stat-mech
1407,13833,6,0,cond-mat.stat-mech
1382,2567,4,0,cond-mat.stat-mech
2578,10702,3,0,cond-mat.stat-mech
577,5489,3,0,cond-mat.stat-mech
1813,13874,2,0,cond-mat.stat-mech
2751,9965,0,0,cond-mat.stat-mech
11419,12246,3,0,cond-mat.stat-mech
88,123,24,0,cond-mat.stat-mech
2423,9205,2,0,cond-mat.stat-mech
7757,8697,4,0,cond-mat.stat-mech
2577,7579,8,0,cond-mat.stat-mech
6266,9671,4,0,cond-mat.stat-mech
1978,5404,0,0,cond-mat.stat-mech
426,8605,6,0,cond-mat.stat-mech
5072,8150,6,0,cond-mat.stat-mech
11420,12192,4,0,cond-mat.stat-mech
891,13390,2,0,cond-mat.stat-mech
466,3184,20,1,q-bio.MN
13,983,3,1,q-bio.MN
12844,373,153,1,q-bio.MN
3848,3849,65,1,q-bio.MN
3829,7950,4,1,q-bio.MN
11894,11895,12,1,q-bio.MN
4759,4760,1,1,q-bio.MN
9547,11206,12,1,q-bio.MN
12183,12184,4,1,q-bio.MN
14342,14344,4,1,q-bio.MN
10998,11002,12,1,q-bio.MN
127,967,34,1,q-bio.MN
515,1277,6,1,q-bio.MN
1509,1510,25,1,q-bio.MN
929,9873,0,1,q-bio.MN
10739,10740,169,1,q-bio.MN
10232,10249,182,1,q-bio.MN
9934,8692,8,1,q-bio.MN
39,8427,24,1,q-bio.MN
1190,11823,4,1,q-bio.MN
1311,1312,0,1,q-bio.MN
181,186,40,1,q-bio.MN
1668,3848,104,1,q-bio.MN
585,2035,0,1,q-bio.MN
715,10130,144,1,q-bio.MN
10231,10249,238,1,q-bio.MN
698,701,24,1,q-bio.MN
5499,5501,6,1,q-bio.MN
3156,745,144,1,q-bio.MN
10233,10245,210,1,q-bio.MN
1211,12024,33,1,q-bio.MN
432,1049,0,1,q-bio.MN
764,766,1,1,q-bio.MN
313,10743,168,1,q-bio.MN
1252,3845,48,1,q-bio.MN
1927,1928,30,1,q-bio.MN
11448,11449,0,1,q-bio.MN
9934,11028,72,1,q-bio.MN
4365,6066,6,1,q-bio.MN
1474,1475,35,1,q-bio.MN
5616,7579,2,1,q-bio.MN
1114,9097,10,1,q-bio.MN
715,10135,128,1,q-bio.MN
4969,7950,6,1,q-bio.MN
2772,4569,96,1,q-bio.MN
4509,4512,30,1,q-bio.MN
5755,5757,9,1,q-bio.MN
7189,7191,16,1,q-bio.MN
2267,2268,12,1,q-bio.MN
874,14400,35,1,q-bio.MN
10231,10241,289,1,q-bio.MN
557,14391,45,1,q-bio.MN
37,12392,15,1,q-bio.MN
1116,3607,4,1,q-bio.MN
3625,10736,182,1,q-bio.MN
5976,11553,3,1,q-bio.MN
801,6406,18,1,q-bio.MN
62,12035,8,1,q-bio.MN
709,6797,4,1,q-bio.MN
14446,14448,8,1,q-bio.MN
10351,10352,35,1,q-bio.MN
510,3582,45,1,q-bio.MN
3150,6518,9,1,q-bio.MN
2942,5724,36,1,q-bio.MN
10765,10766,16,1,q-bio.MN
1374,1375,6,1,q-bio.MN
10242,10244,255,1,q-bio.MN
183,187,24,1,q-bio.MN
1477,14456,3,1,q-bio.MN
10383,10384,0,1,q-bio.MN
3134,14315,54,1,q-bio.MN
10233,10236,224,1,q-bio.MN
3846,7176,60,1,q-bio.MN
14404,14446,14,1,q-bio.MN
2046,3360,4,1,q-bio.MN
5932,5933,2,1,q-bio.MN
11686,11688,1,1,q-bio.MN
1929,1932,36,1,q-bio.MN
1098,9955,0,1,q-bio.MN
4152,14388,10,1,q-bio.MN
10236,10241,272,1,q-bio.MN
2236,3751,0,1,q-bio.MN
127,10137,170,1,q-bio.MN
11028,11030,27,1,q-bio.MN
5103,5104,16,1,q-bio.MN
7627,7629,1,1,q-bio.MN
14036,14037,5,1,q-bio.MN
14240,14268,2,1,q-bio.MN
709,1611,10,1,q-bio.MN
1508,1509,30,1,q-bio.MN
5929,5930,5,1,q-bio.MN
2772,4570,80,1,q-bio.MN
916,917,12,1,q-bio.MN
10738,10742,221,1,q-bio.MN
1022,14341,1,1,q-bio.MN
10229,10238,209,1,q-bio.MN
1747,3849,60,1,q-bio.MN
180,181,35,1,q-bio.MN
8992,8994,0,1,q-bio.MN
389,390,1,1,q-bio.MN
10739,10743,156,1,q-bio.MN
10343,10348,30,1,q-bio.MN
591,2386,6,1,q-bio.MN
4510,4512,35,1,q-bio.MN
2454,2453,5,1,q-bio.MN
1252,3846,96,1,q-bio.MN
59,14328,15,1,q-bio.MN
5754,5758,9,1,q-bio.MN
1929,1930,36,1,q-bio.MN
468,10129,132,1,q-bio.MN
12844,14318,45,1,q-bio.MN
5000,5002,6,1,q-bio.MN
1503,1505,35,1,q-bio.MN
10734,10737,153,1,q-bio.MN
10237,10251,255,1,q-bio.MN
10238,10240,121,1,q-bio.MN
636,7176,140,1,q-bio.MN
955,2952,12,1,q-bio.MN
260,5241,40,1,q-bio.MN
12023,12024,15,1,q-bio.MN
312,10745,154,1,q-bio.MN
10344,10351,42,1,q-bio.MN
10641,10645,16,1,q-bio.MN
492,1313,8,1,q-bio.MN
10239,10242,272,1,q-bio.MN
1469,655,72,1,q-bio.MN
1667,2903,2,1,q-bio.MN
9012,9014,0,1,q-bio.MN
373,3701,17,1,q-bio.MN
2772,11095,64,1,q-bio.MN
1927,1931,36,1,q-bio.MN
10736,10742,169,1,q-bio.MN
10604,10605,5,1,q-bio.MN
990,991,12,1,q-bio.MN
10733,10734,126,1,q-bio.MN
435,6468,2,1,q-bio.MN
2015,3934,12,1,q-bio.MN
125,10130,108,1,q-bio.MN
11524,11525,0,1,q-bio.MN
2397,8420,55,1,q-bio.MN
14410,14460,4,1,q-bio.MN
511,2735,96,1,q-bio.MN
917,919,12,1,q-bio.MN
3477,5103,20,1,q-bio.MN
219,1394,48,1,q-bio.MN
2014,10983,8,1,q-bio.MN
4014,4044,12,1,q-bio.MN
181,183,20,1,q-bio.MN
10734,10747,135,1,q-bio.MN
7188,8282,20,1,q-bio.MN
10229,10246,304,1,q-bio.MN
909,912,0,1,q-bio.MN
14291,14292,6,1,q-bio.MN
10239,10246,256,1,q-bio.MN
10238,10245,165,1,q-bio.MN
11695,11698,6,1,q-bio.MN
3133,14316,40,1,q-bio.MN
1980,1982,4,1,q-bio.MN
3629,7526,0,1,q-bio.MN
397,6899,2,1,q-bio.MN
432,3492,2,1,q-bio.MN
10982,10984,4,1,q-bio.MN
10913,14371,0,1,q-bio.MN
1310,1311,0,1,q-bio.MN
511,6416,48,1,q-bio.MN
10238,10249,154,1,q-bio.MN
4706,4707,4,1,q-bio.MN
9934,1464,40,1,q-bio.MN
2210,14306,45,1,q-bio.MN
3156,5588,36,1,q-bio.MN
2635,2636,8,1,q-bio.MN
328,333,14,1,q-bio.MN
2018,10982,16,1,q-bio.MN
1186,2677,18,1,q-bio.MN
10228,10243,272,1,q-bio.MN
1858,1860,6,1,q-bio.MN
10347,10353,45,1,q-bio.MN
14297,14299,4,1,q-bio.MN
8280,8281,15,1,q-bio.MN
11523,11524,0,1,q-bio.MN
3510,3929,0,1,q-bio.MN
395,13788,2,1,q-bio.MN
555,14281,8,1,q-bio.MN
410,9651,12,1,q-bio.MN
1543,4461,12,1,q-bio.MN
79,10740,182,1,q-bio.MN
874,14398,21,1,q-bio.MN
8135,14428,0,1,q-bio.MN
1109,1110,5,1,q-bio.MN
10903,10904,4,1,q-bio.MN
2196,10583,16,1,q-bio.MN
6742,6743,0,1,q-bio.MN
1173,4809,0,1,q-bio.MN
1649,8914,4,1,q-bio.MN
10604,10606,3,1,q-bio.MN
3475,3477,35,1,q-bio.MN
3473,3474,2,1,q-bio.MN
14439,14440,1,1,q-bio.MN
10998,10999,12,1,q-bio.MN
2245,8505,8,1,q-bio.MN
12374,12375,2,1,q-bio.MN
297,323,12,1,q-bio.MN
719,14402,0,1,q-bio.MN
3730,3731,2,1,q-bio.MN
350,4570,35,1,q-bio.MN
6810,6812,8,1,q-bio.MN
10234,10244,210,1,q-bio.MN
5931,8373,2,1,q-bio.MN
1009,5500,14,1,q-bio.MN
59,14330,18,1,q-bio.MN
1711,1709,16,1,q-bio.MN
7249,7250,3,1,q-bio.MN
1540,6516,24,1,q-bio.MN
457,8891,0,1,q-bio.MN
14329,14331,15,1,q-bio.MN
450,14396,20,1,q-bio.MN
1376,6044,2,1,q-bio.MN
7712,7713,20,1,q-bio.MN
124,10135,88,1,q-bio.MN
2733,6024,0,1,q-bio.MN
79,10742,182,1,q-bio.MN
112,8725,0,1,q-bio.MN
10228,10238,187,1,q-bio.MN
5927,5930,3,1,q-bio.MN
6315,11887,0,1,q-bio.MN
1710,1861,21,1,q-bio.MN
1304,12392,15,1,q-bio.MN
1924,1926,42,1,q-bio.MN
3400,7250,6,1,q-bio.MN
4481,6622,6,1,q-bio.MN
9960,14402,0,1,q-bio.MN
10233,10248,238,1,q-bio.MN
1370,10581,60,1,q-bio.MN
700,701,18,1,q-bio.MN
373,1469,153,1,q-bio.MN
9671,11095,32,1,q-bio.MN
8373,8374,4,1,q-bio.MN
10230,10248,272,1,q-bio.MN
3426,5929,35,1,q-bio.MN
1259,7947,12,1,q-bio.MN
326,327,42,1,q-bio.MN
182,190,36,1,q-bio.MN
10250,10251,240,1,q-bio.MN
125,3400,72,1,q-bio.MN
312,10735,168,1,q-bio.MN
172,1057,32,1,q-bio.MN
11891,11896,3,1,q-bio.MN
183,185,32,1,q-bio.MN
9423,9425,4,1,q-bio.MN
655,1043,8,1,q-bio.MN
694,695,15,1,q-bio.MN
8048,8050,6,1,q-bio.MN
1475,1477,21,1,q-bio.MN
489,490,10,1,q-bio.MN
3141,9339,0,1,q-bio.MN
511,1067,112,1,q-bio.MN
510,3228,0,1,q-bio.MN
19,2161,2,1,q-bio.MN
1997,7177,12,1,q-bio.MN
7190,7191,20,1,q-bio.MN
10353,10354,40,1,q-bio.MN
172,1055,32,1,q-bio.MN
2311,14451,20,1,q-bio.MN
3904,3905,16,1,q-bio.MN
5378,7952,1,1,q-bio.MN
301,304,8,1,q-bio.MN
7179,7180,12,1,q-bio.MN
8227,8229,12,1,q-bio.MN
73,817,20,1,q-bio.MN
6659,6661,1,1,q-bio.MN
10232,10239,208,1,q-bio.MN
1263,14359,6,1,q-bio.MN
2999,8790,4,1,q-bio.MN
1375,14295,6,1,q-bio.MN
12750,14289,6,1,q-bio.MN
201,203,1,1,q-bio.MN
1043,1041,2,1,q-bio.MN
12082,14290,15,1,q-bio.MN
2732,2734,48,1,q-bio.MN
10130,10137,90,1,q-bio.MN
1611,11032,0,1,q-bio.MN
1506,1508,30,1,q-bio.MN
260,1376,10,1,q-bio.MN
111,6062,7,1,q-bio.MN
2434,14447,12,1,q-bio.MN
5871,5996,20,1,q-bio.MN
9590,9591,6,1,q-bio.MN
626,1317,12,1,q-bio.MN
573,3353,2,1,q-bio.MN
13000,14341,1,1,q-bio.MN
12750,14290,6,1,q-bio.MN
839,6035,15,1,q-bio.MN
12057,12058,0,1,q-bio.MN
1474,7260,5,1,q-bio.MN
10240,10251,165,1,q-bio.MN
8420,1464,55,1,q-bio.MN
5948,5949,6,1,q-bio.MN
6023,6024,0,1,q-bio.MN
5931,5932,2,1,q-bio.MN
909,911,0,1,q-bio.MN
14395,14401,56,1,q-bio.MN
10228,10237,289,1,q-bio.MN
4938,6635,21,1,q-bio.MN
10242,10247,272,1,q-bio.MN
313,10735,168,1,q-bio.MN
10240,10248,187,1,q-bio.MN
10189,10190,0,1,q-bio.MN
2209,5240,18,1,q-bio.MN
6036,6037,12,1,q-bio.MN
745,5586,64,1,q-bio.MN
7951,7952,2,1,q-bio.MN
111,7315,7,1,q-bio.MN
10736,10740,169,1,q-bio.MN
10235,10240,187,1,q-bio.MN
9960,7863,3,1,q-bio.MN
5300,10609,24,1,q-bio.MN
466,1291,60,1,q-bio.MN
1543,2275,6,1,q-bio.MN
12024,12026,9,1,q-bio.MN
317,12082,15,1,q-bio.MN
636,10374,280,1,q-bio.MN
54,12774,3,1,q-bio.MN
7992,7993,1,1,q-bio.MN
123,9138,0,1,q-bio.MN
7613,10583,20,1,q-bio.MN
2032,2033,0,1,q-bio.MN
695,4951,10,1,q-bio.MN
510,1136,45,1,q-bio.MN
2914,8357,20,1,q-bio.MN
7946,7948,0,1,q-bio.MN
9013,9014,0,1,q-bio.MN
1276,1277,2,1,q-bio.MN
1911,3780,5,1,q-bio.MN
5187,5188,1,1,q-bio.MN
10228,10249,238,1,q-bio.MN
9063,9067,30,1,q-bio.MN
6417,1067,35,1,q-bio.MN
2381,2383,4,1,q-bio.MN
187,190,36,1,q-bio.MN
124,10136,110,1,q-bio.MN
9520,9523,4,1,q-bio.MN
37,1304,9,1,q-bio.MN
866,1141,0,1,q-bio.MN
8947,8948,9,1,q-bio.MN
5928,5930,2,1,q-bio.MN
6214,6636,24,1,q-bio.MN
180,2113,21,1,q-bio.MN
10239,10245,240,1,q-bio.MN
111,12846,35,1,q-bio.MN
10238,10247,176,1,q-bio.MN
39,9866,8,1,q-bio.MN
1216,1859,14,1,q-bio.MN
3521,4771,1,1,q-bio.MN
254,255,1,1,q-bio.MN
4252,4253,4,1,q-bio.MN
1709,3617,2,1,q-bio.MN
59,14466,6,1,q-bio.MN
418,1613,0,1,q-bio.MN
10235,10245,255,1,q-bio.MN
183,188,40,1,q-bio.MN
466,10904,20,1,q-bio.MN
7947,7946,0,1,q-bio.MN
2014,9320,8,1,q-bio.MN
3439,3441,4,1,q-bio.MN
435,3492,1,1,q-bio.MN
9650,10767,12,1,q-bio.MN
10346,10350,35,1,q-bio.MN
10131,6052,28,1,q-bio.MN
306,2269,21,1,q-bio.MN
127,10138,153,1,q-bio.MN
2636,9049,4,1,q-bio.MN
2210,14305,27,1,q-bio.MN
636,5982,140,1,q-bio.MN
14416,14417,2,1,q-bio.MN
140,142,6,1,q-bio.MN
9062,9070,30,1,q-bio.MN
59,14332,12,1,q-bio.MN
11696,11697,6,1,q-bio.MN
208,12175,0,1,q-bio.MN
3846,3849,60,1,q-bio.MN
8947,10591,9,1,q-bio.MN
10239,10249,224,1,q-bio.MN
5927,10383,0,1,q-bio.MN
1892,2656,32,1,q-bio.MN
219,3150,18,1,q-bio.MN
11000,11003,15,1,q-bio.MN
3399,2670,16,1,q-bio.MN
219,6518,18,1,q-bio.MN
10983,10984,2,1,q-bio.MN
708,3555,6,1,q-bio.MN
8097,8099,12,1,q-bio.MN
124,126,22,1,q-bio.MN
125,10134,144,1,q-bio.MN
2614,6405,8,1,q-bio.MN
3156,14383,18,1,q-bio.MN
636,10375,56,1,q-bio.MN
7471,7472,6,1,q-bio.MN
8058,8059,4,1,q-bio.MN
1468,12846,40,1,q-bio.MN
8278,8279,4,1,q-bio.MN
708,3554,6,1,q-bio.MN
12082,12751,30,1,q-bio.MN
1999,2771,18,1,q-bio.MN
12006,12007,0,1,q-bio.MN
10231,10244,255,1,q-bio.MN
2670,2672,12,1,q-bio.MN
14332,14333,20,1,q-bio.MN
8529,8530,2,1,q-bio.MN
12844,3135,54,1,q-bio.MN
701,705,9,1,q-bio.MN
5982,11095,20,1,q-bio.MN
397,4021,2,1,q-bio.MN
2275,3714,0,1,q-bio.MN
4023,4025,2,1,q-bio.MN
591,2905,4,1,q-bio.MN
702,703,16,1,q-bio.MN
2196,7613,20,1,q-bio.MN
5949,5950,12,1,q-bio.MN
62,10610,40,1,q-bio.MN
3935,4501,12,1,q-bio.MN
507,14036,25,1,q-bio.MN
10345,10350,25,1,q-bio.MN
11891,11892,3,1,q-bio.MN
13746,1002,24,1,q-bio.MN
9548,11206,9,1,q-bio.MN
10506,10507,3,1,q-bio.MN
73,1543,15,1,q-bio.MN
4568,4572,63,1,q-bio.MN
1244,2161,2,1,q-bio.MN
374,376,6,1,q-bio.MN
373,376,34,1,q-bio.MN
10343,10349,36,1,q-bio.MN
270,4154,3,1,q-bio.MN
7188,7189,20,1,q-bio.MN
10233,10243,224,1,q-bio.MN
10128,10133,100,1,q-bio.MN
801,1464,45,1,q-bio.MN
7582,7584,1,1,q-bio.MN
303,2078,7,1,q-bio.MN
8379,8380,0,1,q-bio.MN
1996,4569,60,1,q-bio.MN
3181,14307,15,1,q-bio.MN
2854,3739,1,1,q-bio.MN
1747,3847,84,1,q-bio.MN
1507,1508,36,1,q-bio.MN
14414,14417,0,1,q-bio.MN
36,12760,0,1,q-bio.MN
1211,6642,11,1,q-bio.MN
2161,10312,0,1,q-bio.MN
6628,14373,12,1,q-bio.MN
7168,7169,1,1,q-bio.MN
10233,10240,154,1,q-bio.MN
301,3108,4,1,q-bio.MN
10128,10136,100,1,q-bio.MN
10734,10743,108,1,q-bio.MN
12043,12044,6,1,q-bio.MN
886,296,0,1,q-bio.MN
5618,7578,1,1,q-bio.MN
260,3930,30,1,q-bio.MN
11002,11003,12,1,q-bio.MN
12846,14273,30,1,q-bio.MN
636,3846,336,1,q-bio.MN
5241,5239,8,1,q-bio.MN
11891,11894,3,1,q-bio.MN
7811,14331,21,1,q-bio.MN
898,12774,1,1,q-bio.MN
718,14402,0,1,q-bio.MN
312,10747,210,1,q-bio.MN
3797,8176,4,1,q-bio.MN
4705,4708,4,1,q-bio.MN
1858,1859,4,1,q-bio.MN
715,10137,160,1,q-bio.MN
4568,5739,18,1,q-bio.MN
7211,7215,12,1,q-bio.MN
14,12960,3,1,q-bio.MN
12219,14363,4,1,q-bio.MN
14320,14321,16,1,q-bio.MN
12595,13292,1,1,q-bio.MN
10348,10349,30,1,q-bio.MN
125,967,24,1,q-bio.MN
3174,3175,1,1,q-bio.MN
7188,8278,10,1,q-bio.MN
4895,4896,1,1,q-bio.MN
10344,10354,48,1,q-bio.MN
9379,9381,0,1,q-bio.MN
2236,3760,15,1,q-bio.MN
7947,12026,9,1,q-bio.MN
1503,1504,35,1,q-bio.MN
7651,7652,0,1,q-bio.MN
909,910,0,1,q-bio.MN
11696,11698,4,1,q-bio.MN
10230,10245,240,1,q-bio.MN
5931,5933,1,1,q-bio.MN
10130,10132,81,1,q-bio.MN
10247,10249,224,1,q-bio.MN
2017,9320,8,1,q-bio.MN
1206,4464,2,1,q-bio.MN
2429,4619,24,1,q-bio.MN
493,1313,14,1,q-bio.MN
14362,14363,6,1,q-bio.MN
38,37,12,1,q-bio.MN
2952,2953,9,1,q-bio.MN
10234,10238,154,1,q-bio.MN
1784,1785,0,1,q-bio.MN
492,815,12,1,q-bio.MN
1503,1507,30,1,q-bio.MN
8700,8701,9,1,q-bio.MN
1136,1222,30,1,q-bio.MN
869,6518,24,1,q-bio.MN
599,3188,0,1,q-bio.MN
2516,3183,1,1,q-bio.MN
701,704,21,1,q-bio.MN
10736,10746,221,1,q-bio.MN
10245,10246,240,1,q-bio.MN
124,967,22,1,q-bio.MN
1611,10507,5,1,q-bio.MN
1116,2196,8,1,q-bio.MN
4516,4518,0,1,q-bio.MN
5950,6447,8,1,q-bio.MN
8531,8530,5,1,q-bio.MN
1979,1980,6,1,q-bio.MN
10735,10739,156,1,q-bio.MN
1743,12760,0,1,q-bio.MN
9065,9066,30,1,q-bio.MN
10313,10314,2,1,q-bio.MN
1526,2220,4,1,q-bio.MN
706,707,0,1,q-bio.MN
636,1999,168,1,q-bio.MN
124,715,176,1,q-bio.MN
1116,1853,8,1,q-bio.MN
12688,3301,16,1,q-bio.MN
390,392,2,1,q-bio.MN
9062,9069,20,1,q-bio.MN
10236,10247,256,1,q-bio.MN
3141,9340,0,1,q-bio.MN
1002,1003,54,1,q-bio.MN
10230,10234,224,1,q-bio.MN
14297,14298,3,1,q-bio.MN
4769,14359,6,1,q-bio.MN
10343,10345,30,1,q-bio.MN
1211,10612,66,1,q-bio.MN
1504,1510,35,1,q-bio.MN
757,758,2,1,q-bio.MN
5617,5618,3,1,q-bio.MN
2017,2483,48,1,q-bio.MN
468,4530,36,1,q-bio.MN
8948,10592,9,1,q-bio.MN
4721,4724,9,1,q-bio.MN
489,2079,50,1,q-bio.MN
13775,14037,4,1,q-bio.MN
418,1612,0,1,q-bio.MN
10733,10738,238,1,q-bio.MN
450,14399,30,1,q-bio.MN
922,14292,10,1,q-bio.MN
4837,12035,1,1,q-bio.MN
2077,2078,1,1,q-bio.MN
10484,10486,4,1,q-bio.MN
5724,14414,0,1,q-bio.MN
703,705,12,1,q-bio.MN
1925,1928,30,1,q-bio.MN
8226,9854,2,1,q-bio.MN
2209,9531,12,1,q-bio.MN
511,3582,80,1,q-bio.MN
373,14321,68,1,q-bio.MN
2728,8286,3,1,q-bio.MN
9612,12791,0,1,q-bio.MN
512,5586,48,1,q-bio.MN
10132,10135,72,1,q-bio.MN
8048,8051,12,1,q-bio.MN
1370,2196,48,1,q-bio.MN
6634,6636,9,1,q-bio.MN
3729,3730,2,1,q-bio.MN
125,10136,120,1,q-bio.MN
10247,10251,240,1,q-bio.MN
4265,6044,4,1,q-bio.MN
2939,2941,8,1,q-bio.MN
62,10611,40,1,q-bio.MN
14316,14320,32,1,q-bio.MN
715,4505,96,1,q-bio.MN
10744,10745,154,1,q-bio.MN
2630,5916,3,1,q-bio.MN
13921,13960,6,1,q-bio.MN
1136,2736,25,1,q-bio.MN
1376,4265,2,1,q-bio.MN
186,189,64,1,q-bio.MN
10733,10745,154,1,q-bio.MN
10232,10250,208,1,q-bio.MN
8227,8228,12,1,q-bio.MN
10240,10245,165,1,q-bio.MN
1476,1477,6,1,q-bio.MN
124,127,187,1,q-bio.MN
573,2697,0,1,q-bio.MN
279,3426,7,1,q-bio.MN
52,1712,4,1,q-bio.MN
636,7035,84,1,q-bio.MN
313,10736,182,1,q-bio.MN
2670,2671,8,1,q-bio.MN
14354,14355,1,1,q-bio.MN
9062,9063,25,1,q-bio.MN
468,10138,108,1,q-bio.MN
2161,2162,1,1,q-bio.MN
3133,3134,45,1,q-bio.MN
10235,10237,289,1,q-bio.MN
1506,1509,25,1,q-bio.MN
12748,12750,8,1,q-bio.MN
14396,14400,20,1,q-bio.MN
468,10134,144,1,q-bio.MN
9934,2519,48,1,q-bio.MN
967,13188,6,1,q-bio.MN
7249,9838,6,1,q-bio.MN
7214,7215,12,1,q-bio.MN
10349,10352,30,1,q-bio.MN
325,329,42,1,q-bio.MN
2367,3733,12,1,q-bio.MN
1503,1512,35,1,q-bio.MN
388,392,2,1,q-bio.MN
6643,6644,3,1,q-bio.MN
3846,3848,156,1,q-bio.MN
1747,14443,36,1,q-bio.MN
801,9487,18,1,q-bio.MN
144,4660,4,1,q-bio.MN
4809,6993,0,1,q-bio.MN
10232,10241,221,1,q-bio.MN
226,4519,0,1,q-bio.MN
9064,9069,24,1,q-bio.MN
14365,14366,6,1,q-bio.MN
17,3353,2,1,q-bio.MN
142,2398,12,1,q-bio.MN
1611,1370,60,1,q-bio.MN
2079,279,10,1,q-bio.MN
3150,6517,12,1,q-bio.MN
1711,3617,8,1,q-bio.MN
702,705,12,1,q-bio.MN
10982,10983,2,1,q-bio.MN
10237,10240,187,1,q-bio.MN
13038,14367,0,1,q-bio.MN
636,14313,28,1,q-bio.MN
6635,6637,15,1,q-bio.MN
1785,3214,0,1,q-bio.MN
9635,9636,6,1,q-bio.MN
3845,3847,42,1,q-bio.MN
8428,8429,9,1,q-bio.MN
1853,1098,16,1,q-bio.MN
990,14293,12,1,q-bio.MN
14414,14416,0,1,q-bio.MN
4838,6634,12,1,q-bio.MN
7483,9008,6,1,q-bio.MN
5923,5924,4,1,q-bio.MN
13292,14283,1,1,q-bio.MN
2911,2913,9,1,q-bio.MN
694,4951,6,1,q-bio.MN
4837,9934,8,1,q-bio.MN
3904,5023,12,1,q-bio.MN
3904,5000,8,1,q-bio.MN
12083,12084,2,1,q-bio.MN
119,121,7,1,q-bio.MN
2267,2269,9,1,q-bio.MN
6683,6684,2,1,q-bio.MN
10242,10249,238,1,q-bio.MN
7611,9311,1,1,q-bio.MN
9379,9380,0,1,q-bio.MN
120,14300,9,1,q-bio.MN
465,2158,12,1,q-bio.MN
6433,6434,0,1,q-bio.MN
329,333,12,1,q-bio.MN
699,703,28,1,q-bio.MN
12595,14283,1,1,q-bio.MN
10233,10249,196,1,q-bio.MN
7710,7711,25,1,q-bio.MN
10606,10608,6,1,q-bio.MN
4619,11838,0,1,q-bio.MN
745,12967,0,1,q-bio.MN
7114,7115,0,1,q-bio.MN
808,10608,12,1,q-bio.MN
7137,7138,0,1,q-bio.MN
699,702,28,1,q-bio.MN
655,5916,8,1,q-bio.MN
10733,10744,196,1,q-bio.MN
696,1684,18,1,q-bio.MN
6642,6643,1,1,q-bio.MN
10232,10234,182,1,q-bio.MN
4753,4755,2,1,q-bio.MN
435,1049,0,1,q-bio.MN
38,14403,12,1,q-bio.MN
19,2162,2,1,q-bio.MN
14331,14333,15,1,q-bio.MN
9934,14371,0,1,q-bio.MN
323,2907,32,1,q-bio.MN
636,1996,280,1,q-bio.MN
112,512,60,1,q-bio.MN
10343,10346,42,1,q-bio.MN
13775,14451,16,1,q-bio.MN
1051,1050,20,1,q-bio.MN
54,6621,6,1,q-bio.MN
627,4070,1,1,q-bio.MN
180,187,42,1,q-bio.MN
10734,10736,117,1,q-bio.MN
14351,14352,9,1,q-bio.MN
6811,14474,3,1,q-bio.MN
127,10129,187,1,q-bio.MN
10604,10608,2,1,q-bio.MN
2908,14434,21,1,q-bio.MN
323,886,0,1,q-bio.MN
557,2908,105,1,q-bio.MN
1892,1116,32,1,q-bio.MN
10232,10240,143,1,q-bio.MN
1510,1512,35,1,q-bio.MN
10743,10745,132,1,q-bio.MN
4049,9139,1,1,q-bio.MN
6810,6811,12,1,q-bio.MN
9311,11497,1,1,q-bio.MN
636,7181,112,1,q-bio.MN
5933,8374,2,1,q-bio.MN
1108,2244,0,1,q-bio.MN
11028,14371,0,1,q-bio.MN
10345,10353,25,1,q-bio.MN
636,7178,84,1,q-bio.MN
59,14329,15,1,q-bio.MN
4920,4921,4,1,q-bio.MN
6066,14430,6,1,q-bio.MN
208,3313,14,1,q-bio.MN
14456,14457,1,1,q-bio.MN
5499,5500,4,1,q-bio.MN
9320,9321,3,1,q-bio.MN
12960,13301,9,1,q-bio.MN
704,14404,49,1,q-bio.MN
5023,5024,9,1,q-bio.MN
512,6583,0,1,q-bio.MN
3103,11640,5,1,q-bio.MN
14305,14307,9,1,q-bio.MN
909,2871,0,1,q-bio.MN
5300,10611,20,1,q-bio.MN
10235,10251,255,1,q-bio.MN
11028,11031,36,1,q-bio.MN
1892,9648,16,1,q-bio.MN
599,1186,0,1,q-bio.MN
1925,1931,36,1,q-bio.MN
10591,10593,12,1,q-bio.MN
5279,5280,6,1,q-bio.MN
2015,2018,24,1,q-bio.MN
1042,1043,4,1,q-bio.MN
1051,1052,10,1,q-bio.MN
11447,11536,3,1,q-bio.MN
3829,6600,4,1,q-bio.MN
12042,12043,6,1,q-bio.MN
44,1414,5,1,q-bio.MN
3304,10472,0,1,q-bio.MN
636,11095,112,1,q-bio.MN
2014,2015,24,1,q-bio.MN
8225,8226,6,1,q-bio.MN
1892,10507,16,1,q-bio.MN
1507,1509,30,1,q-bio.MN
698,705,24,1,q-bio.MN
294,295,12,1,q-bio.MN
2034,2035,0,1,q-bio.MN
10999,11003,12,1,q-bio.MN
1774,1775,1,1,q-bio.MN
730,2368,2,1,q-bio.MN
13960,14281,4,1,q-bio.MN
2382,2384,4,1,q-bio.MN
2582,2583,0,1,q-bio.MN
2018,10984,16,1,q-bio.MN
557,12711,15,1,q-bio.MN
7193,8281,18,1,q-bio.MN
4969,4970,0,1,q-bio.MN
1259,12026,12,1,q-bio.MN
306,11377,7,1,q-bio.MN
8948,10591,9,1,q-bio.MN
3625,10739,182,1,q-bio.MN
47,6600,6,1,q-bio.MN
14398,14399,18,1,q-bio.MN
4252,10396,6,1,q-bio.MN
1543,3714,0,1,q-bio.MN
1136,2735,30,1,q-bio.MN
2772,11094,128,1,q-bio.MN
10131,14381,0,1,q-bio.MN
1516,5411,0,1,q-bio.MN
3625,10740,182,1,q-bio.MN
4511,4512,35,1,q-bio.MN
1747,3848,156,1,q-bio.MN
10238,10243,176,1,q-bio.MN
10149,10150,0,1,q-bio.MN
1601,8104,0,1,q-bio.MN
2015,2017,24,1,q-bio.MN
2022,6171,4,1,q-bio.MN
10242,10251,255,1,q-bio.MN
910,2870,3,1,q-bio.MN
297,886,0,1,q-bio.MN
9650,9651,9,1,q-bio.MN
808,10605,30,1,q-bio.MN
4619,7471,8,1,q-bio.MN
2937,2942,18,1,q-bio.MN
4505,4512,30,1,q-bio.MN
1514,5411,0,1,q-bio.MN
1853,1854,8,1,q-bio.MN
7188,7193,30,1,q-bio.MN
5498,1008,6,1,q-bio.MN
293,294,12,1,q-bio.MN
10229,10234,266,1,q-bio.MN
10228,10236,272,1,q-bio.MN
10348,10353,25,1,q-bio.MN
636,14314,28,1,q-bio.MN
10234,10242,238,1,q-bio.MN
2017,10983,8,1,q-bio.MN
180,188,70,1,q-bio.MN
1505,1506,35,1,q-bio.MN
123,11546,0,1,q-bio.MN
1325,6128,0,1,q-bio.MN
636,7179,112,1,q-bio.MN
14396,14398,12,1,q-bio.MN
10231,10243,272,1,q-bio.MN
2670,9838,8,1,q-bio.MN
946,14418,56,1,q-bio.MN
4099,4100,1,1,q-bio.MN
330,333,14,1,q-bio.MN
5001,5733,0,1,q-bio.MN
9066,9068,25,1,q-bio.MN
5300,10613,28,1,q-bio.MN
1003,10322,9,1,q-bio.MN
6362,6363,0,1,q-bio.MN
10132,10133,90,1,q-bio.MN
11480,11481,2,1,q-bio.MN
298,3190,28,1,q-bio.MN
4962,10899,2,1,q-bio.MN
2908,14419,28,1,q-bio.MN
10231,10232,221,1,q-bio.MN
139,140,2,1,q-bio.MN
5280,5281,6,1,q-bio.MN
4528,4530,15,1,q-bio.MN
13,297,3,1,q-bio.MN
1456,9354,3,1,q-bio.MN
5616,7578,2,1,q-bio.MN
6052,14381,0,1,q-bio.MN
5498,5500,12,1,q-bio.MN
886,983,0,1,q-bio.MN
10234,10237,238,1,q-bio.MN
10344,10350,30,1,q-bio.MN
14414,14415,0,1,q-bio.MN
10236,10246,256,1,q-bio.MN
2161,6334,1,1,q-bio.MN
36,38,12,1,q-bio.MN
2729,2730,0,1,q-bio.MN
7947,12025,15,1,q-bio.MN
312,10734,126,1,q-bio.MN
10313,10316,2,1,q-bio.MN
3476,5104,20,1,q-bio.MN
14396,14397,28,1,q-bio.MN
3935,5039,6,1,q-bio.MN
10348,10350,25,1,q-bio.MN
7678,7681,4,1,q-bio.MN
992,12186,0,1,q-bio.MN
4753,4754,2,1,q-bio.MN
14397,14398,21,1,q-bio.MN
5410,5411,0,1,q-bio.MN
745,924,48,1,q-bio.MN
10235,10250,272,1,q-bio.MN
2210,14307,27,1,q-bio.MN
11553,11552,3,1,q-bio.MN
183,190,24,1,q-bio.MN
6810,8700,12,1,q-bio.MN
7778,10740,156,1,q-bio.MN
5498,5501,18,1,q-bio.MN
172,862,32,1,q-bio.MN
1252,3848,104,1,q-bio.MN
313,4379,28,1,q-bio.MN
2495,3289,8,1,q-bio.MN
10240,10246,176,1,q-bio.MN
991,1740,6,1,q-bio.MN
14348,14349,12,1,q-bio.MN
125,468,144,1,q-bio.MN
184,5660,22,1,q-bio.MN
125,715,192,1,q-bio.MN
450,578,30,1,q-bio.MN
14263,14264,4,1,q-bio.MN
13,886,0,1,q-bio.MN
14271,14272,35,1,q-bio.MN
7188,8279,10,1,q-bio.MN
378,14322,7,1,q-bio.MN
11447,11448,0,1,q-bio.MN
1050,1053,8,1,q-bio.MN
7188,8280,25,1,q-bio.MN
2210,5239,18,1,q-bio.MN
2426,2427,0,1,q-bio.MN
2463,2464,0,1,q-bio.MN
279,10904,2,0,q-bio.MN
1743,2495,8,0,q-bio.MN
292,5928,8,0,q-bio.MN
2366,5930,2,0,q-bio.MN
718,12025,10,0,q-bio.MN
6637,11029,25,0,q-bio.MN
5499,14364,2,0,q-bio.MN
1027,6642,3,0,q-bio.MN
8096,9452,12,0,q-bio.MN
1291,3701,6,0,q-bio.MN
10383,14266,0,0,q-bio.MN
10997,11447,15,0,q-bio.MN
2771,2955,15,0,q-bio.MN
555,9523,8,0,q-bio.MN
1836,8339,3,0,q-bio.MN
3780,10190,0,0,q-bio.MN
291,14459,15,0,q-bio.MN
2730,4760,0,0,q-bio.MN
3714,3847,0,0,q-bio.MN
12035,14343,3,0,q-bio.MN
634,3934,12,0,q-bio.MN
12083,14392,3,0,q-bio.MN
5025,14282,4,0,q-bio.MN
4154,11447,3,0,q-bio.MN
5690,11029,5,0,q-bio.MN
7483,9648,3,0,q-bio.MN
9405,13812,2,0,q-bio.MN
5660,7730,16,0,q-bio.MN
1831,5636,2,0,q-bio.MN
2209,10134,72,0,q-bio.MN
8339,10243,48,0,q-bio.MN
328,2206,7,0,q-bio.MN
635,6644,6,0,q-bio.MN
1998,10606,12,0,q-bio.MN
703,7187,20,0,q-bio.MN
3582,3849,25,0,q-bio.MN
7811,10343,42,0,q-bio.MN
3262,12219,4,0,q-bio.MN
2161,8427,3,0,q-bio.MN
3751,10940,0,0,q-bio.MN
557,1858,30,0,q-bio.MN
4802,14404,7,0,q-bio.MN
8135,14385,1,0,q-bio.MN
6810,14452,24,0,q-bio.MN
4193,9354,1,0,q-bio.MN
4265,7216,10,0,q-bio.MN
333,10897,6,0,q-bio.MN
3212,4252,4,0,q-bio.MN
201,4838,4,0,q-bio.MN
463,557,75,0,q-bio.MN
1861,6274,14,0,q-bio.MN
5189,12058,0,0,q-bio.MN
313,4661,28,0,q-bio.MN
10743,13767,36,0,q-bio.MN
153,9636,2,0,q-bio.MN
5189,9425,4,0,q-bio.MN
1014,2484,12,0,q-bio.MN
8176,11142,4,0,q-bio.MN
2017,2366,16,0,q-bio.MN
9452,14291,9,0,q-bio.MN
7472,14305,9,0,q-bio.MN
4086,10395,16,0,q-bio.MN
718,5240,6,0,q-bio.MN
2342,14329,15,0,q-bio.MN
6128,10612,6,0,q-bio.MN
36,2164,3,0,q-bio.MN
1837,14431,6,0,q-bio.MN
184,4223,0,0,q-bio.MN
172,2671,16,0,q-bio.MN
121,2635,28,0,q-bio.MN
5639,8187,3,0,q-bio.MN
2741,14312,2,0,q-bio.MN
308,4020,10,0,q-bio.MN
3212,12375,2,0,q-bio.MN
2052,7176,15,0,q-bio.MN
1621,12740,0,0,q-bio.MN
323,8340,12,0,q-bio.MN
6623,12006,3,0,q-bio.MN
1041,5102,14,0,q-bio.MN
1978,2635,12,0,q-bio.MN
126,10315,6,0,q-bio.MN
1359,9320,2,0,q-bio.MN
3748,6594,14,0,q-bio.MN
2161,2518,4,0,q-bio.MN
4481,14447,8,0,q-bio.MN
1319,6898,4,0,q-bio.MN
1509,3733,30,0,q-bio.MN
10395,12024,12,0,q-bio.MN
1196,7712,8,0,q-bio.MN
5038,14373,8,0,q-bio.MN
2906,3264,9,0,q-bio.MN
2300,12750,2,0,q-bio.MN
4042,8096,4,0,q-bio.MN
1645,10869,2,0,q-bio.MN
2741,5411,0,0,q-bio.MN
1932,5767,24,0,q-bio.MN
2158,4044,9,0,q-bio.MN
7712,14385,4,0,q-bio.MN
947,1122,4,0,q-bio.MN
1505,9406,7,0,q-bio.MN
1469,2906,27,0,q-bio.MN
4761,6629,2,0,q-bio.MN
4462,5411,0,0,q-bio.MN
2463,4756,0,0,q-bio.MN
392,1543,6,0,q-bio.MN
9928,10962,3,0,q-bio.MN
4243,9592,3,0,q-bio.MN
4754,7416,4,0,q-bio.MN
19,1526,8,0,q-bio.MN
1070,9423,2,0,q-bio.MN
555,1259,16,0,q-bio.MN
1570,3748,4,0,q-bio.MN
6036,10883,12,0,q-bio.MN
152,4023,1,0,q-bio.MN
9063,13301,15,0,q-bio.MN
638,6406,18,0,q-bio.MN
1932,3444,18,0,q-bio.MN
1211,2503,11,0,q-bio.MN
1979,9941,9,0,q-bio.MN
5408,12083,2,0,q-bio.MN
4661,11529,0,0,q-bio.MN
2453,14379,2,0,q-bio.MN
54,455,3,0,q-bio.MN
260,703,40,0,q-bio.MN
59,1464,15,0,q-bio.MN
910,934,15,0,q-bio.MN
4771,12038,1,0,q-bio.MN
1667,3518,4,0,q-bio.MN
758,11911,0,0,q-bio.MN
1111,1113,6,0,q-bio.MN
272,4070,5,0,q-bio.MN
11207,14396,4,0,q-bio.MN
4099,10593,4,0,q-bio.MN
388,3607,2,0,q-bio.MN
9635,13301,9,0,q-bio.MN
5739,9082,6,0,q-bio.MN
1684,8046,24,0,q-bio.MN
1226,6274,4,0,q-bio.MN
6363,14279,0,0,q-bio.MN
7188,14365,10,0,q-bio.MN
2495,6406,4,0,q-bio.MN
3549,5845,6,0,q-bio.MN
39,331,56,0,q-bio.MN
2041,10135,72,0,q-bio.MN
1014,1930,12,0,q-bio.MN
2463,8058,0,0,q-bio.MN
849,10246,16,0,q-bio.MN
5505,9009,3,0,q-bio.MN
1173,12967,0,0,q-bio.MN
5860,7260,1,0,q-bio.MN
44,2341,20,0,q-bio.MN
578,6067,12,0,q-bio.MN
291,9955,0,0,q-bio.MN
1110,7276,2,0,q-bio.MN
2368,6594,7,0,q-bio.MN
3175,10240,11,0,q-bio.MN
1512,6273,21,0,q-bio.MN
1511,9426,27,0,q-bio.MN
4042,10189,1,0,q-bio.MN
5757,7778,36,0,q-bio.MN
591,14426,4,0,q-bio.MN
4938,4962,7,0,q-bio.MN
14363,14461,6,0,q-bio.MN
1186,14428,0,0,q-bio.MN
5618,10984,2,0,q-bio.MN
604,5194,1,0,q-bio.MN
909,6315,0,0,q-bio.MN
12782,14328,10,0,q-bio.MN
764,12084,2,0,q-bio.MN
1997,12711,6,0,q-bio.MN
1711,6594,56,0,q-bio.MN
457,1477,0,0,q-bio.MN
1015,8050,2,0,q-bio.MN
1414,1621,1,0,q-bio.MN
1111,1858,4,0,q-bio.MN
1740,5843,2,0,q-bio.MN
2615,12751,6,0,q-bio.MN
6066,11116,6,0,q-bio.MN
11696,14295,6,0,q-bio.MN
10384,12791,2,0,q-bio.MN
5377,6622,15,0,q-bio.MN
187,3477,30,0,q-bio.MN
7179,14415,8,0,q-bio.MN
3905,6405,8,0,q-bio.MN
5684,11743,1,0,q-bio.MN
121,1811,21,0,q-bio.MN
1125,1374,6,0,q-bio.MN
1050,10249,56,0,q-bio.MN
2344,2430,0,0,q-bio.MN
2121,8685,6,0,q-bio.MN
1190,14439,2,0,q-bio.MN
4759,14251,2,0,q-bio.MN
5739,9454,4,0,q-bio.MN
5194,7516,1,0,q-bio.MN
762,12680,1,0,q-bio.MN
330,511,112,0,q-bio.MN
79,3629,28,0,q-bio.MN
774,896,8,0,q-bio.MN
2398,14344,4,0,q-bio.MN
9063,9355,10,0,q-bio.MN
8049,10236,64,0,q-bio.MN
1932,10582,36,0,q-bio.MN
1511,6635,27,0,q-bio.MN
12219,14475,4,0,q-bio.MN
1527,1646,2,0,q-bio.MN
1317,1836,1,0,q-bio.MN
291,7191,20,0,q-bio.MN
14331,14360,3,0,q-bio.MN
1668,5724,48,0,q-bio.MN
8913,10188,4,0,q-bio.MN
147,10453,6,0,q-bio.MN
9875,14459,6,0,q-bio.MN
8992,11393,0,0,q-bio.MN
4013,14448,8,0,q-bio.MN
933,7179,24,0,q-bio.MN
945,12257,4,0,q-bio.MN
2017,8038,16,0,q-bio.MN
468,2268,48,0,q-bio.MN
494,7891,4,0,q-bio.MN
4354,10149,0,0,q-bio.MN
4100,4253,2,0,q-bio.MN
2113,7526,0,0,q-bio.MN
1747,9098,36,0,q-bio.MN
1108,2210,0,0,q-bio.MN
2311,7114,0,0,q-bio.MN
5282,14287,10,0,q-bio.MN
3918,4761,2,0,q-bio.MN
1186,1730,18,0,q-bio.MN
303,3521,7,0,q-bio.MN
2490,14395,7,0,q-bio.MN
984,3730,1,0,q-bio.MN
1211,2061,22,0,q-bio.MN
14037,14430,2,0,q-bio.MN
801,5860,9,0,q-bio.MN
4568,10383,0,0,q-bio.MN
808,12791,6,0,q-bio.MN
3300,11002,16,0,q-bio.MN
10195,10240,22,0,q-bio.MN
1860,10472,0,0,q-bio.MN
4754,14405,6,0,q-bio.MN
3761,7950,8,0,q-bio.MN
509,3473,2,0,q-bio.MN
80,4769,18,0,q-bio.MN
313,1859,28,0,q-bio.MN
2343,8994,6,0,q-bio.MN
1141,14266,0,0,q-bio.MN
1027,9424,9,0,q-bio.MN
7629,10395,4,0,q-bio.MN
1003,10271,27,0,q-bio.MN
412,3796,3,0,q-bio.MN
599,12024,0,0,q-bio.MN
3462,4895,1,0,q-bio.MN
6661,14290,3,0,q-bio.MN
817,9452,12,0,q-bio.MN
913,2268,4,0,q-bio.MN
45,2300,2,0,q-bio.MN
1475,11029,35,0,q-bio.MN
212,5177,1,0,q-bio.MN
4723,11030,12,0,q-bio.MN
1776,1810,6,0,q-bio.MN
229,916,8,0,q-bio.MN
1125,10507,2,0,q-bio.MN
7180,9521,9,0,q-bio.MN
8060,11377,3,0,q-bio.MN
1475,9555,14,0,q-bio.MN
297,1892,48,0,q-bio.MN
1836,10766,4,0,q-bio.MN
9955,14037,0,0,q-bio.MN
1108,5588,0,0,q-bio.MN
4021,7585,2,0,q-bio.MN
58,14289,0,0,q-bio.MN
2162,6595,2,0,q-bio.MN
36,139,6,0,q-bio.MN
2497,7250,1,0,q-bio.MN
291,7428,5,0,q-bio.MN
1252,14376,16,0,q-bio.MN
2635,2772,64,0,q-bio.MN
6518,10606,9,0,q-bio.MN
301,815,6,0,q-bio.MN
5082,7584,2,0,q-bio.MN
137,14289,3,0,q-bio.MN
6416,9008,6,0,q-bio.MN
8286,14366,9,0,q-bio.MN
10736,12023,65,0,q-bio.MN
1926,5411,0,0,q-bio.MN
11199,11268,2,0,q-bio.MN
3303,14400,10,0,q-bio.MN
2938,11687,8,0,q-bio.MN
2656,9067,12,0,q-bio.MN
432,2048,8,0,q-bio.MN
2343,11743,6,0,q-bio.MN
12035,14258,2,0,q-bio.MN
5586,11552,4,0,q-bio.MN
1925,3353,6,0,q-bio.MN
495,9423,8,0,q-bio.MN
2872,7248,9,0,q-bio.MN
2911,9064,18,0,q-bio.MN
4895,5618,1,0,q-bio.MN
5634,5976,1,0,q-bio.MN
6364,6468,8,0,q-bio.MN
330,9612,0,0,q-bio.MN
7193,9068,30,0,q-bio.MN
947,3918,2,0,q-bio.MN
10249,14402,0,0,q-bio.MN
7907,10128,40,0,q-bio.MN
1116,3619,8,0,q-bio.MN
5187,10607,4,0,q-bio.MN
187,10484,12,0,q-bio.MN
2411,8188,2,0,q-bio.MN
8021,10644,5,0,q-bio.MN
6583,10941,0,0,q-bio.MN
2382,5281,6,0,q-bio.MN
4662,9064,12,0,q-bio.MN
330,10142,14,0,q-bio.MN
4921,5639,6,0,q-bio.MN
9069,14460,8,0,q-bio.MN
4012,14459,18,0,q-bio.MN
4802,10136,10,0,q-bio.MN
8427,11695,9,0,q-bio.MN
1774,2020,3,0,q-bio.MN
9651,11536,3,0,q-bio.MN
2228,7950,2,0,q-bio.MN
774,14328,20,0,q-bio.MN
2497,14420,1,0,q-bio.MN
2368,11893,4,0,q-bio.MN
7034,11267,2,0,q-bio.MN
330,14437,14,0,q-bio.MN
1601,14353,8,0,q-bio.MN
2678,8177,3,0,q-bio.MN
2160,14478,4,0,q-bio.MN
493,5684,7,0,q-bio.MN
922,1251,10,0,q-bio.MN
137,5500,2,0,q-bio.MN
3796,7628,2,0,q-bio.MN
12967,14322,0,0,q-bio.MN
3731,8047,10,0,q-bio.MN
184,1667,22,0,q-bio.MN
331,1600,14,0,q-bio.MN
1851,5506,3,0,q-bio.MN
8948,12058,0,0,q-bio.MN
1251,7613,10,0,q-bio.MN
10233,10746,238,0,q-bio.MN
330,10528,14,0,q-bio.MN
7483,12038,3,0,q-bio.MN
3173,10236,32,0,q-bio.MN
2268,10130,36,0,q-bio.MN
1508,14036,30,0,q-bio.MN
2677,7180,6,0,q-bio.MN
4354,14447,4,0,q-bio.MN
12760,14266,0,0,q-bio.MN
812,5683,3,0,q-bio.MN
5030,5523,1,0,q-bio.MN
4755,9138,0,0,q-bio.MN
2245,3730,4,0,q-bio.MN
4756,8685,3,0,q-bio.MN
491,2735,12,0,q-bio.MN
869,1226,16,0,q-bio.MN
142,3521,6,0,q-bio.MN
512,2300,12,0,q-bio.MN
1812,3183,2,0,q-bio.MN
1644,5176,1,0,q-bio.MN
9082,11267,3,0,q-bio.MN
2745,14462,2,0,q-bio.MN
2121,13243,18,0,q-bio.MN
3582,7151,25,0,q-bio.MN
4505,14463,12,0,q-bio.MN
765,5616,8,0,q-bio.MN
6636,6643,3,0,q-bio.MN
3882,9487,2,0,q-bio.MN
5523,14446,2,0,q-bio.MN
7211,14342,8,0,q-bio.MN
2912,12024,12,0,q-bio.MN
9069,10528,8,0,q-bio.MN
9069,14302,4,0,q-bio.MN
2843,3797,14,0,q-bio.MN
229,5102,14,0,q-bio.MN
7222,7526,0,0,q-bio.MN
376,2906,6,0,q-bio.MN
9636,10733,28,0,q-bio.MN
1252,12748,32,0,q-bio.MN
6272,8419,9,0,q-bio.MN
1771,11525,6,0,q-bio.MN
490,10228,34,0,q-bio.MN
145,8891,0,0,q-bio.MN
4837,14392,3,0,q-bio.MN
1226,7115,0,0,q-bio.MN
1527,3845,12,0,q-bio.MN
5300,10236,64,0,q-bio.MN
2518,14339,0,0,q-bio.MN
3934,9008,8,0,q-bio.MN
187,11395,18,0,q-bio.MN
1540,6273,18,0,q-bio.MN
1858,10384,4,0,q-bio.MN
4620,4725,24,0,q-bio.MN
47,9523,6,0,q-bio.MN
1774,5137,1,0,q-bio.MN
6637,8790,10,0,q-bio.MN
10271,11639,6,0,q-bio.MN
3104,12845,8,0,q-bio.MN
769,3214,8,0,q-bio.MN
3518,7219,8,0,q-bio.MN
4480,9455,2,0,q-bio.MN
2999,7176,10,0,q-bio.MN
5704,8869,1,0,q-bio.MN
4756,6577,3,0,q-bio.MN
557,1911,75,0,q-bio.MN
333,4507,14,0,q-bio.MN
5951,8773,2,0,q-bio.MN
7629,10999,4,0,q-bio.MN
2912,10581,20,0,q-bio.MN
5588,14301,4,0,q-bio.MN
4771,9612,0,0,q-bio.MN
4391,10383,0,0,q-bio.MN
1623,9555,2,0,q-bio.MN
496,1510,20,0,q-bio.MN
6517,10581,20,0,q-bio.MN
226,6363,0,0,q-bio.MN
1311,9545,0,0,q-bio.MN
557,1776,30,0,q-bio.MN
959,1509,15,0,q-bio.MN
3919,14463,2,0,q-bio.MN
8230,9009,15,0,q-bio.MN
1022,3700,2,0,q-bio.MN
45,14262,4,0,q-bio.MN
2453,12065,1,0,q-bio.MN
7015,7276,10,0,q-bio.MN
7583,9454,4,0,q-bio.MN
6585,11911,0,0,q-bio.MN
1076,7948,3,0,q-bio.MN
3550,5724,24,0,q-bio.MN
388,2843,7,0,q-bio.MN
2082,10608,2,0,q-bio.MN
6622,12058,0,0,q-bio.MN
718,6272,6,0,q-bio.MN
1743,5638,4,0,q-bio.MN
1052,10507,2,0,q-bio.MN
4725,5025,16,0,q-bio.MN
10194,10322,2,0,q-bio.MN
5031,11395,3,0,q-bio.MN
10738,10983,17,0,q-bio.MN
1712,10135,8,0,q-bio.MN
4256,14373,2,0,q-bio.MN
2952,10231,51,0,q-bio.MN
5704,14260,2,0,q-bio.MN
1932,5281,18,0,q-bio.MN
125,1858,24,0,q-bio.MN
10239,10747,240,0,q-bio.MN
3747,10941,2,0,q-bio.MN
10374,10962,30,0,q-bio.MN
2678,5241,4,0,q-bio.MN
2209,5684,6,0,q-bio.MN
512,8948,36,0,q-bio.MN
694,1996,30,0,q-bio.MN
5239,14416,4,0,q-bio.MN
2652,2745,0,0,q-bio.MN
127,317,51,0,q-bio.MN
3552,11394,14,0,q-bio.MN
9942,11143,3,0,q-bio.MN
839,11823,10,0,q-bio.MN
4502,5501,6,0,q-bio.MN
7078,10765,4,0,q-bio.MN
6683,10315,6,0,q-bio.MN
7862,8357,10,0,q-bio.MN
4012,11891,6,0,q-bio.MN
3299,3733,24,0,q-bio.MN
1669,1892,240,0,q-bio.MN
2734,12753,6,0,q-bio.MN
5940,14310,0,0,q-bio.MN
9637,14317,21,0,q-bio.MN
1939,10136,40,0,q-bio.MN
4760,11394,2,0,q-bio.MN
2463,2823,0,0,q-bio.MN
1116,10230,32,0,q-bio.MN
7428,10078,3,0,q-bio.MN
2046,5024,6,0,q-bio.MN
2736,7191,20,0,q-bio.MN
2434,10353,15,0,q-bio.MN
11448,14274,0,0,q-bio.MN
11697,14350,12,0,q-bio.MN
12183,14314,2,0,q-bio.MN
1666,8177,3,0,q-bio.MN
1981,10138,36,0,q-bio.MN
2728,10323,2,0,q-bio.MN
142,10137,60,0,q-bio.MN
2431,3550,12,0,q-bio.MN
124,14451,44,0,q-bio.MN
2020,11396,9,0,q-bio.MN
11524,14278,0,0,q-bio.MN
5499,14460,4,0,q-bio.MN
1568,4087,6,0,q-bio.MN
7517,10128,30,0,q-bio.MN
2367,7586,4,0,q-bio.MN
1110,13188,3,0,q-bio.MN
694,14414,0,0,q-bio.MN
199,4529,5,0,q-bio.MN
1215,7212,24,0,q-bio.MN
462,14275,4,0,q-bio.MN
7193,13423,18,0,q-bio.MN
2734,14460,12,0,q-bio.MN
11094,14419,32,0,q-bio.MN
10581,12186,0,0,q-bio.MN
1623,7015,5,0,q-bio.MN
2196,5754,12,0,q-bio.MN
1055,11698,8,0,q-bio.MN
2426,10646,0,0,q-bio.MN
5081,7652,0,0,q-bio.MN
1545,14451,8,0,q-bio.MN
5082,11687,4,0,q-bio.MN
2871,14312,4,0,q-bio.MN
1319,8864,0,0,q-bio.MN
4660,11698,4,0,q-bio.MN
11497,12185,4,0,q-bio.MN
1190,4024,6,0,q-bio.MN
2034,6622,3,0,q-bio.MN
1423,10242,85,0,q-bio.MN
1215,14414,0,0,q-bio.MN
1508,12025,30,0,q-bio.MN
4759,14291,3,0,q-bio.MN
1810,14434,9,0,q-bio.MN
5976,14273,6,0,q-bio.MN
11688,11743,1,0,q-bio.MN
7035,8021,3,0,q-bio.MN
8670,14298,6,0,q-bio.MN
1474,10720,5,0,q-bio.MN
5724,14317,42,0,q-bio.MN
699,12035,7,0,q-bio.MN
3714,14281,0,0,q-bio.MN
4512,12711,5,0,q-bio.MN
4507,7034,14,0,q-bio.MN
2236,8135,5,0,q-bio.MN
920,5587,20,0,q-bio.MN
1599,2367,26,0,q-bio.MN
1527,11894,6,0,q-bio.MN
933,4721,18,0,q-bio.MN
627,1277,1,0,q-bio.MN
3134,14407,0,0,q-bio.MN
1570,5031,2,0,q-bio.MN
9138,11887,0,0,q-bio.MN
2483,3829,12,0,q-bio.MN
350,8049,28,0,q-bio.MN
913,4510,7,0,q-bio.MN
585,1545,6,0,q-bio.MN
1771,5951,12,0,q-bio.MN
708,10237,51,0,q-bio.MN
829,12760,0,0,q-bio.MN
6308,14458,9,0,q-bio.MN
2938,6642,4,0,q-bio.MN
2080,6468,2,0,q-bio.MN
5931,7817,2,0,q-bio.MN
2907,12006,8,0,q-bio.MN
7948,13045,2,0,q-bio.MN
2383,8702,6,0,q-bio.MN
390,7465,3,0,q-bio.MN
9555,14265,6,0,q-bio.MN
1469,12083,9,0,q-bio.MN
62,1113,24,0,q-bio.MN
1022,3141,1,0,q-bio.MN
808,1055,24,0,q-bio.MN
6852,11687,4,0,q-bio.MN
9865,10149,0,0,q-bio.MN
769,9066,40,0,q-bio.MN
4722,6271,8,0,q-bio.MN
303,4464,7,0,q-bio.MN
2427,11377,0,0,q-bio.MN
3228,9068,0,0,q-bio.MN
2651,5758,0,0,q-bio.MN
229,9866,2,0,q-bio.MN
7188,7947,15,0,q-bio.MN
182,8869,6,0,q-bio.MN
11912,12772,0,0,q-bio.MN
638,2077,9,0,q-bio.MN
313,14313,14,0,q-bio.MN
2427,14351,0,0,q-bio.MN
2196,3264,12,0,q-bio.MN
1568,10349,12,0,q-bio.MN
5240,13301,9,0,q-bio.MN
304,1423,20,0,q-bio.MN
14,272,5,0,q-bio.MN
4116,5023,3,0,q-bio.MN
2582,5105,0,0,q-bio.MN
11525,12219,2,0,q-bio.MN
7472,13767,9,0,q-bio.MN
329,5635,6,0,q-bio.MN
2206,14388,2,0,q-bio.MN
1423,3551,20,0,q-bio.MN
706,10735,36,0,q-bio.MN
120,8530,3,0,q-bio.MN
6595,10354,16,0,q-bio.MN
331,1623,7,0,q-bio.MN
2343,10229,114,0,q-bio.MN
3746,6518,3,0,q-bio.MN
495,14325,8,0,q-bio.MN
9839,11822,3,0,q-bio.MN
3302,8994,3,0,q-bio.MN
4969,10982,6,0,q-bio.MN
6457,10905,8,0,q-bio.MN
2040,10438,1,0,q-bio.MN
9636,12774,2,0,q-bio.MN
2516,5025,4,0,q-bio.MN
4023,8345,2,0,q-bio.MN
920,6642,5,0,q-bio.MN
808,10611,30,0,q-bio.MN
5239,12392,10,0,q-bio.MN
2018,6743,8,0,q-bio.MN
14399,14418,24,0,q-bio.MN
4706,6416,6,0,q-bio.MN
3849,4809,0,0,q-bio.MN
990,14398,12,0,q-bio.MN
1709,2061,4,0,q-bio.MN
2741,7214,4,0,q-bio.MN
8447,12774,2,0,q-bio.MN
1116,10583,8,0,q-bio.MN
8648,12773,3,0,q-bio.MN
11892,13292,3,0,q-bio.MN
591,9068,10,0,q-bio.MN
1511,4306,18,0,q-bio.MN
297,7813,3,0,q-bio.MN
3517,10351,14,0,q-bio.MN
9454,10133,20,0,q-bio.MN
10903,14275,2,0,q-bio.MN
8345,14312,4,0,q-bio.MN
3796,4528,5,0,q-bio.MN
329,10734,54,0,q-bio.MN
2162,3629,2,0,q-bio.MN
2161,12026,3,0,q-bio.MN
140,9406,1,0,q-bio.MN
2012,7891,1,0,q-bio.MN
1263,14439,3,0,q-bio.MN
2196,9140,8,0,q-bio.MN
123,4725,36,0,q-bio.MN
2398,13924,4,0,q-bio.MN
1285,2269,3,0,q-bio.MN
5843,13301,3,0,q-bio.MN
121,8346,14,0,q-bio.MN
2248,14263,8,0,q-bio.MN
706,9939,9,0,q-bio.MN
450,1184,5,0,q-bio.MN
7250,8187,1,0,q-bio.MN
2014,4382,8,0,q-bio.MN
54,2941,12,0,q-bio.MN
5187,8670,2,0,q-bio.MN
3184,11095,8,0,q-bio.MN
2733,5637,12,0,q-bio.MN
47,3301,12,0,q-bio.MN
181,2209,30,0,q-bio.MN
2020,6128,3,0,q-bio.MN
7651,14376,0,0,q-bio.MN
5500,5621,2,0,q-bio.MN
9425,11395,6,0,q-bio.MN
1511,14262,18,0,q-bio.MN
145,14337,2,0,q-bio.MN
14,6516,4,0,q-bio.MN
651,11912,0,0,q-bio.MN
333,3133,10,0,q-bio.MN
1623,10131,14,0,q-bio.MN
185,2453,8,0,q-bio.MN
7680,14457,3,0,q-bio.MN
7862,9064,12,0,q-bio.MN
4020,7516,2,0,q-bio.MN
983,9523,6,0,q-bio.MN
4999,9265,6,0,q-bio.MN
5930,7950,2,0,q-bio.MN
7220,7629,3,0,q-bio.MN
279,10737,17,0,q-bio.MN
1688,2630,6,0,q-bio.MN
7168,12039,1,0,q-bio.MN
3085,5837,1,0,q-bio.MN
4021,10248,17,0,q-bio.MN
159,1543,24,0,q-bio.MN
1813,3085,2,0,q-bio.MN
1851,5137,3,0,q-bio.MN
650,2427,0,0,q-bio.MN
9069,11094,32,0,q-bio.MN
90,1263,0,0,q-bio.MN
5754,11912,0,0,q-bio.MN
14151,14404,14,0,q-bio.MN
3175,9940,3,0,q-bio.MN
7472,14363,6,0,q-bio.MN
5683,9426,3,0,q-bio.MN
463,1136,25,0,q-bio.MN
4071,14373,4,0,q-bio.MN
391,8448,6,0,q-bio.MN
1215,3224,6,0,q-bio.MN
3477,4756,15,0,q-bio.MN
886,1071,0,0,q-bio.MN
142,7582,6,0,q-bio.MN
4013,8281,6,0,q-bio.MN
6743,11895,4,0,q-bio.MN
5739,12057,0,0,q-bio.MN
7811,14341,7,0,q-bio.MN
10904,12760,0,0,q-bio.MN
921,9934,40,0,q-bio.MN
4951,14342,4,0,q-bio.MN
1613,11891,0,0,q-bio.MN
1568,4012,12,0,q-bio.MN
8344,14441,4,0,q-bio.MN
8994,9720,1,0,q-bio.MN
4754,7250,2,0,q-bio.MN
1476,6171,4,0,q-bio.MN
9637,11910,3,0,q-bio.MN
1015,10639,2,0,q-bio.MN
2020,8230,15,0,q-bio.MN
2397,4025,10,0,q-bio.MN
922,2872,15,0,q-bio.MN
1600,4257,2,0,q-bio.MN
9837,11446,12,0,q-bio.MN
108,12436,12,0,q-bio.MN
302,6272,9,0,q-bio.MN
5849,10765,4,0,q-bio.MN
3918,14418,4,0,q-bio.MN
186,2543,24,0,q-bio.MN
496,14396,16,0,q-bio.MN
3462,4461,4,0,q-bio.MN
7212,10383,0,0,q-bio.MN
8048,14154,0,0,q-bio.MN
80,1747,72,0,q-bio.MN
5618,8864,0,0,q-bio.MN
203,2730,0,0,q-bio.MN
3440,14403,9,0,q-bio.MN
1056,10639,10,0,q-bio.MN
700,814,24,0,q-bio.MN
300,3175,1,0,q-bio.MN
154,4024,6,0,q-bio.MN
138,10999,4,0,q-bio.MN
8725,9423,0,0,q-bio.MN
9545,10483,10,0,q-bio.MN
122,5950,16,0,q-bio.MN
1623,3714,0,0,q-bio.MN
2048,3183,4,0,q-bio.MN
2050,10859,10,0,q-bio.MN
3517,13301,6,0,q-bio.MN
2385,8058,6,0,q-bio.MN
180,14388,14,0,q-bio.MN
5102,5704,7,0,q-bio.MN
2872,8176,6,0,q-bio.MN
1285,2672,3,0,q-bio.MN
1543,12065,3,0,q-bio.MN
44,9521,15,0,q-bio.MN
471,14442,3,0,q-bio.MN
627,4756,3,0,q-bio.MN
47,4571,24,0,q-bio.MN
11546,12105,0,0,q-bio.MN
58,2771,0,0,q-bio.MN
3225,14459,15,0,q-bio.MN
3225,4507,35,0,q-bio.MN
230,14263,2,0,q-bio.MN
3734,8344,4,0,q-bio.MN
3399,14361,4,0,q-bio.MN
10746,14406,0,0,q-bio.MN
8825,9878,4,0,q-bio.MN
7951,8228,8,0,q-bio.MN
4722,5684,4,0,q-bio.MN
4505,5588,24,0,q-bio.MN
10644,10859,10,0,q-bio.MN
3846,14263,24,0,q-bio.MN
4706,8229,8,0,q-bio.MN
2878,7428,4,0,q-bio.MN
8344,11695,6,0,q-bio.MN
1979,8058,6,0,q-bio.MN
2771,5087,0,0,q-bio.MN
1056,5045,5,0,q-bio.MN
3749,5690,1,0,q-bio.MN
4044,12023,15,0,q-bio.MN
1414,1464,5,0,q-bio.MN
1291,10528,12,0,q-bio.MN
141,14419,12,0,q-bio.MN
9637,14268,3,0,q-bio.MN
2381,2457,8,0,q-bio.MN
4509,8047,30,0,q-bio.MN
1056,2012,5,0,q-bio.MN
480,2072,3,0,q-bio.MN
9650,10271,9,0,q-bio.MN
1097,4920,4,0,q-bio.MN
2910,2941,16,0,q-bio.MN
159,7517,24,0,q-bio.MN
298,2342,21,0,q-bio.MN
4501,6660,8,0,q-bio.MN
2953,4480,3,0,q-bio.MN
4116,10870,1,0,q-bio.MN
2854,9425,2,0,q-bio.MN
7712,7905,12,0,q-bio.MN
7906,8426,8,0,q-bio.MN
124,14469,11,0,q-bio.MN
1712,5300,4,0,q-bio.MN
4507,5916,7,0,q-bio.MN
11546,13924,0,0,q-bio.MN
1851,6052,6,0,q-bio.MN
715,8228,64,0,q-bio.MN
1516,11697,6,0,q-bio.MN
2942,10315,18,0,q-bio.MN
10641,12106,4,0,q-bio.MN
2209,2853,12,0,q-bio.MN
7952,10640,2,0,q-bio.MN
2025,3846,36,0,q-bio.MN
702,10128,40,0,q-bio.MN
3841,11546,0,0,q-bio.MN
3313,6066,6,0,q-bio.MN
2052,9452,9,0,q-bio.MN
696,770,3,0,q-bio.MN
153,12042,3,0,q-bio.MN
296,818,5,0,q-bio.MN
11536,14391,3,0,q-bio.MN
2519,8429,18,0,q-bio.MN
2735,3075,24,0,q-bio.MN
13413,14410,6,0,q-bio.MN
5409,9866,3,0,q-bio.MN
2903,5112,2,0,q-bio.MN
650,2636,6,0,q-bio.MN
2343,10131,84,0,q-bio.MN
922,4510,35,0,q-bio.MN
6272,12083,3,0,q-bio.MN
8529,9488,6,0,q-bio.MN
9651,14404,21,0,q-bio.MN
1911,7993,5,0,q-bio.MN
7462,11028,27,0,q-bio.MN
183,6660,8,0,q-bio.MN
1646,3009,2,0,q-bio.MN
296,6308,3,0,q-bio.MN
8279,10136,20,0,q-bio.MN
3552,14300,21,0,q-bio.MN
7811,10129,77,0,q-bio.MN
3104,10646,5,0,q-bio.MN
3186,12760,0,0,q-bio.MN
1413,14406,0,0,q-bio.MN
5916,14397,7,0,q-bio.MN
3190,8947,12,0,q-bio.MN
5584,12374,12,0,q-bio.MN
3762,10997,15,0,q-bio.MN
8700,10641,12,0,q-bio.MN
9671,14265,24,0,q-bio.MN
3159,4529,5,0,q-bio.MN
6742,9520,0,0,q-bio.MN
3521,14434,3,0,q-bio.MN
462,6214,32,0,q-bio.MN
11002,12749,16,0,q-bio.MN
709,14313,2,0,q-bio.MN
5505,6307,5,0,q-bio.MN
1931,9934,48,0,q-bio.MN
1108,11447,0,0,q-bio.MN
490,2367,4,0,q-bio.MN
8913,10897,6,0,q-bio.MN
127,3883,17,0,q-bio.MN
295,816,16,0,q-bio.MN
2937,7993,3,0,q-bio.MN
457,5982,0,0,q-bio.MN
2206,6364,4,0,q-bio.MN
7035,12127,6,0,q-bio.MN
3699,14314,3,0,q-bio.MN
1009,4509,42,0,q-bio.MN
5587,8048,12,0,q-bio.MN
473,2143,3,0,q-bio.MN
1568,10641,8,0,q-bio.MN
186,1067,56,0,q-bio.MN
3159,9354,1,0,q-bio.MN
2673,9070,18,0,q-bio.MN
512,12846,60,0,q-bio.MN
7651,14458,0,0,q-bio.MN
1278,14451,12,0,q-bio.MN
2677,3191,8,0,q-bio.MN
5043,8725,0,0,q-bio.MN
10942,14414,0,0,q-bio.MN
3183,14415,2,0,q-bio.MN
1784,9636,4,0,q-bio.MN
5976,6306,2,0,q-bio.MN
4620,7975,12,0,q-bio.MN
5279,8700,9,0,q-bio.MN
9008,12186,0,0,q-bio.MN
1188,10383,0,0,q-bio.MN
7585,7678,4,0,q-bio.MN
6139,6458,2,0,q-bio.MN
412,2672,9,0,q-bio.MN
2220,12247,1,0,q-bio.MN
699,1206,14,0,q-bio.MN
3935,8048,9,0,q-bio.MN
2503,5396,6,0,q-bio.MN
108,1623,4,0,q-bio.MN
625,2398,8,0,q-bio.MN
253,14037,2,0,q-bio.MN
389,5187,1,0,q-bio.MN
11553,14451,12,0,q-bio.MN
14320,14417,4,0,q-bio.MN
9942,10247,48,0,q-bio.MN
189,4100,8,0,q-bio.MN
2937,3549,9,0,q-bio.MN
2441,5643,12,1,q-bio
8091,10284,6,1,q-bio
5640,5643,3,1,q-bio
1060,3015,0,1,q-bio
3146,3326,0,1,q-bio
3940,3941,15,1,q-bio
506,1414,2,1,q-bio
730,745,1,1,q-bio
3937,3940,12,1,q-bio
7619,7622,4,1,q-bio
2185,3669,10,1,q-bio
218,1385,3,1,q-bio
5678,7475,0,1,q-bio
3673,3674,0,1,q-bio
2121,9546,21,1,q-bio
1014,13724,0,1,q-bio
1820,11114,1,1,q-bio
3953,3955,14,1,q-bio
2370,2373,0,1,q-bio
5893,6288,0,1,q-bio
1765,5487,12,1,q-bio
4039,4040,1,1,q-bio
7021,7023,12,1,q-bio
1989,1990,1,1,q-bio
455,4976,0,1,q-bio
2929,2930,8,1,q-bio
1411,1877,2,1,q-bio
6804,6805,1,1,q-bio
4093,4095,8,1,q-bio
8159,8160,0,1,q-bio
4094,4095,4,1,q-bio
4412,4414,6,1,q-bio
1597,1598,1,1,q-bio
591,1425,32,1,q-bio
723,724,0,1,q-bio
8215,8216,25,1,q-bio
8292,8293,1,1,q-bio
61,1862,16,1,q-bio
5884,6284,1,1,q-bio
54,1384,9,1,q-bio
61,62,20,1,q-bio
7946,8045,0,1,q-bio
12450,13716,4,1,q-bio
2929,2931,8,1,q-bio
3951,3953,14,1,q-bio
2442,5641,6,1,q-bio
2334,2904,2,1,q-bio
9166,11089,2,1,q-bio
1788,1789,2,1,q-bio
2401,2402,1,1,q-bio
7023,7025,12,1,q-bio
217,1385,3,1,q-bio
1967,5160,0,1,q-bio
8090,8092,6,1,q-bio
12167,12168,1,1,q-bio
7343,11980,0,1,q-bio
4112,4113,6,1,q-bio
591,4093,32,1,q-bio
3955,1596,21,1,q-bio
13719,13720,4,1,q-bio
520,521,0,1,q-bio
3952,3955,21,1,q-bio
2121,9548,14,1,q-bio
8968,8969,6,1,q-bio
7794,7795,0,1,q-bio
5051,5052,1,1,q-bio
3757,3759,0,1,q-bio
9790,9791,0,1,q-bio
4710,4711,0,1,q-bio
241,1624,1,1,q-bio
5892,5894,0,1,q-bio
5892,6288,0,1,q-bio
10092,10093,1,1,q-bio
1356,1876,4,1,q-bio
1789,13783,2,1,q-bio
5079,5080,1,1,q-bio
7793,7795,0,1,q-bio
1596,8215,15,1,q-bio
4197,4198,0,1,q-bio
5232,11558,0,1,q-bio
808,3964,0,1,q-bio
5237,5238,0,1,q-bio
799,13739,0,1,q-bio
4992,4993,2,1,q-bio
88,754,1,1,q-bio
1537,1536,4,1,q-bio
4411,4414,12,1,q-bio
1945,6564,6,1,q-bio
2007,6696,1,1,q-bio
3489,3490,1,1,q-bio
2507,10284,6,1,q-bio
4048,4049,1,1,q-bio
7620,7621,4,1,q-bio
8746,8748,3,1,q-bio
395,1728,1,1,q-bio
635,7785,2,1,q-bio
3757,3758,0,1,q-bio
4410,4412,6,1,q-bio
3447,4781,1,1,q-bio
1975,1977,1,1,q-bio
1873,1874,2,1,q-bio
4121,4122,2,1,q-bio
3708,3879,8,1,q-bio
1399,1535,15,1,q-bio
9547,9548,8,1,q-bio
514,5364,0,1,q-bio
4410,4413,12,1,q-bio
633,634,1,1,q-bio
11090,11091,2,1,q-bio
5300,9821,1,1,q-bio
4093,5825,8,1,q-bio
4412,4415,8,1,q-bio
5012,5014,9,1,q-bio
3938,3940,9,1,q-bio
4992,5286,2,1,q-bio
1937,1938,0,1,q-bio
7793,7794,0,1,q-bio
4474,4476,1,1,q-bio
592,635,6,1,q-bio
2814,3146,0,1,q-bio
591,4096,32,1,q-bio
837,1424,0,1,q-bio
217,1383,9,1,q-bio
5641,5642,6,1,q-bio
4198,4199,0,1,q-bio
110,337,0,1,q-bio
837,5597,3,1,q-bio
4168,10120,2,1,q-bio
61,3782,8,1,q-bio
798,1874,2,1,q-bio
3752,3753,1,1,q-bio
6382,11041,0,1,q-bio
4776,10833,2,1,q-bio
12000,12002,1,1,q-bio
2442,5640,3,1,q-bio
60,62,15,1,q-bio
2724,4610,0,1,q-bio
9546,11206,12,1,q-bio
10164,10166,1,1,q-bio
1045,3632,0,1,q-bio
3706,3707,1,1,q-bio
3723,3724,0,1,q-bio
54,1385,3,1,q-bio
6521,6522,2,1,q-bio
1936,1938,0,1,q-bio
1682,4467,0,1,q-bio
8174,8175,0,1,q-bio
724,725,0,1,q-bio
6521,11645,1,1,q-bio
1356,3568,6,1,q-bio
13725,13728,6,1,q-bio
1535,395,5,1,q-bio
36,38,4,1,q-bio
2185,13714,0,1,q-bio
8091,8092,9,1,q-bio
1535,1728,5,1,q-bio
1682,1683,0,1,q-bio
3669,3668,5,1,q-bio
1596,8216,15,1,q-bio
592,4094,12,1,q-bio
152,351,20,1,q-bio
3936,3942,25,1,q-bio
8430,8432,0,1,q-bio
1945,6563,8,1,q-bio
479,7943,15,1,q-bio
3756,3757,0,1,q-bio
3806,5485,9,1,q-bio
13711,13712,0,1,q-bio
6564,6562,3,1,q-bio
7940,7941,1,1,q-bio
2216,6656,0,1,q-bio
10832,10833,2,1,q-bio
8430,8431,0,1,q-bio
3500,5643,3,0,q-bio
342,1557,4,0,q-bio
3707,6048,1,0,q-bio
5467,8746,9,0,q-bio
6253,6564,3,0,q-bio
8293,9545,4,0,q-bio
1977,7619,2,0,q-bio
3782,6551,12,0,q-bio
842,2407,1,0,q-bio
928,3447,1,0,q-bio
4197,4673,0,0,q-bio
2371,5892,2,0,q-bio
3207,13712,0,0,q-bio
1318,5826,6,0,q-bio
1014,4057,0,0,q-bio
1430,1918,1,0,q-bio
2370,9548,4,0,q-bio
1975,6047,1,0,q-bio
12001,13737,4,0,q-bio
3308,6570,8,0,q-bio
3674,4915,0,0,q-bio
3568,13784,6,0,q-bio
479,13148,3,0,q-bio
1424,10029,0,0,q-bio
1356,11270,4,0,q-bio
2371,12011,8,0,q-bio
723,6656,0,0,q-bio
7766,10976,6,0,q-bio
7766,9362,6,0,q-bio
3569,3620,3,0,q-bio
1430,13724,1,0,q-bio
2724,7137,2,0,q-bio
7750,13768,1,0,q-bio
5489,8216,5,0,q-bio
4410,8092,9,0,q-bio
1557,7943,10,0,q-bio
7931,13736,8,0,q-bio
6565,8424,3,0,q-bio
458,3706,1,0,q-bio
3672,3708,16,0,q-bio
928,3262,1,0,q-bio
3712,8775,4,0,q-bio
2904,7024,5,0,q-bio
38,1936,2,0,q-bio
2007,2724,2,0,q-bio
508,7947,1,0,q-bio
1696,5489,5,0,q-bio
4410,4915,12,0,q-bio
8539,10284,2,0,q-bio
4048,13748,1,0,q-bio
8562,13739,0,0,q-bio
61,6568,8,0,q-bio
4198,4860,2,0,q-bio
4474,10494,3,0,q-bio
5489,7253,1,0,q-bio
5015,6806,8,0,q-bio
351,5641,4,0,q-bio
5051,13761,4,0,q-bio
1045,1536,1,0,q-bio
928,7202,1,0,q-bio
5641,8214,8,0,q-bio
6691,8430,0,0,q-bio
5430,8732,2,0,q-bio
5015,13725,12,0,q-bio
1045,8928,1,0,q-bio
1598,4992,1,0,q-bio
152,1413,30,0,q-bio
395,2019,1,0,q-bio
6656,12167,0,0,q-bio
7939,8732,4,0,q-bio
2244,3757,0,0,q-bio
3998,7943,5,0,q-bio
592,8320,12,0,q-bio
4197,9330,0,0,q-bio
5485,14485,6,0,q-bio
4610,4672,0,0,q-bio
3953,4094,4,0,q-bio
3620,5364,0,0,q-bio
1175,13735,0,0,q-bio
804,6564,21,0,q-bio
169,6654,1,0,q-bio
730,1410,1,0,q-bio
241,2930,2,0,q-bio
592,4094,12,0,q-bio
6473,6562,1,0,q-bio
3939,13720,10,0,q-bio
5079,13738,2,0,q-bio
1557,1990,2,0,q-bio
2402,7750,1,0,q-bio
592,3575,0,0,q-bio
4673,6253,2,0,q-bio
9546,11558,0,0,q-bio
2585,8967,2,0,q-bio
480,3715,4,0,q-bio
4168,4860,4,0,q-bio
480,1045,2,0,q-bio
4683,8444,2,0,q-bio
1414,1425,8,0,q-bio
4992,8748,1,0,q-bio
1407,6551,6,0,q-bio
633,4716,1,0,q-bio
7940,11269,2,0,q-bio
479,7785,6,0,q-bio
4183,13728,4,0,q-bio
4987,7808,2,0,q-bio
2421,6667,2,0,q-bio
6047,6696,1,0,q-bio
3723,5286,0,0,q-bio
725,8444,1,0,q-bio
110,647,6,0,q-bio
5489,11090,2,0,q-bio
5012,5430,3,0,q-bio
1976,3756,2,0,q-bio
7795,12000,0,0,q-bio
3940,13716,6,0,q-bio
241,3620,1,0,q-bio
2992,14487,6,0,q-bio
1788,10164,1,0,q-bio
10831,12682,6,0,q-bio
7750,10967,0,0,q-bio
4776,5485,6,0,q-bio
5643,8069,3,0,q-bio
4716,5818,2,0,q-bio
5070,12110,1,0,q-bio
6521,9790,0,0,q-bio
7766,9361,4,0,q-bio
3062,3574,0,0,q-bio
3706,10269,0,0,q-bio
2856,7591,1,0,q-bio
4198,8363,1,0,q-bio
5489,9362,3,0,q-bio
7931,13067,8,0,q-bio
3062,8443,2,0,q-bio
2019,10093,1,0,q-bio
499,8292,1,0,q-bio
1424,13801,0,0,q-bio
342,3500,2,0,q-bio
4096,5893,4,0,q-bio
1746,3955,14,0,q-bio
411,13716,2,0,q-bio
745,13732,1,0,q-bio
7766,8442,2,0,q-bio
3278,4095,8,0,q-bio
4112,7750,3,0,q-bio
6691,8443,2,0,q-bio
804,4049,7,0,q-bio
3620,8444,1,0,q-bio
4710,8175,0,0,q-bio
1764,2401,2,0,q-bio
1918,10626,2,0,q-bio
1385,3146,0,0,q-bio
9329,10165,2,0,q-bio
647,11558,0,0,q-bio
6571,8090,4,0,q-bio
1697,4183,6,0,q-bio
928,1347,3,0,q-bio
838,3879,1,0,q-bio
2373,5238,0,0,q-bio
2857,4671,1,0,q-bio
520,7343,0,0,q-bio
1977,3633,1,0,q-bio
6047,10979,4,0,q-bio
1862,9821,4,0,q-bio
3939,10624,10,0,q-bio
3490,13696,2,0,q-bio
804,1399,21,0,q-bio
1729,2503,4,0,q-bio
594,7621,4,0,q-bio
4084,7793,0,0,q-bio
4411,5826,12,0,q-bio
37,1425,8,0,q-bio
4781,9362,3,0,q-bio
1383,7253,3,0,q-bio
9496,9497,1,1,q-bio.BM
9657,9658,0,1,q-bio.BM
7443,7444,8,1,q-bio.BM
9479,9481,3,1,q-bio.BM
550,11020,2,1,q-bio.BM
2894,2898,54,1,q-bio.BM
507,2433,10,1,q-bio.BM
2888,2898,48,1,q-bio.BM
10784,10785,4,1,q-bio.BM
5768,8988,4,1,q-bio.BM
6507,6508,26,1,q-bio.BM
4488,4489,8,1,q-bio.BM
232,234,0,1,q-bio.BM
5172,5173,4,1,q-bio.BM
12144,12146,2,1,q-bio.BM
6705,6707,0,1,q-bio.BM
11924,11925,0,1,q-bio.BM
5482,7375,1,1,q-bio.BM
6294,7857,0,1,q-bio.BM
1862,11982,9,1,q-bio.BM
8590,8592,2,1,q-bio.BM
11925,11926,0,1,q-bio.BM
6509,8579,9,1,q-bio.BM
10466,12013,9,1,q-bio.BM
9217,9218,2,1,q-bio.BM
6878,10838,10,1,q-bio.BM
8603,8605,1,1,q-bio.BM
8171,8172,4,1,q-bio.BM
6878,10462,30,1,q-bio.BM
2888,2890,40,1,q-bio.BM
233,6296,100,1,q-bio.BM
10836,10838,4,1,q-bio.BM
6294,7419,6,1,q-bio.BM
913,11092,9,1,q-bio.BM
10722,10723,4,1,q-bio.BM
2889,2890,45,1,q-bio.BM
6827,8616,1,1,q-bio.BM
3678,3681,24,1,q-bio.BM
3727,3728,1,1,q-bio.BM
11375,11376,1,1,q-bio.BM
4513,4514,0,1,q-bio.BM
5034,5036,6,1,q-bio.BM
7332,7335,6,1,q-bio.BM
11037,11038,0,1,q-bio.BM
6878,10461,60,1,q-bio.BM
2888,2893,56,1,q-bio.BM
1402,2412,8,1,q-bio.BM
2072,2073,1,1,q-bio.BM
3176,3178,1,1,q-bio.BM
10784,11933,16,1,q-bio.BM
7445,7446,9,1,q-bio.BM
10881,10882,1,1,q-bio.BM
7443,7446,6,1,q-bio.BM
11053,12172,2,1,q-bio.BM
9480,9481,2,1,q-bio.BM
2893,2894,63,1,q-bio.BM
2413,2414,12,1,q-bio.BM
4152,4153,2,1,q-bio.BM
2892,2896,49,1,q-bio.BM
6878,10836,10,1,q-bio.BM
5263,5266,2,1,q-bio.BM
13663,13664,1,1,q-bio.BM
6788,11725,4,1,q-bio.BM
11290,11294,16,1,q-bio.BM
9513,10985,1,1,q-bio.BM
2072,2076,0,1,q-bio.BM
2891,2898,48,1,q-bio.BM
5769,8989,4,1,q-bio.BM
10461,11088,48,1,q-bio.BM
8075,8077,0,1,q-bio.BM
5263,5264,1,1,q-bio.BM
2335,10466,15,1,q-bio.BM
5738,13674,1,1,q-bio.BM
9480,9482,8,1,q-bio.BM
11053,11054,4,1,q-bio.BM
3678,3680,21,1,q-bio.BM
12143,12145,2,1,q-bio.BM
7106,7108,1,1,q-bio.BM
11018,11019,2,1,q-bio.BM
2889,2896,63,1,q-bio.BM
11006,11007,2,1,q-bio.BM
6507,11899,39,1,q-bio.BM
233,234,0,1,q-bio.BM
7630,7631,0,1,q-bio.BM
10803,12013,12,1,q-bio.BM
6296,7424,20,1,q-bio.BM
10722,10784,16,1,q-bio.BM
7401,7403,14,1,q-bio.BM
6835,6838,9,1,q-bio.BM
5060,5063,3,1,q-bio.BM
6526,8760,9,1,q-bio.BM
11123,11124,1,1,q-bio.BM
5629,5630,0,1,q-bio.BM
10461,10464,60,1,q-bio.BM
11310,11311,0,1,q-bio.BM
2891,2895,56,1,q-bio.BM
10584,10465,42,1,q-bio.BM
1061,1063,1,1,q-bio.BM
7832,7834,1,1,q-bio.BM
3178,3179,1,1,q-bio.BM
2006,4616,9,1,q-bio.BM
2758,3019,4,1,q-bio.BM
10259,10260,0,1,q-bio.BM
11311,11312,0,1,q-bio.BM
2765,2766,0,1,q-bio.BM
1402,1403,4,1,q-bio.BM
4488,4490,6,1,q-bio.BM
112,2412,10,1,q-bio.BM
6509,6510,6,1,q-bio.BM
2890,2891,40,1,q-bio.BM
3984,3985,9,1,q-bio.BM
3642,3644,1,1,q-bio.BM
6509,8582,12,1,q-bio.BM
6507,8594,26,1,q-bio.BM
1514,1516,9,1,q-bio.BM
11728,11729,4,1,q-bio.BM
2888,2899,64,1,q-bio.BM
10783,10784,8,1,q-bio.BM
11160,11161,2,1,q-bio.BM
3470,3471,4,1,q-bio.BM
2890,2898,30,1,q-bio.BM
3406,3409,4,1,q-bio.BM
11138,11141,9,1,q-bio.BM
5062,5064,4,1,q-bio.BM
1631,1632,1,1,q-bio.BM
6509,8580,9,1,q-bio.BM
7443,7445,6,1,q-bio.BM
6147,10936,42,1,q-bio.BM
11033,11034,1,1,q-bio.BM
2895,2896,49,1,q-bio.BM
6294,6295,6,1,q-bio.BM
10844,10847,4,1,q-bio.BM
2887,2898,54,1,q-bio.BM
2543,2544,1,1,q-bio.BM
10937,11024,10,1,q-bio.BM
6049,6051,1,1,q-bio.BM
3679,3682,32,1,q-bio.BM
3682,5209,16,1,q-bio.BM
2459,2462,10,1,q-bio.BM
2893,2896,49,1,q-bio.BM
1862,3250,9,1,q-bio.BM
5264,5265,2,1,q-bio.BM
1637,1638,0,1,q-bio.BM
9477,9481,2,1,q-bio.BM
2893,2895,49,1,q-bio.BM
2897,2898,48,1,q-bio.BM
13665,13666,4,1,q-bio.BM
8616,8617,1,1,q-bio.BM
5514,7602,0,1,q-bio.BM
3682,3694,40,1,q-bio.BM
4487,4945,5,1,q-bio.BM
3694,10192,20,1,q-bio.BM
408,7338,9,1,q-bio.BM
6054,10461,48,1,q-bio.BM
2280,11019,2,1,q-bio.BM
163,164,0,1,q-bio.BM
4247,4248,1,1,q-bio.BM
2890,2892,35,1,q-bio.BM
1227,6134,2,1,q-bio.BM
5034,5035,4,1,q-bio.BM
1227,6135,3,1,q-bio.BM
3390,3394,16,1,q-bio.BM
10782,10783,4,1,q-bio.BM
9477,9480,4,1,q-bio.BM
6070,6071,0,1,q-bio.BM
7424,8760,6,1,q-bio.BM
3378,8734,0,1,q-bio.BM
10461,10785,12,1,q-bio.BM
5061,5063,2,1,q-bio.BM
11159,11160,2,1,q-bio.BM
5061,5064,4,1,q-bio.BM
2681,2682,0,1,q-bio.BM
6294,7858,3,1,q-bio.BM
6704,6705,0,1,q-bio.BM
8558,8559,1,1,q-bio.BM
6054,10465,28,1,q-bio.BM
9715,9716,0,1,q-bio.BM
6855,6856,4,1,q-bio.BM
7625,13664,2,1,q-bio.BM
2073,2076,0,1,q-bio.BM
7858,7859,2,1,q-bio.BM
3029,3030,4,1,q-bio.BM
11876,11877,0,1,q-bio.BM
2892,2895,49,1,q-bio.BM
334,336,1,1,q-bio.BM
7132,7134,1,1,q-bio.BM
2893,2899,56,1,q-bio.BM
6147,7401,42,1,q-bio.BM
2280,11020,4,1,q-bio.BM
10064,10065,2,1,q-bio.BM
2038,2039,0,1,q-bio.BM
6843,6844,0,1,q-bio.BM
591,7332,6,1,q-bio.BM
11057,11060,6,1,q-bio.BM
7379,7380,0,1,q-bio.BM
11932,11934,12,1,q-bio.BM
3468,3470,2,1,q-bio.BM
2887,2894,81,1,q-bio.BM
5989,5992,2,1,q-bio.BM
10462,10464,30,1,q-bio.BM
2899,2900,96,1,q-bio.BM
7708,7709,12,1,q-bio.BM
6527,7424,6,1,q-bio.BM
2889,2891,72,1,q-bio.BM
6507,6979,26,1,q-bio.BM
6296,6526,30,1,q-bio.BM
9478,9481,4,1,q-bio.BM
3642,3643,2,1,q-bio.BM
5172,7302,0,1,q-bio.BM
7400,7403,6,1,q-bio.BM
2898,2899,48,1,q-bio.BM
2887,2899,72,1,q-bio.BM
10722,11934,12,1,q-bio.BM
5989,5991,2,1,q-bio.BM
6147,10939,24,1,q-bio.BM
3467,3471,4,1,q-bio.BM
397,10466,15,1,q-bio.BM
2890,2897,40,1,q-bio.BM
550,11018,2,1,q-bio.BM
2459,2460,6,1,q-bio.BM
3363,3365,9,1,q-bio.BM
11729,11731,4,1,q-bio.BM
6296,7857,0,1,q-bio.BM
6705,6706,0,1,q-bio.BM
1112,11079,9,1,q-bio.BM
7759,7760,1,1,q-bio.BM
6507,6204,26,1,q-bio.BM
10422,10423,0,1,q-bio.BM
1097,1098,4,1,q-bio.BM
2222,10697,2,0,q-bio.BM
1731,5410,0,0,q-bio.BM
2758,2900,24,0,q-bio.BM
6226,9116,2,0,q-bio.BM
8773,10973,2,0,q-bio.BM
2900,10986,24,0,q-bio.BM
11034,13269,1,0,q-bio.BM
3408,6072,3,0,q-bio.BM
6843,11927,0,0,q-bio.BM
3365,8206,3,0,q-bio.BM
8727,8971,4,0,q-bio.BM
7380,11274,0,0,q-bio.BM
408,4729,6,0,q-bio.BM
3031,6841,3,0,q-bio.BM
2914,11445,4,0,q-bio.BM
5411,12121,2,0,q-bio.BM
2413,11078,0,0,q-bio.BM
234,8558,0,0,q-bio.BM
5170,11140,12,0,q-bio.BM
1097,3981,8,0,q-bio.BM
7167,10394,2,0,q-bio.BM
6507,8761,52,0,q-bio.BM
9219,10469,2,0,q-bio.BM
7832,10784,4,0,q-bio.BM
3253,6502,0,0,q-bio.BM
8599,10697,2,0,q-bio.BM
7759,8594,2,0,q-bio.BM
6502,10800,0,0,q-bio.BM
6845,11310,1,0,q-bio.BM
11830,12143,6,0,q-bio.BM
7798,11593,2,0,q-bio.BM
3250,8580,9,0,q-bio.BM
7797,10463,12,0,q-bio.BM
3726,4488,4,0,q-bio.BM
7306,12013,6,0,q-bio.BM
1514,3405,9,0,q-bio.BM
3457,11445,4,0,q-bio.BM
5209,11124,2,0,q-bio.BM
1227,10466,3,0,q-bio.BM
3468,8604,2,0,q-bio.BM
5172,8332,6,0,q-bio.BM
2462,6136,15,0,q-bio.BM
4449,8330,12,0,q-bio.BM
2681,5064,0,0,q-bio.BM
8077,10837,0,0,q-bio.BM
2037,9535,2,0,q-bio.BM
9374,11074,4,0,q-bio.BM
1278,5938,0,0,q-bio.BM
1731,11933,0,0,q-bio.BM
2895,5218,7,0,q-bio.BM
5061,9477,4,0,q-bio.BM
8692,11006,2,0,q-bio.BM
1098,6181,0,0,q-bio.BM
11291,12181,10,0,q-bio.BM
2433,4452,8,0,q-bio.BM
1578,11092,6,0,q-bio.BM
5785,8616,0,0,q-bio.BM
3378,5369,2,0,q-bio.BM
234,6878,0,0,q-bio.BM
7134,7759,1,0,q-bio.BM
7599,11105,2,0,q-bio.BM
591,10925,9,0,q-bio.BM
232,2914,1,0,q-bio.BM
1516,7117,0,0,q-bio.BM
2892,2915,7,0,q-bio.BM
2915,3393,5,0,q-bio.BM
1637,6296,0,0,q-bio.BM
5738,11018,2,0,q-bio.BM
6839,10800,12,0,q-bio.BM
3361,7442,20,0,q-bio.BM
2074,11737,4,0,q-bio.BM
7799,8725,4,0,q-bio.BM
6136,11445,12,0,q-bio.BM
11312,11876,0,0,q-bio.BM
10844,11051,2,0,q-bio.BM
1572,3405,9,0,q-bio.BM
8725,10193,6,0,q-bio.BM
6705,11019,0,0,q-bio.BM
2433,3645,4,0,q-bio.BM
3984,11081,9,0,q-bio.BM
2222,11037,0,0,q-bio.BM
6827,7338,3,0,q-bio.BM
2038,3390,4,0,q-bio.BM
6706,7759,1,0,q-bio.BM
6295,11047,2,0,q-bio.BM
11019,12144,1,0,q-bio.BM
1098,11161,4,0,q-bio.BM
1062,13657,2,0,q-bio.BM
6555,11724,3,0,q-bio.BM
2915,3468,1,0,q-bio.BM
913,3390,12,0,q-bio.BM
7391,11727,48,0,q-bio.BM
2900,10807,24,0,q-bio.BM
8141,9714,2,0,q-bio.BM
3984,10882,3,0,q-bio.BM
10257,11104,2,0,q-bio.BM
8765,11708,3,0,q-bio.BM
144,13642,2,0,q-bio.BM
7302,7759,0,0,q-bio.BM
5784,7447,5,0,q-bio.BM
11445,13658,8,0,q-bio.BM
8726,11737,2,0,q-bio.BM
7424,8761,8,0,q-bio.BM
10845,11445,12,0,q-bio.BM
1516,10193,9,0,q-bio.BM
4729,10468,2,0,q-bio.BM
3364,13269,4,0,q-bio.BM
7442,11311,0,0,q-bio.BM
9549,11981,5,0,q-bio.BM
7902,11048,8,0,q-bio.BM
3253,12181,2,0,q-bio.BM
6706,9466,3,0,q-bio.BM
2006,11725,6,0,q-bio.BM
7443,13899,4,0,q-bio.BM
8603,8972,2,0,q-bio.BM
938,5032,8,0,q-bio.BM
6319,10881,2,0,q-bio.BM
2222,6428,1,0,q-bio.BM
6275,7375,1,0,q-bio.BM
11079,11733,3,0,q-bio.BM
3362,11050,8,0,q-bio.BM
2896,6427,7,0,q-bio.BM
9219,10799,6,0,q-bio.BM
7858,12146,2,0,q-bio.BM
6134,11073,4,0,q-bio.BM
913,10292,3,0,q-bio.BM
2007,9703,3,0,q-bio.BM
2892,10844,14,0,q-bio.BM
1851,3622,3,0,q-bio.BM
2900,9481,12,0,q-bio.BM
2335,7400,15,0,q-bio.BM
9479,11961,3,0,q-bio.BM
2074,11926,8,0,q-bio.BM
10837,11009,12,0,q-bio.BM
2249,9465,3,0,q-bio.BM
5266,7379,0,0,q-bio.BM
6319,10801,6,0,q-bio.BM
5266,7443,4,0,q-bio.BM
6181,13674,0,0,q-bio.BM
2072,5738,1,0,q-bio.BM
11729,11734,2,0,q-bio.BM
5786,7375,1,0,q-bio.BM
2899,13674,8,0,q-bio.BM
751,13659,2,0,q-bio.BM
3018,8170,9,0,q-bio.BM
8590,10258,2,0,q-bio.BM
1112,11980,12,0,q-bio.BM
6072,10844,2,0,q-bio.BM
7624,11981,5,0,q-bio.BM
7443,12143,4,0,q-bio.BM
10857,11725,4,0,q-bio.BM
5786,7832,1,0,q-bio.BM
2094,2900,36,0,q-bio.BM
2076,8075,0,0,q-bio.BM
5411,11290,8,0,q-bio.BM
8302,8582,12,0,q-bio.BM
2154,11292,12,0,q-bio.BM
1572,5265,6,0,q-bio.BM
9496,10066,2,0,q-bio.BM
8453,10462,6,0,q-bio.BM
2892,11294,28,0,q-bio.BM
9217,11444,3,0,q-bio.BM
3622,8076,1,0,q-bio.BM
5990,7338,9,0,q-bio.BM
7902,13660,8,0,q-bio.BM
7132,8330,4,0,q-bio.BM
7335,8143,6,0,q-bio.BM
10838,11073,4,0,q-bio.BM
112,1516,15,0,q-bio.BM
1637,8988,0,0,q-bio.BM
3471,5173,4,0,q-bio.BM
7419,11123,2,0,q-bio.BM
1862,11376,3,0,q-bio.BM
3026,3728,1,0,q-bio.BM
9957,12172,1,0,q-bio.BM
10422,11079,0,0,q-bio.BM
3983,8692,8,0,q-bio.BM
6527,8784,3,0,q-bio.BM
2156,10800,9,0,q-bio.BM
6136,13664,3,0,q-bio.BM
8581,11062,8,0,q-bio.BM
9715,13642,1,0,q-bio.BM
7442,7799,10,0,q-bio.BM
4448,10799,9,0,q-bio.BM
3317,11830,3,0,q-bio.BM
751,2280,2,0,q-bio.BM
3727,10947,2,0,q-bio.BM
2249,6555,1,0,q-bio.BM
3405,3769,3,0,q-bio.BM
2222,6135,3,0,q-bio.BM
3179,11053,2,0,q-bio.BM
8075,8559,1,0,q-bio.BM
751,10465,7,0,q-bio.BM
8616,11046,1,0,q-bio.BM
7116,9513,0,0,q-bio.BM
8453,8590,1,0,q-bio.BM
9691,13644,1,0,q-bio.BM
6855,11122,2,0,q-bio.BM
550,11289,4,0,q-bio.BM
7306,9115,2,0,q-bio.BM
2890,3454,20,0,q-bio.BM
3728,9657,0,0,q-bio.BM
8725,11056,2,0,q-bio.BM
6507,11006,13,0,q-bio.BM
938,4451,4,0,q-bio.BM
3252,3678,3,0,q-bio.BM
3643,10946,4,0,q-bio.BM
5170,8610,3,0,q-bio.BM
7399,11158,12,0,q-bio.BM
1515,7834,2,0,q-bio.BM
3726,8692,4,0,q-bio.BM
2094,12013,9,0,q-bio.BM
6147,11020,12,0,q-bio.BM
5992,7342,4,0,q-bio.BM
2896,6502,0,0,q-bio.BM
8580,11723,12,0,q-bio.BM
3363,7447,15,0,q-bio.BM
6502,10064,0,0,q-bio.BM
1731,13657,0,0,q-bio.BM
5410,11727,8,0,q-bio.BM
1112,11961,3,0,q-bio.BM
2433,9465,6,0,q-bio.BM
2682,7399,0,0,q-bio.BM
10259,11052,0,0,q-bio.BM
3680,8734,0,0,q-bio.BM
8375,11592,2,0,q-bio.BM
507,3409,10,0,q-bio.BM
10722,11725,8,0,q-bio.BM
2412,3694,10,0,q-bio.BM
5300,10915,14,1,nlin.AO
3948,3949,3,1,nlin.AO
8455,8456,8,1,nlin.AO
11692,11693,0,1,nlin.AO
10708,10710,4,1,nlin.AO
3206,1953,11,1,nlin.AO
4954,4955,18,1,nlin.AO
6889,6890,2,1,nlin.AO
7741,7742,0,1,nlin.AO
6664,6663,6,1,nlin.AO
6017,11550,12,1,nlin.AO
4110,10570,4,1,nlin.AO
8218,8219,0,1,nlin.AO
3890,9009,0,1,nlin.AO
2785,2786,0,1,nlin.AO
4954,4956,6,1,nlin.AO
4828,4830,16,1,nlin.AO
10262,10263,1,1,nlin.AO
10824,10825,1,1,nlin.AO
2588,2589,0,1,nlin.AO
10198,10204,24,1,nlin.AO
3950,6121,9,1,nlin.AO
6521,11544,1,1,nlin.AO
4072,4074,0,1,nlin.AO
4950,4953,16,1,nlin.AO
4178,4817,54,1,nlin.AO
3057,3058,6,1,nlin.AO
1491,1490,0,1,nlin.AO
2453,4886,8,1,nlin.AO
3205,11921,0,1,nlin.AO
4178,9032,54,1,nlin.AO
10530,10531,4,1,nlin.AO
393,8606,9,1,nlin.AO
3242,4379,2,1,nlin.AO
4485,9022,12,1,nlin.AO
3410,3414,6,1,nlin.AO
2127,2130,6,1,nlin.AO
8713,8714,1,1,nlin.AO
4177,9032,33,1,nlin.AO
4136,9869,24,1,nlin.AO
10196,10197,15,1,nlin.AO
1571,3992,16,1,nlin.AO
9241,9243,2,1,nlin.AO
3950,8285,3,1,nlin.AO
7545,7546,4,1,nlin.AO
2859,2861,6,1,nlin.AO
2844,2846,0,1,nlin.AO
1881,4550,2,1,nlin.AO
11169,11171,0,1,nlin.AO
1793,1795,0,1,nlin.AO
2217,3997,0,1,nlin.AO
8613,8614,1,1,nlin.AO
5694,5696,20,1,nlin.AO
4485,9024,12,1,nlin.AO
4024,10279,0,1,nlin.AO
11383,11384,0,1,nlin.AO
8435,10914,6,1,nlin.AO
633,3978,6,1,nlin.AO
10424,10425,2,1,nlin.AO
9315,7876,3,1,nlin.AO
4193,4195,2,1,nlin.AO
1258,3993,6,1,nlin.AO
6609,6610,0,1,nlin.AO
10410,11385,0,1,nlin.AO
6880,6881,6,1,nlin.AO
4284,9044,1,1,nlin.AO
5370,10433,12,1,nlin.AO
5634,5635,0,1,nlin.AO
144,9259,16,1,nlin.AO
424,468,1,1,nlin.AO
2025,3205,28,1,nlin.AO
4106,7902,2,1,nlin.AO
3235,3236,1,1,nlin.AO
9144,12153,0,1,nlin.AO
2716,9515,0,1,nlin.AO
5318,5319,4,1,nlin.AO
8706,9054,8,1,nlin.AO
8355,8356,4,1,nlin.AO
10196,10200,15,1,nlin.AO
9947,10040,6,1,nlin.AO
4136,4137,6,1,nlin.AO
3717,3719,1,1,nlin.AO
3897,3898,0,1,nlin.AO
3206,4866,33,1,nlin.AO
10660,7087,8,1,nlin.AO
7545,7547,4,1,nlin.AO
393,5565,9,1,nlin.AO
414,4177,44,1,nlin.AO
7184,7186,0,1,nlin.AO
3450,5090,12,1,nlin.AO
8872,8875,2,1,nlin.AO
4284,9045,1,1,nlin.AO
424,5591,1,1,nlin.AO
10410,11383,0,1,nlin.AO
11889,11890,0,1,nlin.AO
3684,3686,1,1,nlin.AO
8458,8461,9,1,nlin.AO
5001,5023,9,1,nlin.AO
5351,12193,0,1,nlin.AO
9075,9076,3,1,nlin.AO
3147,3149,2,1,nlin.AO
2285,9136,6,1,nlin.AO
8244,8245,0,1,nlin.AO
4177,9031,44,1,nlin.AO
61,1067,18,1,nlin.AO
1571,3993,16,1,nlin.AO
9380,9381,1,1,nlin.AO
3905,3906,0,1,nlin.AO
3854,4718,10,1,nlin.AO
4868,4871,0,1,nlin.AO
9950,9951,2,1,nlin.AO
9931,9933,4,1,nlin.AO
2267,4485,20,1,nlin.AO
2335,3059,9,1,nlin.AO
4728,4730,1,1,nlin.AO
127,5591,1,1,nlin.AO
1028,1029,18,1,nlin.AO
5060,5063,9,1,nlin.AO
1571,8250,0,1,nlin.AO
6828,6829,0,1,nlin.AO
394,395,36,1,nlin.AO
5692,5697,15,1,nlin.AO
4190,4192,2,1,nlin.AO
924,2295,0,1,nlin.AO
3133,4949,1,1,nlin.AO
6814,5300,14,1,nlin.AO
4800,5560,2,1,nlin.AO
9856,9858,0,1,nlin.AO
2217,2218,0,1,nlin.AO
7185,7186,0,1,nlin.AO
5391,8411,1,1,nlin.AO
5558,8736,12,1,nlin.AO
689,2025,6,1,nlin.AO
13797,13798,0,1,nlin.AO
878,879,2,1,nlin.AO
10369,10370,1,1,nlin.AO
6664,6665,6,1,nlin.AO
1411,4837,16,1,nlin.AO
13743,13744,0,1,nlin.AO
8872,8874,2,1,nlin.AO
7483,11170,3,1,nlin.AO
11526,11528,6,1,nlin.AO
4111,4914,0,1,nlin.AO
1275,5770,40,1,nlin.AO
3280,3281,1,1,nlin.AO
2127,2131,12,1,nlin.AO
159,5082,0,1,nlin.AO
10180,11259,0,1,nlin.AO
1278,6354,0,1,nlin.AO
10200,10203,12,1,nlin.AO
2715,2716,1,1,nlin.AO
3205,10429,14,1,nlin.AO
1490,10141,0,1,nlin.AO
2287,7285,7,1,nlin.AO
8547,11147,0,1,nlin.AO
394,1411,36,1,nlin.AO
7698,7699,8,1,nlin.AO
7611,6879,56,1,nlin.AO
7184,7185,0,1,nlin.AO
4050,4334,4,1,nlin.AO
8457,8460,10,1,nlin.AO
6828,6831,0,1,nlin.AO
10923,10924,0,1,nlin.AO
8802,8812,12,1,nlin.AO
4799,4800,2,1,nlin.AO
3151,13753,4,1,nlin.AO
4178,9766,18,1,nlin.AO
9240,9242,2,1,nlin.AO
393,4134,3,1,nlin.AO
2216,3628,4,1,nlin.AO
4325,4327,2,1,nlin.AO
9076,9078,3,1,nlin.AO
5627,6143,0,1,nlin.AO
11977,11978,9,1,nlin.AO
5005,5008,1,1,nlin.AO
3905,4066,6,1,nlin.AO
4110,9932,8,1,nlin.AO
408,9282,0,1,nlin.AO
11318,11319,1,1,nlin.AO
3206,5348,11,1,nlin.AO
924,13799,0,1,nlin.AO
2253,2254,0,1,nlin.AO
5088,5089,6,1,nlin.AO
4299,4300,1,1,nlin.AO
6691,6692,0,1,nlin.AO
8728,8729,0,1,nlin.AO
10585,10586,1,1,nlin.AO
9612,9614,6,1,nlin.AO
3866,4254,27,1,nlin.AO
4000,4001,0,1,nlin.AO
7857,7858,6,1,nlin.AO
4799,7722,2,1,nlin.AO
3529,7451,3,1,nlin.AO
41,11527,6,1,nlin.AO
2286,2334,27,1,nlin.AO
2692,2693,1,1,nlin.AO
9945,10008,26,1,nlin.AO
7612,9032,15,1,nlin.AO
984,3058,10,1,nlin.AO
7151,7152,10,1,nlin.AO
8930,4344,3,1,nlin.AO
4955,6293,6,1,nlin.AO
2904,3194,28,1,nlin.AO
41,11526,4,1,nlin.AO
2334,3194,36,1,nlin.AO
7781,7553,4,1,nlin.AO
3151,11248,2,1,nlin.AO
10866,10867,4,1,nlin.AO
2216,7698,8,1,nlin.AO
4829,7152,24,1,nlin.AO
4107,9287,2,1,nlin.AO
10319,10320,0,1,nlin.AO
2334,7346,9,1,nlin.AO
8460,8461,6,1,nlin.AO
880,996,4,1,nlin.AO
3151,5945,0,1,nlin.AO
10203,10204,24,1,nlin.AO
1578,1579,0,1,nlin.AO
6317,9003,6,1,nlin.AO
5391,12059,1,1,nlin.AO
10587,10588,0,1,nlin.AO
8366,8367,2,1,nlin.AO
3866,4255,27,1,nlin.AO
4832,6586,65,1,nlin.AO
5520,5522,0,1,nlin.AO
9315,9868,12,1,nlin.AO
4866,9042,9,1,nlin.AO
4178,6879,126,1,nlin.AO
5298,5299,0,1,nlin.AO
5006,5008,2,1,nlin.AO
2334,7553,18,1,nlin.AO
4829,4833,36,1,nlin.AO
5330,7547,4,1,nlin.AO
5141,5142,0,1,nlin.AO
11936,11937,1,1,nlin.AO
3379,8735,12,1,nlin.AO
5516,5517,2,1,nlin.AO
8706,8709,4,1,nlin.AO
4324,4326,2,1,nlin.AO
10922,10924,0,1,nlin.AO
9859,9860,0,1,nlin.AO
1003,10322,3,1,nlin.AO
10083,10084,0,1,nlin.AO
10867,10868,4,1,nlin.AO
11097,11098,2,1,nlin.AO
5391,5392,1,1,nlin.AO
3817,12153,0,1,nlin.AO
7537,7538,0,1,nlin.AO
2117,13769,2,1,nlin.AO
3194,5298,0,1,nlin.AO
4866,9043,6,1,nlin.AO
6657,9005,0,1,nlin.AO
7598,7599,2,1,nlin.AO
3866,4638,9,1,nlin.AO
5333,5334,0,1,nlin.AO
2299,2300,0,1,nlin.AO
9009,11739,0,1,nlin.AO
11259,11260,0,1,nlin.AO
5696,5697,20,1,nlin.AO
4951,4956,10,1,nlin.AO
2025,9009,6,1,nlin.AO
4832,6404,39,1,nlin.AO
3236,3238,0,1,nlin.AO
11888,11890,0,1,nlin.AO
4178,10008,36,1,nlin.AO
112,8735,4,1,nlin.AO
2286,9136,3,1,nlin.AO
5300,7016,14,1,nlin.AO
5081,5082,0,1,nlin.AO
4950,4956,8,1,nlin.AO
1638,6686,16,1,nlin.AO
7533,7534,4,1,nlin.AO
6829,6831,3,1,nlin.AO
4953,4954,12,1,nlin.AO
408,591,0,1,nlin.AO
1410,2232,0,1,nlin.AO
8502,8504,2,1,nlin.AO
5710,5711,0,1,nlin.AO
7611,9311,8,1,nlin.AO
7858,10868,6,1,nlin.AO
4178,9031,72,1,nlin.AO
7535,7536,4,1,nlin.AO
3904,3906,0,1,nlin.AO
7690,9397,4,1,nlin.AO
6813,6815,2,1,nlin.AO
1491,7781,4,1,nlin.AO
6644,8483,1,1,nlin.AO
2287,3946,35,1,nlin.AO
11921,11922,0,1,nlin.AO
3237,3238,0,1,nlin.AO
10196,10202,35,1,nlin.AO
8455,8458,6,1,nlin.AO
219,3206,0,1,nlin.AO
4580,9489,8,1,nlin.AO
4177,9033,55,1,nlin.AO
9869,11340,12,1,nlin.AO
3764,3765,8,1,nlin.AO
4168,8503,2,1,nlin.AO
4191,4192,2,1,nlin.AO
2430,9055,6,1,nlin.AO
3205,4867,28,1,nlin.AO
2216,2218,0,1,nlin.AO
1265,1266,4,1,nlin.AO
9614,9616,4,1,nlin.AO
7483,11169,3,1,nlin.AO
8364,8365,2,1,nlin.AO
10199,10200,21,1,nlin.AO
2287,2286,21,1,nlin.AO
9631,9632,4,1,nlin.AO
2306,2819,9,1,nlin.AO
4832,11834,26,1,nlin.AO
10435,10436,12,1,nlin.AO
6831,6832,6,1,nlin.AO
5692,5696,12,1,nlin.AO
9615,9616,6,1,nlin.AO
3196,3242,2,1,nlin.AO
1571,1258,24,1,nlin.AO
1490,10140,0,1,nlin.AO
5062,6777,4,1,nlin.AO
10569,10570,1,1,nlin.AO
9674,9675,4,1,nlin.AO
1258,3992,6,1,nlin.AO
5181,5183,1,1,nlin.AO
10434,10437,16,1,nlin.AO
10586,10587,0,1,nlin.AO
3205,9043,28,1,nlin.AO
6763,6760,18,1,nlin.AO
11151,11152,0,1,nlin.AO
4866,1275,60,1,nlin.AO
6586,6587,10,1,nlin.AO
3782,5300,28,1,nlin.AO
6225,8729,0,1,nlin.AO
6829,6830,2,1,nlin.AO
3947,3949,5,1,nlin.AO
7698,8208,2,1,nlin.AO
2232,4837,0,1,nlin.AO
4136,9868,24,1,nlin.AO
3894,3895,4,1,nlin.AO
3889,12099,0,1,nlin.AO
10433,10436,9,1,nlin.AO
4549,4550,2,1,nlin.AO
4869,4870,1,1,nlin.AO
5932,5933,0,1,nlin.AO
408,7332,0,1,nlin.AO
11170,11171,0,1,nlin.AO
3148,3149,2,1,nlin.AO
7611,7612,40,1,nlin.AO
7902,10666,2,1,nlin.AO
6007,6596,6,1,nlin.AO
7286,8551,0,1,nlin.AO
7055,7057,4,1,nlin.AO
3905,5023,9,1,nlin.AO
5705,7377,0,1,nlin.AO
5259,5518,2,1,nlin.AO
7608,7609,1,1,nlin.AO
3235,3238,0,1,nlin.AO
716,4107,1,1,nlin.AO
5259,5517,1,1,nlin.AO
2104,2107,2,1,nlin.AO
4869,4871,0,1,nlin.AO
11320,11321,1,1,nlin.AO
10425,10426,2,1,nlin.AO
4485,9023,8,1,nlin.AO
4952,4956,10,1,nlin.AO
3294,3295,1,1,nlin.AO
2217,2334,108,1,nlin.AO
7483,9008,6,1,nlin.AO
880,998,6,1,nlin.AO
2844,2845,0,1,nlin.AO
11328,11330,1,1,nlin.AO
10082,10083,0,1,nlin.AO
9021,9023,6,1,nlin.AO
689,3890,0,1,nlin.AO
6814,5301,10,1,nlin.AO
3194,3585,4,1,nlin.AO
3905,5024,12,1,nlin.AO
5412,5413,0,1,nlin.AO
2043,10709,10,1,nlin.AO
6054,6055,0,1,nlin.AO
10198,10201,28,1,nlin.AO
5352,6657,0,1,nlin.AO
1571,9383,8,1,nlin.AO
8459,8460,6,1,nlin.AO
1717,7599,2,1,nlin.AO
4348,10048,0,1,nlin.AO
10197,10202,21,1,nlin.AO
6369,6370,1,1,nlin.AO
3205,3511,14,1,nlin.AO
5178,5180,1,1,nlin.AO
279,2043,5,1,nlin.AO
5507,5710,4,0,nlin.AO
6643,9868,8,0,nlin.AO
4837,9033,20,0,nlin.AO
3374,5658,4,0,nlin.AO
3735,4953,8,0,nlin.AO
1258,5064,12,0,nlin.AO
10436,12099,0,0,nlin.AO
1366,7532,0,0,nlin.AO
5351,7151,10,0,nlin.AO
2285,11813,6,0,nlin.AO
3904,10118,7,0,nlin.AO
1278,8578,0,0,nlin.AO
4793,9075,6,0,nlin.AO
3717,8998,3,0,nlin.AO
4812,5143,2,0,nlin.AO
6828,9262,0,0,nlin.AO
4949,11979,4,0,nlin.AO
1266,6775,4,0,nlin.AO
9860,12033,3,0,nlin.AO
4936,9654,0,0,nlin.AO
8606,11922,3,0,nlin.AO
4799,11872,4,0,nlin.AO
5770,13793,2,0,nlin.AO
1258,6663,3,0,nlin.AO
2252,7610,2,0,nlin.AO
3894,5215,2,0,nlin.AO
397,3949,2,0,nlin.AO
8079,9079,3,0,nlin.AO
4107,12031,4,0,nlin.AO
4134,9919,2,0,nlin.AO
279,6046,1,0,nlin.AO
8499,8636,2,0,nlin.AO
4135,8193,2,0,nlin.AO
8080,13784,2,0,nlin.AO
5932,8710,1,0,nlin.AO
2425,11860,8,0,nlin.AO
3020,3249,6,0,nlin.AO
9031,10586,4,0,nlin.AO
5072,10588,4,0,nlin.AO
1728,4823,9,0,nlin.AO
1265,2218,0,0,nlin.AO
4347,7690,8,0,nlin.AO
5695,7728,28,0,nlin.AO
1861,4952,20,0,nlin.AO
1953,11878,1,0,nlin.AO
10082,11788,2,0,nlin.AO
1572,4193,4,0,nlin.AO
7332,10865,2,0,nlin.AO
5180,8710,1,0,nlin.AO
3588,9614,8,0,nlin.AO
8483,13754,2,0,nlin.AO
4962,5351,6,0,nlin.AO
10410,11528,12,0,nlin.AO
2232,5785,0,0,nlin.AO
283,10253,3,0,nlin.AO
974,11171,0,0,nlin.AO
2453,8749,4,0,nlin.AO
4465,8449,2,0,nlin.AO
7300,12104,1,0,nlin.AO
9672,10717,4,0,nlin.AO
3058,3913,2,0,nlin.AO
2305,10586,5,0,nlin.AO
2074,5082,0,0,nlin.AO
3905,4936,0,0,nlin.AO
8713,11551,3,0,nlin.AO
4886,6120,8,0,nlin.AO
6187,13783,0,0,nlin.AO
404,9715,4,0,nlin.AO
8411,10203,4,0,nlin.AO
8607,11170,1,0,nlin.AO
1793,3109,0,0,nlin.AO
5072,10825,2,0,nlin.AO
9861,11411,1,0,nlin.AO
3150,9639,2,0,nlin.AO
1751,8872,2,0,nlin.AO
3913,4176,3,0,nlin.AO
5334,10425,1,0,nlin.AO
278,2423,4,0,nlin.AO
9033,11790,10,0,nlin.AO
3377,3378,9,0,nlin.AO
7553,8734,2,0,nlin.AO
3059,3855,6,0,nlin.AO
144,9760,8,0,nlin.AO
3947,9031,20,0,nlin.AO
4255,8729,0,0,nlin.AO
3045,13759,2,0,nlin.AO
2105,10425,2,0,nlin.AO
2425,9612,12,0,nlin.AO
1702,7002,2,0,nlin.AO
3905,4949,3,0,nlin.AO
3587,11186,4,0,nlin.AO
4107,7280,4,0,nlin.AO
1579,9003,0,0,nlin.AO
3867,6890,2,0,nlin.AO
4792,7239,1,0,nlin.AO
2217,9933,24,0,nlin.AO
4111,5300,14,0,nlin.AO
7384,10083,0,0,nlin.AO
5609,5786,4,0,nlin.AO
112,13744,0,0,nlin.AO
1648,9003,6,0,nlin.AO
8495,10141,4,0,nlin.AO
13751,13762,2,0,nlin.AO
7819,8713,1,0,nlin.AO
11022,11186,0,0,nlin.AO
7740,8923,2,0,nlin.AO
8502,9008,4,0,nlin.AO
111,4195,2,0,nlin.AO
3236,8070,2,0,nlin.AO
5968,8356,2,0,nlin.AO
4866,5215,3,0,nlin.AO
3584,13762,10,0,nlin.AO
8847,10323,0,0,nlin.AO
3236,11871,2,0,nlin.AO
5634,9490,0,0,nlin.AO
3205,4326,28,0,nlin.AO
10445,13779,0,0,nlin.AO
1552,4326,4,0,nlin.AO
4901,11701,8,0,nlin.AO
277,4757,2,0,nlin.AO
5740,11462,18,0,nlin.AO
3511,7007,1,0,nlin.AO
11451,11457,2,0,nlin.AO
8145,10023,3,0,nlin.AO
3449,5967,3,0,nlin.AO
2718,11755,2,0,nlin.AO
219,1410,0,0,nlin.AO
5774,8458,6,0,nlin.AO
1870,6828,0,0,nlin.AO
2119,10263,3,0,nlin.AO
3501,5348,2,0,nlin.AO
4072,8355,0,0,nlin.AO
5518,6155,6,0,nlin.AO
7781,8546,4,0,nlin.AO
4193,10716,4,0,nlin.AO
4953,5318,8,0,nlin.AO
2119,6354,3,0,nlin.AO
2717,3429,2,0,nlin.AO
3196,7902,2,0,nlin.AO
8441,9095,2,0,nlin.AO
8578,12008,2,0,nlin.AO
633,1027,10,0,nlin.AO
5090,8706,8,0,nlin.AO
4001,11152,0,0,nlin.AO
2286,6890,3,0,nlin.AO
1579,9527,0,0,nlin.AO
5024,9282,8,0,nlin.AO
4136,9408,24,0,nlin.AO
10758,10959,6,0,nlin.AO
6054,9001,0,0,nlin.AO
4150,10322,1,0,nlin.AO
7699,8615,8,0,nlin.AO
2119,2395,6,0,nlin.AO
903,4791,1,0,nlin.AO
3897,4799,0,0,nlin.AO
6224,8365,8,0,nlin.AO
9015,10009,9,0,nlin.AO
5591,11756,1,0,nlin.AO
5023,7888,3,0,nlin.AO
4050,6317,6,0,nlin.AO
4150,4189,3,0,nlin.AO
8778,10865,3,0,nlin.AO
880,11098,4,0,nlin.AO
10008,10758,4,0,nlin.AO
5141,12157,7,0,nlin.AO
9032,10866,6,0,nlin.AO
397,11978,6,0,nlin.AO
10420,12032,2,0,nlin.AO
2118,4951,10,0,nlin.AO
6430,8636,0,0,nlin.AO
11338,11385,0,0,nlin.AO
1702,2129,8,0,nlin.AO
3338,10429,0,0,nlin.AO
3358,6597,24,0,nlin.AO
7054,9640,6,0,nlin.AO
2299,10615,0,0,nlin.AO
7725,7886,12,0,nlin.AO
111,10200,6,0,nlin.AO
4332,9044,3,0,nlin.AO
1701,3584,10,0,nlin.AO
217,8250,0,0,nlin.AO
9932,13759,4,0,nlin.AO
5236,9527,0,0,nlin.AO
11452,13751,1,0,nlin.AO
7280,9021,12,0,nlin.AO
3416,6161,4,0,nlin.AO
3895,9951,2,0,nlin.AO
7013,10254,1,0,nlin.AO
5392,6832,2,0,nlin.AO
217,9009,3,0,nlin.AO
2335,10524,9,0,nlin.AO
1648,13749,0,0,nlin.AO
8343,9615,3,0,nlin.AO
4233,10202,7,0,nlin.AO
551,2874,4,0,nlin.AO
6055,10425,0,0,nlin.AO
7538,7726,0,0,nlin.AO
1491,10424,4,0,nlin.AO
3994,5090,8,0,nlin.AO
3451,5318,10,0,nlin.AO
6160,9889,12,0,nlin.AO
3718,7239,2,0,nlin.AO
4152,11790,10,0,nlin.AO
3819,7300,2,0,nlin.AO
8162,8483,2,0,nlin.AO
10522,10587,0,0,nlin.AO
1638,4551,12,0,nlin.AO
9384,10615,0,0,nlin.AO
2304,2453,16,0,nlin.AO
3021,4952,10,0,nlin.AO
5698,9076,7,0,nlin.AO
4074,6241,1,0,nlin.AO
1002,8129,12,0,nlin.AO
6888,7612,15,0,nlin.AO
6576,10262,4,0,nlin.AO
2254,11878,1,0,nlin.AO
4799,8734,2,0,nlin.AO
2074,6663,1,0,nlin.AO
7483,10261,6,0,nlin.AO
2287,4830,28,0,nlin.AO
6045,9920,2,0,nlin.AO
9407,9946,12,0,nlin.AO
6664,8873,18,0,nlin.AO
4485,8449,4,0,nlin.AO
586,11098,10,0,nlin.AO
4194,8614,3,0,nlin.AO
7332,12041,2,0,nlin.AO
3866,11320,9,0,nlin.AO
2715,4001,0,0,nlin.AO
3686,4299,1,0,nlin.AO
5696,6370,4,0,nlin.AO
5945,8813,0,0,nlin.AO
1554,3398,6,0,nlin.AO
4718,13769,2,0,nlin.AO
6187,7281,0,0,nlin.AO
2860,11023,0,0,nlin.AO
7611,10850,16,0,nlin.AO
6143,9673,0,0,nlin.AO
8461,13757,6,0,nlin.AO
3449,8803,6,0,nlin.AO
6658,8061,4,0,nlin.AO
4869,8128,3,0,nlin.AO
3588,8161,8,0,nlin.AO
4952,10139,10,0,nlin.AO
3412,8219,8,0,nlin.AO
3150,5064,4,0,nlin.AO
7722,8062,2,0,nlin.AO
4719,12008,6,0,nlin.AO
2119,11890,0,0,nlin.AO
5360,10863,6,0,nlin.AO
3196,11452,2,0,nlin.AO
6760,8086,6,0,nlin.AO
4190,6657,0,0,nlin.AO
4791,6370,1,0,nlin.AO
2845,3417,2,0,nlin.AO
3627,8813,6,0,nlin.AO
4152,4833,15,0,nlin.AO
6222,11385,0,0,nlin.AO
3797,9489,0,0,nlin.AO
5181,5932,1,0,nlin.AO
11259,11700,0,0,nlin.AO
5711,8483,0,0,nlin.AO
1648,4325,6,0,nlin.AO
2660,7285,3,0,nlin.AO
1067,10588,12,0,nlin.AO
10861,11519,9,0,nlin.AO
5738,6487,15,0,nlin.AO
5668,9918,2,0,nlin.AO
1572,9784,4,0,nlin.AO
9490,10203,8,0,nlin.AO
11457,13764,2,0,nlin.AO
3684,4485,4,0,nlin.AO
3685,8749,2,0,nlin.AO
3044,11462,6,0,nlin.AO
8208,11171,0,0,nlin.AO
5740,13762,6,0,nlin.AO
11871,13754,4,0,nlin.AO
4867,5969,2,0,nlin.AO
1366,4333,3,0,nlin.AO
3895,11453,4,0,nlin.AO
1572,11473,8,0,nlin.AO
5527,6155,9,0,nlin.AO
5091,8999,12,0,nlin.AO
8304,9054,2,0,nlin.AO
5558,6762,15,0,nlin.AO
1144,7285,2,0,nlin.AO
5521,7536,2,0,nlin.AO
3452,7612,10,0,nlin.AO
9674,11331,2,0,nlin.AO
414,5301,20,0,nlin.AO
1265,4133,12,0,nlin.AO
5001,10403,3,0,nlin.AO
8305,8987,2,0,nlin.AO
670,9054,8,0,nlin.AO
5634,12009,0,0,nlin.AO
413,10319,0,0,nlin.AO
5024,10261,8,0,nlin.AO
283,5770,2,0,nlin.AO
5740,12157,3,0,nlin.AO
10008,10039,6,0,nlin.AO
6225,6829,6,0,nlin.AO
7094,8410,6,0,nlin.AO
2453,2716,4,0,nlin.AO
7285,7483,3,0,nlin.AO
3388,9931,4,0,nlin.AO
8606,11872,6,0,nlin.AO
393,4073,3,0,nlin.AO
7573,11171,0,0,nlin.AO
3109,13759,2,0,nlin.AO
5072,5183,2,0,nlin.AO
3194,9931,8,0,nlin.AO
8804,13769,2,0,nlin.AO
4189,4952,15,0,nlin.AO
5668,13686,2,0,nlin.AO
5492,13744,0,0,nlin.AO
4300,6774,2,0,nlin.AO
3854,4729,10,0,nlin.AO
3856,5565,6,0,nlin.AO
4885,8367,6,0,nlin.AO
7887,8706,8,0,nlin.AO
5072,8193,2,0,nlin.AO
3866,12031,36,0,nlin.AO
8365,11332,2,0,nlin.AO
8127,11451,3,0,nlin.AO
2659,11977,9,0,nlin.AO
5694,7547,10,0,nlin.AO
10437,11320,4,0,nlin.AO
4177,4954,33,0,nlin.AO
1619,2395,2,0,nlin.AO
13751,13777,2,0,nlin.AO
4333,12041,3,0,nlin.AO
2127,8710,2,0,nlin.AO
2074,10370,1,0,nlin.AO
2718,10957,4,0,nlin.AO
7537,9527,0,0,nlin.AO
5150,10825,2,0,nlin.AO
4106,5060,6,0,nlin.AO
4347,11935,4,0,nlin.AO
3379,9009,18,0,nlin.AO
4484,5933,0,0,nlin.AO
5063,9899,3,0,nlin.AO
5082,11319,0,0,nlin.AO
4729,9892,8,0,nlin.AO
1266,4868,2,0,nlin.AO
1491,9920,4,0,nlin.AO
9259,10803,4,0,nlin.AO
4871,13777,0,0,nlin.AO
4259,7886,0,0,nlin.AO
6181,13798,0,0,nlin.AO
3378,8811,27,0,nlin.AO
8449,9869,4,0,nlin.AO
3717,10757,2,0,nlin.AO
1702,3821,2,0,nlin.AO
3013,3294,1,0,nlin.AO
633,10437,8,0,nlin.AO
9820,10183,2,0,nlin.AO
127,8615,2,0,nlin.AO
7002,9857,1,0,nlin.AO
7151,8250,0,0,nlin.AO
716,3502,2,0,nlin.AO
5072,9054,4,0,nlin.AO
2305,10922,5,0,nlin.AO
424,5060,3,0,nlin.AO
1861,10369,4,0,nlin.AO
8079,12159,2,0,nlin.AO
2424,3294,3,0,nlin.AO
5182,8813,6,0,nlin.AO
1717,3298,2,0,nlin.AO
3797,10424,0,0,nlin.AO
4832,5932,13,0,nlin.AO
4483,13762,12,0,nlin.AO
7609,9716,2,0,nlin.AO
2786,3377,2,0,nlin.AO
8707,13700,3,0,nlin.AO
6760,11249,3,0,nlin.AO
6241,11169,1,0,nlin.AO
3904,6354,7,0,nlin.AO
1278,9262,0,0,nlin.AO
8456,8461,12,0,nlin.AO
5785,10427,6,0,nlin.AO
2693,8801,1,0,nlin.AO
4348,5692,6,0,nlin.AO
5609,8728,2,0,nlin.AO
3965,4764,4,0,nlin.AO
3895,6017,8,0,nlin.AO
8706,9758,8,0,nlin.AO
8578,9856,0,0,nlin.AO
4757,13764,1,0,nlin.AO
3143,10708,2,0,nlin.AO
2840,9633,9,0,nlin.AO
6244,6248,12,1,cs.SI
172,869,272,1,cs.SI
10419,2446,126,1,cs.SI
842,6327,6,1,cs.SI
272,3189,48,1,cs.SI
9082,2625,55,1,cs.SI
5535,7756,5,1,cs.SI
3205,4465,0,1,cs.SI
1211,2540,108,1,cs.SI
1877,9494,10,1,cs.SI
3831,3833,0,1,cs.SI
7984,7731,6,1,cs.SI
5794,3930,77,1,cs.SI
6229,6232,18,1,cs.SI
2314,6216,90,1,cs.SI
8179,8180,8,1,cs.SI
11414,11415,8,1,cs.SI
4552,8901,14,1,cs.SI
5805,5400,14,1,cs.SI
5551,5624,40,1,cs.SI
3484,4292,6,1,cs.SI
3006,5184,0,1,cs.SI
11397,11664,8,1,cs.SI
3114,4821,36,1,cs.SI
8404,8406,6,1,cs.SI
38,1746,28,1,cs.SI
2541,2542,12,1,cs.SI
3533,6297,33,1,cs.SI
5536,7756,3,1,cs.SI
5335,5337,12,1,cs.SI
4217,4633,16,1,cs.SI
1264,6801,42,1,cs.SI
6117,6119,8,1,cs.SI
1996,4568,6,1,cs.SI
1903,8805,24,1,cs.SI
7326,7330,30,1,cs.SI
7705,7706,0,1,cs.SI
6862,11075,4,1,cs.SI
6951,6952,2,1,cs.SI
8029,8770,30,1,cs.SI
2680,7417,0,1,cs.SI
728,3834,10,1,cs.SI
8506,8508,2,1,cs.SI
2808,1917,5,1,cs.SI
6424,340,140,1,cs.SI
12169,12170,1,1,cs.SI
6710,6712,49,1,cs.SI
1740,6461,30,1,cs.SI
172,2091,238,1,cs.SI
11195,11197,9,1,cs.SI
11611,11618,380,1,cs.SI
7635,7636,3,1,cs.SI
8477,9888,11,1,cs.SI
577,3250,8,1,cs.SI
1548,1549,24,1,cs.SI
5191,5193,3,1,cs.SI
11657,11919,1,1,cs.SI
7335,7338,80,1,cs.SI
5190,5193,2,1,cs.SI
6279,6543,80,1,cs.SI
2446,10671,42,1,cs.SI
1599,7243,10,1,cs.SI
7218,8027,20,1,cs.SI
3580,2077,20,1,cs.SI
715,8663,713,1,cs.SI
507,6104,261,1,cs.SI
9087,9088,2,1,cs.SI
61,715,93,1,cs.SI
6744,6746,20,1,cs.SI
7492,8942,14,1,cs.SI
6682,9108,4,1,cs.SI
7411,7410,21,1,cs.SI
7436,7437,3,1,cs.SI
9057,551,90,1,cs.SI
3374,5738,0,1,cs.SI
1953,11942,9,1,cs.SI
4356,2808,40,1,cs.SI
1877,2085,8,1,cs.SI
11599,11601,2,1,cs.SI
1275,3358,8,1,cs.SI
1711,2748,77,1,cs.SI
2314,2313,60,1,cs.SI
4951,4955,81,1,cs.SI
41,10520,20,1,cs.SI
7026,4268,25,1,cs.SI
11575,11576,1,1,cs.SI
7147,7149,2,1,cs.SI
8030,8031,10,1,cs.SI
213,2471,4,1,cs.SI
210,4018,0,1,cs.SI
149,1198,0,1,cs.SI
479,4689,35,1,cs.SI
11615,11617,306,1,cs.SI
7226,9284,20,1,cs.SI
2873,2242,102,1,cs.SI
2797,5288,119,1,cs.SI
7407,7408,24,1,cs.SI
451,7684,24,1,cs.SI
3533,6139,11,1,cs.SI
2916,8675,72,1,cs.SI
1196,7960,63,1,cs.SI
665,6675,10,1,cs.SI
11616,11622,462,1,cs.SI
5959,5960,1,1,cs.SI
4622,4624,25,1,cs.SI
6716,6717,72,1,cs.SI
4856,6678,18,1,cs.SI
5806,11363,16,1,cs.SI
10481,10480,21,1,cs.SI
4951,6850,0,1,cs.SI
3476,3477,6,1,cs.SI
4217,5809,12,1,cs.SI
5867,5572,39,1,cs.SI
3058,11486,1,1,cs.SI
41,2479,120,1,cs.SI
5330,5332,4,1,cs.SI
2609,10879,14,1,cs.SI
394,6197,54,1,cs.SI
7885,9982,13,1,cs.SI
2206,7284,12,1,cs.SI
4952,4956,9,1,cs.SI
4107,8840,25,1,cs.SI
6913,6914,2,1,cs.SI
1326,3663,9,1,cs.SI
592,4094,32,1,cs.SI
9694,9704,2,1,cs.SI
4086,4154,6,1,cs.SI
9117,9119,2,1,cs.SI
1067,6753,12,1,cs.SI
5811,9299,80,1,cs.SI
578,7502,51,1,cs.SI
1067,10759,24,1,cs.SI
8487,8490,1,1,cs.SI
1163,11145,0,1,cs.SI
3284,9576,78,1,cs.SI
10650,10649,9,1,cs.SI
7634,7824,0,1,cs.SI
8324,8400,8,1,cs.SI
5841,5842,1,1,cs.SI
5584,5586,20,1,cs.SI
83,9205,576,1,cs.SI
4553,8842,32,1,cs.SI
12117,12119,0,1,cs.SI
931,7480,20,1,cs.SI
3732,7125,36,1,cs.SI
408,7338,60,1,cs.SI
9205,9206,156,1,cs.SI
4796,4797,0,1,cs.SI
7915,6355,24,1,cs.SI
9196,9199,182,1,cs.SI
869,9422,40,1,cs.SI
2283,8462,1,1,cs.SI
1537,3788,0,1,cs.SI
4808,5302,9,1,cs.SI
7892,7893,6,1,cs.SI
1717,9346,27,1,cs.SI
931,3483,68,1,cs.SI
5157,10557,8,1,cs.SI
6235,6236,12,1,cs.SI
6861,6862,8,1,cs.SI
508,547,4,1,cs.SI
2479,286,60,1,cs.SI
9450,9451,1,1,cs.SI
370,10811,8,1,cs.SI
684,2045,119,1,cs.SI
2342,8927,0,1,cs.SI
5419,10497,15,1,cs.SI
6444,6445,2,1,cs.SI
932,934,6,1,cs.SI
8799,8991,6,1,cs.SI
10773,11607,54,1,cs.SI
2511,2512,0,1,cs.SI
5028,10994,30,1,cs.SI
11798,11799,2,1,cs.SI
9717,9719,6,1,cs.SI
272,6877,16,1,cs.SI
42,1407,240,1,cs.SI
2367,8053,57,1,cs.SI
450,901,2,1,cs.SI
729,1967,120,1,cs.SI
9117,11106,2,1,cs.SI
807,9083,80,1,cs.SI
3663,5802,3,1,cs.SI
3450,2135,77,1,cs.SI
11617,11624,340,1,cs.SI
9245,9247,4,1,cs.SI
6709,6718,32,1,cs.SI
1262,10929,10,1,cs.SI
9196,9202,168,1,cs.SI
3655,7764,12,1,cs.SI
5028,9419,27,1,cs.SI
4015,4016,6,1,cs.SI
3284,2665,26,1,cs.SI
12195,12196,16,1,cs.SI
6439,6440,1,1,cs.SI
270,1613,24,1,cs.SI
209,7268,22,1,cs.SI
4328,4330,0,1,cs.SI
3812,10559,18,1,cs.SI
3285,3606,60,1,cs.SI
5835,5836,1,1,cs.SI
1500,9049,4,1,cs.SI
2223,1824,22,1,cs.SI
10111,10112,0,1,cs.SI
1549,6817,0,1,cs.SI
11421,11422,9,1,cs.SI
11511,11512,3,1,cs.SI
8412,8414,1,1,cs.SI
5461,5465,6,1,cs.SI
4904,8945,18,1,cs.SI
4685,10391,8,1,cs.SI
958,5999,42,1,cs.SI
7335,7333,56,1,cs.SI
11514,11517,3,1,cs.SI
4218,9510,2,1,cs.SI
1141,9135,66,1,cs.SI
5306,5308,90,1,cs.SI
1348,8996,12,1,cs.SI
764,2340,2,1,cs.SI
8030,9006,10,1,cs.SI
5562,10091,5,1,cs.SI
7436,7438,2,1,cs.SI
1128,7914,1,1,cs.SI
7331,7341,90,1,cs.SI
8247,8248,12,1,cs.SI
6686,9396,35,1,cs.SI
5747,4612,14,1,cs.SI
1211,2541,54,1,cs.SI
1717,7598,18,1,cs.SI
54,4061,230,1,cs.SI
6194,6195,40,1,cs.SI
7763,10099,36,1,cs.SI
6401,6402,6,1,cs.SI
5345,5347,9,1,cs.SI
4293,6410,7,1,cs.SI
5171,5219,0,1,cs.SI
6920,6922,9,1,cs.SI
8360,8361,4,1,cs.SI
6916,9987,16,1,cs.SI
5762,6808,3,1,cs.SI
4392,874,40,1,cs.SI
6672,6673,16,1,cs.SI
4573,8044,6,1,cs.SI
999,2213,4,1,cs.SI
54,2637,184,1,cs.SI
4972,4971,10,1,cs.SI
5205,10443,0,1,cs.SI
382,3375,115,1,cs.SI
4472,4473,0,1,cs.SI
1948,4556,18,1,cs.SI
209,4644,22,1,cs.SI
83,9194,192,1,cs.SI
2541,7517,3,1,cs.SI
3284,5489,26,1,cs.SI
412,4533,18,1,cs.SI
7356,7357,3,1,cs.SI
220,221,28,1,cs.SI
636,6036,27,1,cs.SI
78,2506,10,1,cs.SI
11699,11701,4,1,cs.SI
6498,6499,1,1,cs.SI
2447,5170,24,1,cs.SI
7763,10684,30,1,cs.SI
1328,10372,4,1,cs.SI
10037,10038,12,1,cs.SI
10786,10788,2,1,cs.SI
11806,11807,0,1,cs.SI
198,4382,12,1,cs.SI
8806,1904,30,1,cs.SI
5415,5447,30,1,cs.SI
684,591,459,1,cs.SI
6149,6151,10,1,cs.SI
1026,6796,0,1,cs.SI
5028,10988,24,1,cs.SI
1248,8027,88,1,cs.SI
1950,10111,0,1,cs.SI
6975,10047,3,1,cs.SI
11615,11624,360,1,cs.SI
5239,6157,12,1,cs.SI
172,2063,170,1,cs.SI
72,1322,78,1,cs.SI
807,782,336,1,cs.SI
2755,9279,15,1,cs.SI
218,6254,54,1,cs.SI
6868,6867,2,1,cs.SI
3888,6793,7,1,cs.SI
721,10006,6,1,cs.SI
9663,9665,2,1,cs.SI
9770,9772,9,1,cs.SI
2446,5421,126,1,cs.SI
931,3482,56,1,cs.SI
5446,6776,45,1,cs.SI
5219,8095,0,1,cs.SI
4165,3387,50,1,cs.SI
10412,10414,9,1,cs.SI
9348,9350,3,1,cs.SI
11612,11621,418,1,cs.SI
1572,12130,7,1,cs.SI
11610,11615,396,1,cs.SI
1359,1361,6,1,cs.SI
8663,11614,483,1,cs.SI
7997,7999,0,1,cs.SI
11791,11792,2,1,cs.SI
7333,7341,63,1,cs.SI
219,2901,30,1,cs.SI
5288,5289,28,1,cs.SI
2597,9753,0,1,cs.SI
5869,11633,506,1,cs.SI
107,11779,7,1,cs.SI
6545,6546,2,1,cs.SI
1161,9082,187,1,cs.SI
5400,6387,2,1,cs.SI
1903,6648,24,1,cs.SI
11620,11626,360,1,cs.SI
5527,6973,4,1,cs.SI
4177,5507,2,1,cs.SI
96,4066,39,1,cs.SI
3780,9108,2,1,cs.SI
1549,3292,12,1,cs.SI
1945,6564,8,1,cs.SI
4589,6607,2,1,cs.SI
6077,6982,6,1,cs.SI
5073,3543,14,1,cs.SI
7332,7337,88,1,cs.SI
807,9677,64,1,cs.SI
9462,11771,8,1,cs.SI
8006,11282,24,1,cs.SI
83,2279,192,1,cs.SI
1642,2314,90,1,cs.SI
5224,5225,20,1,cs.SI
7041,7042,0,1,cs.SI
1275,2287,24,1,cs.SI
11587,11589,2,1,cs.SI
3915,3914,5,1,cs.SI
6073,6074,4,1,cs.SI
1851,9512,21,1,cs.SI
382,8694,184,1,cs.SI
7295,7297,0,1,cs.SI
11463,11466,6,1,cs.SI
11577,11578,0,1,cs.SI
422,1027,77,1,cs.SI
6916,9988,16,1,cs.SI
865,4472,0,1,cs.SI
5026,5027,0,1,cs.SI
8089,10542,1,1,cs.SI
4174,7986,0,1,cs.SI
11625,11632,528,1,cs.SI
4953,4954,12,1,cs.SI
1855,1857,8,1,cs.SI
1808,1807,30,1,cs.SI
12147,12148,1,1,cs.SI
10780,10781,0,1,cs.SI
591,592,432,1,cs.SI
2446,3226,105,1,cs.SI
4622,6096,5,1,cs.SI
107,11781,7,1,cs.SI
1275,3389,56,1,cs.SI
2242,831,12,1,cs.SI
479,1563,35,1,cs.SI
11323,11324,3,1,cs.SI
10991,10996,80,1,cs.SI
2214,4332,8,1,cs.SI
7954,7955,1,1,cs.SI
5342,5343,6,1,cs.SI
2446,8596,126,1,cs.SI
914,8240,28,1,cs.SI
4547,11064,112,1,cs.SI
1411,2973,56,1,cs.SI
3328,7861,6,1,cs.SI
8631,8633,4,1,cs.SI
1628,5354,24,1,cs.SI
3799,728,70,1,cs.SI
6030,6034,30,1,cs.SI
10041,10044,3,1,cs.SI
2233,11556,32,1,cs.SI
7196,9255,45,1,cs.SI
4389,4803,21,1,cs.SI
5533,5536,3,1,cs.SI
3023,3024,15,1,cs.SI
11064,11067,64,1,cs.SI
1817,8637,4,1,cs.SI
6975,6976,3,1,cs.SI
7960,10155,7,1,cs.SI
6357,6358,4,1,cs.SI
6117,6158,4,1,cs.SI
7228,7229,4,1,cs.SI
11627,11631,437,1,cs.SI
1484,3512,95,1,cs.SI
4137,9316,4,1,cs.SI
90,1933,34,1,cs.SI
11594,11938,6,1,cs.SI
10537,10538,0,1,cs.SI
1318,1563,7,1,cs.SI
10992,10993,49,1,cs.SI
4683,3780,0,1,cs.SI
6789,9259,48,1,cs.SI
397,4915,60,1,cs.SI
510,6417,1,1,cs.SI
8404,8403,6,1,cs.SI
1121,6197,18,1,cs.SI
8477,8478,44,1,cs.SI
1067,9260,48,1,cs.SI
4304,4389,33,1,cs.SI
297,1751,78,1,cs.SI
6453,6454,6,1,cs.SI
7328,7329,10,1,cs.SI
2393,7366,6,1,cs.SI
172,4320,272,1,cs.SI
6918,6964,12,1,cs.SI
9764,9765,0,1,cs.SI
1318,4165,70,1,cs.SI
6754,7018,0,1,cs.SI
745,5586,32,1,cs.SI
8307,8311,9,1,cs.SI
715,6895,124,1,cs.SI
7087,7086,21,1,cs.SI
10147,11611,380,1,cs.SI
6943,6945,0,1,cs.SI
3641,2507,10,1,cs.SI
1380,3494,9,1,cs.SI
11623,11624,400,1,cs.SI
172,4951,306,1,cs.SI
4018,4019,0,1,cs.SI
6908,6910,0,1,cs.SI
4160,4164,9,1,cs.SI
5562,10052,25,1,cs.SI
6077,9269,6,1,cs.SI
220,1115,7,1,cs.SI
10331,10332,1,1,cs.SI
4211,8925,0,1,cs.SI
1717,9350,9,1,cs.SI
2275,2789,10,1,cs.SI
38,11718,14,1,cs.SI
9313,9314,0,1,cs.SI
5654,7507,48,1,cs.SI
5954,10076,10,1,cs.SI
635,9970,4,1,cs.SI
3206,9015,9,1,cs.SI
2702,5745,6,1,cs.SI
2070,5631,8,1,cs.SI
6712,6715,42,1,cs.SI
3580,11843,0,1,cs.SI
47,3836,24,1,cs.SI
6357,6356,0,1,cs.SI
1953,3653,45,1,cs.SI
3228,6711,8,1,cs.SI
1220,3896,0,1,cs.SI
9596,7823,36,1,cs.SI
975,7276,35,1,cs.SI
716,3057,418,1,cs.SI
1241,370,24,1,cs.SI
8195,8196,3,1,cs.SI
395,10521,12,1,cs.SI
1851,7085,21,1,cs.SI
3641,10542,5,1,cs.SI
808,11261,24,1,cs.SI
5099,11560,10,1,cs.SI
9403,9718,12,1,cs.SI
8630,8632,8,1,cs.SI
4684,11719,5,1,cs.SI
3368,4574,6,1,cs.SI
6746,6748,20,1,cs.SI
718,2229,14,1,cs.SI
1322,7334,66,1,cs.SI
808,8585,6,1,cs.SI
10294,10295,16,1,cs.SI
5439,9682,14,1,cs.SI
8165,8166,0,1,cs.SI
2446,8027,84,1,cs.SI
5456,5473,2,1,cs.SI
5811,9302,60,1,cs.SI
11712,11713,1,1,cs.SI
251,3615,44,1,cs.SI
8156,9191,110,1,cs.SI
6709,6713,20,1,cs.SI
9082,11261,44,1,cs.SI
11612,11613,437,1,cs.SI
5361,5363,8,1,cs.SI
11284,11286,18,1,cs.SI
1318,1606,28,1,cs.SI
287,10480,51,1,cs.SI
7877,7882,35,1,cs.SI
10619,10621,12,1,cs.SI
11616,11631,506,1,cs.SI
5414,6776,54,1,cs.SI
5361,5362,2,1,cs.SI
5132,11439,10,1,cs.SI
5419,5421,30,1,cs.SI
1150,4558,216,1,cs.SI
715,12135,124,1,cs.SI
3284,11854,0,1,cs.SI
5141,5697,30,1,cs.SI
4950,4956,6,1,cs.SI
1399,7255,4,1,cs.SI
7097,7099,0,1,cs.SI
5483,8138,15,1,cs.SI
250,7268,4,1,cs.SI
10147,11633,418,1,cs.SI
54,9279,138,1,cs.SI
7292,7293,12,1,cs.SI
807,938,224,1,cs.SI
6460,6462,40,1,cs.SI
5172,5219,0,1,cs.SI
4261,4262,80,1,cs.SI
12118,12119,0,1,cs.SI
4180,4417,3,1,cs.SI
4270,4271,3,1,cs.SI
5304,5311,96,1,cs.SI
9573,9574,0,1,cs.SI
9085,9088,4,1,cs.SI
209,7269,22,1,cs.SI
3483,6104,153,1,cs.SI
3428,7643,0,1,cs.SI
887,172,340,1,cs.SI
3658,3657,24,1,cs.SI
46,7124,36,1,cs.SI
3285,5553,70,1,cs.SI
1262,10930,10,1,cs.SI
42,7407,60,1,cs.SI
4390,4804,12,1,cs.SI
3914,3916,2,1,cs.SI
3483,4424,51,1,cs.SI
6157,7606,18,1,cs.SI
5805,7383,42,1,cs.SI
90,1105,17,1,cs.SI
90,955,68,1,cs.SI
317,9152,30,1,cs.SI
5234,7103,9,1,cs.SI
4958,11585,30,1,cs.SI
2901,10473,0,1,cs.SI
539,1549,4,1,cs.SI
12066,12068,1,1,cs.SI
869,9495,8,1,cs.SI
416,8240,76,1,cs.SI
2446,10168,84,1,cs.SI
207,250,36,1,cs.SI
3744,3640,54,1,cs.SI
507,8266,58,1,cs.SI
3999,7429,2,1,cs.SI
1628,3455,30,1,cs.SI
715,5869,713,1,cs.SI
144,8585,11,1,cs.SI
9199,9200,143,1,cs.SI
3815,3816,0,1,cs.SI
2797,11237,17,1,cs.SI
48,251,198,1,cs.SI
382,9534,69,1,cs.SI
913,9152,35,1,cs.SI
5669,9832,0,1,cs.SI
719,4123,12,1,cs.SI
8716,9575,0,1,cs.SI
4622,4621,10,1,cs.SI
1027,11928,0,1,cs.SI
2446,1093,105,1,cs.SI
4950,4953,8,1,cs.SI
456,5192,4,1,cs.SI
11358,11359,1,1,cs.SI
5996,6192,20,1,cs.SI
1746,6439,4,1,cs.SI
3580,12154,4,1,cs.SI
10670,10673,18,1,cs.SI
8487,8488,2,1,cs.SI
3604,5551,55,1,cs.SI
5693,5695,24,1,cs.SI
4047,4049,1,1,cs.SI
9347,9350,4,1,cs.SI
5761,13687,5,1,cs.SI
62,7199,7,1,cs.SI
5076,7145,2,1,cs.SI
455,4976,0,1,cs.SI
5058,5059,1,1,cs.SI
3744,480,138,1,cs.SI
10773,11608,45,1,cs.SI
3512,4221,15,1,cs.SI
8940,8937,8,1,cs.SI
2120,720,120,1,cs.SI
4815,11815,6,1,cs.SI
605,11465,60,1,cs.SI
5324,5327,9,1,cs.SI
83,11605,384,1,cs.SI
6453,9751,0,1,cs.SI
6063,8406,12,1,cs.SI
7778,7779,8,1,cs.SI
481,2916,216,1,cs.SI
4665,6139,11,1,cs.SI
4995,4998,20,1,cs.SI
112,808,120,1,cs.SI
8018,8019,2,1,cs.SI
6178,6179,1,1,cs.SI
62,172,238,1,cs.SI
12206,12207,1,1,cs.SI
5096,7049,3,1,cs.SI
3346,9057,50,1,cs.SI
416,7877,95,1,cs.SI
5808,5812,8,1,cs.SI
5654,8123,12,1,cs.SI
479,5311,280,1,cs.SI
2920,3240,36,1,cs.SI
9197,9205,120,1,cs.SI
3641,4281,30,1,cs.SI
11619,11622,420,1,cs.SI
11917,11918,9,1,cs.SI
7142,11252,10,1,cs.SI
3512,4219,20,1,cs.SI
2062,9678,66,1,cs.SI
6310,8124,0,1,cs.SI
5902,5903,6,1,cs.SI
5674,5676,12,1,cs.SI
72,4606,13,1,cs.SI
958,1358,70,1,cs.SI
8663,11618,437,1,cs.SI
7547,11945,24,1,cs.SI
958,11886,98,1,cs.SI
9198,9202,84,1,cs.SI
1248,10414,66,1,cs.SI
2108,5561,24,1,cs.SI
5183,7820,0,1,cs.SI
2623,7937,1,1,cs.SI
11616,11620,440,1,cs.SI
11609,11631,437,1,cs.SI
4931,4932,2,1,cs.SI
2609,6525,14,1,cs.SI
7396,7397,1,1,cs.SI
5502,5503,12,1,cs.SI
11132,11133,8,1,cs.SI
1,3915,70,1,cs.SI
11401,11402,4,1,cs.SI
6429,3057,171,1,cs.SI
6392,6394,6,1,cs.SI
11615,11622,378,1,cs.SI
6112,6110,0,1,cs.SI
8101,9071,4,1,cs.SI
10460,11987,9,1,cs.SI
12018,12020,6,1,cs.SI
958,11257,42,1,cs.SI
2314,13694,30,1,cs.SI
4955,4950,18,1,cs.SI
4194,1275,80,1,cs.SI
6226,9387,8,1,cs.SI
11620,11621,440,1,cs.SI
8025,9101,4,1,cs.SI
5794,551,126,1,cs.SI
8759,8756,18,1,cs.SI
3023,11493,25,1,cs.SI
4468,6431,0,1,cs.SI
1308,4578,0,1,cs.SI
3814,3816,0,1,cs.SI
2108,5562,40,1,cs.SI
382,207,414,1,cs.SI
10042,10044,3,1,cs.SI
7845,7847,9,1,cs.SI
711,7868,28,1,cs.SI
5846,5848,4,1,cs.SI
5310,5311,96,1,cs.SI
7635,7637,9,1,cs.SI
6864,6865,2,1,cs.SI
2973,10584,0,1,cs.SI
8884,8886,6,1,cs.SI
10122,10123,16,1,cs.SI
3482,7968,14,1,cs.SI
5761,6217,20,1,cs.SI
144,808,66,1,cs.SI
6469,6470,8,1,cs.SI
6913,6916,16,1,cs.SI
4499,4500,0,1,cs.SI
7303,6394,9,1,cs.SI
11577,11579,0,1,cs.SI
4106,9926,11,1,cs.SI
1861,7405,36,1,cs.SI
481,2798,288,1,cs.SI
1807,9681,12,1,cs.SI
507,5258,87,1,cs.SI
395,3284,312,1,cs.SI
5975,9134,20,1,cs.SI
5075,5077,4,1,cs.SI
3802,9681,26,1,cs.SI
6595,8378,0,1,cs.SI
8235,8236,1,1,cs.SI
10680,11163,36,1,cs.SI
8025,9102,4,1,cs.SI
10147,11626,342,1,cs.SI
1019,5699,4,1,cs.SI
73,4929,2,1,cs.SI
3782,12122,28,1,cs.SI
4217,5812,16,1,cs.SI
5222,5224,20,1,cs.SI
4068,4067,3,1,cs.SI
481,4560,192,1,cs.SI
4531,4532,1,1,cs.SI
6789,4592,96,1,cs.SI
5215,9701,105,1,cs.SI
691,7441,14,1,cs.SI
4947,4948,3,1,cs.SI
4668,4669,0,1,cs.SI
2091,4089,63,1,cs.SI
1642,1825,6,1,cs.SI
3483,3484,102,1,cs.SI
6516,2665,8,1,cs.SI
9266,9267,2,1,cs.SI
5414,6103,30,1,cs.SI
1751,6681,0,1,cs.SI
7289,7290,16,1,cs.SI
5343,5346,12,1,cs.SI
573,386,0,1,cs.SI
6280,6281,9,1,cs.SI
5256,5257,140,1,cs.SI
11903,11904,1,1,cs.SI
96,5504,52,1,cs.SI
144,507,319,1,cs.SI
804,591,297,1,cs.SI
8675,10411,24,1,cs.SI
6303,6305,9,1,cs.SI
3579,4498,224,1,cs.SI
90,1548,102,1,cs.SI
3340,1130,147,1,cs.SI
2091,4321,63,1,cs.SI
8624,8627,2,1,cs.SI
7565,7566,3,1,cs.SI
4498,9202,192,1,cs.SI
9915,9917,2,1,cs.SI
7125,8101,24,1,cs.SI
4607,7480,40,1,cs.SI
7949,9788,0,1,cs.SI
6444,6446,1,1,cs.SI
7526,12173,10,1,cs.SI
144,5574,55,1,cs.SI
931,4605,32,1,cs.SI
4293,5355,28,1,cs.SI
3572,9411,0,1,cs.SI
5888,11004,12,1,cs.SI
9679,9680,12,1,cs.SI
201,6096,6,1,cs.SI
1322,7417,0,1,cs.SI
633,6991,7,1,cs.SI
5453,5456,2,1,cs.SI
5262,10115,0,1,cs.SI
5293,9215,3,1,cs.SI
724,6207,2,1,cs.SI
6756,6759,4,1,cs.SI
5591,9910,6,1,cs.SI
428,11066,210,1,cs.SI
3579,9200,154,1,cs.SI
5593,5595,4,1,cs.SI
4278,4280,16,1,cs.SI
6516,11854,0,1,cs.SI
2279,8806,24,1,cs.SI
7547,10902,0,1,cs.SI
5172,11166,5,1,cs.SI
7143,7141,24,1,cs.SI
2265,4545,20,1,cs.SI
5414,5415,36,1,cs.SI
494,4156,20,1,cs.SI
6711,6713,40,1,cs.SI
782,3613,42,1,cs.SI
9427,9428,12,1,cs.SI
51,4498,208,1,cs.SI
4847,6762,6,1,cs.SI
8407,8408,0,1,cs.SI
5692,5694,36,1,cs.SI
428,3114,252,1,cs.SI
2596,12029,4,1,cs.SI
416,2447,114,1,cs.SI
428,9173,210,1,cs.SI
1328,3368,8,1,cs.SI
8569,10275,3,1,cs.SI
8307,8309,18,1,cs.SI
711,2255,28,1,cs.SI
11541,11542,0,1,cs.SI
6038,6041,0,1,cs.SI
5996,6197,24,1,cs.SI
7842,458,1,1,cs.SI
8016,8019,2,1,cs.SI
7335,3670,64,1,cs.SI
2004,2918,99,1,cs.SI
72,7408,78,1,cs.SI
5308,5314,110,1,cs.SI
198,4217,16,1,cs.SI
7763,1843,6,1,cs.SI
220,502,49,1,cs.SI
105,9735,30,1,cs.SI
54,12018,138,1,cs.SI
2917,4676,26,1,cs.SI
11623,11629,440,1,cs.SI
83,9207,576,1,cs.SI
8156,9207,264,1,cs.SI
6926,6927,0,1,cs.SI
7290,7292,12,1,cs.SI
9456,9458,1,1,cs.SI
9748,9750,9,1,cs.SI
3143,11200,0,1,cs.SI
1807,9680,18,1,cs.SI
9086,9087,3,1,cs.SI
1327,3835,6,1,cs.SI
11589,11590,1,1,cs.SI
3583,8478,8,1,cs.SI
9230,9712,8,1,cs.SI
11256,11257,18,1,cs.SI
1809,3803,40,1,cs.SI
715,11633,682,1,cs.SI
6149,6153,10,1,cs.SI
11610,11627,418,1,cs.SI
887,4859,50,1,cs.SI
933,6603,21,1,cs.SI
385,9016,8,1,cs.SI
7218,8028,25,1,cs.SI
7394,7393,3,1,cs.SI
7010,7011,30,1,cs.SI
6994,6995,2,1,cs.SI
6026,6426,0,1,cs.SI
4686,4687,0,1,cs.SI
4611,4612,0,1,cs.SI
481,3743,168,1,cs.SI
507,10725,29,1,cs.SI
2920,9267,6,1,cs.SI
7757,7988,4,1,cs.SI
9230,9232,4,1,cs.SI
6245,6247,30,1,cs.SI
8246,8248,9,1,cs.SI
4717,3633,12,1,cs.SI
1314,8433,0,1,cs.SI
7333,7340,56,1,cs.SI
808,5110,42,1,cs.SI
1385,10564,14,1,cs.SI
7124,7125,18,1,cs.SI
2797,5290,119,1,cs.SI
7210,7615,0,1,cs.SI
711,7866,35,1,cs.SI
6588,6961,6,1,cs.SI
3454,5489,6,1,cs.SI
6347,6348,12,1,cs.SI
4598,4599,2,1,cs.SI
1671,1672,1,1,cs.SI
394,6192,45,1,cs.SI
4607,4606,8,1,cs.SI
10594,10595,0,1,cs.SI
4994,4997,12,1,cs.SI
6245,8209,6,1,cs.SI
9512,9514,12,1,cs.SI
6922,6924,12,1,cs.SI
4217,4632,16,1,cs.SI
5325,5328,6,1,cs.SI
2632,9189,0,1,cs.SI
1150,1362,189,1,cs.SI
10992,10995,70,1,cs.SI
10929,10930,4,1,cs.SI
11609,11622,399,1,cs.SI
6249,6251,30,1,cs.SI
11612,11617,323,1,cs.SI
1407,4907,96,1,cs.SI
6849,6850,0,1,cs.SI
975,7277,28,1,cs.SI
5625,5628,4,1,cs.SI
5422,5423,0,1,cs.SI
11119,11120,4,1,cs.SI
62,6524,14,1,cs.SI
7872,7874,1,1,cs.SI
7761,7762,0,1,cs.SI
3341,3811,132,1,cs.SI
4967,4966,1,1,cs.SI
10356,10357,1,1,cs.SI
5172,8095,35,1,cs.SI
6673,11066,80,1,cs.SI
10989,10990,64,1,cs.SI
2479,10267,24,1,cs.SI
5996,6194,32,1,cs.SI
1362,9035,21,1,cs.SI
3614,5662,1,1,cs.SI
950,953,0,1,cs.SI
2675,4131,28,1,cs.SI
41,6883,0,1,cs.SI
6525,7952,6,1,cs.SI
7900,7903,2,1,cs.SI
96,6198,91,1,cs.SI
2835,6250,0,1,cs.SI
4089,4088,18,1,cs.SI
10871,10872,4,1,cs.SI
3321,3322,21,1,cs.SI
2917,2918,117,1,cs.SI
9046,9047,0,1,cs.SI
4167,4168,0,1,cs.SI
4211,8924,0,1,cs.SI
8029,8815,24,1,cs.SI
4803,9123,21,1,cs.SI
9019,9020,4,1,cs.SI
1241,10810,18,1,cs.SI
7636,7637,3,1,cs.SI
4847,8416,12,1,cs.SI
218,634,27,1,cs.SI
11914,11915,9,1,cs.SI
5029,10996,48,1,cs.SI
1380,10895,6,1,cs.SI
975,9577,28,1,cs.SI
10647,10755,8,1,cs.SI
42,3482,210,1,cs.SI
1911,9108,12,1,cs.SI
5716,5717,12,1,cs.SI
506,1360,152,1,cs.SI
949,5808,2,1,cs.SI
9856,9858,1,1,cs.SI
512,5584,15,1,cs.SI
9810,9811,0,1,cs.SI
1248,3326,110,1,cs.SI
252,5654,288,1,cs.SI
7328,7330,25,1,cs.SI
9117,11107,2,1,cs.SI
5290,1164,42,1,cs.SI
2660,6089,45,1,cs.SI
4498,9197,160,1,cs.SI
7776,7779,2,1,cs.SI
3389,8831,7,1,cs.SI
8306,8308,8,1,cs.SI
7218,12196,20,1,cs.SI
2922,11580,3,1,cs.SI
10993,10995,70,1,cs.SI
11680,11683,3,1,cs.SI
4856,11752,18,1,cs.SI
452,9578,48,1,cs.SI
4452,4997,9,1,cs.SI
37,252,432,1,cs.SI
11656,11657,3,1,cs.SI
4667,7086,42,1,cs.SI
7719,7720,4,1,cs.SI
7547,8487,6,1,cs.SI
3205,10429,9,1,cs.SI
12112,12113,1,1,cs.SI
6964,8057,12,1,cs.SI
4552,8842,28,1,cs.SI
9125,9126,1,1,cs.SI
132,1020,9,1,cs.SI
7704,7706,0,1,cs.SI
3189,9278,12,1,cs.SI
8393,8394,25,1,cs.SI
3240,5807,18,1,cs.SI
8288,8291,6,1,cs.SI
5869,11611,460,1,cs.SI
4904,7884,12,1,cs.SI
7408,9724,18,1,cs.SI
231,7566,10,1,cs.SI
5427,11599,8,1,cs.SI
866,9334,18,1,cs.SI
1827,9835,6,1,cs.SI
4424,4427,12,1,cs.SI
9082,2062,121,1,cs.SI
4951,1372,9,1,cs.SI
1322,7418,6,1,cs.SI
251,297,66,1,cs.SI
9249,8759,36,1,cs.SI
3239,4182,12,1,cs.SI
11075,11077,4,1,cs.SI
2577,8655,18,1,cs.SI
370,1628,24,1,cs.SI
1067,3278,84,1,cs.SI
1072,8912,126,1,cs.SI
6222,8249,12,1,cs.SI
5808,5810,8,1,cs.SI
2314,4017,120,1,cs.SI
7547,8490,6,1,cs.SI
6952,6953,1,1,cs.SI
1896,9149,15,1,cs.SI
1072,4221,63,1,cs.SI
5869,5870,23,1,cs.SI
4613,7580,52,1,cs.SI
2446,10670,63,1,cs.SI
715,1360,248,1,cs.SI
2249,5958,0,1,cs.SI
2085,8573,16,1,cs.SI
452,4320,96,1,cs.SI
3278,3202,56,1,cs.SI
6,8052,54,1,cs.SI
9806,9808,9,1,cs.SI
1425,7943,120,1,cs.SI
8570,8574,8,1,cs.SI
3475,5105,6,1,cs.SI
6177,9338,8,1,cs.SI
6220,6221,6,1,cs.SI
4055,8484,1,1,cs.SI
10420,11148,1,1,cs.SI
1034,4419,110,1,cs.SI
886,5970,6,1,cs.SI
887,4261,160,1,cs.SI
6948,6949,1,1,cs.SI
6588,11036,0,1,cs.SI
4400,4401,12,1,cs.SI
716,4667,308,1,cs.SI
1353,6179,2,1,cs.SI
6033,10872,12,1,cs.SI
7103,7104,9,1,cs.SI
7494,8025,4,1,cs.SI
9196,9206,182,1,cs.SI
1177,6557,6,1,cs.SI
11615,11626,324,1,cs.SI
591,4094,54,1,cs.SI
6279,3856,80,1,cs.SI
2917,3583,26,1,cs.SI
1328,7518,0,1,cs.SI
1584,7923,1,1,cs.SI
1621,432,80,1,cs.SI
1967,3069,8,1,cs.SI
7009,7011,18,1,cs.SI
480,2488,138,1,cs.SI
4607,12085,8,1,cs.SI
2225,3657,68,1,cs.SI
1621,2916,144,1,cs.SI
72,1909,26,1,cs.SI
1711,1385,154,1,cs.SI
416,3624,0,1,cs.SI
6234,6235,20,1,cs.SI
7040,7042,0,1,cs.SI
729,7823,60,1,cs.SI
512,5587,18,1,cs.SI
2731,1599,150,1,cs.SI
729,479,525,1,cs.SI
11538,11539,1,1,cs.SI
9206,9207,156,1,cs.SI
6765,10912,1,1,cs.SI
3239,12160,0,1,cs.SI
5549,5550,0,1,cs.SI
6934,8749,0,1,cs.SI
4694,4695,1,1,cs.SI
481,4557,216,1,cs.SI
218,4061,135,1,cs.SI
7295,7296,0,1,cs.SI
9403,9717,8,1,cs.SI
3058,11487,0,1,cs.SI
6748,6750,16,1,cs.SI
5400,6388,4,1,cs.SI
5465,5466,8,1,cs.SI
11856,11858,2,1,cs.SI
4278,4283,20,1,cs.SI
1262,6735,20,1,cs.SI
4329,4330,0,1,cs.SI
3588,3591,6,1,cs.SI
4687,4688,0,1,cs.SI
2161,6334,20,1,cs.SI
1579,3888,7,1,cs.SI
5101,5908,12,1,cs.SI
11596,11597,1,1,cs.SI
1933,7161,10,1,cs.SI
5863,5864,0,1,cs.SI
8289,8290,2,1,cs.SI
5344,5345,9,1,cs.SI
3389,6069,21,1,cs.SI
10147,11615,342,1,cs.SI
2660,10502,0,1,cs.SI
11615,11625,432,1,cs.SI
9492,12174,6,1,cs.SI
4613,10076,26,1,cs.SI
10080,11301,48,1,cs.SI
1001,2213,6,1,cs.SI
1289,3533,11,1,cs.SI
727,3528,12,1,cs.SI
591,4093,216,1,cs.SI
6671,6672,4,1,cs.SI
4613,10908,39,1,cs.SI
4685,6127,16,1,cs.SI
3888,3799,98,1,cs.SI
479,5309,420,1,cs.SI
7492,7494,14,1,cs.SI
5974,5426,14,1,cs.SI
6976,6977,2,1,cs.SI
4155,9352,4,1,cs.SI
958,8538,14,1,cs.SI
7665,7666,2,1,cs.SI
323,983,0,1,cs.SI
3848,7891,6,1,cs.SI
1264,3571,98,1,cs.SI
927,11303,28,1,cs.SI
10481,5288,49,1,cs.SI
6387,11363,4,1,cs.SI
11243,11244,9,1,cs.SI
605,11594,30,1,cs.SI
9203,9207,144,1,cs.SI
1072,4220,63,1,cs.SI
1543,2626,0,1,cs.SI
8405,8406,6,1,cs.SI
11610,11624,440,1,cs.SI
7663,7664,1,1,cs.SI
11617,11627,323,1,cs.SI
8900,8901,2,1,cs.SI
9377,9378,2,1,cs.SI
4395,4396,2,1,cs.SI
2358,2359,0,1,cs.SI
3114,3116,36,1,cs.SI
6709,6714,32,1,cs.SI
7195,9569,6,1,cs.SI
9199,9209,182,1,cs.SI
622,5914,0,1,cs.SI
4639,4640,2,1,cs.SI
728,4279,30,1,cs.SI
3206,4866,27,1,cs.SI
2289,9233,0,1,cs.SI
5414,7112,18,1,cs.SI
866,9268,27,1,cs.SI
11043,11044,1,1,cs.SI
3743,7276,35,1,cs.SI
3651,11974,27,1,cs.SI
1478,2439,42,1,cs.SI
455,456,22,1,cs.SI
2803,5855,12,1,cs.SI
172,7120,238,1,cs.SI
4955,5415,54,1,cs.SI
218,716,594,1,cs.SI
1067,1211,216,1,cs.SI
1264,7412,28,1,cs.SI
7315,7316,0,1,cs.SI
7823,11884,4,1,cs.SI
1751,3624,0,1,cs.SI
6075,6077,18,1,cs.SI
3326,7218,25,1,cs.SI
300,2279,60,1,cs.SI
5224,5226,15,1,cs.SI
395,3278,84,1,cs.SI
42,1211,270,1,cs.SI
144,3533,121,1,cs.SI
5562,9630,10,1,cs.SI
5215,720,225,1,cs.SI
3890,4015,12,1,cs.SI
9348,9349,9,1,cs.SI
9278,9279,6,1,cs.SI
782,9082,231,1,cs.SI
9197,9207,120,1,cs.SI
4344,6575,0,1,cs.SI
8990,9072,5,1,cs.SI
2046,8353,68,1,cs.SI
11537,11539,0,1,cs.SI
11365,11367,4,1,cs.SI
7564,7566,3,1,cs.SI
592,10329,32,1,cs.SI
9202,9206,156,1,cs.SI
78,452,60,1,cs.SI
8961,9827,12,1,cs.SI
720,7854,15,1,cs.SI
105,11769,45,1,cs.SI
3589,3590,4,1,cs.SI
9813,9814,2,1,cs.SI
4499,5853,0,1,cs.SI
1457,12040,0,1,cs.SI
1770,7580,40,1,cs.SI
8511,4684,20,1,cs.SI
5796,11651,4,1,cs.SI
6036,6037,9,1,cs.SI
2314,728,150,1,cs.SI
11771,11773,4,1,cs.SI
5533,5534,4,1,cs.SI
434,9519,54,1,cs.SI
6649,6652,6,1,cs.SI
9971,9972,0,1,cs.SI
881,7949,6,1,cs.SI
42,809,255,1,cs.SI
1628,6410,6,1,cs.SI
9302,9304,36,1,cs.SI
5811,9303,60,1,cs.SI
11284,8006,24,1,cs.SI
6745,6749,16,1,cs.SI
726,4916,7,1,cs.SI
6063,7143,36,1,cs.SI
578,4089,153,1,cs.SI
2314,593,150,1,cs.SI
11611,11623,400,1,cs.SI
8823,11065,81,1,cs.SI
5427,5429,8,1,cs.SI
8569,10276,6,1,cs.SI
9125,9127,3,1,cs.SI
6751,4681,0,1,cs.SI
11436,11438,4,1,cs.SI
8886,8887,6,1,cs.SI
6921,6923,16,1,cs.SI
9347,9348,12,1,cs.SI
592,10330,32,1,cs.SI
48,3732,108,1,cs.SI
11065,11071,81,1,cs.SI
10168,10169,16,1,cs.SI
6234,6236,15,1,cs.SI
7824,7825,0,1,cs.SI
7637,7640,15,1,cs.SI
4846,6762,3,1,cs.SI
507,4955,261,1,cs.SI
5805,5806,112,1,cs.SI
7337,7340,64,1,cs.SI
8029,8845,24,1,cs.SI
8506,8509,2,1,cs.SI
41,6604,20,1,cs.SI
10889,10891,0,1,cs.SI
1,10584,0,1,cs.SI
3891,3892,0,1,cs.SI
6673,11068,80,1,cs.SI
6244,6249,15,1,cs.SI
9990,9992,6,1,cs.SI
4687,10185,6,1,cs.SI
2223,7011,66,1,cs.SI
507,11238,29,1,cs.SI
4955,6293,9,1,cs.SI
591,4096,54,1,cs.SI
8759,9300,63,1,cs.SI
9457,10813,8,1,cs.SI
3663,9107,3,1,cs.SI
10006,10007,4,1,cs.SI
11624,11634,460,1,cs.SI
8749,10280,0,1,cs.SI
5869,11625,552,1,cs.SI
6551,591,189,1,cs.SI
7880,7877,45,1,cs.SI
4165,4166,150,1,cs.SI
2632,5583,8,1,cs.SI
8840,8842,20,1,cs.SI
3155,4903,12,1,cs.SI
721,2854,3,1,cs.SI
6693,9385,6,1,cs.SI
5974,11857,14,1,cs.SI
4699,11886,28,1,cs.SI
4906,5613,18,1,cs.SI
4302,4388,9,1,cs.SI
887,1315,20,1,cs.SI
412,9018,18,1,cs.SI
10224,10226,1,1,cs.SI
6141,6152,25,1,cs.SI
938,10480,42,1,cs.SI
8156,7196,198,1,cs.SI
9550,9551,3,1,cs.SI
5993,5994,0,1,cs.SI
10099,10683,30,1,cs.SI
1621,3743,112,1,cs.SI
6228,11014,4,1,cs.SI
11588,11590,2,1,cs.SI
3454,286,30,1,cs.SI
10476,10478,0,1,cs.SI
2309,4118,0,1,cs.SI
8680,8681,4,1,cs.SI
13,4967,1,1,cs.SI
9601,9602,0,1,cs.SI
144,605,165,1,cs.SI
8637,8639,2,1,cs.SI
660,4139,27,1,cs.SI
2057,10455,24,1,cs.SI
505,2625,70,1,cs.SI
10776,10777,6,1,cs.SI
1881,3114,84,1,cs.SI
1412,2077,15,1,cs.SI
6852,6853,1,1,cs.SI
3454,1034,132,1,cs.SI
1621,4554,96,1,cs.SI
1407,6069,48,1,cs.SI
5806,6387,16,1,cs.SI
5339,5340,24,1,cs.SI
17,573,11,1,cs.SI
7437,7306,0,1,cs.SI
11617,11618,323,1,cs.SI
4419,4421,15,1,cs.SI
4093,9285,32,1,cs.SI
2660,10617,54,1,cs.SI
4552,5420,63,1,cs.SI
10683,10684,25,1,cs.SI
8273,8274,4,1,cs.SI
7872,7873,2,1,cs.SI
4685,8649,8,1,cs.SI
5215,5258,45,1,cs.SI
8816,8844,8,1,cs.SI
4427,8548,0,1,cs.SI
2223,7009,33,1,cs.SI
6394,10753,3,1,cs.SI
7333,7339,70,1,cs.SI
11286,11288,12,1,cs.SI
2579,10490,6,1,cs.SI
9312,9314,0,1,cs.SI
7893,7895,8,1,cs.SI
6078,6080,15,1,cs.SI
5747,11951,14,1,cs.SI
807,2366,48,1,cs.SI
4859,9723,15,1,cs.SI
4955,4952,27,1,cs.SI
8571,8574,10,1,cs.SI
8770,8843,15,1,cs.SI
6975,10045,6,1,cs.SI
1315,1316,4,1,cs.SI
105,9006,30,1,cs.SI
287,2004,187,1,cs.SI
11237,11238,1,1,cs.SI
3641,4280,20,1,cs.SI
4665,6298,33,1,cs.SI
4246,4948,5,1,cs.SI
6169,4687,9,1,cs.SI
9303,9304,36,1,cs.SI
6878,6894,3,1,cs.SI
152,168,8,1,cs.SI
5307,5310,132,1,cs.SI
4591,6292,8,1,cs.SI
3450,4541,33,1,cs.SI
4554,4560,48,1,cs.SI
977,4731,12,1,cs.SI
6459,6465,42,1,cs.SI
5074,7145,3,1,cs.SI
2408,7999,0,1,cs.SI
7491,7493,20,1,cs.SI
9646,9647,4,1,cs.SI
1327,3834,4,1,cs.SI
1710,10481,35,1,cs.SI
3242,4398,44,1,cs.SI
10411,10413,12,1,cs.SI
4125,7231,1,1,cs.SI
1264,715,434,1,cs.SI
1599,4526,10,1,cs.SI
8759,8758,9,1,cs.SI
107,11782,7,1,cs.SI
8663,11629,506,1,cs.SI
11650,11651,6,1,cs.SI
3579,9197,140,1,cs.SI
218,220,189,1,cs.SI
10388,10390,2,1,cs.SI
5029,10993,42,1,cs.SI
7917,7918,9,1,cs.SI
3601,3603,0,1,cs.SI
7494,8024,6,1,cs.SI
11609,11629,418,1,cs.SI
6925,7161,10,1,cs.SI
6245,8662,12,1,cs.SI
715,11620,620,1,cs.SI
12054,12055,1,1,cs.SI
4397,4400,9,1,cs.SI
8297,8298,12,1,cs.SI
3205,3996,0,1,cs.SI
5262,3057,95,1,cs.SI
4907,7885,78,1,cs.SI
11779,11782,1,1,cs.SI
6275,6276,1,1,cs.SI
9336,9337,0,1,cs.SI
1729,11213,8,1,cs.SI
4889,4890,6,1,cs.SI
344,7935,30,1,cs.SI
4837,9922,16,1,cs.SI
804,805,22,1,cs.SI
8840,4552,35,1,cs.SI
807,4089,144,1,cs.SI
9198,9207,84,1,cs.SI
7123,10275,12,1,cs.SI
209,1751,143,1,cs.SI
344,397,60,1,cs.SI
4304,96,143,1,cs.SI
9312,9313,0,1,cs.SI
2171,4104,24,1,cs.SI
551,4106,198,1,cs.SI
8033,8034,2,1,cs.SI
480,1309,115,1,cs.SI
11618,11632,418,1,cs.SI
8680,8686,8,1,cs.SI
11621,11624,440,1,cs.SI
6168,6169,6,1,cs.SI
1904,6648,15,1,cs.SI
2917,6182,13,1,cs.SI
8300,8301,9,1,cs.SI
9119,9124,1,1,cs.SI
1027,6739,0,1,cs.SI
3678,6169,6,1,cs.SI
416,1621,304,1,cs.SI
517,5086,0,1,cs.SI
144,3346,110,1,cs.SI
11760,11761,2,1,cs.SI
9551,9552,1,1,cs.SI
8102,12199,18,1,cs.SI
2533,8829,4,1,cs.SI
494,2341,20,1,cs.SI
506,450,19,1,cs.SI
4591,4593,4,1,cs.SI
214,1808,40,1,cs.SI
2623,7938,1,1,cs.SI
1445,10539,0,1,cs.SI
7871,7872,2,1,cs.SI
9971,9973,0,1,cs.SI
11175,11176,6,1,cs.SI
6003,6004,3,1,cs.SI
11067,11070,88,1,cs.SI
45,7092,21,1,cs.SI
201,2534,12,1,cs.SI
6194,7758,32,1,cs.SI
1649,9288,3,1,cs.SI
543,3604,231,1,cs.SI
6928,6929,0,1,cs.SI
4548,12004,16,1,cs.SI
4663,6297,27,1,cs.SI
3557,9360,6,1,cs.SI
553,2503,1,1,cs.SI
5406,5407,4,1,cs.SI
8663,11617,391,1,cs.SI
5650,5652,2,1,cs.SI
5869,5868,23,1,cs.SI
1141,9345,66,1,cs.SI
10050,11437,8,1,cs.SI
2223,1920,11,1,cs.SI
37,48,324,1,cs.SI
5669,6604,10,1,cs.SI
6110,6111,0,1,cs.SI
317,2579,12,1,cs.SI
6713,6714,40,1,cs.SI
1315,96,26,1,cs.SI
8037,639,12,1,cs.SI
322,4967,2,1,cs.SI
5574,1540,35,1,cs.SI
5307,5313,110,1,cs.SI
807,2062,176,1,cs.SI
479,1606,140,1,cs.SI
9552,9553,2,1,cs.SI
11619,11631,460,1,cs.SI
4685,4684,40,1,cs.SI
7636,7639,4,1,cs.SI
9476,11843,0,1,cs.SI
4426,4428,32,1,cs.SI
2135,1819,35,1,cs.SI
718,4322,0,1,cs.SI
8823,11070,99,1,cs.SI
340,1213,42,1,cs.SI
5171,10675,12,1,cs.SI
2085,10781,0,1,cs.SI
4160,5135,6,1,cs.SI
11325,11327,6,1,cs.SI
11959,11960,1,1,cs.SI
3714,6004,4,1,cs.SI
5760,11594,10,1,cs.SI
11117,11118,6,1,cs.SI
6117,6118,8,1,cs.SI
8628,8629,0,1,cs.SI
3242,4397,33,1,cs.SI
1808,8694,40,1,cs.SI
11616,11623,440,1,cs.SI
901,1291,12,1,cs.SI
11619,11623,400,1,cs.SI
3579,9198,98,1,cs.SI
420,1045,21,1,cs.SI
8477,8681,11,1,cs.SI
11607,11608,30,1,cs.SI
6130,6132,4,1,cs.SI
766,2558,4,1,cs.SI
1996,7891,4,1,cs.SI
9778,9780,0,1,cs.SI
4845,4846,9,1,cs.SI
481,2108,192,1,cs.SI
6449,6453,8,1,cs.SI
11779,11781,1,1,cs.SI
5323,5328,3,1,cs.SI
2367,4421,57,1,cs.SI
11610,11623,440,1,cs.SI
5287,9578,28,1,cs.SI
9200,9204,154,1,cs.SI
2828,3950,6,1,cs.SI
199,5808,18,1,cs.SI
1117,6401,10,1,cs.SI
4457,4458,0,1,cs.SI
5524,5525,0,1,cs.SI
4160,4163,9,1,cs.SI
479,5306,315,1,cs.SI
571,8196,3,1,cs.SI
11989,11990,9,1,cs.SI
5691,6366,3,1,cs.SI
7558,7559,4,1,cs.SI
434,914,126,1,cs.SI
5257,7112,30,1,cs.SI
1045,4717,28,1,cs.SI
1425,6551,70,1,cs.SI
8323,8324,6,1,cs.SI
633,5528,21,1,cs.SI
3475,3477,4,1,cs.SI
5323,5326,4,1,cs.SI
1740,6462,25,1,cs.SI
9173,11069,110,1,cs.SI
11615,11630,396,1,cs.SI
7327,7328,35,1,cs.SI
6226,6228,16,1,cs.SI
715,11626,558,1,cs.SI
6388,11363,8,1,cs.SI
3861,3862,1,1,cs.SI
83,7009,144,1,cs.SI
3917,6056,5,1,cs.SI
3463,7830,9,1,cs.SI
10993,10996,56,1,cs.SI
2798,9111,48,1,cs.SI
8573,8574,8,1,cs.SI
12101,12103,20,1,cs.SI
6754,6755,1,1,cs.SI
7634,7637,15,1,cs.SI
2225,5999,51,1,cs.SI
5293,5292,3,1,cs.SI
6056,7617,2,1,cs.SI
7982,7983,1,1,cs.SI
3238,4051,1,1,cs.SI
6558,6559,6,1,cs.SI
720,1168,75,1,cs.SI
10649,10754,6,1,cs.SI
9458,9459,0,1,cs.SI
2973,5429,4,1,cs.SI
3504,4477,2,1,cs.SI
3057,1857,76,1,cs.SI
11627,11629,418,1,cs.SI
6309,11117,14,1,cs.SI
1,10418,28,1,cs.SI
7491,9072,10,1,cs.SI
9059,9061,1,1,cs.SI
8816,8845,8,1,cs.SI
5593,5594,4,1,cs.SI
3579,9202,168,1,cs.SI
7789,8976,4,1,cs.SI
6735,10930,8,1,cs.SI
5076,5077,2,1,cs.SI
452,2873,204,1,cs.SI
5974,11856,7,1,cs.SI
24,324,0,1,cs.SI
6548,6549,1,1,cs.SI
2161,11132,20,1,cs.SI
2314,3890,180,1,cs.SI
4293,5356,35,1,cs.SI
2161,2388,25,1,cs.SI
7943,9702,12,1,cs.SI
3128,6220,3,1,cs.SI
698,4169,36,1,cs.SI
11611,11626,360,1,cs.SI
7194,7195,21,1,cs.SI
3273,718,56,1,cs.SI
209,729,165,1,cs.SI
7509,7510,6,1,cs.SI
7638,7639,12,1,cs.SI
416,1605,95,1,cs.SI
11780,11782,3,1,cs.SI
7140,7142,15,1,cs.SI
1026,6795,0,1,cs.SI
6463,6466,35,1,cs.SI
4972,9735,20,1,cs.SI
5693,5697,20,1,cs.SI
120,8766,4,1,cs.SI
901,10471,0,1,cs.SI
1258,6279,64,1,cs.SI
1353,6178,2,1,cs.SI
269,7312,42,1,cs.SI
151,152,8,1,cs.SI
42,1290,90,1,cs.SI
6229,6235,12,1,cs.SI
11613,11616,506,1,cs.SI
8307,8308,12,1,cs.SI
11621,11627,418,1,cs.SI
416,7881,114,1,cs.SI
8306,8312,6,1,cs.SI
5869,11609,437,1,cs.SI
9198,9209,98,1,cs.SI
11176,11177,6,1,cs.SI
1027,4420,22,1,cs.SI
8585,2543,7,1,cs.SI
2797,10460,51,1,cs.SI
451,2091,84,1,cs.SI
2314,4016,90,1,cs.SI
6000,6002,9,1,cs.SI
5356,10678,5,1,cs.SI
10596,10597,4,1,cs.SI
6150,6154,20,1,cs.SI
6460,6466,40,1,cs.SI
4634,4636,1,1,cs.SI
11297,11299,4,1,cs.SI
6744,6745,16,1,cs.SI
6077,6079,18,1,cs.SI
2543,6789,84,1,cs.SI
7143,8403,12,1,cs.SI
5307,5314,121,1,cs.SI
11853,11854,0,1,cs.SI
6029,6033,18,1,cs.SI
605,3888,105,1,cs.SI
4016,9030,0,1,cs.SI
250,7269,4,1,cs.SI
507,7112,87,1,cs.SI
3961,12089,16,1,cs.SI
684,479,595,1,cs.SI
11283,11288,20,1,cs.SI
10147,11623,380,1,cs.SI
11245,11247,9,1,cs.SI
2257,9148,12,1,cs.SI
2797,507,493,1,cs.SI
5795,11584,12,1,cs.SI
5215,5256,210,1,cs.SI
7892,7894,9,1,cs.SI
1362,9531,14,1,cs.SI
1455,12040,0,1,cs.SI
6862,11076,4,1,cs.SI
11487,11488,0,1,cs.SI
9275,9276,7,1,cs.SI
11612,11614,399,1,cs.SI
809,2242,102,1,cs.SI
9807,9808,12,1,cs.SI
6818,6820,0,1,cs.SI
11065,11068,90,1,cs.SI
4613,2004,143,1,cs.SI
5172,5171,30,1,cs.SI
11255,11885,15,1,cs.SI
6282,1258,88,1,cs.SI
11324,11326,3,1,cs.SI
6451,6453,8,1,cs.SI
4685,3505,64,1,cs.SI
1211,551,324,1,cs.SI
132,5700,6,1,cs.SI
5074,5076,6,1,cs.SI
6850,6851,0,1,cs.SI
3341,4523,22,1,cs.SI
4182,4181,6,1,cs.SI
3670,7336,72,1,cs.SI
77,6673,16,1,cs.SI
8937,8938,6,1,cs.SI
8488,10902,0,1,cs.SI
8896,8898,0,1,cs.SI
4193,4194,110,1,cs.SI
3641,8089,5,1,cs.SI
4982,4985,0,1,cs.SI
9963,9964,3,1,cs.SI
7526,12174,10,1,cs.SI
8680,8683,8,1,cs.SI
2731,4395,30,1,cs.SI
710,7868,20,1,cs.SI
3663,11759,3,1,cs.SI
502,503,7,1,cs.SI
452,10067,12,1,cs.SI
1322,2679,12,1,cs.SI
8323,8399,12,1,cs.SI
6043,7254,0,1,cs.SI
11609,11634,437,1,cs.SI
112,715,620,1,cs.SI
2091,4859,35,1,cs.SI
3987,4493,4,1,cs.SI
5403,5404,9,1,cs.SI
7199,7200,3,1,cs.SI
62,506,133,1,cs.SI
3016,5791,54,1,cs.SI
3857,3858,30,1,cs.SI
2172,7790,12,1,cs.SI
869,7755,16,1,cs.SI
634,11591,1,1,cs.SI
1364,6056,8,1,cs.SI
6059,6392,8,1,cs.SI
8240,8241,24,1,cs.SI
5809,5810,12,1,cs.SI
6251,8660,6,1,cs.SI
2367,2731,285,1,cs.SI
12163,12165,1,1,cs.SI
10086,10534,4,1,cs.SI
5336,5338,12,1,cs.SI
10680,11162,48,1,cs.SI
6748,6749,16,1,cs.SI
8624,8625,2,1,cs.SI
2577,7102,36,1,cs.SI
395,7936,72,1,cs.SI
6229,6236,9,1,cs.SI
636,2770,0,1,cs.SI
41,6741,10,1,cs.SI
7777,9349,27,1,cs.SI
10933,10934,0,1,cs.SI
2335,7968,4,1,cs.SI
10657,10658,4,1,cs.SI
11346,11347,15,1,cs.SI
8037,3890,24,1,cs.SI
10628,10629,1,1,cs.SI
9121,11975,18,1,cs.SI
2748,5599,14,1,cs.SI
9199,9205,156,1,cs.SI
230,7904,4,1,cs.SI
416,914,133,1,cs.SI
11511,11513,3,1,cs.SI
10970,10971,8,1,cs.SI
10223,10879,6,1,cs.SI
2799,8584,28,1,cs.SI
1067,11758,0,1,cs.SI
9484,11885,18,1,cs.SI
4592,6788,56,1,cs.SI
1322,2917,78,1,cs.SI
4177,5506,1,1,cs.SI
9200,9202,132,1,cs.SI
5371,5372,0,1,cs.SI
455,10311,22,1,cs.SI
172,9722,102,1,cs.SI
224,6207,2,1,cs.SI
9778,9779,0,1,cs.SI
11515,11517,2,1,cs.SI
10113,10114,0,1,cs.SI
1849,8074,0,1,cs.SI
1904,8805,15,1,cs.SI
304,10701,0,1,cs.SI
252,1426,72,1,cs.SI
2085,8570,16,1,cs.SI
1660,9142,48,1,cs.SI
5310,5315,132,1,cs.SI
710,2255,20,1,cs.SI
11621,11628,528,1,cs.SI
1161,11156,34,1,cs.SI
636,6035,36,1,cs.SI
11682,11683,2,1,cs.SI
3579,3580,56,1,cs.SI
1411,4669,0,1,cs.SI
10988,10994,80,1,cs.SI
45,7228,14,1,cs.SI
4684,7577,10,1,cs.SI
9584,9585,4,1,cs.SI
263,3539,0,1,cs.SI
10473,10474,0,1,cs.SI
6994,6996,2,1,cs.SI
8839,8841,54,1,cs.SI
11537,11538,0,1,cs.SI
3460,7964,10,1,cs.SI
5028,10990,24,1,cs.SI
199,4382,27,1,cs.SI
2702,4407,6,1,cs.SI
2314,4015,60,1,cs.SI
711,7864,49,1,cs.SI
3670,7340,64,1,cs.SI
5220,6974,10,1,cs.SI
3580,1412,12,1,cs.SI
5342,5344,6,1,cs.SI
506,994,57,1,cs.SI
2830,6741,1,1,cs.SI
938,1161,238,1,cs.SI
941,2255,20,1,cs.SI
2120,3278,56,1,cs.SI
6194,6197,48,1,cs.SI
6279,6542,112,1,cs.SI
3782,2570,28,1,cs.SI
304,6690,0,1,cs.SI
2755,3189,30,1,cs.SI
3340,4221,63,1,cs.SI
260,152,52,1,cs.SI
3888,6729,21,1,cs.SI
2314,9302,180,1,cs.SI
220,5611,14,1,cs.SI
698,2702,54,1,cs.SI
4607,9724,24,1,cs.SI
260,6044,26,1,cs.SI
317,4916,6,1,cs.SI
6789,6787,24,1,cs.SI
1407,5882,16,1,cs.SI
10080,12195,64,1,cs.SI
11286,11287,15,1,cs.SI
958,9484,84,1,cs.SI
3533,895,11,1,cs.SI
9457,9459,0,1,cs.SI
37,1621,288,1,cs.SI
1249,1250,99,1,cs.SI
5908,5910,8,1,cs.SI
2003,9926,2,1,cs.SI
4340,4343,9,1,cs.SI
4417,4418,2,1,cs.SI
11619,11627,380,1,cs.SI
8663,11609,437,1,cs.SI
9551,9553,2,1,cs.SI
6028,6034,12,1,cs.SI
2367,2797,323,1,cs.SI
62,1850,0,1,cs.SI
6247,8209,5,1,cs.SI
5304,5316,132,1,cs.SI
317,726,42,1,cs.SI
11614,11620,420,1,cs.SI
1258,11295,20,1,cs.SI
4946,4948,3,1,cs.SI
8477,8687,22,1,cs.SI
7844,7846,6,1,cs.SI
4174,11366,10,1,cs.SI
5867,4622,65,1,cs.SI
543,3285,210,1,cs.SI
591,6525,54,1,cs.SI
12005,12007,0,1,cs.SI
684,4699,68,1,cs.SI
3378,8734,1,1,cs.SI
1326,9599,0,1,cs.SI
4194,7904,40,1,cs.SI
1710,2822,30,1,cs.SI
9189,11277,0,1,cs.SI
52,4589,7,1,cs.SI
2814,3146,6,1,cs.SI
3205,5438,9,1,cs.SI
573,479,385,1,cs.SI
10336,11807,0,1,cs.SI
51,9203,156,1,cs.SI
5072,5073,28,1,cs.SI
3284,11853,26,1,cs.SI
4525,4526,2,1,cs.SI
5262,422,35,1,cs.SI
868,1642,21,1,cs.SI
11500,11501,0,1,cs.SI
2660,8033,9,1,cs.SI
1861,10776,24,1,cs.SI
605,5944,45,1,cs.SI
11680,11681,6,1,cs.SI
3837,3838,1,1,cs.SI
857,6693,8,1,cs.SI
1072,209,231,1,cs.SI
727,3380,3,1,cs.SI
2314,6333,0,1,cs.SI
1420,6913,3,1,cs.SI
543,3657,84,1,cs.SI
51,9208,156,1,cs.SI
5365,5366,0,1,cs.SI
5427,5428,24,1,cs.SI
8156,9194,88,1,cs.SI
578,8960,17,1,cs.SI
7289,7291,8,1,cs.SI
9046,9048,0,1,cs.SI
6673,4547,112,1,cs.SI
5335,5336,9,1,cs.SI
4951,4956,27,1,cs.SI
207,269,252,1,cs.SI
2479,2702,36,1,cs.SI
9978,10035,12,1,cs.SI
3057,1855,38,1,cs.SI
4829,4832,3,1,cs.SI
6282,6542,154,1,cs.SI
5674,5677,9,1,cs.SI
2311,5092,1,1,cs.SI
1077,1093,5,1,cs.SI
6244,6251,18,1,cs.SI
6229,6233,15,1,cs.SI
683,6491,115,1,cs.SI
2540,2542,24,1,cs.SI
7780,7855,8,1,cs.SI
1161,8169,170,1,cs.SI
11612,11615,342,1,cs.SI
6469,6471,8,1,cs.SI
4686,4688,0,1,cs.SI
4914,6279,80,1,cs.SI
481,434,432,1,cs.SI
4592,6787,16,1,cs.SI
3156,9928,8,1,cs.SI
3915,395,60,1,cs.SI
507,8267,58,1,cs.SI
1465,11594,6,1,cs.SI
3340,6489,63,1,cs.SI
3340,4219,84,1,cs.SI
7145,7146,3,1,cs.SI
7142,11251,5,1,cs.SI
9456,9459,0,1,cs.SI
5306,5315,99,1,cs.SI
6910,6911,0,1,cs.SI
1196,10099,54,1,cs.SI
72,3484,78,1,cs.SI
5184,5185,0,1,cs.SI
199,5809,27,1,cs.SI
8675,10080,128,1,cs.SI
4663,895,9,1,cs.SI
11617,11620,340,1,cs.SI
90,11738,17,1,cs.SI
1,11791,14,1,cs.SI
9600,9601,0,1,cs.SI
10055,10056,0,1,cs.SI
66,2731,90,1,cs.SI
1,4639,14,1,cs.SI
12160,12161,0,1,cs.SI
209,1867,11,1,cs.SI
5342,5347,6,1,cs.SI
7199,7201,2,1,cs.SI
5305,5311,88,1,cs.SI
683,4220,69,1,cs.SI
9085,9087,2,1,cs.SI
11780,11781,3,1,cs.SI
9462,11772,12,1,cs.SI
11809,11811,1,1,cs.SI
3802,4381,78,1,cs.SI
11609,11620,380,1,cs.SI
2091,3321,49,1,cs.SI
5601,5602,6,1,cs.SI
51,9205,156,1,cs.SI
8288,8290,3,1,cs.SI
1080,10358,0,1,cs.SI
1141,7124,66,1,cs.SI
9259,9260,16,1,cs.SI
1680,6697,12,1,cs.SI
9428,9429,15,1,cs.SI
1881,11608,35,1,cs.SI
6711,6709,32,1,cs.SI
7451,10471,0,1,cs.SI
866,5232,45,1,cs.SI
684,9472,17,1,cs.SI
8030,10590,10,1,cs.SI
11784,11787,4,1,cs.SI
37,6751,126,1,cs.SI
10634,10635,0,1,cs.SI
315,7026,15,1,cs.SI
2797,3242,187,1,cs.SI
1453,5821,6,1,cs.SI
578,2855,102,1,cs.SI
11941,11942,3,1,cs.SI
1642,8265,3,1,cs.SI
9978,9980,24,1,cs.SI
251,416,209,1,cs.SI
42,2822,90,1,cs.SI
7408,932,12,1,cs.SI
6918,8472,8,1,cs.SI
62,7201,14,1,cs.SI
5290,4079,35,1,cs.SI
5146,5147,1,1,cs.SI
10811,10812,6,1,cs.SI
4193,10002,22,1,cs.SI
54,4031,184,1,cs.SI
3836,7228,12,1,cs.SI
207,210,36,1,cs.SI
4246,1419,15,1,cs.SI
209,1241,66,1,cs.SI
4558,6426,0,1,cs.SI
9035,9036,3,1,cs.SI
10772,10774,4,1,cs.SI
7997,7998,1,1,cs.SI
9981,10035,14,1,cs.SI
683,3512,115,1,cs.SI
2446,7218,105,1,cs.SI
508,4056,4,1,cs.SI
2006,9728,4,1,cs.SI
7122,9749,8,1,cs.SI
4699,9484,24,1,cs.SI
11067,11071,72,1,cs.SI
5914,9948,0,1,cs.SI
11117,11120,4,1,cs.SI
11908,11909,6,1,cs.SI
2798,11867,12,1,cs.SI
2577,5921,18,1,cs.SI
7777,9350,9,1,cs.SI
3205,11921,9,1,cs.SI
507,9921,29,1,cs.SI
999,6576,6,1,cs.SI
8704,8705,2,1,cs.SI
716,1384,110,1,cs.SI
6181,11150,1,1,cs.SI
10535,10536,4,1,cs.SI
5554,5622,54,1,cs.SI
9197,9201,170,1,cs.SI
6250,6245,42,1,cs.SI
3156,5588,40,1,cs.SI
5305,5314,121,1,cs.SI
7182,7183,0,1,cs.SI
913,7076,7,1,cs.SI
5820,5821,6,1,cs.SI
9679,9682,8,1,cs.SI
728,4280,20,1,cs.SI
2043,6878,6,1,cs.SI
6029,6030,15,1,cs.SI
591,5160,81,1,cs.SI
5877,5878,0,1,cs.SI
7642,7643,0,1,cs.SI
251,6475,33,1,cs.SI
481,2025,288,1,cs.SI
9197,9208,120,1,cs.SI
8596,10167,30,1,cs.SI
4891,4892,1,1,cs.SI
4194,2314,300,1,cs.SI
5097,5098,1,1,cs.SI
2314,8265,30,1,cs.SI
3284,287,442,1,cs.SI
2748,5600,21,1,cs.SI
4605,7408,48,1,cs.SI
7871,7874,2,1,cs.SI
9484,9485,6,1,cs.SI
2273,4240,8,1,cs.SI
8888,8890,1,1,cs.SI
6673,9173,80,1,cs.SI
5477,5478,0,1,cs.SI
11303,11347,12,1,cs.SI
2314,8037,120,1,cs.SI
72,318,26,1,cs.SI
11585,11584,18,1,cs.SI
6282,11437,44,1,cs.SI
4605,4607,64,1,cs.SI
3023,8015,15,1,cs.SI
3620,3621,0,1,cs.SI
8823,11064,72,1,cs.SI
3632,4850,12,1,cs.SI
1211,2873,306,1,cs.SI
4806,11379,1,1,cs.SI
10336,11806,0,1,cs.SI
10680,11397,24,1,cs.SI
5405,5406,4,1,cs.SI
6029,6032,15,1,cs.SI
6654,6655,0,1,cs.SI
270,4086,24,1,cs.SI
481,4558,192,1,cs.SI
3114,11608,60,1,cs.SI
9147,9150,12,1,cs.SI
691,479,245,1,cs.SI
5440,5442,20,1,cs.SI
710,1898,5,1,cs.SI
505,5350,14,1,cs.SI
8731,1168,20,1,cs.SI
2199,7423,1,1,cs.SI
2918,8478,36,1,cs.SI
593,6525,10,1,cs.SI
808,1234,6,1,cs.SI
8828,8830,4,1,cs.SI
7998,7999,0,1,cs.SI
11633,11634,506,1,cs.SI
517,10635,0,1,cs.SI
7893,7894,6,1,cs.SI
9335,9336,0,1,cs.SI
10683,10685,30,1,cs.SI
10124,10126,12,1,cs.SI
2255,7868,16,1,cs.SI
138,3337,1,1,cs.SI
1411,7977,14,1,cs.SI
4392,10115,0,1,cs.SI
382,3802,299,1,cs.SI
3641,4278,20,1,cs.SI
6001,6002,18,1,cs.SI
11929,11930,1,1,cs.SI
5505,5506,2,1,cs.SI
7567,7568,0,1,cs.SI
450,1291,6,1,cs.SI
10724,10725,2,1,cs.SI
3206,4465,0,1,cs.SI
11630,11632,484,1,cs.SI
2108,10091,8,1,cs.SI
9195,9198,112,1,cs.SI
2632,3743,56,1,cs.SI
1584,7924,1,1,cs.SI
2797,8053,51,1,cs.SI
11617,11626,306,1,cs.SI
1740,6464,35,1,cs.SI
3482,7967,42,1,cs.SI
96,3328,39,1,cs.SI
8169,1168,50,1,cs.SI
8106,8180,6,1,cs.SI
93,4664,21,1,cs.SI
1034,11607,132,1,cs.SI
9485,9486,1,1,cs.SI
8663,11613,529,1,cs.SI
1407,1848,80,1,cs.SI
1711,3189,66,1,cs.SI
6063,9030,0,1,cs.SI
1650,7353,4,1,cs.SI
3064,9192,25,1,cs.SI
6786,9260,28,1,cs.SI
632,11100,14,1,cs.SI
6231,6233,30,1,cs.SI
4955,5446,45,1,cs.SI
6489,6491,15,1,cs.SI
72,7407,52,1,cs.SI
1081,3979,2,1,cs.SI
7228,7230,4,1,cs.SI
8715,8716,0,1,cs.SI
4455,4456,18,1,cs.SI
4455,8677,24,1,cs.SI
8996,8997,6,1,cs.SI
11611,11614,420,1,cs.SI
395,7930,36,1,cs.SI
4452,4994,12,1,cs.SI
720,12028,60,1,cs.SI
6819,6820,0,1,cs.SI
4613,10906,52,1,cs.SI
51,9201,221,1,cs.SI
2731,7120,105,1,cs.SI
2312,9428,21,1,cs.SI
385,412,36,1,cs.SI
10622,10623,12,1,cs.SI
11619,11626,360,1,cs.SI
11609,11613,437,1,cs.SI
715,11628,744,1,cs.SI
583,1642,24,1,cs.SI
11506,11509,6,1,cs.SI
1027,4419,55,1,cs.SI
7330,8395,20,1,cs.SI
4095,4096,14,1,cs.SI
6092,6095,3,1,cs.SI
8897,8898,0,1,cs.SI
479,5305,385,1,cs.SI
9598,9599,0,1,cs.SI
1072,3340,441,1,cs.SI
11486,11487,0,1,cs.SI
382,9533,46,1,cs.SI
505,901,28,1,cs.SI
4580,11757,0,1,cs.SI
728,4282,30,1,cs.SI
4890,4891,3,1,cs.SI
11397,11665,8,1,cs.SI
9198,9208,84,1,cs.SI
9057,9058,15,1,cs.SI
2446,11302,63,1,cs.SI
2257,9150,12,1,cs.SI
6816,6817,0,1,cs.SI
6983,6985,0,1,cs.SI
7312,7943,36,1,cs.SI
220,4031,28,1,cs.SI
207,2223,198,1,cs.SI
808,5111,18,1,cs.SI
507,4914,145,1,cs.SI
4907,4905,12,1,cs.SI
2675,2676,35,1,cs.SI
8942,8949,1,1,cs.SI
1953,11940,54,1,cs.SI
8663,10147,437,1,cs.SI
502,8337,14,1,cs.SI
8996,8995,3,1,cs.SI
5405,5407,4,1,cs.SI
54,2074,368,1,cs.SI
11623,11627,380,1,cs.SI
2367,8052,57,1,cs.SI
199,4217,36,1,cs.SI
1034,169,44,1,cs.SI
1,5777,112,1,cs.SI
6650,6653,6,1,cs.SI
4488,4491,12,1,cs.SI
4290,8196,3,1,cs.SI
9346,9350,3,1,cs.SI
866,4515,27,1,cs.SI
132,8867,6,1,cs.SI
10147,11620,380,1,cs.SI
48,416,342,1,cs.SI
48,1484,342,1,cs.SI
4541,11414,6,1,cs.SI
9737,12166,4,1,cs.SI
4198,9887,2,1,cs.SI
5654,9534,36,1,cs.SI
11397,11398,4,1,cs.SI
3284,1364,208,1,cs.SI
3579,9203,168,1,cs.SI
270,2057,64,1,cs.SI
5877,6389,0,1,cs.SI
6598,6599,0,1,cs.SI
1148,2727,1,1,cs.SI
5996,5997,16,1,cs.SI
691,1319,21,1,cs.SI
6387,7383,6,1,cs.SI
5287,12189,14,1,cs.SI
270,5268,16,1,cs.SI
11609,11612,361,1,cs.SI
5744,8396,40,1,cs.SI
9758,9759,4,1,cs.SI
6673,11064,64,1,cs.SI
6348,6349,12,1,cs.SI
4867,8717,8,1,cs.SI
5029,10988,48,1,cs.SI
507,6776,261,1,cs.SI
7009,7010,15,1,cs.SI
4829,6879,12,1,cs.SI
5257,6104,90,1,cs.SI
12133,12134,0,1,cs.SI
715,11617,527,1,cs.SI
48,4629,216,1,cs.SI
456,5190,4,1,cs.SI
829,1751,52,1,cs.SI
3205,11922,9,1,cs.SI
10679,11164,42,1,cs.SI
926,4543,4,1,cs.SI
7494,8023,5,1,cs.SI
10125,10126,9,1,cs.SI
913,3917,35,1,cs.SI
1721,1723,1,1,cs.SI
9202,9204,168,1,cs.SI
9757,10227,0,1,cs.SI
6073,6076,6,1,cs.SI
5794,9057,35,1,cs.SI
3613,6783,10,1,cs.SI
2171,4481,32,1,cs.SI
1660,4763,12,1,cs.SI
934,4678,18,1,cs.SI
2120,10101,48,1,cs.SI
9346,9349,9,1,cs.SI
5290,8053,21,1,cs.SI
5996,5998,4,1,cs.SI
480,8271,69,1,cs.SI
2020,5619,2,1,cs.SI
4455,8630,24,1,cs.SI
5752,11100,6,1,cs.SI
4297,7587,10,1,cs.SI
6849,6851,1,1,cs.SI
12088,12090,20,1,cs.SI
3340,10492,21,1,cs.SI
7901,7903,2,1,cs.SI
11507,11509,4,1,cs.SI
7518,12194,0,1,cs.SI
8156,4193,242,1,cs.SI
37,7880,162,1,cs.SI
11619,11624,400,1,cs.SI
6279,11767,16,1,cs.SI
9251,1478,28,1,cs.SI
477,478,1,1,cs.SI
7777,7776,9,1,cs.SI
5533,5537,3,1,cs.SI
4712,4713,1,1,cs.SI
93,4663,63,1,cs.SI
6226,11015,16,1,cs.SI
6938,6939,1,1,cs.SI
5462,5463,6,1,cs.SI
3023,11491,15,1,cs.SI
4951,4954,27,1,cs.SI
7123,7693,12,1,cs.SI
4856,6572,9,1,cs.SI
10035,10038,6,1,cs.SI
4552,8900,7,1,cs.SI
11436,11437,8,1,cs.SI
6543,6794,0,1,cs.SI
715,11615,558,1,cs.SI
1896,9148,9,1,cs.SI
958,11255,70,1,cs.SI
10518,10519,4,1,cs.SI
938,505,196,1,cs.SI
6,1211,324,1,cs.SI
3610,9091,0,1,cs.SI
2674,2676,20,1,cs.SI
3571,8418,7,1,cs.SI
172,4859,170,1,cs.SI
4453,4454,9,1,cs.SI
3958,3959,0,1,cs.SI
4261,11439,32,1,cs.SI
40,300,90,1,cs.SI
45,665,70,1,cs.SI
6659,10096,6,1,cs.SI
512,5585,15,1,cs.SI
4950,4954,6,1,cs.SI
6029,6028,6,1,cs.SI
9992,9993,8,1,cs.SI
5817,5818,0,1,cs.SI
4376,6662,0,1,cs.SI
6685,9334,8,1,cs.SI
3346,9092,30,1,cs.SI
684,9815,17,1,cs.SI
218,2637,108,1,cs.SI
4856,6780,18,1,cs.SI
11280,11281,2,1,cs.SI
2596,4085,0,1,cs.SI
8025,8640,4,1,cs.SI
4684,8649,5,1,cs.SI
4607,9080,16,1,cs.SI
7143,7140,18,1,cs.SI
4304,4804,66,1,cs.SI
4262,5131,10,1,cs.SI
10016,10018,1,1,cs.SI
2540,9486,6,1,cs.SI
8310,8311,15,1,cs.SI
1364,4914,40,1,cs.SI
132,1019,6,1,cs.SI
5419,4552,35,1,cs.SI
6038,6040,0,1,cs.SI
11463,11464,12,1,cs.SI
9198,9199,91,1,cs.SI
9082,11758,0,1,cs.SI
1385,634,14,1,cs.SI
382,7010,115,1,cs.SI
2046,9506,17,1,cs.SI
11610,11618,418,1,cs.SI
7332,7336,99,1,cs.SI
3284,2926,104,1,cs.SI
6084,6086,4,1,cs.SI
172,720,510,1,cs.SI
3587,3589,6,1,cs.SI
4392,6516,32,1,cs.SI
7079,7080,4,1,cs.SI
2314,6520,30,1,cs.SI
5462,5464,8,1,cs.SI
111,507,261,1,cs.SI
8110,8112,1,1,cs.SI
52,53,35,1,cs.SI
2917,8997,26,1,cs.SI
605,9082,165,1,cs.SI
37,1825,36,1,cs.SI
10684,10685,30,1,cs.SI
7967,9762,9,1,cs.SI
9813,9815,1,1,cs.SI
10990,10991,80,1,cs.SI
6282,4308,132,1,cs.SI
1721,1724,8,1,cs.SI
54,634,46,1,cs.SI
3590,3591,4,1,cs.SI
1407,5293,48,1,cs.SI
7491,8023,50,1,cs.SI
8759,9303,54,1,cs.SI
7693,8569,3,1,cs.SI
47,1383,20,1,cs.SI
4815,4814,3,1,cs.SI
7666,7667,2,1,cs.SI
72,4607,104,1,cs.SI
1264,2665,14,1,cs.SI
6029,6031,9,1,cs.SI
218,216,189,1,cs.SI
11612,11626,342,1,cs.SI
7332,7338,110,1,cs.SI
6112,9092,18,1,cs.SI
7669,7670,0,1,cs.SI
149,7514,0,1,cs.SI
10080,5421,96,1,cs.SI
8264,8265,3,1,cs.SI
2708,5644,2,1,cs.SI
715,11618,589,1,cs.SI
6063,8404,18,1,cs.SI
6230,6236,18,1,cs.SI
455,7733,22,1,cs.SI
4407,5744,10,1,cs.SI
4951,4952,27,1,cs.SI
7942,9702,2,1,cs.SI
941,7866,25,1,cs.SI
573,4548,44,1,cs.SI
11614,11628,504,1,cs.SI
395,4169,24,1,cs.SI
17,385,4,1,cs.SI
573,6435,11,1,cs.SI
1376,4265,6,1,cs.SI
4699,11885,12,1,cs.SI
55,7358,4,1,cs.SI
1067,1407,192,1,cs.SI
1877,9495,2,1,cs.SI
4261,7543,64,1,cs.SI
955,1933,8,1,cs.SI
801,5621,15,1,cs.SI
144,1234,11,1,cs.SI
660,6355,54,1,cs.SI
9148,9150,9,1,cs.SI
6461,6466,30,1,cs.SI
5029,10992,42,1,cs.SI
10147,11622,399,1,cs.SI
41,9386,30,1,cs.SI
4457,4459,0,1,cs.SI
684,1967,136,1,cs.SI
1248,10412,66,1,cs.SI
1711,9278,22,1,cs.SI
260,801,39,1,cs.SI
1660,9143,48,1,cs.SI
11492,11494,12,1,cs.SI
3284,5216,104,1,cs.SI
6033,10871,12,1,cs.SI
252,7011,144,1,cs.SI
3128,6221,2,1,cs.SI
4218,9511,2,1,cs.SI
7599,7600,4,1,cs.SI
9403,9402,4,1,cs.SI
660,9870,36,1,cs.SI
1275,7761,0,1,cs.SI
1248,7881,132,1,cs.SI
93,8783,7,1,cs.SI
866,865,0,1,cs.SI
5099,8695,5,1,cs.SI
7157,7618,5,0,cs.SI
9375,11188,6,0,cs.SI
4579,6514,1,0,cs.SI
5453,8210,5,0,cs.SI
6744,9700,28,0,cs.SI
5423,9350,0,0,cs.SI
9338,9994,12,0,cs.SI
3886,9970,4,0,cs.SI
2342,6759,6,0,cs.SI
2755,5994,0,0,cs.SI
9689,9779,1,0,cs.SI
3656,10676,4,0,cs.SI
10090,11843,0,0,cs.SI
4589,5288,7,0,cs.SI
4837,10457,32,0,cs.SI
4388,6955,3,0,cs.SI
5803,6229,6,0,cs.SI
1414,9149,5,0,cs.SI
4267,9029,15,0,cs.SI
6875,8843,9,0,cs.SI
2870,9623,6,0,cs.SI
6864,11543,1,0,cs.SI
7089,7231,1,0,cs.SI
7084,7790,2,0,cs.SI
4712,9415,0,0,cs.SI
9620,12015,6,0,cs.SI
172,8719,68,0,cs.SI
3999,6361,2,0,cs.SI
9765,10038,0,0,cs.SI
8271,10620,12,0,cs.SI
6355,9981,42,0,cs.SI
1130,10414,21,0,cs.SI
5086,8695,0,0,cs.SI
3791,7351,3,0,cs.SI
2366,8899,12,0,cs.SI
5731,10382,9,0,cs.SI
565,10492,6,0,cs.SI
1950,9780,1,0,cs.SI
4281,5270,36,0,cs.SI
6044,10325,6,0,cs.SI
1942,7417,0,0,cs.SI
8575,11237,2,0,cs.SI
7880,8497,18,0,cs.SI
7407,12069,16,0,cs.SI
6542,8652,21,0,cs.SI
7739,10327,6,0,cs.SI
8488,10302,6,0,cs.SI
6304,6465,28,0,cs.SI
3790,7103,6,0,cs.SI
2632,3024,24,0,cs.SI
3892,8548,0,0,cs.SI
4983,9827,6,0,cs.SI
4105,10678,4,0,cs.SI
4454,5462,6,0,cs.SI
7567,9470,0,0,cs.SI
1350,3605,45,0,cs.SI
3529,6955,2,0,cs.SI
4350,7327,35,0,cs.SI
385,10358,0,0,cs.SI
886,4373,14,0,cs.SI
5134,7372,4,0,cs.SI
2004,5563,0,0,cs.SI
9580,9718,0,0,cs.SI
2848,8548,0,0,cs.SI
5694,9286,18,0,cs.SI
7504,7549,6,0,cs.SI
371,4080,2,0,cs.SI
1668,12029,10,0,cs.SI
7197,11858,10,0,cs.SI
3231,5805,42,0,cs.SI
198,5549,8,0,cs.SI
7575,9415,0,0,cs.SI
631,3896,0,0,cs.SI
1026,10167,0,0,cs.SI
8596,11044,6,0,cs.SI
11681,12101,8,0,cs.SI
10112,10895,2,0,cs.SI
428,6276,21,0,cs.SI
4169,7930,6,0,cs.SI
6513,8687,4,0,cs.SI
9551,12176,1,0,cs.SI
6796,9304,0,0,cs.SI
1877,11241,2,0,cs.SI
5941,9464,2,0,cs.SI
4699,4977,4,0,cs.SI
9338,12068,4,0,cs.SI
5046,11357,2,0,cs.SI
3559,5462,4,0,cs.SI
4161,4664,9,0,cs.SI
1618,4421,6,0,cs.SI
5910,6852,2,0,cs.SI
4216,11510,6,0,cs.SI
634,4925,4,0,cs.SI
4806,10558,3,0,cs.SI
9085,10655,2,0,cs.SI
2245,5602,3,0,cs.SI
591,3800,81,0,cs.SI
6475,6746,15,0,cs.SI
11556,11781,4,0,cs.SI
3844,7702,1,0,cs.SI
7781,12120,2,0,cs.SI
10787,12130,2,0,cs.SI
2738,6788,14,0,cs.SI
6107,8799,9,0,cs.SI
11397,11501,0,0,cs.SI
5362,6467,8,0,cs.SI
1249,7076,11,0,cs.SI
4355,11188,6,0,cs.SI
315,7135,6,0,cs.SI
10042,10700,3,0,cs.SI
5400,11683,1,0,cs.SI
2257,4156,16,0,cs.SI
6093,10069,22,0,cs.SI
914,7580,28,0,cs.SI
7542,7566,3,0,cs.SI
4271,4778,1,0,cs.SI
3389,8182,7,0,cs.SI
9083,9805,20,0,cs.SI
7914,12133,3,0,cs.SI
10069,11971,8,0,cs.SI
3791,9016,6,0,cs.SI
8717,8844,8,0,cs.SI
5154,5619,2,0,cs.SI
2511,4157,0,0,cs.SI
4606,12203,1,0,cs.SI
8312,9927,9,0,cs.SI
2808,6595,10,0,cs.SI
7720,10726,10,0,cs.SI
8110,9420,1,0,cs.SI
1425,10391,10,0,cs.SI
3378,10280,1,0,cs.SI
6279,7836,16,0,cs.SI
4559,4808,27,0,cs.SI
2257,6757,12,0,cs.SI
6169,9770,9,0,cs.SI
4998,11945,20,0,cs.SI
6275,6410,1,0,cs.SI
1068,8289,4,0,cs.SI
4396,7001,1,0,cs.SI
1876,5344,3,0,cs.SI
5225,5391,4,0,cs.SI
1777,10326,6,0,cs.SI
711,5836,7,0,cs.SI
4433,11349,2,0,cs.SI
6243,11827,2,0,cs.SI
6501,12122,4,0,cs.SI
7641,10145,5,0,cs.SI
5580,6787,2,0,cs.SI
2004,4483,22,0,cs.SI
8209,11914,3,0,cs.SI
4400,11437,6,0,cs.SI
8843,11148,3,0,cs.SI
4596,5490,0,0,cs.SI
6768,6958,3,0,cs.SI
1531,1904,5,0,cs.SI
7910,11474,12,0,cs.SI
300,6323,15,0,cs.SI
11251,11580,1,0,cs.SI
9148,12018,9,0,cs.SI
5888,11491,18,0,cs.SI
6608,12189,6,0,cs.SI
3914,10416,2,0,cs.SI
5747,6002,21,0,cs.SI
7370,8576,3,0,cs.SI
4106,5598,11,0,cs.SI
10016,11949,5,0,cs.SI
105,5631,30,0,cs.SI
220,8550,7,0,cs.SI
3664,8111,8,0,cs.SI
6108,6282,44,0,cs.SI
5074,8655,6,0,cs.SI
6965,8563,5,0,cs.SI
1862,6182,3,0,cs.SI
7999,8554,0,0,cs.SI
4524,10317,3,0,cs.SI
1123,10080,16,0,cs.SI
5300,9492,24,0,cs.SI
3539,4589,0,0,cs.SI
983,4407,2,0,cs.SI
1681,8501,2,0,cs.SI
4466,7194,7,0,cs.SI
4552,11584,21,0,cs.SI
6140,9617,2,0,cs.SI
4866,5327,9,0,cs.SI
994,5850,6,0,cs.SI
6140,8570,8,0,cs.SI
5881,12102,10,0,cs.SI
159,10683,20,0,cs.SI
7372,11780,6,0,cs.SI
6887,7272,1,0,cs.SI
4623,10682,36,0,cs.SI
7547,9682,12,0,cs.SI
4951,9464,18,0,cs.SI
7340,11455,16,0,cs.SI
3250,10879,8,0,cs.SI
5583,10989,8,0,cs.SI
7894,10171,9,0,cs.SI
5882,9973,0,0,cs.SI
2172,10558,18,0,cs.SI
4048,6514,2,0,cs.SI
3396,4373,7,0,cs.SI
2868,7143,18,0,cs.SI
4454,10091,3,0,cs.SI
5847,7099,3,0,cs.SI
710,8548,0,0,cs.SI
592,864,16,0,cs.SI
8412,8677,4,0,cs.SI
6886,9276,1,0,cs.SI
583,7954,8,0,cs.SI
4365,9231,3,0,cs.SI
4330,10442,0,0,cs.SI
5147,10664,1,0,cs.SI
4642,9625,4,0,cs.SI
7528,11668,2,0,cs.SI
3999,5238,2,0,cs.SI
5531,5851,0,0,cs.SI
8029,8652,18,0,cs.SI
8786,10995,20,0,cs.SI
3454,4212,12,0,cs.SI
1275,10432,8,0,cs.SI
833,11219,1,0,cs.SI
2230,9084,3,0,cs.SI
6030,11807,0,0,cs.SI
6801,8944,9,0,cs.SI
10162,11854,0,0,cs.SI
4019,8944,3,0,cs.SI
10730,11817,6,0,cs.SI
6520,8781,3,0,cs.SI
5363,8194,16,0,cs.SI
53,2024,20,0,cs.SI
5877,6200,0,0,cs.SI
5081,8890,2,0,cs.SI
6285,7194,7,0,cs.SI
7825,8485,2,0,cs.SI
4984,11172,1,0,cs.SI
4818,9599,0,0,cs.SI
6930,11919,1,0,cs.SI
8246,9710,6,0,cs.SI
9858,11335,2,0,cs.SI
410,3838,4,0,cs.SI
6751,10147,133,0,cs.SI
2447,7333,42,0,cs.SI
7296,7323,3,0,cs.SI
6757,10572,3,0,cs.SI
5993,9422,0,0,cs.SI
3988,7393,0,0,cs.SI
9107,9602,0,0,cs.SI
2737,11717,0,0,cs.SI
6604,8263,4,0,cs.SI
715,8207,62,0,cs.SI
456,12068,2,0,cs.SI
2434,7780,12,0,cs.SI
8555,9619,6,0,cs.SI
1681,9757,0,0,cs.SI
179,4593,3,0,cs.SI
7217,8053,6,0,cs.SI
4677,10476,0,0,cs.SI
2210,10780,0,0,cs.SI
4268,12034,0,0,cs.SI
4496,10055,0,0,cs.SI
573,11542,0,0,cs.SI
4076,9469,3,0,cs.SI
4384,5155,2,0,cs.SI
5622,9751,0,0,cs.SI
96,9030,0,0,cs.SI
730,10479,12,0,cs.SI
7779,11096,2,0,cs.SI
4410,10891,0,0,cs.SI
9224,9346,9,0,cs.SI
3838,10994,10,0,cs.SI
4997,6895,12,0,cs.SI
4847,6233,30,0,cs.SI
78,3728,0,0,cs.SI
2486,4914,10,0,cs.SI
8266,9758,4,0,cs.SI
2676,6243,5,0,cs.SI
4081,4829,9,0,cs.SI
2230,10098,1,0,cs.SI
8212,9378,8,0,cs.SI
83,5505,96,0,cs.SI
4742,9270,1,0,cs.SI
6568,6983,2,0,cs.SI
5139,11975,3,0,cs.SI
5936,6132,4,0,cs.SI
5302,7572,3,0,cs.SI
10273,10786,8,0,cs.SI
198,11758,0,0,cs.SI
622,9462,4,0,cs.SI
2206,5310,72,0,cs.SI
5367,6060,10,0,cs.SI
503,12134,0,0,cs.SI
8186,11082,3,0,cs.SI
1634,9285,8,0,cs.SI
1747,10474,3,0,cs.SI
9749,12177,2,0,cs.SI
2244,5422,1,0,cs.SI
154,317,0,0,cs.SI
4766,11469,12,0,cs.SI
8425,9872,4,0,cs.SI
10810,11255,15,0,cs.SI
5331,10460,6,0,cs.SI
6236,8351,3,0,cs.SI
9973,11549,0,0,cs.SI
4499,9404,0,0,cs.SI
6246,8401,4,0,cs.SI
8639,8705,2,0,cs.SI
5293,11107,3,0,cs.SI
6990,9313,2,0,cs.SI
6959,8831,1,0,cs.SI
7351,11012,2,0,cs.SI
1431,8180,2,0,cs.SI
6799,7912,3,0,cs.SI
6741,11726,2,0,cs.SI
4131,10441,12,0,cs.SI
6746,9855,25,0,cs.SI
866,11785,27,0,cs.SI
9304,11166,6,0,cs.SI
7677,10544,1,0,cs.SI
2135,9284,35,0,cs.SI
7635,8561,12,0,cs.SI
10390,11958,4,0,cs.SI
1146,7229,8,0,cs.SI
4339,11495,8,0,cs.SI
4174,4746,10,0,cs.SI
670,5808,2,0,cs.SI
4806,6042,1,0,cs.SI
3117,5674,9,0,cs.SI
2287,6007,15,0,cs.SI
3284,8740,52,0,cs.SI
3579,9677,56,0,cs.SI
6783,8991,10,0,cs.SI
1000,11726,8,0,cs.SI
8548,9812,0,0,cs.SI
1263,9247,6,0,cs.SI
45,9813,7,0,cs.SI
3278,5664,7,0,cs.SI
4292,4365,1,0,cs.SI
1493,2210,8,0,cs.SI
8234,9801,2,0,cs.SI
5659,8294,2,0,cs.SI
6178,10988,8,0,cs.SI
6608,10572,3,0,cs.SI
9072,10491,4,0,cs.SI
631,7026,10,0,cs.SI
2230,3528,4,0,cs.SI
3859,7866,35,0,cs.SI
9804,9888,4,0,cs.SI
4492,11485,3,0,cs.SI
4560,8093,24,0,cs.SI
4932,8639,4,0,cs.SI
683,8793,46,0,cs.SI
2841,8291,2,0,cs.SI
7703,10286,2,0,cs.SI
42,1414,15,0,cs.SI
4015,8787,4,0,cs.SI
48,2540,108,0,cs.SI
68,9917,14,0,cs.SI
2464,9738,2,0,cs.SI
7020,8423,8,0,cs.SI
9845,11582,3,0,cs.SI
9870,11904,4,0,cs.SI
9303,9987,6,0,cs.SI
1681,8654,3,0,cs.SI
4907,7764,18,0,cs.SI
3904,9221,1,0,cs.SI
4399,11378,10,0,cs.SI
1315,2217,12,0,cs.SI
2111,7749,1,0,cs.SI
6475,11188,6,0,cs.SI
3714,8422,8,0,cs.SI
8500,11325,6,0,cs.SI
4976,6816,0,0,cs.SI
4674,5840,8,0,cs.SI
7922,9664,2,0,cs.SI
6003,9428,9,0,cs.SI
3572,9506,1,0,cs.SI
4592,8138,24,0,cs.SI
3959,6654,0,0,cs.SI
6863,8416,6,0,cs.SI
4524,5788,9,0,cs.SI
683,9300,161,0,cs.SI
5462,9046,0,0,cs.SI
6981,10772,4,0,cs.SI
5759,9827,24,0,cs.SI
958,4809,14,0,cs.SI
7378,7964,6,0,cs.SI
7172,10339,12,0,cs.SI
5475,6886,2,0,cs.SI
6677,9988,4,0,cs.SI
2135,6542,49,0,cs.SI
5313,8019,10,0,cs.SI
608,10145,2,0,cs.SI
4333,7919,4,0,cs.SI
11596,11614,21,0,cs.SI
5117,10853,6,0,cs.SI
804,9302,66,0,cs.SI
11301,11702,12,0,cs.SI
6444,8181,4,0,cs.SI
762,9830,3,0,cs.SI
10302,11323,9,0,cs.SI
6500,9802,12,0,cs.SI
4601,7297,1,0,cs.SI
4979,9198,7,0,cs.SI
7577,11857,4,0,cs.SI
3898,8866,2,0,cs.SI
4139,5960,3,0,cs.SI
6207,10339,4,0,cs.SI
5841,12088,5,0,cs.SI
287,7327,119,0,cs.SI
2577,12085,9,0,cs.SI
1580,3228,4,0,cs.SI
4265,11368,6,0,cs.SI
929,10357,2,0,cs.SI
6519,7084,2,0,cs.SI
7576,11339,0,0,cs.SI
5664,7207,1,0,cs.SI
4094,9191,10,0,cs.SI
217,8696,4,0,cs.SI
1751,4952,39,0,cs.SI
5222,9571,4,0,cs.SI
729,8089,15,0,cs.SI
6180,9316,4,0,cs.SI
4433,6908,4,0,cs.SI
720,10340,15,0,cs.SI
6490,10381,9,0,cs.SI
7089,7671,1,0,cs.SI
6222,9663,4,0,cs.SI
9082,9582,22,0,cs.SI
4990,6947,6,0,cs.SI
1605,10324,15,0,cs.SI
66,138,6,0,cs.SI
577,842,12,0,cs.SI
4211,10363,0,0,cs.SI
6762,9118,3,0,cs.SI
7912,8912,18,0,cs.SI
6303,7292,9,0,cs.SI
5339,6871,6,0,cs.SI
7505,12088,5,0,cs.SI
5883,11810,7,0,cs.SI
4393,4598,3,0,cs.SI
5561,11759,3,0,cs.SI
1360,2950,8,0,cs.SI
4675,7730,20,0,cs.SI
4925,8399,16,0,cs.SI
407,11663,8,0,cs.SI
5257,12027,20,0,cs.SI
9105,11263,4,0,cs.SI
6944,10070,0,0,cs.SI
5531,11772,0,0,cs.SI
4173,9963,0,0,cs.SI
6494,12085,1,0,cs.SI
7466,9212,4,0,cs.SI
5196,11373,18,0,cs.SI
5414,5674,18,0,cs.SI
6686,9137,14,0,cs.SI
8241,9388,18,0,cs.SI
550,7318,2,0,cs.SI
766,11372,8,0,cs.SI
3428,9586,21,0,cs.SI
1968,5694,48,0,cs.SI
4164,7556,9,0,cs.SI
3670,9119,8,0,cs.SI
7884,9990,6,0,cs.SI
6449,8406,8,0,cs.SI
1877,6744,8,0,cs.SI
414,8562,6,0,cs.SI
857,9805,16,0,cs.SI
3614,7762,1,0,cs.SI
6081,10459,12,0,cs.SI
2245,4632,4,0,cs.SI
10578,10901,2,0,cs.SI
6930,6994,1,0,cs.SI
5332,6027,4,0,cs.SI
5682,11918,6,0,cs.SI
4394,6561,8,0,cs.SI
4391,4915,12,0,cs.SI
2009,9007,3,0,cs.SI
3557,7084,2,0,cs.SI
198,11682,8,0,cs.SI
1746,10174,4,0,cs.SI
9450,11131,4,0,cs.SI
8347,10286,4,0,cs.SI
6033,8963,6,0,cs.SI
6561,9119,4,0,cs.SI
1579,10442,3,0,cs.SI
9925,11689,2,0,cs.SI
5779,5965,6,0,cs.SI
7792,12135,4,0,cs.SI
5192,9286,6,0,cs.SI
3816,4082,0,0,cs.SI
4061,4487,25,0,cs.SI
6778,8824,39,0,cs.SI
4940,10499,2,0,cs.SI
842,5193,6,0,cs.SI
5492,7040,1,0,cs.SI
1177,5708,3,0,cs.SI
4666,7635,6,0,cs.SI
1876,5974,7,0,cs.SI
6335,7207,1,0,cs.SI
868,4958,35,0,cs.SI
10683,11488,10,0,cs.SI
4821,7923,3,0,cs.SI
9677,11150,4,0,cs.SI
10706,10834,2,0,cs.SI
2197,5099,10,0,cs.SI
5611,6358,4,0,cs.SI
5212,12131,4,0,cs.SI
6549,9530,2,0,cs.SI
4837,10527,24,0,cs.SI
416,5996,76,0,cs.SI
7084,8462,1,0,cs.SI
1877,7372,4,0,cs.SI
5211,7327,21,0,cs.SI
1250,5404,27,0,cs.SI
7566,11540,2,0,cs.SI
5659,6291,3,0,cs.SI
2920,11500,0,0,cs.SI
8025,11825,4,0,cs.SI
4820,5190,8,0,cs.SI
9737,10419,24,0,cs.SI
458,5998,1,0,cs.SI
2727,4546,6,0,cs.SI
5355,8997,8,0,cs.SI
7572,8401,1,0,cs.SI
4546,7058,12,0,cs.SI
10935,11946,10,0,cs.SI
4393,5504,12,0,cs.SI
10620,11791,4,0,cs.SI
1191,4307,30,0,cs.SI
5537,6795,0,0,cs.SI
2805,11146,5,0,cs.SI
4693,8654,9,0,cs.SI
1731,4666,12,0,cs.SI
1917,10046,2,0,cs.SI
9514,9708,8,0,cs.SI
8781,11929,3,0,cs.SI
6097,6494,1,0,cs.SI
5947,11919,3,0,cs.SI
4371,6653,12,0,cs.SI
4808,6276,3,0,cs.SI
9840,10781,0,0,cs.SI
7969,10473,0,0,cs.SI
4264,10499,3,0,cs.SI
4057,11826,4,0,cs.SI
4539,5599,14,0,cs.SI
5649,6074,4,0,cs.SI
11245,11326,9,0,cs.SI
5330,6586,14,0,cs.SI
8393,10773,45,0,cs.SI
7243,9142,4,0,cs.SI
4389,8400,12,0,cs.SI
1540,12166,7,0,cs.SI
6130,7466,4,0,cs.SI
6216,6715,18,0,cs.SI
1851,8235,7,0,cs.SI
1549,3620,0,0,cs.SI
5554,6861,36,0,cs.SI
1937,12067,2,0,cs.SI
7105,9702,1,0,cs.SI
6938,8542,1,0,cs.SI
6788,7551,21,0,cs.SI
2434,11332,6,0,cs.SI
4848,8541,2,0,cs.SI
2848,7414,6,0,cs.SI
5935,11247,6,0,cs.SI
419,5875,4,0,cs.SI
4418,10125,6,0,cs.SI
4950,6193,16,0,cs.SI
2665,4668,1,0,cs.SI
11219,11839,2,0,cs.SI
3238,5878,1,0,cs.SI
7604,9427,4,0,cs.SI
5059,11469,4,0,cs.SI
5339,11752,12,0,cs.SI
4165,4202,30,0,cs.SI
6894,8184,3,0,cs.SI
6432,11945,4,0,cs.SI
2007,4066,15,0,cs.SI
1721,6449,4,0,cs.SI
3750,6031,24,0,cs.SI
6108,11561,6,0,cs.SI
9230,10168,16,0,cs.SI
7066,10776,4,0,cs.SI
8039,11282,12,0,cs.SI
10337,10674,8,0,cs.SI
4279,6002,18,0,cs.SI
4796,5883,0,0,cs.SI
4822,7598,8,0,cs.SI
5624,8106,24,0,cs.SI
4557,9887,18,0,cs.SI
1291,7480,30,0,cs.SI
7873,9299,16,0,cs.SI
7297,7791,6,0,cs.SI
2426,9625,3,0,cs.SI
9719,11914,9,0,cs.SI
8588,10184,3,0,cs.SI
5058,11257,3,0,cs.SI
6560,9978,12,0,cs.SI
7785,8139,6,0,cs.SI
6939,7265,1,0,cs.SI
3576,7283,9,0,cs.SI
6862,8393,10,0,cs.SI
6536,11118,0,0,cs.SI
4301,10842,2,0,cs.SI
1936,9208,12,0,cs.SI
3664,9238,8,0,cs.SI
5122,6933,1,0,cs.SI
2287,9173,30,0,cs.SI
1650,10050,16,0,cs.SI
3858,8960,5,0,cs.SI
1613,4124,9,0,cs.SI
3816,10046,0,0,cs.SI
215,4085,0,0,cs.SI
5660,11828,1,0,cs.SI
10829,11500,0,0,cs.SI
7632,8661,0,0,cs.SI
8863,10100,4,0,cs.SI
4054,7330,5,0,cs.SI
5146,10789,1,0,cs.SI
4867,4958,20,0,cs.SI
8509,10956,2,0,cs.SI
3482,11045,28,0,cs.SI
1827,11673,3,0,cs.SI
4685,5332,16,0,cs.SI
3387,6463,35,0,cs.SI
1621,7632,0,0,cs.SI
9085,10185,4,0,cs.SI
9308,11017,12,0,cs.SI
4845,6632,9,0,cs.SI
805,5505,4,0,cs.SI
1072,11856,21,0,cs.SI
5820,10366,6,0,cs.SI
7362,10535,2,0,cs.SI
10304,10752,3,0,cs.SI
10906,11431,8,0,cs.SI
941,9306,10,0,cs.SI
10342,10455,0,0,cs.SI
4297,11235,5,0,cs.SI
7781,11915,3,0,cs.SI
3228,9071,1,0,cs.SI
7574,11064,0,0,cs.SI
4125,7861,2,0,cs.SI
8763,9617,1,0,cs.SI
9948,10680,12,0,cs.SI
9601,11247,0,0,cs.SI
4066,10929,6,0,cs.SI
1876,9821,2,0,cs.SI
8677,10373,4,0,cs.SI
9471,10728,35,0,cs.SI
5713,6461,30,0,cs.SI
4681,5231,0,0,cs.SI
3858,8312,15,0,cs.SI
6886,8718,2,0,cs.SI
8561,10054,16,0,cs.SI
3231,9202,36,0,cs.SI
1484,4085,0,0,cs.SI
6878,9617,3,0,cs.SI
414,9510,2,0,cs.SI
6959,6981,2,0,cs.SI
1712,3805,12,0,cs.SI
6228,6767,4,0,cs.SI
5312,6094,27,0,cs.SI
670,7894,3,0,cs.SI
639,11699,6,0,cs.SI
5908,6268,12,0,cs.SI
6197,9260,24,0,cs.SI
5970,10789,3,0,cs.SI
80,6222,8,0,cs.SI
4603,11295,5,0,cs.SI
8270,11539,0,0,cs.SI
4410,5504,4,0,cs.SI
3058,4821,3,0,cs.SI
8343,9314,0,0,cs.SI
6948,11150,1,0,cs.SI
458,6030,5,0,cs.SI
8413,8555,4,0,cs.SI
1690,4316,4,0,cs.SI
6677,10543,4,0,cs.SI
1,866,126,0,cs.SI
7777,8084,18,0,cs.SI
9449,10843,2,0,cs.SI
10915,11282,18,0,cs.SI
1414,4762,2,0,cs.SI
5832,11619,40,0,cs.SI
5405,8922,2,0,cs.SI
4607,5644,16,0,cs.SI
5594,7397,2,0,cs.SI
3101,8961,4,0,cs.SI
3374,9385,3,0,cs.SI
9771,10076,6,0,cs.SI
6141,9601,0,0,cs.SI
6183,6449,8,0,cs.SI
1250,8976,9,0,cs.SI
2199,6385,1,0,cs.SI
7351,11511,1,0,cs.SI
9994,11810,3,0,cs.SI
1572,7306,0,0,cs.SI
7637,8347,6,0,cs.SI
5663,7883,12,0,cs.SI
8353,9047,0,0,cs.SI
6948,8624,1,0,cs.SI
1862,4148,12,0,cs.SI
4365,4812,2,0,cs.SI
2841,8224,1,0,cs.SI
729,11582,15,0,cs.SI
762,7329,2,0,cs.SI
7237,11881,4,0,cs.SI
577,10810,6,0,cs.SI
5729,11067,32,0,cs.SI
1613,8138,9,0,cs.SI
6901,7087,7,0,cs.SI
9569,10628,2,0,cs.SI
5466,6672,8,0,cs.SI
4169,10126,6,0,cs.SI
93,8402,7,0,cs.SI
4376,6929,0,0,cs.SI
1671,7182,0,0,cs.SI
7405,8575,6,0,cs.SI
1896,6217,12,0,cs.SI
1000,11672,8,0,cs.SI
2822,5888,36,0,cs.SI
2908,10995,30,0,cs.SI
1311,11076,2,0,cs.SI
6713,7157,25,0,cs.SI
9280,9563,12,0,cs.SI
1128,5972,1,0,cs.SI
4856,9084,27,0,cs.SI
1782,6990,2,0,cs.SI
1751,11612,247,0,cs.SI
4727,9873,2,0,cs.SI
4231,6551,7,0,cs.SI
7236,8402,6,0,cs.SI
2214,11867,2,0,cs.SI
9059,10619,4,0,cs.SI
1322,3069,6,0,cs.SI
2081,3646,1,0,cs.SI
5512,11496,8,0,cs.SI
6670,9796,2,0,cs.SI
2444,6178,1,0,cs.SI
4281,10731,30,0,cs.SI
1718,5140,3,0,cs.SI
8165,10298,3,0,cs.SI
5422,8978,1,0,cs.SI
8035,9551,3,0,cs.SI
6198,8116,14,0,cs.SI
1425,10107,90,0,cs.SI
6586,7969,14,0,cs.SI
8597,9254,14,0,cs.SI
1163,10107,0,0,cs.SI
10889,11870,0,0,cs.SI
152,10657,8,0,cs.SI
11512,11589,3,0,cs.SI
4456,12016,12,0,cs.SI
5216,10572,4,0,cs.SI
3059,10773,18,0,cs.SI
7388,11402,4,0,cs.SI
1877,8323,6,0,cs.SI
5903,7157,15,0,cs.SI
1316,6386,6,0,cs.SI
2214,4381,12,0,cs.SI
5810,10492,4,0,cs.SI
508,1028,10,0,cs.SI
839,8038,10,0,cs.SI
5447,7142,25,0,cs.SI
895,9510,1,0,cs.SI
3967,11680,15,0,cs.SI
4841,7103,0,0,cs.SI
8249,10125,9,0,cs.SI
5163,8960,1,0,cs.SI
6309,11115,0,0,cs.SI
6551,8662,14,0,cs.SI
6154,6631,5,0,cs.SI
4699,7284,8,0,cs.SI
4181,8490,2,0,cs.SI
2739,4015,2,0,cs.SI
5233,6437,5,0,cs.SI
6967,9134,10,0,cs.SI
4973,10004,4,0,cs.SI
6169,8596,18,0,cs.SI
1587,9630,32,0,cs.SI
8289,9645,6,0,cs.SI
7037,9086,3,0,cs.SI
8267,8723,4,0,cs.SI
4101,12066,6,0,cs.SI
5512,10174,4,0,cs.SI
1220,5528,0,0,cs.SI
4217,8979,4,0,cs.SI
111,5506,9,0,cs.SI
9419,10628,9,0,cs.SI
1410,5917,2,0,cs.SI
2680,10731,35,0,cs.SI
2437,9512,12,0,cs.SI
3915,7036,5,0,cs.SI
9121,11465,24,0,cs.SI
4343,10223,9,0,cs.SI
9804,11378,8,0,cs.SI
9855,10557,10,0,cs.SI
7229,11628,48,0,cs.SI
4601,7894,3,0,cs.SI
2469,7514,1,0,cs.SI
1241,6080,30,0,cs.SI
7853,9585,2,0,cs.SI
1876,8168,1,0,cs.SI
5231,11938,9,0,cs.SI
641,5154,8,0,cs.SI
3326,8110,5,0,cs.SI
8899,10755,8,0,cs.SI
7414,11614,21,0,cs.SI
5214,7195,9,0,cs.SI
2020,11043,2,0,cs.SI
6038,11285,0,0,cs.SI
6235,7778,16,0,cs.SI
4465,11537,0,0,cs.SI
6326,10111,0,0,cs.SI
4523,4690,4,0,cs.SI
6471,8399,8,0,cs.SI
1444,3155,12,0,cs.SI
3589,10676,4,0,cs.SI
6245,6366,18,0,cs.SI
6971,11574,12,0,cs.SI
4688,8289,0,0,cs.SI
635,807,32,0,cs.SI
4159,10011,6,0,cs.SI
6388,8486,4,0,cs.SI
6720,11174,6,0,cs.SI
4148,11313,28,0,cs.SI
5220,7103,15,0,cs.SI
9071,11369,3,0,cs.SI
5047,11870,1,0,cs.SI
4054,4332,4,0,cs.SI
208,11930,1,0,cs.SI
1850,2652,0,0,cs.SI
4822,6913,4,0,cs.SI
2062,11282,66,0,cs.SI
4943,10995,20,0,cs.SI
3279,3581,9,0,cs.SI
10340,11608,5,0,cs.SI
413,7789,4,0,cs.SI
6449,7943,48,0,cs.SI
4847,10798,12,0,cs.SI
5941,11594,2,0,cs.SI
7049,8353,4,0,cs.SI
3239,9143,16,0,cs.SI
209,9307,22,0,cs.SI
2257,7850,4,0,cs.SI
4372,8555,6,0,cs.SI
80,9830,6,0,cs.SI
7785,10752,2,0,cs.SI
7355,9856,2,0,cs.SI
866,8115,45,0,cs.SI
5663,8324,6,0,cs.SI
10572,10952,2,0,cs.SI
7017,8027,8,0,cs.SI
3857,9048,0,0,cs.SI
6149,6231,12,0,cs.SI
8167,11613,23,0,cs.SI
5344,6886,3,0,cs.SI
5732,10674,6,0,cs.SI
3229,6446,1,0,cs.SI
7009,10014,3,0,cs.SI
1407,8740,32,0,cs.SI
7208,10080,32,0,cs.SI
4210,11917,12,0,cs.SI
153,11189,16,0,cs.SI
10476,11630,0,0,cs.SI
5821,6932,2,0,cs.SI
3504,4292,2,0,cs.SI
4230,9122,5,0,cs.SI
3811,4443,12,0,cs.SI
547,5752,6,0,cs.SI
5059,12207,1,0,cs.SI
5477,9751,0,0,cs.SI
1933,10777,6,0,cs.SI
1028,10405,10,0,cs.SI
5158,6444,2,0,cs.SI
7549,11397,6,0,cs.SI
8587,11767,1,0,cs.SI
9413,10534,6,0,cs.SI
2805,11200,0,0,cs.SI
5343,6489,9,0,cs.SI
631,6690,0,0,cs.SI
1549,5683,16,0,cs.SI
4418,7228,4,0,cs.SI
7868,11150,4,0,cs.SI
5067,6325,1,0,cs.SI
4962,8783,1,0,cs.SI
1191,10404,5,0,cs.SI
1322,7855,12,0,cs.SI
5323,5613,3,0,cs.SI
1967,2409,40,0,cs.SI
6985,7684,0,0,cs.SI
8903,9910,6,0,cs.SI
4173,5181,0,0,cs.SI
6056,6546,2,0,cs.SI
5644,11068,20,0,cs.SI
4217,6685,16,0,cs.SI
5619,8500,2,0,cs.SI
4179,4852,3,0,cs.SI
260,6489,39,0,cs.SI
931,6285,4,0,cs.SI
10358,11507,0,0,cs.SI
4818,6910,0,0,cs.SI
1948,4466,2,0,cs.SI
3743,6801,21,0,cs.SI
3750,6697,16,0,cs.SI
7034,7252,4,0,cs.SI
5881,11245,6,0,cs.SI
10672,11145,0,0,cs.SI
9495,10580,2,0,cs.SI
209,4988,44,0,cs.SI
6735,10668,4,0,cs.SI
3321,4304,77,0,cs.SI
10418,11005,6,0,cs.SI
4812,12055,2,0,cs.SI
5910,7143,12,0,cs.SI
6179,7942,2,0,cs.SI
3019,7502,9,0,cs.SI
3886,7316,0,0,cs.SI
6486,11217,8,0,cs.SI
6450,9308,12,0,cs.SI
608,5343,6,0,cs.SI
4264,8845,12,0,cs.SI
5668,6154,15,0,cs.SI
3988,11650,0,0,cs.SI
6409,11787,8,0,cs.SI
5231,8633,6,0,cs.SI
2664,3374,2,0,cs.SI
5793,10471,0,0,cs.SI
1359,8630,12,0,cs.SI
6356,7881,0,0,cs.SI
3962,11633,22,0,cs.SI
1000,4676,8,0,cs.SI
2426,4225,9,0,cs.SI
6711,8832,16,0,cs.SI
7703,9760,3,0,cs.SI
6002,8106,9,0,cs.SI
9203,12147,12,0,cs.SI
229,10019,12,0,cs.SI
5828,11633,22,0,cs.SI
5362,6879,4,0,cs.SI
8584,11989,6,0,cs.SI
11296,11601,16,0,cs.SI
11458,12188,4,0,cs.SI
4086,8406,6,0,cs.SI
1724,10341,8,0,cs.SI
2613,8782,2,0,cs.SI
9531,9733,8,0,cs.SI
6490,10971,12,0,cs.SI
4812,9709,4,0,cs.SI
2266,9083,10,0,cs.SI
8542,8730,3,0,cs.SI
3844,6959,1,0,cs.SI
726,7568,0,0,cs.SI
6119,9980,16,0,cs.SI
5257,6309,70,0,cs.SI
3962,5868,1,0,cs.SI
6795,9971,0,0,cs.SI
4803,7387,7,0,cs.SI
4107,12113,5,0,cs.SI
7105,10047,1,0,cs.SI
5647,6085,6,0,cs.SI
9930,11177,3,0,cs.SI
2755,5954,25,0,cs.SI
5506,5817,0,0,cs.SI
8759,9194,36,0,cs.SI
6184,8541,0,0,cs.SI
428,11373,126,0,cs.SI
4051,6247,5,0,cs.SI
4717,11175,12,0,cs.SI
8680,11381,4,0,cs.SI
4433,7969,4,0,cs.SI
6157,9310,12,0,cs.SI
9248,10590,16,0,cs.SI
8828,10907,10,0,cs.SI
4211,11797,0,0,cs.SI
5695,6512,18,0,cs.SI
3656,11166,2,0,cs.SI
4561,7071,20,0,cs.SI
4407,6784,4,0,cs.SI
5909,10264,9,0,cs.SI
4155,11673,2,0,cs.SI
9554,12066,3,0,cs.SI
1579,8251,1,0,cs.SI
5537,9574,0,0,cs.SI
8037,10004,8,0,cs.SI
6156,6879,36,0,cs.SI
1081,10338,6,0,cs.SI
2057,7615,0,0,cs.SI
5348,11135,6,0,cs.SI
909,7373,4,0,cs.SI
6199,9284,30,0,cs.SI
573,8470,44,0,cs.SI
7417,11873,0,0,cs.SI
2171,11280,8,0,cs.SI
5099,5821,10,0,cs.SI
5414,6650,12,0,cs.SI
2242,7368,18,0,cs.SI
1968,9114,16,0,cs.SI
6918,7430,12,0,cs.SI
5599,5878,2,0,cs.SI
948,8124,0,0,cs.SI
5454,6543,15,0,cs.SI
6228,11333,4,0,cs.SI
8288,10116,6,0,cs.SI
1857,7068,8,0,cs.SI
3915,10500,5,0,cs.SI
1230,6381,6,0,cs.SI
5661,11716,1,0,cs.SI
3143,4098,1,0,cs.SI
5537,11537,0,0,cs.SI
9120,10539,0,0,cs.SI
5371,11096,0,0,cs.SI
8677,11510,12,0,cs.SI
691,10160,7,0,cs.SI
10127,11941,12,0,cs.SI
3882,5340,4,0,cs.SI
1618,3380,2,0,cs.SI
6675,10044,1,0,cs.SI
1275,2223,88,0,cs.SI
4847,12178,12,0,cs.SI
5287,6034,42,0,cs.SI
866,11854,0,0,cs.SI
9690,12088,5,0,cs.SI
4624,6736,30,0,cs.SI
4904,11220,12,0,cs.SI
5697,10627,15,0,cs.SI
6297,8902,12,0,cs.SI
7369,8102,12,0,cs.SI
6641,9349,3,0,cs.SI
1668,4899,15,0,cs.SI
5471,7139,15,0,cs.SI
1020,6026,6,0,cs.SI
4878,10566,0,0,cs.SI
5974,9974,7,0,cs.SI
4990,7360,6,0,cs.SI
7512,10518,0,0,cs.SI
4488,6030,15,0,cs.SI
864,6947,3,0,cs.SI
6424,9536,20,0,cs.SI
4666,11549,4,0,cs.SI
7395,8541,4,0,cs.SI
1777,8634,2,0,cs.SI
9036,9964,1,0,cs.SI
2427,5332,6,0,cs.SI
4747,8541,2,0,cs.SI
5215,6660,60,0,cs.SI
866,9845,27,0,cs.SI
724,3525,8,0,cs.SI
4994,7335,32,0,cs.SI
5549,6276,2,0,cs.SI
5559,7781,2,0,cs.SI
983,5856,2,0,cs.SI
46,11954,24,0,cs.SI
5538,7700,0,0,cs.SI
8101,11942,4,0,cs.SI
6989,8239,8,0,cs.SI
10622,10934,6,0,cs.SI
7882,9948,7,0,cs.SI
6393,8888,2,0,cs.SI
5361,9873,4,0,cs.SI
2829,12034,0,0,cs.SI
6033,10302,18,0,cs.SI
6093,11485,11,0,cs.SI
3791,9084,9,0,cs.SI
7429,10991,10,0,cs.SI
1362,5745,14,0,cs.SI
5069,10375,2,0,cs.SI
10168,10391,4,0,cs.SI
4580,9015,3,0,cs.SI
7823,9718,12,0,cs.SI
6226,10553,24,0,cs.SI
7871,11372,4,0,cs.SI
8026,9934,0,0,cs.SI
1057,9575,0,0,cs.SI
9737,10927,4,0,cs.SI
6095,8412,1,0,cs.SI
7889,9965,6,0,cs.SI
6080,7466,10,0,cs.SI
1770,3589,20,0,cs.SI
408,10706,12,0,cs.SI
9337,10993,7,0,cs.SI
1808,7902,15,0,cs.SI
3554,5506,1,0,cs.SI
5329,6780,4,0,cs.SI
935,5155,2,0,cs.SI
10648,12132,9,0,cs.SI
4086,6678,6,0,cs.SI
10171,12207,3,0,cs.SI
9056,10076,10,0,cs.SI
2076,6032,15,0,cs.SI
10155,11216,2,0,cs.SI
5400,7334,11,0,cs.SI
9233,11286,0,0,cs.SI
5662,10372,1,0,cs.SI
4351,9578,4,0,cs.SI
801,11576,3,0,cs.SI
8343,11717,0,0,cs.SI
2627,4859,20,0,cs.SI
7518,7927,0,0,cs.SI
419,11510,12,0,cs.SI
1380,6938,3,0,cs.SI
2446,2568,147,0,cs.SI
8204,11903,4,0,cs.SI
6242,11297,0,0,cs.SI
9147,10989,32,0,cs.SI
3113,9267,3,0,cs.SI
888,11845,2,0,cs.SI
8094,11771,4,0,cs.SI
317,6251,36,0,cs.SI
2506,6002,6,0,cs.SI
5759,6490,12,0,cs.SI
5300,5418,32,0,cs.SI
7269,8018,4,0,cs.SI
8405,8631,6,0,cs.SI
8123,8653,3,0,cs.SI
1639,8631,4,0,cs.SI
4169,8266,4,0,cs.SI
6036,8195,9,0,cs.SI
4641,6913,3,0,cs.SI
6498,9309,2,0,cs.SI
4540,4732,8,0,cs.SI
3285,11975,30,0,cs.SI
4095,10123,28,0,cs.SI
9719,9844,6,0,cs.SI
2675,3155,42,0,cs.SI
6622,7883,12,0,cs.SI
95,5505,4,0,cs.SI
3558,5345,6,0,cs.SI
9085,10726,10,0,cs.SI
6432,8805,3,0,cs.SI
6903,7902,3,0,cs.SI
4372,7664,3,0,cs.SI
159,9318,12,0,cs.SI
6994,11583,3,0,cs.SI
7084,8996,3,0,cs.SI
7336,7411,63,0,cs.SI
5953,10533,6,0,cs.SI
8885,10328,12,0,cs.SI
266,9709,4,0,cs.SI
5611,6977,4,0,cs.SI
6871,11332,2,0,cs.SI
4961,8180,2,0,cs.SI
5345,5811,30,0,cs.SI
7218,9081,15,0,cs.SI
478,1751,13,0,cs.SI
7045,11670,0,0,cs.SI
216,5952,70,0,cs.SI
5371,8838,0,0,cs.SI
5110,5419,35,0,cs.SI
6861,11440,16,0,cs.SI
4832,11827,2,0,cs.SI
7902,8846,0,0,cs.SI
10112,11738,1,0,cs.SI
19,6426,0,0,cs.SI
632,10970,14,0,cs.SI
2007,6007,25,0,cs.SI
7009,9617,3,0,cs.SI
5827,11597,1,0,cs.SI
9797,10042,3,0,cs.SI
5681,6030,5,0,cs.SI
263,3790,2,0,cs.SI
8095,9771,21,0,cs.SI
2007,6946,15,0,cs.SI
6289,6560,8,0,cs.SI
4583,6548,2,0,cs.SI
3292,5323,3,0,cs.SI
5817,12199,0,0,cs.SI
7522,8682,12,0,cs.SI
4815,8633,6,0,cs.SI
6321,8025,8,0,cs.SI
3837,6062,6,0,cs.SI
583,9105,32,0,cs.SI
3114,5438,12,0,cs.SI
10834,11327,2,0,cs.SI
6150,7914,4,0,cs.SI
5702,10002,4,0,cs.SI
7109,7731,2,0,cs.SI
300,4997,45,0,cs.SI
5267,5580,1,0,cs.SI
107,4193,77,0,cs.SI
5157,12130,4,0,cs.SI
1456,11366,2,0,cs.SI
286,9757,0,0,cs.SI
6716,9233,0,0,cs.SI
6947,7525,9,0,cs.SI
1419,11075,6,0,cs.SI
9121,11205,6,0,cs.SI
3664,10312,8,0,cs.SI
297,9134,30,0,cs.SI
4848,7704,4,0,cs.SI
1001,11990,9,0,cs.SI
3790,11440,8,0,cs.SI
8842,10441,12,0,cs.SI
6549,6697,2,0,cs.SI
4977,7854,1,0,cs.SI
11349,12015,2,0,cs.SI
7290,11921,4,0,cs.SI
6393,7389,4,0,cs.SI
6940,7787,2,0,cs.SI
5701,9376,4,0,cs.SI
6966,10405,4,0,cs.SI
4145,9574,0,0,cs.SI
3386,4418,8,0,cs.SI
9551,9747,1,0,cs.SI
4316,8638,12,0,cs.SI
1857,4862,4,0,cs.SI
4049,8294,2,0,cs.SI
5805,11541,14,0,cs.SI
5502,11732,6,0,cs.SI
5466,5659,4,0,cs.SI
5330,6027,4,0,cs.SI
8267,9464,4,0,cs.SI
6092,8336,3,0,cs.SI
9981,10728,35,0,cs.SI
6984,11886,7,0,cs.SI
4169,9378,4,0,cs.SI
2916,3341,99,0,cs.SI
7284,10835,6,0,cs.SI
6085,9236,9,0,cs.SI
4546,9630,12,0,cs.SI
3017,9251,16,0,cs.SI
6622,8766,6,0,cs.SI
4101,5344,18,0,cs.SI
4410,8165,3,0,cs.SI
2249,9299,24,0,cs.SI
432,4352,10,0,cs.SI
6754,8247,4,0,cs.SI
5594,8180,4,0,cs.SI
8866,9621,3,0,cs.SI
8396,12066,8,0,cs.SI
5695,9580,0,0,cs.SI
4997,6240,21,0,cs.SI
839,8239,20,0,cs.SI
72,4948,13,0,cs.SI
10474,11132,4,0,cs.SI
5780,9624,9,0,cs.SI
5695,6956,6,0,cs.SI
1383,9385,15,0,cs.SI
5954,10185,10,0,cs.SI
4531,8167,1,0,cs.SI
3790,10756,4,0,cs.SI
4850,7618,4,0,cs.SI
6747,8509,14,0,cs.SI
466,5140,2,0,cs.SI
4804,7916,24,0,cs.SI
572,5307,77,0,cs.SI
5426,10968,4,0,cs.SI
3279,11628,216,0,cs.SI
3801,8406,4,0,cs.SI
7957,10159,1,0,cs.SI
1808,4960,5,0,cs.SI
1724,2108,64,0,cs.SI
4147,5144,3,0,cs.SI
7406,7512,0,0,cs.SI
6349,11064,32,0,cs.SI
11612,11826,19,0,cs.SI
9805,9962,8,0,cs.SI
4540,6387,4,0,cs.SI
6789,9679,48,0,cs.SI
7409,11638,2,0,cs.SI
4557,8425,9,0,cs.SI
3962,6001,6,0,cs.SI
144,12120,22,0,cs.SI
2232,9753,6,0,cs.SI
5662,8333,2,0,cs.SI
4421,4745,6,0,cs.SI
3533,4957,11,0,cs.SI
5465,6327,2,0,cs.SI
7987,8353,12,0,cs.SI
1834,4050,0,0,cs.SI
2026,5340,24,0,cs.SI
7157,7603,5,0,cs.SI
230,416,19,0,cs.SI
7864,8139,21,0,cs.SI
224,10544,2,0,cs.SI
3988,4225,0,0,cs.SI
4609,7919,8,0,cs.SI
10356,11683,1,0,cs.SI
4307,9832,0,0,cs.SI
1660,2738,24,0,cs.SI
6933,10338,3,0,cs.SI
5144,7705,2,0,cs.SI
3632,9285,12,0,cs.SI
9245,9751,0,0,cs.SI
1500,2340,4,0,cs.SI
7367,10307,1,0,cs.SI
5631,10452,2,0,cs.SI
6962,8946,6,0,cs.SI
5455,10455,9,0,cs.SI
4147,5651,9,0,cs.SI
4443,11800,2,0,cs.SI
4130,6910,0,0,cs.SI
5322,8241,6,0,cs.SI
5562,8488,10,0,cs.SI
9127,10145,3,0,cs.SI
573,10589,33,0,cs.SI
10276,11402,4,0,cs.SI
2247,9831,3,0,cs.SI
6232,6741,6,0,cs.SI
4427,7547,24,0,cs.SI
3114,7875,48,0,cs.SI
4297,10555,15,0,cs.SI
8403,9412,2,0,cs.SI
7542,9907,3,0,cs.SI
4166,8674,30,0,cs.SI
4898,6494,3,0,cs.SI
4357,10340,5,0,cs.SI
9108,9350,2,0,cs.SI
6098,13687,3,0,cs.SI
931,6254,8,0,cs.SI
11281,11716,2,0,cs.SI
2951,7853,1,0,cs.SI
7226,7571,4,0,cs.SI
5197,9944,12,0,cs.SI
1777,9428,6,0,cs.SI
2207,7026,5,0,cs.SI
6199,8262,12,0,cs.SI
9283,9503,6,0,cs.SI
1731,6279,96,0,cs.SI
6038,7527,0,0,cs.SI
7820,9972,0,0,cs.SI
4580,9194,12,0,cs.SI
1241,6680,18,0,cs.SI
4867,8204,16,0,cs.SI
5900,11205,1,0,cs.SI
210,10635,0,0,cs.SI
7922,8335,1,0,cs.SI
5877,9680,0,0,cs.SI
4066,11309,3,0,cs.SI
2360,11712,3,0,cs.SI
7927,8678,4,0,cs.SI
6976,8196,1,0,cs.SI
3454,11870,6,0,cs.SI
6178,10925,4,0,cs.SI
3374,4262,5,0,cs.SI
572,5745,14,0,cs.SI
3505,6402,24,0,cs.SI
100,9578,8,0,cs.SI
4281,6400,24,0,cs.SI
6716,10456,36,0,cs.SI
10497,11854,0,0,cs.SI
7957,10368,2,0,cs.SI
6561,10290,4,0,cs.SI
8337,9457,8,0,cs.SI
1117,10270,15,0,cs.SI
10526,11423,4,0,cs.SI
1249,6374,88,0,cs.SI
10311,12029,4,0,cs.SI
8294,9352,4,0,cs.SI
5134,6840,6,0,cs.SI
9991,11264,4,0,cs.SI
7122,9310,8,0,cs.SI
1214,6532,2,0,cs.SI
721,4942,6,0,cs.SI
759,7040,3,0,cs.SI
1911,8186,18,0,cs.SI
6750,9029,12,0,cs.SI
6151,6226,40,0,cs.SI
5131,6282,44,0,cs.SI
660,6131,27,0,cs.SI
4500,4609,2,0,cs.SI
7226,11438,4,0,cs.SI
4820,6276,4,0,cs.SI
7164,11908,6,0,cs.SI
4593,6908,2,0,cs.SI
1420,5595,6,0,cs.SI
6641,8160,1,0,cs.SI
502,5549,14,0,cs.SI
3558,4068,6,0,cs.SI
543,6490,63,0,cs.SI
6879,7988,8,0,cs.SI
3641,11650,15,0,cs.SI
1861,11689,12,0,cs.SI
2005,5732,6,0,cs.SI
1116,8831,6,0,cs.SI
5355,11107,4,0,cs.SI
5805,10935,28,0,cs.SI
5505,11689,2,0,cs.SI
3529,5703,4,0,cs.SI
5789,12122,6,0,cs.SI
9118,10650,9,0,cs.SI
9020,10264,6,0,cs.SI
208,1782,1,0,cs.SI
4249,5763,2,0,cs.SI
4312,4391,2,0,cs.SI
4492,10774,6,0,cs.SI
2105,9318,3,0,cs.SI
6542,10001,21,0,cs.SI
1290,5313,60,0,cs.SI
4598,9300,7,0,cs.SI
5613,9574,0,0,cs.SI
10100,10752,1,0,cs.SI
3115,4643,9,0,cs.SI
3658,6877,12,0,cs.SI
5856,11286,6,0,cs.SI
66,12027,12,0,cs.SI
5759,7418,4,0,cs.SI
932,7595,4,0,cs.SI
7787,11990,3,0,cs.SI
5490,6964,0,0,cs.SI
3833,4779,1,0,cs.SI
659,9917,2,0,cs.SI
8806,9494,30,0,cs.SI
6662,6776,0,0,cs.SI
10002,11241,2,0,cs.SI
10031,11942,2,0,cs.SI
7527,8652,3,0,cs.SI
4390,4961,2,0,cs.SI
5854,8674,2,0,cs.SI
3559,6232,12,0,cs.SI
716,6106,44,0,cs.SI
3450,5508,44,0,cs.SI
7315,9821,2,0,cs.SI
7367,7882,7,0,cs.SI
4627,10014,1,0,cs.SI
4292,11601,2,0,cs.SI
8359,8401,4,0,cs.SI
4129,7522,0,0,cs.SI
4265,9103,2,0,cs.SI
68,10387,14,0,cs.SI
52,4521,14,0,cs.SI
5601,8758,2,0,cs.SI
2854,7059,2,0,cs.SI
5644,6096,2,0,cs.SI
8156,11196,88,0,cs.SI
7084,11501,0,0,cs.SI
1613,4523,6,0,cs.SI
7039,10038,3,0,cs.SI
2950,10559,2,0,cs.SI
6227,6862,6,0,cs.SI
8695,10049,2,0,cs.SI
179,11917,9,0,cs.SI
5841,7958,1,0,cs.SI
3605,11164,15,0,cs.SI
5369,7999,0,0,cs.SI
508,6234,10,0,cs.SI
3790,5059,2,0,cs.SI
3816,7183,0,0,cs.SI
6649,7902,6,0,cs.SI
6322,10891,0,0,cs.SI
2511,10633,0,0,cs.SI
4356,6639,24,0,cs.SI
6564,7306,0,0,cs.SI
5734,7868,8,0,cs.SI
4493,9762,6,0,cs.SI
4644,7945,2,0,cs.SI
144,8288,33,0,cs.SI
2637,5790,12,0,cs.SI
6391,11664,4,0,cs.SI
502,6275,7,0,cs.SI
8094,11112,4,0,cs.SI
4066,6921,12,0,cs.SI
5210,5323,4,0,cs.SI
2748,6911,14,0,cs.SI
7120,8139,21,0,cs.SI
4863,9336,0,0,cs.SI
4634,9513,5,0,cs.SI
340,1639,28,0,cs.SI
3022,4935,6,0,cs.SI
7011,7594,12,0,cs.SI
2266,5446,10,0,cs.SI
7411,9779,7,0,cs.SI
6142,8722,2,0,cs.SI
1634,7304,10,0,cs.SI
977,3019,12,0,cs.SI
1747,3834,6,0,cs.SI
7084,9649,1,0,cs.SI
3896,5584,0,0,cs.SI
760,11243,9,0,cs.SI
7567,10786,0,0,cs.SI
8628,10502,0,0,cs.SI
487,11493,5,0,cs.SI
5917,10037,4,0,cs.SI
1721,2506,2,0,cs.SI
2786,10298,4,0,cs.SI
5022,5694,12,0,cs.SI
5289,7844,12,0,cs.SI
5287,11218,7,0,cs.SI
53,3838,5,0,cs.SI
698,8271,54,0,cs.SI
4066,8102,18,0,cs.SI
6570,10043,6,0,cs.SI
4180,7041,3,0,cs.SI
3572,9665,2,0,cs.SI
5372,6157,0,0,cs.SI
2223,11468,33,0,cs.SI
6291,9087,3,0,cs.SI
4181,7414,2,0,cs.SI
6440,8887,3,0,cs.SI
4939,8261,4,0,cs.SI
10105,11305,3,0,cs.SI
5788,7011,18,0,cs.SI
4892,6608,3,0,cs.SI
2652,6254,6,0,cs.SI
4929,5852,2,0,cs.SI
5919,6182,4,0,cs.SI
10389,11100,6,0,cs.SI
2062,9457,44,0,cs.SI
4230,5213,4,0,cs.SI
5681,8116,2,0,cs.SI
889,8108,2,0,cs.SI
4392,9970,8,0,cs.SI
4487,9713,15,0,cs.SI
2210,5419,20,0,cs.SI
1410,3529,4,0,cs.SI
7518,9450,0,0,cs.SI
4498,6281,48,0,cs.SI
4195,7326,12,0,cs.SI
5462,11577,0,0,cs.SI
6426,6485,0,0,cs.SI
1548,5156,6,0,cs.SI
7764,9856,3,0,cs.SI
5527,11297,4,0,cs.SI
4504,11809,2,0,cs.SI
6799,11807,0,0,cs.SI
1349,7692,4,0,cs.SI
11469,11938,12,0,cs.SI
4332,5875,4,0,cs.SI
1851,2309,0,0,cs.SI
487,6235,4,0,cs.SI
7937,10314,0,0,cs.SI
3862,11295,5,0,cs.SI
547,4974,4,0,cs.SI
8625,9030,0,0,cs.SI
641,6149,8,0,cs.SI
4154,8290,2,0,cs.SI
2627,8695,4,0,cs.SI
250,8106,6,0,cs.SI
434,9913,18,0,cs.SI
3860,12129,12,0,cs.SI
4077,5482,7,0,cs.SI
2343,7889,6,0,cs.SI
2829,11309,1,0,cs.SI
7830,8624,3,0,cs.SI
5206,6501,2,0,cs.SI
2046,5158,34,0,cs.SI
5626,10879,6,0,cs.SI
5354,9145,8,0,cs.SI
691,5489,7,0,cs.SI
8239,10140,0,0,cs.SI
5559,11463,6,0,cs.SI
371,9191,5,0,cs.SI
4947,10298,3,0,cs.SI
948,950,0,0,cs.SI
4625,4914,10,0,cs.SI
2503,6156,9,0,cs.SI
1384,8979,5,0,cs.SI
10525,13695,8,0,cs.SI
5663,8295,6,0,cs.SI
4026,7071,2,0,cs.SI
211,8649,2,0,cs.SI
2395,6744,8,0,cs.SI
4490,5219,0,0,cs.SI
4232,12014,10,0,cs.SI
11040,11522,4,0,cs.SI
2070,9019,8,0,cs.SI
6942,11845,2,0,cs.SI
507,6432,29,0,cs.SI
4180,9645,9,0,cs.SI
5154,7370,6,0,cs.SI
882,11333,4,0,cs.SI
1877,7806,2,0,cs.SI
2831,11597,2,0,cs.SI
9493,10636,4,0,cs.SI
9514,11333,8,0,cs.SI
1747,3117,9,0,cs.SI
3557,10685,12,0,cs.SI
2247,7641,5,0,cs.SI
6494,6852,1,0,cs.SI
5164,7011,12,0,cs.SI
10534,11017,6,0,cs.SI
1080,7269,0,0,cs.SI
6254,10317,2,0,cs.SI
1599,3633,30,0,cs.SI
9234,10906,12,0,cs.SI
11537,11811,0,0,cs.SI
7231,11431,2,0,cs.SI
9503,11854,0,0,cs.SI
2195,11651,4,0,cs.SI
8758,9485,1,0,cs.SI
424,8361,10,0,cs.SI
4249,6073,4,0,cs.SI
5746,7897,2,0,cs.SI
9914,10787,2,0,cs.SI
1431,7877,5,0,cs.SI
4847,11806,0,0,cs.SI
4385,9237,9,0,cs.SI
4733,11146,7,0,cs.SI
5046,7405,3,0,cs.SI
7874,8949,1,0,cs.SI
2918,10410,27,0,cs.SI
4639,10810,3,0,cs.SI
8862,11421,9,0,cs.SI
7587,11516,8,0,cs.SI
5793,11620,120,0,cs.SI
4322,5361,0,0,cs.SI
8990,11197,15,0,cs.SI
8944,10147,57,0,cs.SI
9197,10098,10,0,cs.SI
4156,6002,12,0,cs.SI
2025,4163,36,0,cs.SI
5029,6570,12,0,cs.SI
3815,8418,0,0,cs.SI
5211,11651,6,0,cs.SI
11017,11120,6,0,cs.SI
7194,7361,21,0,cs.SI
4916,9747,1,0,cs.SI
4026,11118,3,0,cs.SI
5100,11145,0,0,cs.SI
1360,4123,16,0,cs.SI
10095,11598,8,0,cs.SI
4539,9308,28,0,cs.SI
9979,11652,12,0,cs.SI
6385,8885,4,0,cs.SI
6547,8718,2,0,cs.SI
4165,4371,40,0,cs.SI
1193,8183,21,0,cs.SI
1834,8508,0,0,cs.SI
889,10401,2,0,cs.SI
1936,3946,2,0,cs.SI
5020,10520,6,0,cs.SI
144,10921,0,0,cs.SI
6894,11916,4,0,cs.SI
2479,10726,60,0,cs.SI
4033,4453,15,0,cs.SI
5551,10415,10,0,cs.SI
7110,11131,8,0,cs.SI
3064,3279,45,0,cs.SI
11586,12187,12,0,cs.SI
4498,5312,144,0,cs.SI
6965,9617,1,0,cs.SI
3006,9201,17,0,cs.SI
6817,9458,0,0,cs.SI
6309,8759,63,0,cs.SI
4627,9519,3,0,cs.SI
8403,9404,6,0,cs.SI
1314,10786,0,0,cs.SI
3992,11488,6,0,cs.SI
4690,10069,4,0,cs.SI
317,7335,48,0,cs.SI
4351,11951,2,0,cs.SI
7182,7642,0,0,cs.SI
8911,11429,18,0,cs.SI
153,8251,8,0,cs.SI
6550,9091,0,0,cs.SI
909,2901,12,0,cs.SI
7710,11818,3,0,cs.SI
2515,7664,0,0,cs.SI
4889,7955,2,0,cs.SI
7639,11349,4,0,cs.SI
8234,8297,12,0,cs.SI
6034,11951,12,0,cs.SI
3322,9944,9,0,cs.SI
7357,9830,9,0,cs.SI
4604,11843,0,0,cs.SI
3238,6158,2,0,cs.SI
4542,6535,1,0,cs.SI
7037,8922,1,0,cs.SI
3815,11948,0,0,cs.SI
10326,11349,3,0,cs.SI
3024,10372,3,0,cs.SI
5493,8334,2,0,cs.SI
3450,11792,22,0,cs.SI
5868,8360,2,0,cs.SI
216,4147,21,0,cs.SI
1817,7749,4,0,cs.SI
7511,8203,9,0,cs.SI
9304,10169,24,0,cs.SI
410,5144,4,0,cs.SI
7776,10429,1,0,cs.SI
5422,10116,2,0,cs.SI
5559,8400,8,0,cs.SI
478,11587,2,0,cs.SI
6435,6759,2,0,cs.SI
4373,4897,21,0,cs.SI
3887,10373,5,0,cs.SI
3664,10444,4,0,cs.SI
6768,10989,24,0,cs.SI
2637,8017,12,0,cs.SI
6494,8916,4,0,cs.SI
3615,12165,4,0,cs.SI
7194,8653,21,0,cs.SI
3591,8510,2,0,cs.SI
5267,10479,4,0,cs.SI
4424,12154,3,0,cs.SI
1824,7356,2,0,cs.SI
605,6974,30,0,cs.SI
8576,10081,3,0,cs.SI
3802,4263,156,0,cs.SI
4080,7362,2,0,cs.SI
1689,3375,5,0,cs.SI
8894,10018,2,0,cs.SI
3328,8401,3,0,cs.SI
414,10497,6,0,cs.SI
4609,7217,4,0,cs.SI
5325,11365,4,0,cs.SI
3601,12122,0,0,cs.SI
7575,8731,4,0,cs.SI
9276,12154,1,0,cs.SI
671,7040,2,0,cs.SI
4949,10705,12,0,cs.SI
4961,5426,2,0,cs.SI
7979,9574,0,0,cs.SI
456,4491,8,0,cs.SI
5959,10455,3,0,cs.SI
10328,10366,6,0,cs.SI
6489,10126,9,0,cs.SI
9518,11952,8,0,cs.SI
5133,8018,4,0,cs.SI
6390,6440,1,0,cs.SI
1356,8805,15,0,cs.SI
4633,8863,16,0,cs.SI
954,3428,7,0,cs.SI
4878,9225,0,0,cs.SI
8695,9377,1,0,cs.SI
831,6970,4,0,cs.SI
5415,6949,6,0,cs.SI
6029,8160,3,0,cs.SI
2561,11948,5,0,cs.SI
1358,12148,5,0,cs.SI
3483,6222,68,0,cs.SI
4108,4733,14,0,cs.SI
1580,5287,28,0,cs.SI
5788,11368,9,0,cs.SI
11489,11681,2,0,cs.SI
4763,7782,0,0,cs.SI
5809,10753,3,0,cs.SI
1112,10780,0,0,cs.SI
5855,11772,6,0,cs.SI
8921,10627,3,0,cs.SI
1411,4139,42,0,cs.SI
4155,8084,4,0,cs.SI
5346,9450,4,0,cs.SI
9028,10726,10,0,cs.SI
7854,10724,2,0,cs.SI
6101,6207,1,0,cs.SI
7912,11488,6,0,cs.SI
6960,7923,5,0,cs.SI
2026,8240,24,0,cs.SI
6984,9034,2,0,cs.SI
2828,10548,0,0,cs.SI
62,5489,7,0,cs.SI
1851,3512,35,0,cs.SI
11381,11487,0,0,cs.SI
1692,8888,3,0,cs.SI
5580,7788,7,0,cs.SI
941,9105,20,0,cs.SI
7038,7289,4,0,cs.SI
1765,10126,6,0,cs.SI
6853,11036,0,0,cs.SI
2543,8178,28,0,cs.SI
10526,11588,2,0,cs.SI
6081,11867,4,0,cs.SI
3883,6820,0,0,cs.SI
4391,6961,4,0,cs.SI
4051,10834,1,0,cs.SI
6550,7098,2,0,cs.SI
5160,6914,6,0,cs.SI
4647,5346,4,0,cs.SI
4387,10145,5,0,cs.SI
8325,11261,12,0,cs.SI
809,9043,68,0,cs.SI
1671,4727,1,0,cs.SI
1198,7018,0,0,cs.SI
3341,10674,22,0,cs.SI
7830,9598,3,0,cs.SI
1671,8290,1,0,cs.SI
1710,6146,10,0,cs.SI
6654,7420,0,0,cs.SI
341,5676,4,0,cs.SI
1903,3837,8,0,cs.SI
6461,10668,6,0,cs.SI
7049,7806,1,0,cs.SI
5836,9533,2,0,cs.SI
3189,4165,60,0,cs.SI
2082,10340,1,0,cs.SI
6809,9810,1,0,cs.SI
5305,9753,22,0,cs.SI
7909,11589,1,0,cs.SI
605,6630,15,0,cs.SI
5828,6941,2,0,cs.SI
2232,3868,3,0,cs.SI
2161,4976,0,0,cs.SI
2808,5312,45,0,cs.SI
1912,7835,0,0,cs.SI
7438,10368,4,0,cs.SI
5242,6291,3,0,cs.SI
2664,7290,8,0,cs.SI
28,2798,12,0,cs.SI
4648,8478,20,0,cs.SI
4677,4829,12,0,cs.SI
4357,10629,5,0,cs.SI
11327,11856,2,0,cs.SI
477,6336,3,0,cs.SI
10678,11218,1,0,cs.SI
10996,11235,8,0,cs.SI
9269,11807,0,0,cs.SI
4746,8311,6,0,cs.SI
1881,5982,14,0,cs.SI
5469,8297,18,0,cs.SI
8597,10627,6,0,cs.SI
2857,10700,3,0,cs.SI
4998,5270,30,0,cs.SI
759,6966,6,0,cs.SI
6489,6785,6,0,cs.SI
1827,8756,6,0,cs.SI
8949,10297,1,0,cs.SI
2246,6790,0,0,cs.SI
6286,6605,4,0,cs.SI
955,4891,4,0,cs.SI
5970,7388,6,0,cs.SI
7903,9922,2,0,cs.SI
1455,8740,2,0,cs.SI
6074,7365,4,0,cs.SI
950,6822,0,0,cs.SI
5185,10501,1,0,cs.SI
5238,10476,0,0,cs.SI
4523,10647,8,0,cs.SI
4267,8884,15,0,cs.SI
3862,11130,2,0,cs.SI
6905,10676,2,0,cs.SI
1020,8290,3,0,cs.SI
5751,8145,3,0,cs.SI
2311,4267,5,0,cs.SI
2925,11220,10,0,cs.SI
4829,11067,24,0,cs.SI
42,6744,60,0,cs.SI
8475,10125,3,0,cs.SI
5185,7324,5,0,cs.SI
3858,6851,5,0,cs.SI
38,9254,49,0,cs.SI
7716,8990,5,0,cs.SI
4263,8477,132,0,cs.SI
315,4687,9,0,cs.SI
4709,12090,4,0,cs.SI
5232,9916,15,0,cs.SI
3805,5533,4,0,cs.SI
5350,11220,2,0,cs.SI
6944,8510,0,0,cs.SI
10224,10672,3,0,cs.SI
8731,10990,32,0,cs.SI
5812,6784,8,0,cs.SI
7374,8508,4,0,cs.SI
1605,10992,35,0,cs.SI
2223,10776,22,0,cs.SI
7560,8369,1,0,cs.SI
7903,9117,2,0,cs.SI
4182,7441,6,0,cs.SI
3802,11012,26,0,cs.SI
4899,6450,9,0,cs.SI
7325,11886,21,0,cs.SI
4254,10355,2,0,cs.SI
5952,8111,20,0,cs.SI
8942,10620,4,0,cs.SI
10124,12203,4,0,cs.SI
6874,9246,9,0,cs.SI
1877,7785,4,0,cs.SI
4598,11189,2,0,cs.SI
5833,8806,12,0,cs.SI
506,1198,38,0,cs.SI
3804,9193,24,0,cs.SI
5069,9233,0,0,cs.SI
1649,10932,9,0,cs.SI
7038,7632,0,0,cs.SI
4399,6778,15,0,cs.SI
5941,7441,2,0,cs.SI
2135,7527,7,0,cs.SI
1137,6735,4,0,cs.SI
6375,10787,20,0,cs.SI
6864,11918,3,0,cs.SI
6516,7528,16,0,cs.SI
4494,6908,6,0,cs.SI
8783,9413,3,0,cs.SI
410,12004,16,0,cs.SI
6286,8234,2,0,cs.SI
371,8486,1,0,cs.SI
10578,11605,8,0,cs.SI
6809,8949,1,0,cs.SI
6500,12135,12,0,cs.SI
7414,10520,2,0,cs.SI
4160,6244,9,0,cs.SI
6199,9663,6,0,cs.SI
1723,7331,10,0,cs.SI
4389,7910,9,0,cs.SI
6133,9983,6,0,cs.SI
5671,7594,6,0,cs.SI
895,10971,4,0,cs.SI
199,4443,9,0,cs.SI
5441,6759,6,0,cs.SI
2024,11236,4,0,cs.SI
8138,11984,6,0,cs.SI
2444,11264,1,0,cs.SI
8509,11402,4,0,cs.SI
8758,9971,0,0,cs.SI
955,6677,16,0,cs.SI
1067,6918,48,0,cs.SI
865,7952,0,0,cs.SI
73,10755,4,0,cs.SI
2515,6485,0,0,cs.SI
2635,11017,3,0,cs.SI
479,7916,140,0,cs.SI
6281,8169,30,0,cs.SI
6441,7367,4,0,cs.SI
7914,8196,1,0,cs.SI
1453,9964,3,0,cs.SI
5152,13687,1,0,cs.SI
3396,5681,1,0,cs.SI
4017,4079,20,0,cs.SI
7977,7986,0,0,cs.SI
4489,4712,4,0,cs.SI
5074,6534,9,0,cs.SI
7228,8393,10,0,cs.SI
8563,10676,10,0,cs.SI
5683,8484,4,0,cs.SI
159,219,20,0,cs.SI
8477,8574,22,0,cs.SI
4832,8843,3,0,cs.SI
229,2120,24,0,cs.SI
4546,4693,18,0,cs.SI
4146,5662,2,0,cs.SI
1950,8941,6,0,cs.SI
5861,8117,4,0,cs.SI
2739,3997,1,0,cs.SI
7452,7733,4,0,cs.SI
4735,6551,14,0,cs.SI
7638,9846,3,0,cs.SI
138,11657,1,0,cs.SI
5670,6945,0,0,cs.SI
9135,10730,18,0,cs.SI
5075,11345,20,0,cs.SI
10554,10828,3,0,cs.SI
11279,11907,6,0,cs.SI
9318,9948,3,0,cs.SI
4018,6681,0,0,cs.SI
2738,6103,10,0,cs.SI
9307,11107,2,0,cs.SI
9573,10848,0,0,cs.SI
10413,11468,12,0,cs.SI
7049,7357,3,0,cs.SI
5661,8823,9,0,cs.SI
5670,8234,2,0,cs.SI
1765,8198,2,0,cs.SI
5092,8257,1,0,cs.SI
6305,9419,27,0,cs.SI
3069,8575,2,0,cs.SI
6289,6671,8,0,cs.SI
4521,4649,4,0,cs.SI
3792,10367,2,0,cs.SI
5672,11806,0,0,cs.SI
9910,10331,2,0,cs.SI
2312,6008,14,0,cs.SI
9702,9807,4,0,cs.SI
7085,9386,9,0,cs.SI
4058,6321,8,0,cs.SI
9231,11619,60,0,cs.SI
5110,6446,7,0,cs.SI
7238,9299,16,0,cs.SI
6816,6946,0,0,cs.SI
4821,10544,3,0,cs.SI
6093,7820,0,0,cs.SI
8766,10473,0,0,cs.SI
7564,11306,6,0,cs.SI
2074,3857,48,0,cs.SI
10657,11433,2,0,cs.SI
479,8786,70,0,cs.SI
9580,13695,0,0,cs.SI
3202,3483,136,0,cs.SI
6243,6303,3,0,cs.SI
5536,6819,3,0,cs.SI
4499,7231,0,0,cs.SI
4330,6227,0,0,cs.SI
5205,6570,4,0,cs.SI
8118,9799,1,0,cs.SI
3017,7458,12,0,cs.SI
3528,11466,8,0,cs.SI
7883,10161,8,0,cs.SI
1599,4243,0,0,cs.SI
214,6681,0,0,cs.SI
8475,11613,23,0,cs.SI
3870,11840,2,0,cs.SI
7210,8311,0,0,cs.SI
5537,7430,9,0,cs.SI
6876,6974,6,0,cs.SI
5059,9117,2,0,cs.SI
1819,2561,5,0,cs.SI
5512,9737,16,0,cs.SI
4978,6914,4,0,cs.SI
4641,7966,12,0,cs.SI
11195,11201,3,0,cs.SI
3558,9251,8,0,cs.SI
5193,7396,1,0,cs.SI
9800,11496,2,0,cs.SI
5793,6079,18,0,cs.SI
3285,7780,40,0,cs.SI
2737,4119,3,0,cs.SI
4309,6037,9,0,cs.SI
4472,4603,1,0,cs.SI
1691,9178,4,0,cs.SI
6291,11954,6,0,cs.SI
4515,6105,3,0,cs.SI
7060,7706,0,0,cs.SI
5644,9519,6,0,cs.SI
2213,9897,4,0,cs.SI
5256,8211,56,0,cs.SI
5068,10226,1,0,cs.SI
6983,8654,3,0,cs.SI
4609,9303,12,0,cs.SI
10112,11358,1,0,cs.SI
6708,8306,18,0,cs.SI
5811,9107,10,0,cs.SI
260,6746,65,0,cs.SI
2020,4105,8,0,cs.SI
3477,6939,2,0,cs.SI
2675,9060,14,0,cs.SI
4472,7878,7,0,cs.SI
5913,9276,4,0,cs.SI
5699,6952,2,0,cs.SI
4815,11744,12,0,cs.SI
5126,6681,0,0,cs.SI
6801,8246,9,0,cs.SI
11597,11608,5,0,cs.SI
5559,12161,2,0,cs.SI
1442,7367,4,0,cs.SI
2543,4941,14,0,cs.SI
7758,11288,16,0,cs.SI
5611,9993,8,0,cs.SI
5307,10076,22,0,cs.SI
6678,10921,0,0,cs.SI
10356,11732,2,0,cs.SI
371,3064,5,0,cs.SI
2950,9120,3,0,cs.SI
2730,10774,4,0,cs.SI
7642,12016,4,0,cs.SI
6168,7143,12,0,cs.SI
1777,9199,26,0,cs.SI
5809,7964,6,0,cs.SI
6031,10026,3,0,cs.SI
169,9350,2,0,cs.SI
5852,9237,6,0,cs.SI
804,1230,66,0,cs.SI
8781,11916,12,0,cs.SI
4995,8570,16,0,cs.SI
4627,11670,0,0,cs.SI
4179,4978,2,0,cs.SI
5075,5115,4,0,cs.SI
317,4117,12,0,cs.SI
4248,10590,6,0,cs.SI
591,11559,81,0,cs.SI
152,3146,4,0,cs.SI
3554,9621,3,0,cs.SI
7271,9457,4,0,cs.SI
1605,8570,20,0,cs.SI
53,11246,20,0,cs.SI
10302,10835,9,0,cs.SI
5171,5762,18,0,cs.SI
3197,4395,6,0,cs.SI
4600,9702,2,0,cs.SI
1068,12014,4,0,cs.SI
5342,11013,4,0,cs.SI
9150,11611,60,0,cs.SI
199,9350,9,0,cs.SI
4622,8823,45,0,cs.SI
10341,11436,4,0,cs.SI
6707,9765,0,0,cs.SI
7327,10525,28,0,cs.SI
7142,7770,25,0,cs.SI
1809,6355,60,0,cs.SI
6942,11617,34,0,cs.SI
5338,6140,8,0,cs.SI
3837,5780,3,0,cs.SI
9200,10830,33,0,cs.SI
5441,5744,15,0,cs.SI
263,10539,0,0,cs.SI
4095,9422,35,0,cs.SI
2627,7927,4,0,cs.SI
1144,7844,3,0,cs.SI
4102,4622,10,0,cs.SI
315,4578,0,0,cs.SI
8017,12027,6,0,cs.SI
4747,8301,6,0,cs.SI
6741,6873,3,0,cs.SI
9268,10146,3,0,cs.SI
4905,4982,4,0,cs.SI
4962,7322,6,0,cs.SI
3996,6303,0,0,cs.SI
6816,12007,0,0,cs.SI
4320,4557,72,0,cs.SI
11507,11560,4,0,cs.SI
7339,8112,10,0,cs.SI
4177,6988,2,0,cs.SI
8759,10390,18,0,cs.SI
2870,11826,2,0,cs.SI
8574,11922,2,0,cs.SI
8287,11334,2,0,cs.SI
153,5805,112,0,cs.SI
4063,10126,3,0,cs.SI
5778,7068,8,0,cs.SI
9195,10813,32,0,cs.SI
5854,9309,2,0,cs.SI
5506,9120,3,0,cs.SI
6328,11672,4,0,cs.SI
7634,11076,10,0,cs.SI
9084,9813,3,0,cs.SI
304,7965,20,0,cs.SI
5117,9802,12,0,cs.SI
764,10955,1,0,cs.SI
10368,11938,6,0,cs.SI
4879,11587,0,0,cs.SI
6886,10544,1,0,cs.SI
5593,5746,4,0,cs.SI
4050,10573,2,0,cs.SI
5363,7764,12,0,cs.SI
10033,10901,2,0,cs.SI
882,7532,2,0,cs.SI
4218,9483,2,0,cs.SI
394,5908,36,0,cs.SI
4568,5660,3,0,cs.SI
1584,2062,11,0,cs.SI
1746,12189,8,0,cs.SI
2315,3858,15,0,cs.SI
1968,9492,24,0,cs.SI
5059,10772,2,0,cs.SI
6928,8941,24,0,cs.SI
4496,6085,9,0,cs.SI
6818,9972,0,0,cs.SI
5780,9751,0,0,cs.SI
7429,9717,2,0,cs.SI
3605,4156,20,0,cs.SI
5160,6101,3,0,cs.SI
8653,11940,18,0,cs.SI
4796,5150,0,0,cs.SI
2358,8487,0,0,cs.SI
317,4470,6,0,cs.SI
4524,5365,3,0,cs.SI
4975,9996,2,0,cs.SI
7437,9842,9,0,cs.SI
1849,10452,4,0,cs.SI
8468,9270,2,0,cs.SI
671,7856,6,0,cs.SI
260,2623,13,0,cs.SI
8563,9687,0,0,cs.SI
4763,11919,1,0,cs.SI
1045,13695,14,0,cs.SI
1605,5661,5,0,cs.SI
1168,11816,0,0,cs.SI
4890,10684,15,0,cs.SI
551,2579,36,0,cs.SI
48,9835,36,0,cs.SI
1372,8204,4,0,cs.SI
10572,11398,2,0,cs.SI
52,4063,7,0,cs.SI
10577,11858,2,0,cs.SI
10046,10830,6,0,cs.SI
6127,10481,14,0,cs.SI
6862,6878,6,0,cs.SI
8422,10479,8,0,cs.SI
4292,4583,2,0,cs.SI
5708,9451,1,0,cs.SI
80,9988,2,0,cs.SI
10777,12068,3,0,cs.SI
6034,8160,6,0,cs.SI
6393,7604,2,0,cs.SI
1123,9921,1,0,cs.SI
5322,10812,3,0,cs.SI
4878,6900,0,0,cs.SI
5215,6027,30,0,cs.SI
10046,12119,0,0,cs.SI
5958,8026,0,0,cs.SI
4663,6453,18,0,cs.SI
622,7576,0,0,cs.SI
4271,6981,2,0,cs.SI
3782,5621,70,0,cs.SI
1724,5307,88,0,cs.SI
693,10080,16,0,cs.SI
5778,8095,28,0,cs.SI
9249,9596,36,0,cs.SI
4312,7921,2,0,cs.SI
10098,11613,23,0,cs.SI
975,5075,28,0,cs.SI
4341,5211,12,0,cs.SI
4845,6959,3,0,cs.SI
4104,9585,6,0,cs.SI
323,4889,0,0,cs.SI
3241,11431,8,0,cs.SI
5369,6736,12,0,cs.SI
3632,10678,3,0,cs.SI
5154,6402,6,0,cs.SI
869,5853,24,0,cs.SI
7365,10113,0,0,cs.SI
9143,9964,4,0,cs.SI
4691,10055,0,0,cs.SI
272,6537,0,0,cs.SI
6153,7046,5,0,cs.SI
4891,6028,2,0,cs.SI
7693,8337,2,0,cs.SI
1234,3241,4,0,cs.SI
3587,9071,3,0,cs.SI
4281,10571,6,0,cs.SI
5901,11068,10,0,cs.SI
7338,9457,40,0,cs.SI
8538,10500,1,0,cs.SI
4815,4879,0,0,cs.SI
6588,8556,3,0,cs.SI
9993,11015,8,0,cs.SI
6409,9753,8,0,cs.SI
4599,5074,6,0,cs.SI
6983,11071,9,0,cs.SI
36,1691,4,0,cs.SI
9111,9580,0,0,cs.SI
7665,7987,6,0,cs.SI
6391,11016,3,0,cs.SI
5567,10755,4,0,cs.SI
4182,8434,12,0,cs.SI
1362,4307,42,0,cs.SI
5622,7423,6,0,cs.SI
4602,9551,3,0,cs.SI
4232,7388,10,0,cs.SI
1715,2359,0,0,cs.SI
7866,8916,20,0,cs.SI
2770,10366,0,0,cs.SI
1587,6231,96,0,cs.SI
7042,11507,0,0,cs.SI
2808,6982,5,0,cs.SI
1672,8404,3,0,cs.SI
4264,11398,6,0,cs.SI
382,4929,23,0,cs.SI
2469,12131,1,0,cs.SI
7944,11989,0,0,cs.SI
132,7643,0,0,cs.SI
565,2686,24,0,cs.SI
5292,5423,0,0,cs.SI
5538,11608,0,0,cs.SI
7041,12194,1,0,cs.SI
7037,11815,2,0,cs.SI
8290,10124,4,0,cs.SI
592,3728,0,0,cs.SI
5369,11012,4,0,cs.SI
3858,7978,10,0,cs.SI
95,9832,0,0,cs.SI
2543,9285,28,0,cs.SI
7395,11379,4,0,cs.SI
5082,8740,4,0,cs.SI
4604,10656,5,0,cs.SI
589,8799,6,0,cs.SI
2105,11539,1,0,cs.SI
5153,5996,4,0,cs.SI
8022,11742,4,0,cs.SI
9208,10815,36,0,cs.SI
1137,10473,0,0,cs.SI
5020,8770,15,0,cs.SI
809,7984,51,0,cs.SI
3802,7938,13,0,cs.SI
5346,7851,12,0,cs.SI
477,11595,5,0,cs.SI
693,11107,1,0,cs.SI
1711,5232,55,0,cs.SI
2627,11620,80,0,cs.SI
4049,9621,3,0,cs.SI
5105,11208,3,0,cs.SI
6059,7909,4,0,cs.SI
5705,8351,3,0,cs.SI
7720,8178,8,0,cs.SI
6321,13687,2,0,cs.SI
90,605,255,0,cs.SI
4767,6490,12,0,cs.SI
4026,10019,4,0,cs.SI
6754,9224,3,0,cs.SI
5850,9083,10,0,cs.SI
4457,8399,0,0,cs.SI
80,8633,4,0,cs.SI
1746,9512,12,0,cs.SI
4667,7046,14,0,cs.SI
6967,7122,8,0,cs.SI
2249,9049,6,0,cs.SI
805,9977,10,0,cs.SI
5366,9006,0,0,cs.SI
6101,11590,1,0,cs.SI
3543,5440,10,0,cs.SI
7969,8100,2,0,cs.SI
8468,10673,12,0,cs.SI
9814,10113,0,0,cs.SI
3341,7148,22,0,cs.SI
2367,8403,38,0,cs.SI
9111,10221,4,0,cs.SI
2950,10444,1,0,cs.SI
4198,9312,0,0,cs.SI
1731,11948,30,0,cs.SI
2730,5453,2,0,cs.SI
2831,7720,4,0,cs.SI
4460,9843,9,0,cs.SI
8434,9484,24,0,cs.SI
571,2841,3,0,cs.SI
7357,8597,6,0,cs.SI
5454,5713,15,0,cs.SI
6776,10537,0,0,cs.SI
4816,11612,38,0,cs.SI
9300,9375,21,0,cs.SI
250,5531,0,0,cs.SI
6956,10504,2,0,cs.SI
2926,6007,20,0,cs.SI
4562,5954,5,0,cs.SI
424,7782,0,0,cs.SI
4681,5237,0,0,cs.SI
2503,4592,8,0,cs.SI
6304,10169,16,0,cs.SI
7525,9120,9,0,cs.SI
9582,10372,2,0,cs.SI
7700,12090,8,0,cs.SI
3801,10816,2,0,cs.SI
7332,10382,33,0,cs.SI
5612,7732,3,0,cs.SI
9470,11857,4,0,cs.SI
1181,11818,2,0,cs.SI
2063,11797,5,0,cs.SI
2679,9814,4,0,cs.SI
6866,10853,4,0,cs.SI
215,8439,22,0,cs.SI
2343,5291,2,0,cs.SI
6963,8799,12,0,cs.SI
2341,8628,0,0,cs.SI
1308,13552,1,1,cs.CV
14252,14254,9,1,cs.CV
730,12760,60,1,cs.CV
474,12420,0,1,cs.CV
1738,12392,78,1,cs.CV
1654,13622,5,1,cs.CV
606,2441,6,1,cs.CV
12209,12210,0,1,cs.CV
2495,12695,2,1,cs.CV
8177,13903,3,1,cs.CV
1814,12376,0,1,cs.CV
12229,12231,1,1,cs.CV
10742,12655,2,1,cs.CV
13751,10121,2,1,cs.CV
12655,12656,2,1,cs.CV
12391,12516,20,1,cs.CV
1157,12313,0,1,cs.CV
1000,13506,2,1,cs.CV
94,2748,0,1,cs.CV
12638,12639,1,1,cs.CV
12292,12743,1,1,cs.CV
123,13813,0,1,cs.CV
12268,12269,5,1,cs.CV
1000,12355,3,1,cs.CV
37,1743,55,1,cs.CV
46,866,3,1,cs.CV
2004,5427,6,1,cs.CV
1577,12420,0,1,cs.CV
5755,5757,1,1,cs.CV
13621,13622,1,1,cs.CV
6433,12521,0,1,cs.CV
1531,2408,10,1,cs.CV
1810,13463,0,1,cs.CV
730,12451,10,1,cs.CV
553,12530,14,1,cs.CV
38,1743,35,1,cs.CV
985,12377,6,1,cs.CV
12477,12478,0,1,cs.CV
152,153,0,1,cs.CV
13816,13817,1,1,cs.CV
1000,13505,2,1,cs.CV
13699,13701,4,1,cs.CV
13499,13500,4,1,cs.CV
12550,12551,0,1,cs.CV
765,12257,4,1,cs.CV
5115,12314,0,1,cs.CV
5600,12822,1,1,cs.CV
432,435,6,1,cs.CV
866,765,12,1,cs.CV
2283,12645,1,1,cs.CV
13897,13904,6,1,cs.CV
94,12642,0,1,cs.CV
12690,12693,3,1,cs.CV
12814,12815,1,1,cs.CV
1228,12392,65,1,cs.CV
12507,12509,9,1,cs.CV
3170,12347,1,1,cs.CV
3038,13532,0,1,cs.CV
12353,12354,1,1,cs.CV
13465,13466,1,1,cs.CV
12647,12648,6,1,cs.CV
317,1973,2,1,cs.CV
730,1743,50,1,cs.CV
1468,12844,4,1,cs.CV
37,1228,55,1,cs.CV
94,553,0,1,cs.CV
13614,13615,0,1,cs.CV
94,12819,0,1,cs.CV
13831,13833,1,1,cs.CV
12412,12515,0,1,cs.CV
380,12505,0,1,cs.CV
1654,12563,0,1,cs.CV
12691,12692,4,1,cs.CV
474,1577,0,1,cs.CV
8177,13898,6,1,cs.CV
577,13721,2,1,cs.CV
2297,12468,0,1,cs.CV
673,12472,0,1,cs.CV
12209,12211,0,1,cs.CV
37,12451,11,1,cs.CV
37,1738,66,1,cs.CV
12292,12820,0,1,cs.CV
1000,12353,1,1,cs.CV
557,13639,4,1,cs.CV
553,2196,14,1,cs.CV
2335,13937,6,1,cs.CV
72,317,0,1,cs.CV
1810,13464,0,1,cs.CV
202,1228,40,1,cs.CV
51,52,0,1,cs.CV
12179,12472,0,1,cs.CV
9113,12262,0,1,cs.CV
765,12256,4,1,cs.CV
13903,13904,2,1,cs.CV
12286,13626,0,1,cs.CV
12471,12179,3,1,cs.CV
606,12508,6,1,cs.CV
464,12471,6,1,cs.CV
12412,12814,1,0,cs.CV
319,14256,8,0,cs.CV
2297,12814,0,0,cs.CV
12209,12571,0,0,cs.CV
5757,7624,2,0,cs.CV
94,668,0,0,cs.CV
38,12647,14,0,cs.CV
730,1763,20,0,cs.CV
2538,12357,4,0,cs.CV
13614,13640,0,0,cs.CV
12269,12670,1,0,cs.CV
12492,12507,6,0,cs.CV
12211,13467,2,0,cs.CV
218,1468,8,0,cs.CV
122,12401,0,0,cs.CV
13516,14254,3,0,cs.CV
1308,2004,3,0,cs.CV
46,12354,1,0,cs.CV
2011,12440,3,0,cs.CV
2296,10742,2,0,cs.CV
924,13626,0,0,cs.CV
1531,14249,0,0,cs.CV
205,14257,2,0,cs.CV
3733,13552,1,0,cs.CV
13462,13499,4,0,cs.CV
205,13830,0,0,cs.CV
12567,13586,2,0,cs.CV
13532,13816,0,0,cs.CV
12949,13462,2,0,cs.CV
3038,13520,0,0,cs.CV
985,12247,6,0,cs.CV
12313,13562,0,0,cs.CV
12633,13625,6,0,cs.CV
208,13638,1,0,cs.CV
469,2003,6,0,cs.CV
10483,12254,4,0,cs.CV
12521,13532,0,0,cs.CV
12493,12537,2,0,cs.CV
795,2179,0,0,cs.CV
606,12530,4,0,cs.CV
12786,13817,3,0,cs.CV
5427,12583,4,0,cs.CV
1526,2199,1,0,cs.CV
2297,13938,0,0,cs.CV
1747,12436,2,0,cs.CV
94,12537,0,0,cs.CV
6433,9113,0,0,cs.CV
2196,12814,2,0,cs.CV
673,1211,8,0,cs.CV
2011,13607,3,0,cs.CV
469,12727,2,0,cs.CV
7315,12820,0,0,cs.CV
1531,13903,5,0,cs.CV
13608,13829,0,0,cs.CV
6848,13806,2,0,cs.CV
148,13916,4,0,cs.CV
464,13936,6,0,cs.CV
12571,13896,4,0,cs.CV
10121,13741,2,0,cs.CV
467,13916,2,0,cs.CV
12440,13614,0,0,cs.CV
12570,13461,2,0,cs.CV
3576,12550,0,0,cs.CV
218,553,28,0,cs.CV
1743,5044,20,0,cs.CV
12247,13701,4,0,cs.CV
2495,12550,0,0,cs.CV
94,13462,0,0,cs.CV
72,474,0,0,cs.CV
479,12269,2,0,cs.CV
12626,13831,2,0,cs.CV
796,12507,6,0,cs.CV
6433,12326,0,0,cs.CV
13463,13915,1,0,cs.CV
435,13805,3,0,cs.CV
12451,12516,4,0,cs.CV
7625,12268,10,0,cs.CV
209,13554,1,0,cs.CV
12229,12570,1,0,cs.CV
5757,14253,4,0,cs.CV
12248,12376,0,0,cs.CV
13516,13830,0,0,cs.CV
12530,13833,2,0,cs.CV
1833,14252,6,0,cs.CV
94,12440,0,0,cs.CV
94,13651,0,0,cs.CV
12253,12548,2,0,cs.CV
1577,13752,2,0,cs.CV
12328,12441,1,0,cs.CV
12515,12804,0,0,cs.CV
12493,12508,3,0,cs.CV
153,12492,0,0,cs.CV
12760,13913,18,0,cs.CV
12267,12412,1,0,cs.CV
1308,12681,1,0,cs.CV
46,12286,3,0,cs.CV
124,319,2,0,cs.CV
12286,12291,0,0,cs.CV
